cache_index,dataset,reference,path,scaled_subjective_score,prediction
0,kadid10k,kadid10k/i01,/home/sergey/iqa-data/kadid10k/images/I01_01_01.png,0.9083969465648856,0.7374588251113892
1,kadid10k,kadid10k/i01,/home/sergey/iqa-data/kadid10k/images/I01_01_02.png,0.8473282442748092,0.6632784605026245
2,kadid10k,kadid10k/i01,/home/sergey/iqa-data/kadid10k/images/I01_01_03.png,0.4249363867684478,0.39192599058151245
3,kadid10k,kadid10k/i01,/home/sergey/iqa-data/kadid10k/images/I01_01_04.png,0.1704834605597964,0.3960752785205841
4,kadid10k,kadid10k/i01,/home/sergey/iqa-data/kadid10k/images/I01_01_05.png,0.0254452926208651,0.3553310036659241
5,kadid10k,kadid10k/i01,/home/sergey/iqa-data/kadid10k/images/I01_02_01.png,0.7201017811704835,0.5069442987442017
6,kadid10k,kadid10k/i01,/home/sergey/iqa-data/kadid10k/images/I01_02_02.png,0.3231552162849873,0.3902491331100464
7,kadid10k,kadid10k/i01,/home/sergey/iqa-data/kadid10k/images/I01_02_03.png,0.1348600508905852,0.3678625226020813
8,kadid10k,kadid10k/i01,/home/sergey/iqa-data/kadid10k/images/I01_02_04.png,0.0585241730279898,0.3597109019756317
9,kadid10k,kadid10k/i01,/home/sergey/iqa-data/kadid10k/images/I01_02_05.png,0.0508905852417302,0.3497540354728699
10,kadid10k,kadid10k/i01,/home/sergey/iqa-data/kadid10k/images/I01_03_01.png,0.94910941475827,0.7374588251113892
11,kadid10k,kadid10k/i01,/home/sergey/iqa-data/kadid10k/images/I01_03_02.png,0.7557251908396948,0.6110382080078125
12,kadid10k,kadid10k/i01,/home/sergey/iqa-data/kadid10k/images/I01_03_03.png,0.4325699745547074,0.43126267194747925
13,kadid10k,kadid10k/i01,/home/sergey/iqa-data/kadid10k/images/I01_03_04.png,0.2620865139949109,0.4105184078216553
14,kadid10k,kadid10k/i01,/home/sergey/iqa-data/kadid10k/images/I01_03_05.png,0.1272264631043257,0.297645628452301
15,kadid10k,kadid10k/i01,/home/sergey/iqa-data/kadid10k/images/I01_04_01.png,0.94910941475827,0.7193112969398499
16,kadid10k,kadid10k/i01,/home/sergey/iqa-data/kadid10k/images/I01_04_02.png,0.2977099236641221,0.6556193828582764
17,kadid10k,kadid10k/i01,/home/sergey/iqa-data/kadid10k/images/I01_04_03.png,0.094147582697201,0.5720254778862
18,kadid10k,kadid10k/i01,/home/sergey/iqa-data/kadid10k/images/I01_04_04.png,0.1272264631043257,0.5413073301315308
19,kadid10k,kadid10k/i01,/home/sergey/iqa-data/kadid10k/images/I01_04_05.png,0.1195928753180661,0.501876950263977
20,kadid10k,kadid10k/i01,/home/sergey/iqa-data/kadid10k/images/I01_05_01.png,0.7633587786259542,0.6154674291610718
21,kadid10k,kadid10k/i01,/home/sergey/iqa-data/kadid10k/images/I01_05_02.png,0.3053435114503817,0.5793034434318542
22,kadid10k,kadid10k/i01,/home/sergey/iqa-data/kadid10k/images/I01_05_03.png,0.1450381679389313,0.6147083044052124
23,kadid10k,kadid10k/i01,/home/sergey/iqa-data/kadid10k/images/I01_05_04.png,0.0839694656488549,0.6220551133155823
24,kadid10k,kadid10k/i01,/home/sergey/iqa-data/kadid10k/images/I01_05_05.png,0.1526717557251908,0.651086151599884
25,kadid10k,kadid10k/i01,/home/sergey/iqa-data/kadid10k/images/I01_06_01.png,0.8218829516539442,0.5785065293312073
26,kadid10k,kadid10k/i01,/home/sergey/iqa-data/kadid10k/images/I01_06_02.png,0.8651399491094149,0.5770620703697205
27,kadid10k,kadid10k/i01,/home/sergey/iqa-data/kadid10k/images/I01_06_03.png,0.7379134860050891,0.5838849544525146
28,kadid10k,kadid10k/i01,/home/sergey/iqa-data/kadid10k/images/I01_06_04.png,0.4834605597964376,0.5987503528594971
29,kadid10k,kadid10k/i01,/home/sergey/iqa-data/kadid10k/images/I01_06_05.png,0.3231552162849873,0.6287109851837158
30,kadid10k,kadid10k/i01,/home/sergey/iqa-data/kadid10k/images/I01_07_01.png,0.4402035623409669,0.7149920463562012
31,kadid10k,kadid10k/i01,/home/sergey/iqa-data/kadid10k/images/I01_07_02.png,0.3816793893129771,0.6792730093002319
32,kadid10k,kadid10k/i01,/home/sergey/iqa-data/kadid10k/images/I01_07_03.png,0.3231552162849873,0.6533174514770508
33,kadid10k,kadid10k/i01,/home/sergey/iqa-data/kadid10k/images/I01_07_04.png,0.3740458015267176,0.6221182346343994
34,kadid10k,kadid10k/i01,/home/sergey/iqa-data/kadid10k/images/I01_07_05.png,0.3053435114503817,0.6506907343864441
35,kadid10k,kadid10k/i01,/home/sergey/iqa-data/kadid10k/images/I01_08_01.png,0.9414758269720104,0.7374588251113892
36,kadid10k,kadid10k/i01,/home/sergey/iqa-data/kadid10k/images/I01_08_02.png,0.7048346055979644,0.6645321249961853
37,kadid10k,kadid10k/i01,/home/sergey/iqa-data/kadid10k/images/I01_08_03.png,0.4402035623409669,0.617601752281189
38,kadid10k,kadid10k/i01,/home/sergey/iqa-data/kadid10k/images/I01_08_04.png,0.2468193384223918,0.5683713555335999
39,kadid10k,kadid10k/i01,/home/sergey/iqa-data/kadid10k/images/I01_08_05.png,0.1704834605597964,0.5043059587478638
40,kadid10k,kadid10k/i01,/home/sergey/iqa-data/kadid10k/images/I01_09_01.png,0.916030534351145,0.7403618693351746
41,kadid10k,kadid10k/i01,/home/sergey/iqa-data/kadid10k/images/I01_09_02.png,0.9338422391857508,0.7033615112304688
42,kadid10k,kadid10k/i01,/home/sergey/iqa-data/kadid10k/images/I01_09_03.png,0.8651399491094149,0.6666731834411621
43,kadid10k,kadid10k/i01,/home/sergey/iqa-data/kadid10k/images/I01_09_04.png,0.4834605597964376,0.48576435446739197
44,kadid10k,kadid10k/i01,/home/sergey/iqa-data/kadid10k/images/I01_09_05.png,0.094147582697201,0.37436991930007935
45,kadid10k,kadid10k/i01,/home/sergey/iqa-data/kadid10k/images/I01_10_01.png,0.8575063613231553,0.5792575478553772
46,kadid10k,kadid10k/i01,/home/sergey/iqa-data/kadid10k/images/I01_10_02.png,0.7455470737913487,0.5552917122840881
47,kadid10k,kadid10k/i01,/home/sergey/iqa-data/kadid10k/images/I01_10_03.png,0.7048346055979644,0.4829704165458679
48,kadid10k,kadid10k/i01,/home/sergey/iqa-data/kadid10k/images/I01_10_04.png,0.1475826972010178,0.4201749563217163
49,kadid10k,kadid10k/i01,/home/sergey/iqa-data/kadid10k/images/I01_10_05.png,0.0432569974554707,0.4769880473613739
50,kadid10k,kadid10k/i01,/home/sergey/iqa-data/kadid10k/images/I01_11_01.png,0.7709923664122139,0.5118512511253357
51,kadid10k,kadid10k/i01,/home/sergey/iqa-data/kadid10k/images/I01_11_02.png,0.5776081424936387,0.48382097482681274
52,kadid10k,kadid10k/i01,/home/sergey/iqa-data/kadid10k/images/I01_11_03.png,0.4249363867684478,0.46342146396636963
53,kadid10k,kadid10k/i01,/home/sergey/iqa-data/kadid10k/images/I01_11_04.png,0.3231552162849873,0.4395710229873657
54,kadid10k,kadid10k/i01,/home/sergey/iqa-data/kadid10k/images/I01_11_05.png,0.3486005089058525,0.41653743386268616
55,kadid10k,kadid10k/i01,/home/sergey/iqa-data/kadid10k/images/I01_12_01.png,0.8727735368956743,0.5726772546768188
56,kadid10k,kadid10k/i01,/home/sergey/iqa-data/kadid10k/images/I01_12_02.png,0.6870229007633589,0.49011239409446716
57,kadid10k,kadid10k/i01,/home/sergey/iqa-data/kadid10k/images/I01_12_03.png,0.450381679389313,0.4557622969150543
58,kadid10k,kadid10k/i01,/home/sergey/iqa-data/kadid10k/images/I01_12_04.png,0.3486005089058525,0.42979705333709717
59,kadid10k,kadid10k/i01,/home/sergey/iqa-data/kadid10k/images/I01_12_05.png,0.2468193384223918,0.417138934135437
60,kadid10k,kadid10k/i01,/home/sergey/iqa-data/kadid10k/images/I01_13_01.png,0.6793893129770993,0.7198464870452881
61,kadid10k,kadid10k/i01,/home/sergey/iqa-data/kadid10k/images/I01_13_02.png,0.4758269720101782,0.6557368040084839
62,kadid10k,kadid10k/i01,/home/sergey/iqa-data/kadid10k/images/I01_13_03.png,0.4071246819338422,0.6448105573654175
63,kadid10k,kadid10k/i01,/home/sergey/iqa-data/kadid10k/images/I01_13_04.png,0.272264631043257,0.6182845234870911
64,kadid10k,kadid10k/i01,/home/sergey/iqa-data/kadid10k/images/I01_13_05.png,0.2620865139949109,0.5949308276176453
65,kadid10k,kadid10k/i01,/home/sergey/iqa-data/kadid10k/images/I01_14_01.png,0.9083969465648856,0.6163476705551147
66,kadid10k,kadid10k/i01,/home/sergey/iqa-data/kadid10k/images/I01_14_02.png,0.6539440203562341,0.5153794884681702
67,kadid10k,kadid10k/i01,/home/sergey/iqa-data/kadid10k/images/I01_14_03.png,0.5419847328244275,0.48220938444137573
68,kadid10k,kadid10k/i01,/home/sergey/iqa-data/kadid10k/images/I01_14_04.png,0.3816793893129771,0.46822699904441833
69,kadid10k,kadid10k/i01,/home/sergey/iqa-data/kadid10k/images/I01_14_05.png,0.3231552162849873,0.4492451548576355
70,kadid10k,kadid10k/i01,/home/sergey/iqa-data/kadid10k/images/I01_15_01.png,0.6539440203562341,0.5342711806297302
71,kadid10k,kadid10k/i01,/home/sergey/iqa-data/kadid10k/images/I01_15_02.png,0.4147582697201017,0.45277535915374756
72,kadid10k,kadid10k/i01,/home/sergey/iqa-data/kadid10k/images/I01_15_03.png,0.1959287531806616,0.42069685459136963
73,kadid10k,kadid10k/i01,/home/sergey/iqa-data/kadid10k/images/I01_15_04.png,0.1017811704834605,0.37784042954444885
74,kadid10k,kadid10k/i01,/home/sergey/iqa-data/kadid10k/images/I01_15_05.png,0.0839694656488549,0.37449946999549866
75,kadid10k,kadid10k/i01,/home/sergey/iqa-data/kadid10k/images/I01_16_01.png,0.8575063613231553,0.738930881023407
76,kadid10k,kadid10k/i01,/home/sergey/iqa-data/kadid10k/images/I01_16_02.png,0.8829516539440203,0.7398428320884705
77,kadid10k,kadid10k/i01,/home/sergey/iqa-data/kadid10k/images/I01_16_03.png,0.7480916030534351,0.7346169948577881
78,kadid10k,kadid10k/i01,/home/sergey/iqa-data/kadid10k/images/I01_16_04.png,0.5521628498727735,0.7002239227294922
79,kadid10k,kadid10k/i01,/home/sergey/iqa-data/kadid10k/images/I01_16_05.png,0.3002544529262087,0.648766040802002
80,kadid10k,kadid10k/i01,/home/sergey/iqa-data/kadid10k/images/I01_17_01.png,0.89058524173028,0.7365182042121887
81,kadid10k,kadid10k/i01,/home/sergey/iqa-data/kadid10k/images/I01_17_02.png,0.9083969465648856,0.7334225177764893
82,kadid10k,kadid10k/i01,/home/sergey/iqa-data/kadid10k/images/I01_17_03.png,0.8473282442748092,0.7265936136245728
83,kadid10k,kadid10k/i01,/home/sergey/iqa-data/kadid10k/images/I01_17_04.png,0.6106870229007634,0.7022744417190552
84,kadid10k,kadid10k/i01,/home/sergey/iqa-data/kadid10k/images/I01_17_05.png,0.2875318066157761,0.604063868522644
85,kadid10k,kadid10k/i01,/home/sergey/iqa-data/kadid10k/images/I01_18_01.png,0.89058524173028,0.723940372467041
86,kadid10k,kadid10k/i01,/home/sergey/iqa-data/kadid10k/images/I01_18_02.png,0.9083969465648856,0.7274670004844666
87,kadid10k,kadid10k/i01,/home/sergey/iqa-data/kadid10k/images/I01_18_03.png,0.9083969465648856,0.7374588251113892
88,kadid10k,kadid10k/i01,/home/sergey/iqa-data/kadid10k/images/I01_18_04.png,0.8575063613231553,0.7245509028434753
89,kadid10k,kadid10k/i01,/home/sergey/iqa-data/kadid10k/images/I01_18_05.png,0.7557251908396948,0.6963207721710205
90,kadid10k,kadid10k/i01,/home/sergey/iqa-data/kadid10k/images/I01_19_01.png,0.8982188295165395,0.7217592000961304
91,kadid10k,kadid10k/i01,/home/sergey/iqa-data/kadid10k/images/I01_19_02.png,0.7455470737913487,0.7012215852737427
92,kadid10k,kadid10k/i01,/home/sergey/iqa-data/kadid10k/images/I01_19_03.png,0.450381679389313,0.6516743898391724
93,kadid10k,kadid10k/i01,/home/sergey/iqa-data/kadid10k/images/I01_19_04.png,0.1348600508905852,0.6536524295806885
94,kadid10k,kadid10k/i01,/home/sergey/iqa-data/kadid10k/images/I01_19_05.png,0.094147582697201,0.6121195554733276
95,kadid10k,kadid10k/i01,/home/sergey/iqa-data/kadid10k/images/I01_20_01.png,0.8982188295165395,0.7374271154403687
96,kadid10k,kadid10k/i01,/home/sergey/iqa-data/kadid10k/images/I01_20_02.png,0.7379134860050891,0.7369236946105957
97,kadid10k,kadid10k/i01,/home/sergey/iqa-data/kadid10k/images/I01_20_03.png,0.7633587786259542,0.7270599603652954
98,kadid10k,kadid10k/i01,/home/sergey/iqa-data/kadid10k/images/I01_20_04.png,0.5928753180661578,0.7273119688034058
99,kadid10k,kadid10k/i01,/home/sergey/iqa-data/kadid10k/images/I01_20_05.png,0.5674300254452926,0.7122054100036621
100,kadid10k,kadid10k/i01,/home/sergey/iqa-data/kadid10k/images/I01_21_01.png,0.6030534351145039,0.7265958189964294
101,kadid10k,kadid10k/i01,/home/sergey/iqa-data/kadid10k/images/I01_21_02.png,0.3994910941475826,0.7015881538391113
102,kadid10k,kadid10k/i01,/home/sergey/iqa-data/kadid10k/images/I01_21_03.png,0.2620865139949109,0.6874436736106873
103,kadid10k,kadid10k/i01,/home/sergey/iqa-data/kadid10k/images/I01_21_04.png,0.2875318066157761,0.6602783799171448
104,kadid10k,kadid10k/i01,/home/sergey/iqa-data/kadid10k/images/I01_21_05.png,0.1094147582697201,0.6205466985702515
105,kadid10k,kadid10k/i01,/home/sergey/iqa-data/kadid10k/images/I01_22_01.png,0.9236641221374048,0.6633042097091675
106,kadid10k,kadid10k/i01,/home/sergey/iqa-data/kadid10k/images/I01_22_02.png,0.7633587786259542,0.6452798247337341
107,kadid10k,kadid10k/i01,/home/sergey/iqa-data/kadid10k/images/I01_22_03.png,0.7633587786259542,0.6292409896850586
108,kadid10k,kadid10k/i01,/home/sergey/iqa-data/kadid10k/images/I01_22_04.png,0.5597964376590332,0.6058353185653687
109,kadid10k,kadid10k/i01,/home/sergey/iqa-data/kadid10k/images/I01_22_05.png,0.3053435114503817,0.6013888716697693
110,kadid10k,kadid10k/i01,/home/sergey/iqa-data/kadid10k/images/I01_23_01.png,0.4402035623409669,0.7301445007324219
111,kadid10k,kadid10k/i01,/home/sergey/iqa-data/kadid10k/images/I01_23_02.png,0.2977099236641221,0.7268567085266113
112,kadid10k,kadid10k/i01,/home/sergey/iqa-data/kadid10k/images/I01_23_03.png,0.3053435114503817,0.7200051546096802
113,kadid10k,kadid10k/i01,/home/sergey/iqa-data/kadid10k/images/I01_23_04.png,0.3486005089058525,0.7043323516845703
114,kadid10k,kadid10k/i01,/home/sergey/iqa-data/kadid10k/images/I01_23_05.png,0.1450381679389313,0.707439661026001
115,kadid10k,kadid10k/i01,/home/sergey/iqa-data/kadid10k/images/I01_24_01.png,0.6539440203562341,0.7105797529220581
116,kadid10k,kadid10k/i01,/home/sergey/iqa-data/kadid10k/images/I01_24_02.png,0.3816793893129771,0.6808891892433167
117,kadid10k,kadid10k/i01,/home/sergey/iqa-data/kadid10k/images/I01_24_03.png,0.2213740458015267,0.6584585905075073
118,kadid10k,kadid10k/i01,/home/sergey/iqa-data/kadid10k/images/I01_24_04.png,0.1526717557251908,0.6257455945014954
119,kadid10k,kadid10k/i01,/home/sergey/iqa-data/kadid10k/images/I01_24_05.png,0.1017811704834605,0.593779444694519
120,kadid10k,kadid10k/i01,/home/sergey/iqa-data/kadid10k/images/I01_25_01.png,0.6183206106870229,0.6812179088592529
121,kadid10k,kadid10k/i01,/home/sergey/iqa-data/kadid10k/images/I01_25_02.png,0.7302798982188295,0.7038399577140808
122,kadid10k,kadid10k/i01,/home/sergey/iqa-data/kadid10k/images/I01_25_03.png,0.8295165394402035,0.721349835395813
123,kadid10k,kadid10k/i01,/home/sergey/iqa-data/kadid10k/images/I01_25_04.png,0.806615776081425,0.7400801777839661
124,kadid10k,kadid10k/i01,/home/sergey/iqa-data/kadid10k/images/I01_25_05.png,0.5776081424936387,0.7310948371887207
500,kadid10k,kadid10k/i05,/home/sergey/iqa-data/kadid10k/images/I05_01_01.png,0.916030534351145,0.6652697324752808
501,kadid10k,kadid10k/i05,/home/sergey/iqa-data/kadid10k/images/I05_01_02.png,0.8829516539440203,0.5569509863853455
502,kadid10k,kadid10k/i05,/home/sergey/iqa-data/kadid10k/images/I05_01_03.png,0.4656488549618321,0.2639041244983673
503,kadid10k,kadid10k/i05,/home/sergey/iqa-data/kadid10k/images/I05_01_04.png,0.178117048346056,0.3204255700111389
504,kadid10k,kadid10k/i05,/home/sergey/iqa-data/kadid10k/images/I05_01_05.png,0.0432569974554707,0.3016922175884247
505,kadid10k,kadid10k/i05,/home/sergey/iqa-data/kadid10k/images/I05_02_01.png,0.6793893129770993,0.3661351203918457
506,kadid10k,kadid10k/i05,/home/sergey/iqa-data/kadid10k/images/I05_02_02.png,0.4147582697201017,0.2512699067592621
507,kadid10k,kadid10k/i05,/home/sergey/iqa-data/kadid10k/images/I05_02_03.png,0.1450381679389313,0.2374158501625061
508,kadid10k,kadid10k/i05,/home/sergey/iqa-data/kadid10k/images/I05_02_04.png,0.0839694656488549,0.26481884717941284
509,kadid10k,kadid10k/i05,/home/sergey/iqa-data/kadid10k/images/I05_02_05.png,0.094147582697201,0.26470959186553955
510,kadid10k,kadid10k/i05,/home/sergey/iqa-data/kadid10k/images/I05_03_01.png,0.8829516539440203,0.6652697324752808
511,kadid10k,kadid10k/i05,/home/sergey/iqa-data/kadid10k/images/I05_03_02.png,0.7379134860050891,0.4946436285972595
512,kadid10k,kadid10k/i05,/home/sergey/iqa-data/kadid10k/images/I05_03_03.png,0.4274809160305344,0.2770908772945404
513,kadid10k,kadid10k/i05,/home/sergey/iqa-data/kadid10k/images/I05_03_04.png,0.2213740458015267,0.20021562278270721
514,kadid10k,kadid10k/i05,/home/sergey/iqa-data/kadid10k/images/I05_03_05.png,0.1348600508905852,0.23033407330513
515,kadid10k,kadid10k/i05,/home/sergey/iqa-data/kadid10k/images/I05_04_01.png,0.9083969465648856,0.6421746015548706
516,kadid10k,kadid10k/i05,/home/sergey/iqa-data/kadid10k/images/I05_04_02.png,0.5089058524173028,0.606879472732544
517,kadid10k,kadid10k/i05,/home/sergey/iqa-data/kadid10k/images/I05_04_03.png,0.1959287531806616,0.5753895044326782
518,kadid10k,kadid10k/i05,/home/sergey/iqa-data/kadid10k/images/I05_04_04.png,0.1450381679389313,0.563524603843689
519,kadid10k,kadid10k/i05,/home/sergey/iqa-data/kadid10k/images/I05_04_05.png,0.1348600508905852,0.5442066192626953
520,kadid10k,kadid10k/i05,/home/sergey/iqa-data/kadid10k/images/I05_05_01.png,0.8218829516539442,0.5517982840538025
521,kadid10k,kadid10k/i05,/home/sergey/iqa-data/kadid10k/images/I05_05_02.png,0.3231552162849873,0.5637637376785278
522,kadid10k,kadid10k/i05,/home/sergey/iqa-data/kadid10k/images/I05_05_03.png,0.2111959287531807,0.609872579574585
523,kadid10k,kadid10k/i05,/home/sergey/iqa-data/kadid10k/images/I05_05_04.png,0.1704834605597964,0.6157501935958862
524,kadid10k,kadid10k/i05,/home/sergey/iqa-data/kadid10k/images/I05_05_05.png,0.1603053435114503,0.6141759753227234
525,kadid10k,kadid10k/i05,/home/sergey/iqa-data/kadid10k/images/I05_06_01.png,0.8473282442748092,0.609241783618927
526,kadid10k,kadid10k/i05,/home/sergey/iqa-data/kadid10k/images/I05_06_02.png,0.8575063613231553,0.6018116474151611
527,kadid10k,kadid10k/i05,/home/sergey/iqa-data/kadid10k/images/I05_06_03.png,0.83206106870229,0.5927445292472839
528,kadid10k,kadid10k/i05,/home/sergey/iqa-data/kadid10k/images/I05_06_04.png,0.6692111959287532,0.5890765190124512
529,kadid10k,kadid10k/i05,/home/sergey/iqa-data/kadid10k/images/I05_06_05.png,0.4834605597964376,0.5806294679641724
530,kadid10k,kadid10k/i05,/home/sergey/iqa-data/kadid10k/images/I05_07_01.png,0.3994910941475826,0.6331095695495605
531,kadid10k,kadid10k/i05,/home/sergey/iqa-data/kadid10k/images/I05_07_02.png,0.3384223918575064,0.5824275016784668
532,kadid10k,kadid10k/i05,/home/sergey/iqa-data/kadid10k/images/I05_07_03.png,0.2798982188295166,0.5577019453048706
533,kadid10k,kadid10k/i05,/home/sergey/iqa-data/kadid10k/images/I05_07_04.png,0.3129770992366412,0.5490277409553528
534,kadid10k,kadid10k/i05,/home/sergey/iqa-data/kadid10k/images/I05_07_05.png,0.3129770992366412,0.60956871509552
535,kadid10k,kadid10k/i05,/home/sergey/iqa-data/kadid10k/images/I05_08_01.png,0.94910941475827,0.6652697324752808
536,kadid10k,kadid10k/i05,/home/sergey/iqa-data/kadid10k/images/I05_08_02.png,0.6030534351145039,0.6101674437522888
537,kadid10k,kadid10k/i05,/home/sergey/iqa-data/kadid10k/images/I05_08_03.png,0.450381679389313,0.575437605381012
538,kadid10k,kadid10k/i05,/home/sergey/iqa-data/kadid10k/images/I05_08_04.png,0.1603053435114503,0.5321832299232483
539,kadid10k,kadid10k/i05,/home/sergey/iqa-data/kadid10k/images/I05_08_05.png,0.178117048346056,0.5143072605133057
540,kadid10k,kadid10k/i05,/home/sergey/iqa-data/kadid10k/images/I05_09_01.png,0.8396946564885497,0.5667724609375
541,kadid10k,kadid10k/i05,/home/sergey/iqa-data/kadid10k/images/I05_09_02.png,0.4071246819338422,0.41146793961524963
542,kadid10k,kadid10k/i05,/home/sergey/iqa-data/kadid10k/images/I05_09_03.png,0.3486005089058525,0.40143871307373047
543,kadid10k,kadid10k/i05,/home/sergey/iqa-data/kadid10k/images/I05_09_04.png,0.1450381679389313,0.3126535415649414
544,kadid10k,kadid10k/i05,/home/sergey/iqa-data/kadid10k/images/I05_09_05.png,0.0585241730279898,0.2967712879180908
545,kadid10k,kadid10k/i05,/home/sergey/iqa-data/kadid10k/images/I05_10_01.png,0.8727735368956743,0.5442891120910645
546,kadid10k,kadid10k/i05,/home/sergey/iqa-data/kadid10k/images/I05_10_02.png,0.8651399491094149,0.5273933410644531
547,kadid10k,kadid10k/i05,/home/sergey/iqa-data/kadid10k/images/I05_10_03.png,0.8396946564885497,0.4723740220069885
548,kadid10k,kadid10k/i05,/home/sergey/iqa-data/kadid10k/images/I05_10_04.png,0.3740458015267176,0.4132527709007263
549,kadid10k,kadid10k/i05,/home/sergey/iqa-data/kadid10k/images/I05_10_05.png,0.0687022900763358,0.5058785676956177
550,kadid10k,kadid10k/i05,/home/sergey/iqa-data/kadid10k/images/I05_11_01.png,0.8651399491094149,0.5772354602813721
551,kadid10k,kadid10k/i05,/home/sergey/iqa-data/kadid10k/images/I05_11_02.png,0.8218829516539442,0.5517921447753906
552,kadid10k,kadid10k/i05,/home/sergey/iqa-data/kadid10k/images/I05_11_03.png,0.7201017811704835,0.5338669419288635
553,kadid10k,kadid10k/i05,/home/sergey/iqa-data/kadid10k/images/I05_11_04.png,0.5928753180661578,0.5043604969978333
554,kadid10k,kadid10k/i05,/home/sergey/iqa-data/kadid10k/images/I05_11_05.png,0.3893129770992366,0.4624234139919281
555,kadid10k,kadid10k/i05,/home/sergey/iqa-data/kadid10k/images/I05_12_01.png,0.8982188295165395,0.6249477863311768
556,kadid10k,kadid10k/i05,/home/sergey/iqa-data/kadid10k/images/I05_12_02.png,0.8727735368956743,0.5557016730308533
557,kadid10k,kadid10k/i05,/home/sergey/iqa-data/kadid10k/images/I05_12_03.png,0.7786259541984732,0.5240737199783325
558,kadid10k,kadid10k/i05,/home/sergey/iqa-data/kadid10k/images/I05_12_04.png,0.5165394402035624,0.4905591607093811
559,kadid10k,kadid10k/i05,/home/sergey/iqa-data/kadid10k/images/I05_12_05.png,0.4580152671755725,0.46368208527565
560,kadid10k,kadid10k/i05,/home/sergey/iqa-data/kadid10k/images/I05_13_01.png,0.6284987277353691,0.6557992696762085
561,kadid10k,kadid10k/i05,/home/sergey/iqa-data/kadid10k/images/I05_13_02.png,0.4147582697201017,0.5947428941726685
562,kadid10k,kadid10k/i05,/home/sergey/iqa-data/kadid10k/images/I05_13_03.png,0.3307888040712468,0.5821829438209534
563,kadid10k,kadid10k/i05,/home/sergey/iqa-data/kadid10k/images/I05_13_04.png,0.272264631043257,0.5710931420326233
564,kadid10k,kadid10k/i05,/home/sergey/iqa-data/kadid10k/images/I05_13_05.png,0.272264631043257,0.5569130182266235
565,kadid10k,kadid10k/i05,/home/sergey/iqa-data/kadid10k/images/I05_14_01.png,0.8575063613231553,0.6594622731208801
566,kadid10k,kadid10k/i05,/home/sergey/iqa-data/kadid10k/images/I05_14_02.png,0.8575063613231553,0.6398102045059204
567,kadid10k,kadid10k/i05,/home/sergey/iqa-data/kadid10k/images/I05_14_03.png,0.8829516539440203,0.6218621730804443
568,kadid10k,kadid10k/i05,/home/sergey/iqa-data/kadid10k/images/I05_14_04.png,0.8142493638676845,0.6009718179702759
569,kadid10k,kadid10k/i05,/home/sergey/iqa-data/kadid10k/images/I05_14_05.png,0.6641221374045801,0.5783271789550781
570,kadid10k,kadid10k/i05,/home/sergey/iqa-data/kadid10k/images/I05_15_01.png,0.6361323155216285,0.49242308735847473
571,kadid10k,kadid10k/i05,/home/sergey/iqa-data/kadid10k/images/I05_15_02.png,0.4325699745547074,0.42698198556900024
572,kadid10k,kadid10k/i05,/home/sergey/iqa-data/kadid10k/images/I05_15_03.png,0.2977099236641221,0.4065950810909271
573,kadid10k,kadid10k/i05,/home/sergey/iqa-data/kadid10k/images/I05_15_04.png,0.2213740458015267,0.3662693202495575
574,kadid10k,kadid10k/i05,/home/sergey/iqa-data/kadid10k/images/I05_15_05.png,0.1195928753180661,0.35546788573265076
575,kadid10k,kadid10k/i05,/home/sergey/iqa-data/kadid10k/images/I05_16_01.png,0.8727735368956743,0.6704846620559692
576,kadid10k,kadid10k/i05,/home/sergey/iqa-data/kadid10k/images/I05_16_02.png,0.8575063613231553,0.6735785603523254
577,kadid10k,kadid10k/i05,/home/sergey/iqa-data/kadid10k/images/I05_16_03.png,0.6793893129770993,0.6682583093643188
578,kadid10k,kadid10k/i05,/home/sergey/iqa-data/kadid10k/images/I05_16_04.png,0.534351145038168,0.6374162435531616
579,kadid10k,kadid10k/i05,/home/sergey/iqa-data/kadid10k/images/I05_16_05.png,0.3231552162849873,0.6021370887756348
580,kadid10k,kadid10k/i05,/home/sergey/iqa-data/kadid10k/images/I05_17_01.png,0.89058524173028,0.6615433096885681
581,kadid10k,kadid10k/i05,/home/sergey/iqa-data/kadid10k/images/I05_17_02.png,0.8829516539440203,0.655558168888092
582,kadid10k,kadid10k/i05,/home/sergey/iqa-data/kadid10k/images/I05_17_03.png,0.6437659033078881,0.6433538794517517
583,kadid10k,kadid10k/i05,/home/sergey/iqa-data/kadid10k/images/I05_17_04.png,0.4325699745547074,0.6027830839157104
584,kadid10k,kadid10k/i05,/home/sergey/iqa-data/kadid10k/images/I05_17_05.png,0.0763358778625954,0.5437324643135071
585,kadid10k,kadid10k/i05,/home/sergey/iqa-data/kadid10k/images/I05_18_01.png,0.8651399491094149,0.6570850610733032
586,kadid10k,kadid10k/i05,/home/sergey/iqa-data/kadid10k/images/I05_18_02.png,0.8829516539440203,0.6621640920639038
587,kadid10k,kadid10k/i05,/home/sergey/iqa-data/kadid10k/images/I05_18_03.png,0.8575063613231553,0.6652697324752808
588,kadid10k,kadid10k/i05,/home/sergey/iqa-data/kadid10k/images/I05_18_04.png,0.7633587786259542,0.6308395862579346
589,kadid10k,kadid10k/i05,/home/sergey/iqa-data/kadid10k/images/I05_18_05.png,0.450381679389313,0.5900020599365234
590,kadid10k,kadid10k/i05,/home/sergey/iqa-data/kadid10k/images/I05_19_01.png,0.7709923664122139,0.6625031232833862
591,kadid10k,kadid10k/i05,/home/sergey/iqa-data/kadid10k/images/I05_19_02.png,0.6437659033078881,0.6423864364624023
592,kadid10k,kadid10k/i05,/home/sergey/iqa-data/kadid10k/images/I05_19_03.png,0.5419847328244275,0.59607994556427
593,kadid10k,kadid10k/i05,/home/sergey/iqa-data/kadid10k/images/I05_19_04.png,0.2544529262086514,0.6275601387023926
594,kadid10k,kadid10k/i05,/home/sergey/iqa-data/kadid10k/images/I05_19_05.png,0.0585241730279898,0.6074183583259583
595,kadid10k,kadid10k/i05,/home/sergey/iqa-data/kadid10k/images/I05_20_01.png,0.8829516539440203,0.6641879677772522
596,kadid10k,kadid10k/i05,/home/sergey/iqa-data/kadid10k/images/I05_20_02.png,0.8982188295165395,0.6673213243484497
597,kadid10k,kadid10k/i05,/home/sergey/iqa-data/kadid10k/images/I05_20_03.png,0.8651399491094149,0.6703916788101196
598,kadid10k,kadid10k/i05,/home/sergey/iqa-data/kadid10k/images/I05_20_04.png,0.8727735368956743,0.6669203042984009
599,kadid10k,kadid10k/i05,/home/sergey/iqa-data/kadid10k/images/I05_20_05.png,0.7557251908396948,0.673402726650238
600,kadid10k,kadid10k/i05,/home/sergey/iqa-data/kadid10k/images/I05_21_01.png,0.806615776081425,0.6801308393478394
601,kadid10k,kadid10k/i05,/home/sergey/iqa-data/kadid10k/images/I05_21_02.png,0.6870229007633589,0.6675804853439331
602,kadid10k,kadid10k/i05,/home/sergey/iqa-data/kadid10k/images/I05_21_03.png,0.6106870229007634,0.66263747215271
603,kadid10k,kadid10k/i05,/home/sergey/iqa-data/kadid10k/images/I05_21_04.png,0.5776081424936387,0.6414842009544373
604,kadid10k,kadid10k/i05,/home/sergey/iqa-data/kadid10k/images/I05_21_05.png,0.1017811704834605,0.6392354369163513
605,kadid10k,kadid10k/i05,/home/sergey/iqa-data/kadid10k/images/I05_22_01.png,0.8396946564885497,0.6298798322677612
606,kadid10k,kadid10k/i05,/home/sergey/iqa-data/kadid10k/images/I05_22_02.png,0.8982188295165395,0.6163912415504456
607,kadid10k,kadid10k/i05,/home/sergey/iqa-data/kadid10k/images/I05_22_03.png,0.78117048346056,0.6005401611328125
608,kadid10k,kadid10k/i05,/home/sergey/iqa-data/kadid10k/images/I05_22_04.png,0.7709923664122139,0.5972464084625244
609,kadid10k,kadid10k/i05,/home/sergey/iqa-data/kadid10k/images/I05_22_05.png,0.806615776081425,0.5953161716461182
610,kadid10k,kadid10k/i05,/home/sergey/iqa-data/kadid10k/images/I05_23_01.png,0.3384223918575064,0.6683527231216431
611,kadid10k,kadid10k/i05,/home/sergey/iqa-data/kadid10k/images/I05_23_02.png,0.2798982188295166,0.6679898500442505
612,kadid10k,kadid10k/i05,/home/sergey/iqa-data/kadid10k/images/I05_23_03.png,0.2213740458015267,0.6716960668563843
613,kadid10k,kadid10k/i05,/home/sergey/iqa-data/kadid10k/images/I05_23_04.png,0.2035623409669211,0.6726418137550354
614,kadid10k,kadid10k/i05,/home/sergey/iqa-data/kadid10k/images/I05_23_05.png,0.2035623409669211,0.6832713484764099
615,kadid10k,kadid10k/i05,/home/sergey/iqa-data/kadid10k/images/I05_24_01.png,0.5267175572519084,0.6186192035675049
616,kadid10k,kadid10k/i05,/home/sergey/iqa-data/kadid10k/images/I05_24_02.png,0.2290076335877862,0.5866295099258423
617,kadid10k,kadid10k/i05,/home/sergey/iqa-data/kadid10k/images/I05_24_03.png,0.1959287531806616,0.570605993270874
618,kadid10k,kadid10k/i05,/home/sergey/iqa-data/kadid10k/images/I05_24_04.png,0.0585241730279898,0.5471264123916626
619,kadid10k,kadid10k/i05,/home/sergey/iqa-data/kadid10k/images/I05_24_05.png,0.0508905852417302,0.5355256795883179
620,kadid10k,kadid10k/i05,/home/sergey/iqa-data/kadid10k/images/I05_25_01.png,0.4834605597964376,0.5811862945556641
621,kadid10k,kadid10k/i05,/home/sergey/iqa-data/kadid10k/images/I05_25_02.png,0.6361323155216285,0.6104754209518433
622,kadid10k,kadid10k/i05,/home/sergey/iqa-data/kadid10k/images/I05_25_03.png,0.7633587786259542,0.6349107027053833
623,kadid10k,kadid10k/i05,/home/sergey/iqa-data/kadid10k/images/I05_25_04.png,0.8218829516539442,0.6761317253112793
624,kadid10k,kadid10k/i05,/home/sergey/iqa-data/kadid10k/images/I05_25_05.png,0.6615776081424937,0.6696733832359314
2250,kadid10k,kadid10k/i19,/home/sergey/iqa-data/kadid10k/images/I19_01_01.png,0.8651399491094149,0.6299958229064941
2251,kadid10k,kadid10k/i19,/home/sergey/iqa-data/kadid10k/images/I19_01_02.png,0.8218829516539442,0.5509642362594604
2252,kadid10k,kadid10k/i19,/home/sergey/iqa-data/kadid10k/images/I19_01_03.png,0.450381679389313,0.3204302489757538
2253,kadid10k,kadid10k/i19,/home/sergey/iqa-data/kadid10k/images/I19_01_04.png,0.2366412213740458,0.31579282879829407
2254,kadid10k,kadid10k/i19,/home/sergey/iqa-data/kadid10k/images/I19_01_05.png,0.0687022900763358,0.27642136812210083
2255,kadid10k,kadid10k/i19,/home/sergey/iqa-data/kadid10k/images/I19_02_01.png,0.712468193384224,0.40730708837509155
2256,kadid10k,kadid10k/i19,/home/sergey/iqa-data/kadid10k/images/I19_02_02.png,0.3816793893129771,0.32154136896133423
2257,kadid10k,kadid10k/i19,/home/sergey/iqa-data/kadid10k/images/I19_02_03.png,0.2544529262086514,0.29949837923049927
2258,kadid10k,kadid10k/i19,/home/sergey/iqa-data/kadid10k/images/I19_02_04.png,0.1272264631043257,0.2778964638710022
2259,kadid10k,kadid10k/i19,/home/sergey/iqa-data/kadid10k/images/I19_02_05.png,0.1017811704834605,0.26877325773239136
2260,kadid10k,kadid10k/i19,/home/sergey/iqa-data/kadid10k/images/I19_03_01.png,0.9083969465648856,0.6299958229064941
2261,kadid10k,kadid10k/i19,/home/sergey/iqa-data/kadid10k/images/I19_03_02.png,0.6946564885496184,0.45486998558044434
2262,kadid10k,kadid10k/i19,/home/sergey/iqa-data/kadid10k/images/I19_03_03.png,0.5165394402035624,0.28834813833236694
2263,kadid10k,kadid10k/i19,/home/sergey/iqa-data/kadid10k/images/I19_03_04.png,0.2977099236641221,0.2840921878814697
2264,kadid10k,kadid10k/i19,/home/sergey/iqa-data/kadid10k/images/I19_03_05.png,0.2137404580152672,0.2427300065755844
2265,kadid10k,kadid10k/i19,/home/sergey/iqa-data/kadid10k/images/I19_04_01.png,0.796437659033079,0.5924331545829773
2266,kadid10k,kadid10k/i19,/home/sergey/iqa-data/kadid10k/images/I19_04_02.png,0.4580152671755725,0.5505469441413879
2267,kadid10k,kadid10k/i19,/home/sergey/iqa-data/kadid10k/images/I19_04_03.png,0.1552162849872773,0.5002186298370361
2268,kadid10k,kadid10k/i19,/home/sergey/iqa-data/kadid10k/images/I19_04_04.png,0.1348600508905852,0.496464341878891
2269,kadid10k,kadid10k/i19,/home/sergey/iqa-data/kadid10k/images/I19_04_05.png,0.094147582697201,0.504330039024353
2270,kadid10k,kadid10k/i19,/home/sergey/iqa-data/kadid10k/images/I19_05_01.png,0.8396946564885497,0.5131715536117554
2271,kadid10k,kadid10k/i19,/home/sergey/iqa-data/kadid10k/images/I19_05_02.png,0.3384223918575064,0.49903228878974915
2272,kadid10k,kadid10k/i19,/home/sergey/iqa-data/kadid10k/images/I19_05_03.png,0.1526717557251908,0.5076946020126343
2273,kadid10k,kadid10k/i19,/home/sergey/iqa-data/kadid10k/images/I19_05_04.png,0.1450381679389313,0.5062646865844727
2274,kadid10k,kadid10k/i19,/home/sergey/iqa-data/kadid10k/images/I19_05_05.png,0.2035623409669211,0.5180050730705261
2275,kadid10k,kadid10k/i19,/home/sergey/iqa-data/kadid10k/images/I19_06_01.png,0.7379134860050891,0.44932839274406433
2276,kadid10k,kadid10k/i19,/home/sergey/iqa-data/kadid10k/images/I19_06_02.png,0.5089058524173028,0.4479147493839264
2277,kadid10k,kadid10k/i19,/home/sergey/iqa-data/kadid10k/images/I19_06_03.png,0.6106870229007634,0.46957314014434814
2278,kadid10k,kadid10k/i19,/home/sergey/iqa-data/kadid10k/images/I19_06_04.png,0.4580152671755725,0.4941505491733551
2279,kadid10k,kadid10k/i19,/home/sergey/iqa-data/kadid10k/images/I19_06_05.png,0.2290076335877862,0.5681481957435608
2280,kadid10k,kadid10k/i19,/home/sergey/iqa-data/kadid10k/images/I19_07_01.png,0.4656488549618321,0.6361300945281982
2281,kadid10k,kadid10k/i19,/home/sergey/iqa-data/kadid10k/images/I19_07_02.png,0.2468193384223918,0.6180171966552734
2282,kadid10k,kadid10k/i19,/home/sergey/iqa-data/kadid10k/images/I19_07_03.png,0.3486005089058525,0.5970205068588257
2283,kadid10k,kadid10k/i19,/home/sergey/iqa-data/kadid10k/images/I19_07_04.png,0.2798982188295166,0.5713143348693848
2284,kadid10k,kadid10k/i19,/home/sergey/iqa-data/kadid10k/images/I19_07_05.png,0.2213740458015267,0.6190401911735535
2285,kadid10k,kadid10k/i19,/home/sergey/iqa-data/kadid10k/images/I19_08_01.png,0.984732824427481,0.6299958229064941
2286,kadid10k,kadid10k/i19,/home/sergey/iqa-data/kadid10k/images/I19_08_02.png,0.6106870229007634,0.605588436126709
2287,kadid10k,kadid10k/i19,/home/sergey/iqa-data/kadid10k/images/I19_08_03.png,0.4758269720101782,0.578689455986023
2288,kadid10k,kadid10k/i19,/home/sergey/iqa-data/kadid10k/images/I19_08_04.png,0.2977099236641221,0.5308613181114197
2289,kadid10k,kadid10k/i19,/home/sergey/iqa-data/kadid10k/images/I19_08_05.png,0.1526717557251908,0.5008789300918579
2290,kadid10k,kadid10k/i19,/home/sergey/iqa-data/kadid10k/images/I19_09_01.png,0.9236641221374048,0.6535493731498718
2291,kadid10k,kadid10k/i19,/home/sergey/iqa-data/kadid10k/images/I19_09_02.png,0.8575063613231553,0.6360818147659302
2292,kadid10k,kadid10k/i19,/home/sergey/iqa-data/kadid10k/images/I19_09_03.png,0.8473282442748092,0.6079234480857849
2293,kadid10k,kadid10k/i19,/home/sergey/iqa-data/kadid10k/images/I19_09_04.png,0.6030534351145039,0.4798049032688141
2294,kadid10k,kadid10k/i19,/home/sergey/iqa-data/kadid10k/images/I19_09_05.png,0.1857506361323155,0.3123779296875
2295,kadid10k,kadid10k/i19,/home/sergey/iqa-data/kadid10k/images/I19_10_01.png,0.7633587786259542,0.4927520155906677
2296,kadid10k,kadid10k/i19,/home/sergey/iqa-data/kadid10k/images/I19_10_02.png,0.7302798982188295,0.4711749851703644
2297,kadid10k,kadid10k/i19,/home/sergey/iqa-data/kadid10k/images/I19_10_03.png,0.7302798982188295,0.4255499243736267
2298,kadid10k,kadid10k/i19,/home/sergey/iqa-data/kadid10k/images/I19_10_04.png,0.2620865139949109,0.4010602533817291
2299,kadid10k,kadid10k/i19,/home/sergey/iqa-data/kadid10k/images/I19_10_05.png,0.0763358778625954,0.5411533117294312
2300,kadid10k,kadid10k/i19,/home/sergey/iqa-data/kadid10k/images/I19_11_01.png,0.6946564885496184,0.41840171813964844
2301,kadid10k,kadid10k/i19,/home/sergey/iqa-data/kadid10k/images/I19_11_02.png,0.5928753180661578,0.39420926570892334
2302,kadid10k,kadid10k/i19,/home/sergey/iqa-data/kadid10k/images/I19_11_03.png,0.4325699745547074,0.37747329473495483
2303,kadid10k,kadid10k/i19,/home/sergey/iqa-data/kadid10k/images/I19_11_04.png,0.3307888040712468,0.37174272537231445
2304,kadid10k,kadid10k/i19,/home/sergey/iqa-data/kadid10k/images/I19_11_05.png,0.2213740458015267,0.35659468173980713
2305,kadid10k,kadid10k/i19,/home/sergey/iqa-data/kadid10k/images/I19_12_01.png,0.916030534351145,0.4815390706062317
2306,kadid10k,kadid10k/i19,/home/sergey/iqa-data/kadid10k/images/I19_12_02.png,0.5928753180661578,0.4003058969974518
2307,kadid10k,kadid10k/i19,/home/sergey/iqa-data/kadid10k/images/I19_12_03.png,0.4656488549618321,0.3743966221809387
2308,kadid10k,kadid10k/i19,/home/sergey/iqa-data/kadid10k/images/I19_12_04.png,0.3486005089058525,0.35565185546875
2309,kadid10k,kadid10k/i19,/home/sergey/iqa-data/kadid10k/images/I19_12_05.png,0.2875318066157761,0.3517224192619324
2310,kadid10k,kadid10k/i19,/home/sergey/iqa-data/kadid10k/images/I19_13_01.png,0.4910941475826972,0.6568537950515747
2311,kadid10k,kadid10k/i19,/home/sergey/iqa-data/kadid10k/images/I19_13_02.png,0.3740458015267176,0.646166205406189
2312,kadid10k,kadid10k/i19,/home/sergey/iqa-data/kadid10k/images/I19_13_03.png,0.2875318066157761,0.6339172720909119
2313,kadid10k,kadid10k/i19,/home/sergey/iqa-data/kadid10k/images/I19_13_04.png,0.3307888040712468,0.6092344522476196
2314,kadid10k,kadid10k/i19,/home/sergey/iqa-data/kadid10k/images/I19_13_05.png,0.2290076335877862,0.5832958817481995
2315,kadid10k,kadid10k/i19,/home/sergey/iqa-data/kadid10k/images/I19_14_01.png,0.8142493638676845,0.5540791749954224
2316,kadid10k,kadid10k/i19,/home/sergey/iqa-data/kadid10k/images/I19_14_02.png,0.5089058524173028,0.46934646368026733
2317,kadid10k,kadid10k/i19,/home/sergey/iqa-data/kadid10k/images/I19_14_03.png,0.3994910941475826,0.4429418742656708
2318,kadid10k,kadid10k/i19,/home/sergey/iqa-data/kadid10k/images/I19_14_04.png,0.3740458015267176,0.4141034781932831
2319,kadid10k,kadid10k/i19,/home/sergey/iqa-data/kadid10k/images/I19_14_05.png,0.1857506361323155,0.4049912691116333
2320,kadid10k,kadid10k/i19,/home/sergey/iqa-data/kadid10k/images/I19_15_01.png,0.7455470737913487,0.45752719044685364
2321,kadid10k,kadid10k/i19,/home/sergey/iqa-data/kadid10k/images/I19_15_02.png,0.5089058524173028,0.3664841651916504
2322,kadid10k,kadid10k/i19,/home/sergey/iqa-data/kadid10k/images/I19_15_03.png,0.4758269720101782,0.3460519015789032
2323,kadid10k,kadid10k/i19,/home/sergey/iqa-data/kadid10k/images/I19_15_04.png,0.2213740458015267,0.3493136465549469
2324,kadid10k,kadid10k/i19,/home/sergey/iqa-data/kadid10k/images/I19_15_05.png,0.1526717557251908,0.34337133169174194
2325,kadid10k,kadid10k/i19,/home/sergey/iqa-data/kadid10k/images/I19_16_01.png,0.9083969465648856,0.6293414235115051
2326,kadid10k,kadid10k/i19,/home/sergey/iqa-data/kadid10k/images/I19_16_02.png,0.9083969465648856,0.6182186603546143
2327,kadid10k,kadid10k/i19,/home/sergey/iqa-data/kadid10k/images/I19_16_03.png,0.796437659033079,0.6019822955131531
2328,kadid10k,kadid10k/i19,/home/sergey/iqa-data/kadid10k/images/I19_16_04.png,0.3816793893129771,0.5486795902252197
2329,kadid10k,kadid10k/i19,/home/sergey/iqa-data/kadid10k/images/I19_16_05.png,0.1959287531806616,0.4928816854953766
2330,kadid10k,kadid10k/i19,/home/sergey/iqa-data/kadid10k/images/I19_17_01.png,0.89058524173028,0.6339994668960571
2331,kadid10k,kadid10k/i19,/home/sergey/iqa-data/kadid10k/images/I19_17_02.png,0.8829516539440203,0.6379622220993042
2332,kadid10k,kadid10k/i19,/home/sergey/iqa-data/kadid10k/images/I19_17_03.png,0.89058524173028,0.6472804546356201
2333,kadid10k,kadid10k/i19,/home/sergey/iqa-data/kadid10k/images/I19_17_04.png,0.7175572519083969,0.6561236381530762
2334,kadid10k,kadid10k/i19,/home/sergey/iqa-data/kadid10k/images/I19_17_05.png,0.3740458015267176,0.5935128927230835
2335,kadid10k,kadid10k/i19,/home/sergey/iqa-data/kadid10k/images/I19_18_01.png,0.89058524173028,0.6031305193901062
2336,kadid10k,kadid10k/i19,/home/sergey/iqa-data/kadid10k/images/I19_18_02.png,0.83206106870229,0.6193894743919373
2337,kadid10k,kadid10k/i19,/home/sergey/iqa-data/kadid10k/images/I19_18_03.png,0.9414758269720104,0.6299958229064941
2338,kadid10k,kadid10k/i19,/home/sergey/iqa-data/kadid10k/images/I19_18_04.png,0.83206106870229,0.6487685441970825
2339,kadid10k,kadid10k/i19,/home/sergey/iqa-data/kadid10k/images/I19_18_05.png,0.7379134860050891,0.6484556198120117
2340,kadid10k,kadid10k/i19,/home/sergey/iqa-data/kadid10k/images/I19_19_01.png,0.83206106870229,0.6157724857330322
2341,kadid10k,kadid10k/i19,/home/sergey/iqa-data/kadid10k/images/I19_19_02.png,0.7201017811704835,0.594709038734436
2342,kadid10k,kadid10k/i19,/home/sergey/iqa-data/kadid10k/images/I19_19_03.png,0.4249363867684478,0.5485992431640625
2343,kadid10k,kadid10k/i19,/home/sergey/iqa-data/kadid10k/images/I19_19_04.png,0.1450381679389313,0.6042871475219727
2344,kadid10k,kadid10k/i19,/home/sergey/iqa-data/kadid10k/images/I19_19_05.png,0.0483460559796437,0.5684742331504822
2345,kadid10k,kadid10k/i19,/home/sergey/iqa-data/kadid10k/images/I19_20_01.png,0.796437659033079,0.6105512976646423
2346,kadid10k,kadid10k/i19,/home/sergey/iqa-data/kadid10k/images/I19_20_02.png,0.7455470737913487,0.6136281490325928
2347,kadid10k,kadid10k/i19,/home/sergey/iqa-data/kadid10k/images/I19_20_03.png,0.5267175572519084,0.5953693389892578
2348,kadid10k,kadid10k/i19,/home/sergey/iqa-data/kadid10k/images/I19_20_04.png,0.4249363867684478,0.5887471437454224
2349,kadid10k,kadid10k/i19,/home/sergey/iqa-data/kadid10k/images/I19_20_05.png,0.3486005089058525,0.5927426218986511
2350,kadid10k,kadid10k/i19,/home/sergey/iqa-data/kadid10k/images/I19_21_01.png,0.7633587786259542,0.5665735006332397
2351,kadid10k,kadid10k/i19,/home/sergey/iqa-data/kadid10k/images/I19_21_02.png,0.6284987277353691,0.5731596350669861
2352,kadid10k,kadid10k/i19,/home/sergey/iqa-data/kadid10k/images/I19_21_03.png,0.4580152671755725,0.5643846392631531
2353,kadid10k,kadid10k/i19,/home/sergey/iqa-data/kadid10k/images/I19_21_04.png,0.4580152671755725,0.540898859500885
2354,kadid10k,kadid10k/i19,/home/sergey/iqa-data/kadid10k/images/I19_21_05.png,0.2111959287531807,0.5675715804100037
2355,kadid10k,kadid10k/i19,/home/sergey/iqa-data/kadid10k/images/I19_22_01.png,0.8651399491094149,0.5250450968742371
2356,kadid10k,kadid10k/i19,/home/sergey/iqa-data/kadid10k/images/I19_22_02.png,0.7888040712468193,0.516597330570221
2357,kadid10k,kadid10k/i19,/home/sergey/iqa-data/kadid10k/images/I19_22_03.png,0.6030534351145039,0.5305611491203308
2358,kadid10k,kadid10k/i19,/home/sergey/iqa-data/kadid10k/images/I19_22_04.png,0.5852417302798982,0.5544479489326477
2359,kadid10k,kadid10k/i19,/home/sergey/iqa-data/kadid10k/images/I19_22_05.png,0.4249363867684478,0.5651916861534119
2360,kadid10k,kadid10k/i19,/home/sergey/iqa-data/kadid10k/images/I19_23_01.png,0.4834605597964376,0.6333907842636108
2361,kadid10k,kadid10k/i19,/home/sergey/iqa-data/kadid10k/images/I19_23_02.png,0.3486005089058525,0.6319902539253235
2362,kadid10k,kadid10k/i19,/home/sergey/iqa-data/kadid10k/images/I19_23_03.png,0.356234096692112,0.6196509599685669
2363,kadid10k,kadid10k/i19,/home/sergey/iqa-data/kadid10k/images/I19_23_04.png,0.3384223918575064,0.6401355862617493
2364,kadid10k,kadid10k/i19,/home/sergey/iqa-data/kadid10k/images/I19_23_05.png,0.2290076335877862,0.6241492033004761
2365,kadid10k,kadid10k/i19,/home/sergey/iqa-data/kadid10k/images/I19_24_01.png,0.5852417302798982,0.62784743309021
2366,kadid10k,kadid10k/i19,/home/sergey/iqa-data/kadid10k/images/I19_24_02.png,0.2544529262086514,0.6193575859069824
2367,kadid10k,kadid10k/i19,/home/sergey/iqa-data/kadid10k/images/I19_24_03.png,0.1603053435114503,0.6097617149353027
2368,kadid10k,kadid10k/i19,/home/sergey/iqa-data/kadid10k/images/I19_24_04.png,0.1094147582697201,0.6045584678649902
2369,kadid10k,kadid10k/i19,/home/sergey/iqa-data/kadid10k/images/I19_24_05.png,0.0585241730279898,0.5945570468902588
2370,kadid10k,kadid10k/i19,/home/sergey/iqa-data/kadid10k/images/I19_25_01.png,0.6437659033078881,0.610923171043396
2371,kadid10k,kadid10k/i19,/home/sergey/iqa-data/kadid10k/images/I19_25_02.png,0.806615776081425,0.6277619004249573
2372,kadid10k,kadid10k/i19,/home/sergey/iqa-data/kadid10k/images/I19_25_03.png,0.8778625954198475,0.6342785358428955
2373,kadid10k,kadid10k/i19,/home/sergey/iqa-data/kadid10k/images/I19_25_04.png,0.8727735368956743,0.639565646648407
2374,kadid10k,kadid10k/i19,/home/sergey/iqa-data/kadid10k/images/I19_25_05.png,0.6437659033078881,0.62773197889328
3000,kadid10k,kadid10k/i25,/home/sergey/iqa-data/kadid10k/images/I25_01_01.png,0.8727735368956743,0.6331417560577393
3001,kadid10k,kadid10k/i25,/home/sergey/iqa-data/kadid10k/images/I25_01_02.png,0.9236641221374048,0.5257537961006165
3002,kadid10k,kadid10k/i25,/home/sergey/iqa-data/kadid10k/images/I25_01_03.png,0.5597964376590332,0.3348720669746399
3003,kadid10k,kadid10k/i25,/home/sergey/iqa-data/kadid10k/images/I25_01_04.png,0.3307888040712468,0.35895729064941406
3004,kadid10k,kadid10k/i25,/home/sergey/iqa-data/kadid10k/images/I25_01_05.png,0.094147582697201,0.3306940793991089
3005,kadid10k,kadid10k/i25,/home/sergey/iqa-data/kadid10k/images/I25_02_01.png,0.806615776081425,0.4216548800468445
3006,kadid10k,kadid10k/i25,/home/sergey/iqa-data/kadid10k/images/I25_02_02.png,0.4758269720101782,0.32642558217048645
3007,kadid10k,kadid10k/i25,/home/sergey/iqa-data/kadid10k/images/I25_02_03.png,0.2213740458015267,0.33375027775764465
3008,kadid10k,kadid10k/i25,/home/sergey/iqa-data/kadid10k/images/I25_02_04.png,0.1857506361323155,0.33671271800994873
3009,kadid10k,kadid10k/i25,/home/sergey/iqa-data/kadid10k/images/I25_02_05.png,0.0763358778625954,0.3332422971725464
3010,kadid10k,kadid10k/i25,/home/sergey/iqa-data/kadid10k/images/I25_03_01.png,0.9592875318066156,0.6331417560577393
3011,kadid10k,kadid10k/i25,/home/sergey/iqa-data/kadid10k/images/I25_03_02.png,0.8727735368956743,0.4673001766204834
3012,kadid10k,kadid10k/i25,/home/sergey/iqa-data/kadid10k/images/I25_03_03.png,0.534351145038168,0.2815597355365753
3013,kadid10k,kadid10k/i25,/home/sergey/iqa-data/kadid10k/images/I25_03_04.png,0.4834605597964376,0.3470366597175598
3014,kadid10k,kadid10k/i25,/home/sergey/iqa-data/kadid10k/images/I25_03_05.png,0.1857506361323155,0.2437024712562561
3015,kadid10k,kadid10k/i25,/home/sergey/iqa-data/kadid10k/images/I25_04_01.png,0.8982188295165395,0.6311336159706116
3016,kadid10k,kadid10k/i25,/home/sergey/iqa-data/kadid10k/images/I25_04_02.png,0.5165394402035624,0.5965994596481323
3017,kadid10k,kadid10k/i25,/home/sergey/iqa-data/kadid10k/images/I25_04_03.png,0.2544529262086514,0.5806585550308228
3018,kadid10k,kadid10k/i25,/home/sergey/iqa-data/kadid10k/images/I25_04_04.png,0.272264631043257,0.5675916075706482
3019,kadid10k,kadid10k/i25,/home/sergey/iqa-data/kadid10k/images/I25_04_05.png,0.1653944020356234,0.560335099697113
3020,kadid10k,kadid10k/i25,/home/sergey/iqa-data/kadid10k/images/I25_05_01.png,0.89058524173028,0.5316838622093201
3021,kadid10k,kadid10k/i25,/home/sergey/iqa-data/kadid10k/images/I25_05_02.png,0.4580152671755725,0.521550714969635
3022,kadid10k,kadid10k/i25,/home/sergey/iqa-data/kadid10k/images/I25_05_03.png,0.3129770992366412,0.5350067615509033
3023,kadid10k,kadid10k/i25,/home/sergey/iqa-data/kadid10k/images/I25_05_04.png,0.3893129770992366,0.5368676781654358
3024,kadid10k,kadid10k/i25,/home/sergey/iqa-data/kadid10k/images/I25_05_05.png,0.4402035623409669,0.5325697064399719
3025,kadid10k,kadid10k/i25,/home/sergey/iqa-data/kadid10k/images/I25_06_01.png,0.8142493638676845,0.568154513835907
3026,kadid10k,kadid10k/i25,/home/sergey/iqa-data/kadid10k/images/I25_06_02.png,0.78117048346056,0.5753675103187561
3027,kadid10k,kadid10k/i25,/home/sergey/iqa-data/kadid10k/images/I25_06_03.png,0.78117048346056,0.5650071501731873
3028,kadid10k,kadid10k/i25,/home/sergey/iqa-data/kadid10k/images/I25_06_04.png,0.5597964376590332,0.5971195101737976
3029,kadid10k,kadid10k/i25,/home/sergey/iqa-data/kadid10k/images/I25_06_05.png,0.3384223918575064,0.6139211654663086
3030,kadid10k,kadid10k/i25,/home/sergey/iqa-data/kadid10k/images/I25_07_01.png,0.3816793893129771,0.6218235492706299
3031,kadid10k,kadid10k/i25,/home/sergey/iqa-data/kadid10k/images/I25_07_02.png,0.3638676844783716,0.6024776697158813
3032,kadid10k,kadid10k/i25,/home/sergey/iqa-data/kadid10k/images/I25_07_03.png,0.3638676844783716,0.5957006216049194
3033,kadid10k,kadid10k/i25,/home/sergey/iqa-data/kadid10k/images/I25_07_04.png,0.3486005089058525,0.594655454158783
3034,kadid10k,kadid10k/i25,/home/sergey/iqa-data/kadid10k/images/I25_07_05.png,0.2468193384223918,0.6297317743301392
3035,kadid10k,kadid10k/i25,/home/sergey/iqa-data/kadid10k/images/I25_08_01.png,0.94910941475827,0.6331417560577393
3036,kadid10k,kadid10k/i25,/home/sergey/iqa-data/kadid10k/images/I25_08_02.png,0.5419847328244275,0.5795007944107056
3037,kadid10k,kadid10k/i25,/home/sergey/iqa-data/kadid10k/images/I25_08_03.png,0.5419847328244275,0.5546797513961792
3038,kadid10k,kadid10k/i25,/home/sergey/iqa-data/kadid10k/images/I25_08_04.png,0.178117048346056,0.51142817735672
3039,kadid10k,kadid10k/i25,/home/sergey/iqa-data/kadid10k/images/I25_08_05.png,0.0839694656488549,0.4926987290382385
3040,kadid10k,kadid10k/i25,/home/sergey/iqa-data/kadid10k/images/I25_09_01.png,0.9414758269720104,0.6267116665840149
3041,kadid10k,kadid10k/i25,/home/sergey/iqa-data/kadid10k/images/I25_09_02.png,0.916030534351145,0.5714665651321411
3042,kadid10k,kadid10k/i25,/home/sergey/iqa-data/kadid10k/images/I25_09_03.png,0.8142493638676845,0.4917087256908417
3043,kadid10k,kadid10k/i25,/home/sergey/iqa-data/kadid10k/images/I25_09_04.png,0.5165394402035624,0.40149199962615967
3044,kadid10k,kadid10k/i25,/home/sergey/iqa-data/kadid10k/images/I25_09_05.png,0.1348600508905852,0.3218156695365906
3045,kadid10k,kadid10k/i25,/home/sergey/iqa-data/kadid10k/images/I25_10_01.png,0.8982188295165395,0.5018875598907471
3046,kadid10k,kadid10k/i25,/home/sergey/iqa-data/kadid10k/images/I25_10_02.png,0.9236641221374048,0.4759686291217804
3047,kadid10k,kadid10k/i25,/home/sergey/iqa-data/kadid10k/images/I25_10_03.png,0.8396946564885497,0.4109347462654114
3048,kadid10k,kadid10k/i25,/home/sergey/iqa-data/kadid10k/images/I25_10_04.png,0.1526717557251908,0.40530940890312195
3049,kadid10k,kadid10k/i25,/home/sergey/iqa-data/kadid10k/images/I25_10_05.png,0.0178117048346056,0.5149011015892029
3050,kadid10k,kadid10k/i25,/home/sergey/iqa-data/kadid10k/images/I25_11_01.png,0.7888040712468193,0.48125511407852173
3051,kadid10k,kadid10k/i25,/home/sergey/iqa-data/kadid10k/images/I25_11_02.png,0.6361323155216285,0.4572800397872925
3052,kadid10k,kadid10k/i25,/home/sergey/iqa-data/kadid10k/images/I25_11_03.png,0.4834605597964376,0.44676822423934937
3053,kadid10k,kadid10k/i25,/home/sergey/iqa-data/kadid10k/images/I25_11_04.png,0.450381679389313,0.42506328225135803
3054,kadid10k,kadid10k/i25,/home/sergey/iqa-data/kadid10k/images/I25_11_05.png,0.3486005089058525,0.40224719047546387
3055,kadid10k,kadid10k/i25,/home/sergey/iqa-data/kadid10k/images/I25_12_01.png,0.9083969465648856,0.5291188359260559
3056,kadid10k,kadid10k/i25,/home/sergey/iqa-data/kadid10k/images/I25_12_02.png,0.6437659033078881,0.4639361798763275
3057,kadid10k,kadid10k/i25,/home/sergey/iqa-data/kadid10k/images/I25_12_03.png,0.4834605597964376,0.43475034832954407
3058,kadid10k,kadid10k/i25,/home/sergey/iqa-data/kadid10k/images/I25_12_04.png,0.3638676844783716,0.4113996922969818
3059,kadid10k,kadid10k/i25,/home/sergey/iqa-data/kadid10k/images/I25_12_05.png,0.3129770992366412,0.3911980390548706
3060,kadid10k,kadid10k/i25,/home/sergey/iqa-data/kadid10k/images/I25_13_01.png,0.6284987277353691,0.6415482759475708
3061,kadid10k,kadid10k/i25,/home/sergey/iqa-data/kadid10k/images/I25_13_02.png,0.4605597964376591,0.6001135110855103
3062,kadid10k,kadid10k/i25,/home/sergey/iqa-data/kadid10k/images/I25_13_03.png,0.3307888040712468,0.5929468870162964
3063,kadid10k,kadid10k/i25,/home/sergey/iqa-data/kadid10k/images/I25_13_04.png,0.2977099236641221,0.5797261595726013
3064,kadid10k,kadid10k/i25,/home/sergey/iqa-data/kadid10k/images/I25_13_05.png,0.2391857506361323,0.5630030035972595
3065,kadid10k,kadid10k/i25,/home/sergey/iqa-data/kadid10k/images/I25_14_01.png,0.9083969465648856,0.587227463722229
3066,kadid10k,kadid10k/i25,/home/sergey/iqa-data/kadid10k/images/I25_14_02.png,0.7709923664122139,0.5242804288864136
3067,kadid10k,kadid10k/i25,/home/sergey/iqa-data/kadid10k/images/I25_14_03.png,0.6692111959287532,0.5157682299613953
3068,kadid10k,kadid10k/i25,/home/sergey/iqa-data/kadid10k/images/I25_14_04.png,0.3231552162849873,0.4964943528175354
3069,kadid10k,kadid10k/i25,/home/sergey/iqa-data/kadid10k/images/I25_14_05.png,0.2111959287531807,0.46550583839416504
3070,kadid10k,kadid10k/i25,/home/sergey/iqa-data/kadid10k/images/I25_15_01.png,0.6692111959287532,0.4165896475315094
3071,kadid10k,kadid10k/i25,/home/sergey/iqa-data/kadid10k/images/I25_15_02.png,0.3893129770992366,0.35546696186065674
3072,kadid10k,kadid10k/i25,/home/sergey/iqa-data/kadid10k/images/I25_15_03.png,0.2468193384223918,0.3308332562446594
3073,kadid10k,kadid10k/i25,/home/sergey/iqa-data/kadid10k/images/I25_15_04.png,0.0508905852417302,0.3503672182559967
3074,kadid10k,kadid10k/i25,/home/sergey/iqa-data/kadid10k/images/I25_15_05.png,0.0763358778625954,0.3585815727710724
3075,kadid10k,kadid10k/i25,/home/sergey/iqa-data/kadid10k/images/I25_16_01.png,0.9338422391857508,0.641507089138031
3076,kadid10k,kadid10k/i25,/home/sergey/iqa-data/kadid10k/images/I25_16_02.png,0.83206106870229,0.6464109420776367
3077,kadid10k,kadid10k/i25,/home/sergey/iqa-data/kadid10k/images/I25_16_03.png,0.8447837150127228,0.6545678973197937
3078,kadid10k,kadid10k/i25,/home/sergey/iqa-data/kadid10k/images/I25_16_04.png,0.6183206106870229,0.6492594480514526
3079,kadid10k,kadid10k/i25,/home/sergey/iqa-data/kadid10k/images/I25_16_05.png,0.272264631043257,0.6128174662590027
3080,kadid10k,kadid10k/i25,/home/sergey/iqa-data/kadid10k/images/I25_17_01.png,0.94910941475827,0.6273396015167236
3081,kadid10k,kadid10k/i25,/home/sergey/iqa-data/kadid10k/images/I25_17_02.png,0.9414758269720104,0.6218578815460205
3082,kadid10k,kadid10k/i25,/home/sergey/iqa-data/kadid10k/images/I25_17_03.png,0.89058524173028,0.6026815176010132
3083,kadid10k,kadid10k/i25,/home/sergey/iqa-data/kadid10k/images/I25_17_04.png,0.6870229007633589,0.5617485046386719
3084,kadid10k,kadid10k/i25,/home/sergey/iqa-data/kadid10k/images/I25_17_05.png,0.2035623409669211,0.479107528924942
3085,kadid10k,kadid10k/i25,/home/sergey/iqa-data/kadid10k/images/I25_18_01.png,0.8727735368956743,0.632416307926178
3086,kadid10k,kadid10k/i25,/home/sergey/iqa-data/kadid10k/images/I25_18_02.png,0.94910941475827,0.6296557188034058
3087,kadid10k,kadid10k/i25,/home/sergey/iqa-data/kadid10k/images/I25_18_03.png,0.9083969465648856,0.6331417560577393
3088,kadid10k,kadid10k/i25,/home/sergey/iqa-data/kadid10k/images/I25_18_04.png,0.8829516539440203,0.6064860224723816
3089,kadid10k,kadid10k/i25,/home/sergey/iqa-data/kadid10k/images/I25_18_05.png,0.6946564885496184,0.5679455399513245
3090,kadid10k,kadid10k/i25,/home/sergey/iqa-data/kadid10k/images/I25_19_01.png,0.9592875318066156,0.618390679359436
3091,kadid10k,kadid10k/i25,/home/sergey/iqa-data/kadid10k/images/I25_19_02.png,0.8473282442748092,0.603377103805542
3092,kadid10k,kadid10k/i25,/home/sergey/iqa-data/kadid10k/images/I25_19_03.png,0.8396946564885497,0.5943152904510498
3093,kadid10k,kadid10k/i25,/home/sergey/iqa-data/kadid10k/images/I25_19_04.png,0.4147582697201017,0.6118617057800293
3094,kadid10k,kadid10k/i25,/home/sergey/iqa-data/kadid10k/images/I25_19_05.png,0.1857506361323155,0.5914133787155151
3095,kadid10k,kadid10k/i25,/home/sergey/iqa-data/kadid10k/images/I25_20_01.png,0.9236641221374048,0.6392568349838257
3096,kadid10k,kadid10k/i25,/home/sergey/iqa-data/kadid10k/images/I25_20_02.png,0.7455470737913487,0.6346930861473083
3097,kadid10k,kadid10k/i25,/home/sergey/iqa-data/kadid10k/images/I25_20_03.png,0.4580152671755725,0.6393282413482666
3098,kadid10k,kadid10k/i25,/home/sergey/iqa-data/kadid10k/images/I25_20_04.png,0.6437659033078881,0.638073742389679
3099,kadid10k,kadid10k/i25,/home/sergey/iqa-data/kadid10k/images/I25_20_05.png,0.6106870229007634,0.6470741033554077
3100,kadid10k,kadid10k/i25,/home/sergey/iqa-data/kadid10k/images/I25_21_01.png,0.9236641221374048,0.6344528198242188
3101,kadid10k,kadid10k/i25,/home/sergey/iqa-data/kadid10k/images/I25_21_02.png,0.7633587786259542,0.6459753513336182
3102,kadid10k,kadid10k/i25,/home/sergey/iqa-data/kadid10k/images/I25_21_03.png,0.6539440203562341,0.6589115858078003
3103,kadid10k,kadid10k/i25,/home/sergey/iqa-data/kadid10k/images/I25_21_04.png,0.7709923664122139,0.6491718292236328
3104,kadid10k,kadid10k/i25,/home/sergey/iqa-data/kadid10k/images/I25_21_05.png,0.3994910941475826,0.6028428077697754
3105,kadid10k,kadid10k/i25,/home/sergey/iqa-data/kadid10k/images/I25_22_01.png,0.9083969465648856,0.5886285305023193
3106,kadid10k,kadid10k/i25,/home/sergey/iqa-data/kadid10k/images/I25_22_02.png,0.8473282442748092,0.5935049057006836
3107,kadid10k,kadid10k/i25,/home/sergey/iqa-data/kadid10k/images/I25_22_03.png,0.8396946564885497,0.5972150564193726
3108,kadid10k,kadid10k/i25,/home/sergey/iqa-data/kadid10k/images/I25_22_04.png,0.7302798982188295,0.6015441417694092
3109,kadid10k,kadid10k/i25,/home/sergey/iqa-data/kadid10k/images/I25_22_05.png,0.4580152671755725,0.6014306545257568
3110,kadid10k,kadid10k/i25,/home/sergey/iqa-data/kadid10k/images/I25_23_01.png,0.3638676844783716,0.6572481393814087
3111,kadid10k,kadid10k/i25,/home/sergey/iqa-data/kadid10k/images/I25_23_02.png,0.3486005089058525,0.6457509994506836
3112,kadid10k,kadid10k/i25,/home/sergey/iqa-data/kadid10k/images/I25_23_03.png,0.3129770992366412,0.6481162309646606
3113,kadid10k,kadid10k/i25,/home/sergey/iqa-data/kadid10k/images/I25_23_04.png,0.2977099236641221,0.6428372859954834
3114,kadid10k,kadid10k/i25,/home/sergey/iqa-data/kadid10k/images/I25_23_05.png,0.2544529262086514,0.6653453707695007
3115,kadid10k,kadid10k/i25,/home/sergey/iqa-data/kadid10k/images/I25_24_01.png,0.7633587786259542,0.6564303040504456
3116,kadid10k,kadid10k/i25,/home/sergey/iqa-data/kadid10k/images/I25_24_02.png,0.4147582697201017,0.6480976343154907
3117,kadid10k,kadid10k/i25,/home/sergey/iqa-data/kadid10k/images/I25_24_03.png,0.3053435114503817,0.639011800289154
3118,kadid10k,kadid10k/i25,/home/sergey/iqa-data/kadid10k/images/I25_24_04.png,0.1450381679389313,0.6157205104827881
3119,kadid10k,kadid10k/i25,/home/sergey/iqa-data/kadid10k/images/I25_24_05.png,0.0687022900763358,0.6022831797599792
3120,kadid10k,kadid10k/i25,/home/sergey/iqa-data/kadid10k/images/I25_25_01.png,0.6437659033078881,0.5558725595474243
3121,kadid10k,kadid10k/i25,/home/sergey/iqa-data/kadid10k/images/I25_25_02.png,0.7455470737913487,0.5862421989440918
3122,kadid10k,kadid10k/i25,/home/sergey/iqa-data/kadid10k/images/I25_25_03.png,0.89058524173028,0.6128665208816528
3123,kadid10k,kadid10k/i25,/home/sergey/iqa-data/kadid10k/images/I25_25_04.png,0.9338422391857508,0.641693115234375
3124,kadid10k,kadid10k/i25,/home/sergey/iqa-data/kadid10k/images/I25_25_05.png,0.6437659033078881,0.6519380807876587
3250,kadid10k,kadid10k/i27,/home/sergey/iqa-data/kadid10k/images/I27_01_01.png,0.8982188295165395,0.7659997940063477
3251,kadid10k,kadid10k/i27,/home/sergey/iqa-data/kadid10k/images/I27_01_02.png,0.806615776081425,0.6864880323410034
3252,kadid10k,kadid10k/i27,/home/sergey/iqa-data/kadid10k/images/I27_01_03.png,0.356234096692112,0.38706767559051514
3253,kadid10k,kadid10k/i27,/home/sergey/iqa-data/kadid10k/images/I27_01_04.png,0.1704834605597964,0.36454832553863525
3254,kadid10k,kadid10k/i27,/home/sergey/iqa-data/kadid10k/images/I27_01_05.png,0.0508905852417302,0.3253462016582489
3255,kadid10k,kadid10k/i27,/home/sergey/iqa-data/kadid10k/images/I27_02_01.png,0.6437659033078881,0.5123893618583679
3256,kadid10k,kadid10k/i27,/home/sergey/iqa-data/kadid10k/images/I27_02_02.png,0.2798982188295166,0.3725624084472656
3257,kadid10k,kadid10k/i27,/home/sergey/iqa-data/kadid10k/images/I27_02_03.png,0.178117048346056,0.3190566897392273
3258,kadid10k,kadid10k/i27,/home/sergey/iqa-data/kadid10k/images/I27_02_04.png,0.0839694656488549,0.3210935592651367
3259,kadid10k,kadid10k/i27,/home/sergey/iqa-data/kadid10k/images/I27_02_05.png,0.0432569974554707,0.3074657618999481
3260,kadid10k,kadid10k/i27,/home/sergey/iqa-data/kadid10k/images/I27_03_01.png,0.8651399491094149,0.7659997940063477
3261,kadid10k,kadid10k/i27,/home/sergey/iqa-data/kadid10k/images/I27_03_02.png,0.5776081424936387,0.575476884841919
3262,kadid10k,kadid10k/i27,/home/sergey/iqa-data/kadid10k/images/I27_03_03.png,0.3816793893129771,0.4075002670288086
3263,kadid10k,kadid10k/i27,/home/sergey/iqa-data/kadid10k/images/I27_03_04.png,0.1272264631043257,0.4052562117576599
3264,kadid10k,kadid10k/i27,/home/sergey/iqa-data/kadid10k/images/I27_03_05.png,0.1704834605597964,0.35784393548965454
3265,kadid10k,kadid10k/i27,/home/sergey/iqa-data/kadid10k/images/I27_04_01.png,0.7888040712468193,0.7201021909713745
3266,kadid10k,kadid10k/i27,/home/sergey/iqa-data/kadid10k/images/I27_04_02.png,0.3231552162849873,0.6999875903129578
3267,kadid10k,kadid10k/i27,/home/sergey/iqa-data/kadid10k/images/I27_04_03.png,0.1959287531806616,0.6398246884346008
3268,kadid10k,kadid10k/i27,/home/sergey/iqa-data/kadid10k/images/I27_04_04.png,0.0432569974554707,0.6176455020904541
3269,kadid10k,kadid10k/i27,/home/sergey/iqa-data/kadid10k/images/I27_04_05.png,0.0687022900763358,0.5969511866569519
3270,kadid10k,kadid10k/i27,/home/sergey/iqa-data/kadid10k/images/I27_05_01.png,0.7633587786259542,0.6611710786819458
3271,kadid10k,kadid10k/i27,/home/sergey/iqa-data/kadid10k/images/I27_05_02.png,0.2366412213740458,0.5716787576675415
3272,kadid10k,kadid10k/i27,/home/sergey/iqa-data/kadid10k/images/I27_05_03.png,0.1450381679389313,0.5953856706619263
3273,kadid10k,kadid10k/i27,/home/sergey/iqa-data/kadid10k/images/I27_05_04.png,0.1603053435114503,0.6120959520339966
3274,kadid10k,kadid10k/i27,/home/sergey/iqa-data/kadid10k/images/I27_05_05.png,0.094147582697201,0.637959897518158
3275,kadid10k,kadid10k/i27,/home/sergey/iqa-data/kadid10k/images/I27_06_01.png,0.8575063613231553,0.596341073513031
3276,kadid10k,kadid10k/i27,/home/sergey/iqa-data/kadid10k/images/I27_06_02.png,0.7888040712468193,0.5968212485313416
3277,kadid10k,kadid10k/i27,/home/sergey/iqa-data/kadid10k/images/I27_06_03.png,0.6437659033078881,0.5993458032608032
3278,kadid10k,kadid10k/i27,/home/sergey/iqa-data/kadid10k/images/I27_06_04.png,0.5521628498727735,0.6047331094741821
3279,kadid10k,kadid10k/i27,/home/sergey/iqa-data/kadid10k/images/I27_06_05.png,0.2977099236641221,0.5969371795654297
3280,kadid10k,kadid10k/i27,/home/sergey/iqa-data/kadid10k/images/I27_07_01.png,0.356234096692112,0.719417929649353
3281,kadid10k,kadid10k/i27,/home/sergey/iqa-data/kadid10k/images/I27_07_02.png,0.2544529262086514,0.6682116985321045
3282,kadid10k,kadid10k/i27,/home/sergey/iqa-data/kadid10k/images/I27_07_03.png,0.1704834605597964,0.6331837773323059
3283,kadid10k,kadid10k/i27,/home/sergey/iqa-data/kadid10k/images/I27_07_04.png,0.2544529262086514,0.6085367202758789
3284,kadid10k,kadid10k/i27,/home/sergey/iqa-data/kadid10k/images/I27_07_05.png,0.178117048346056,0.7097788453102112
3285,kadid10k,kadid10k/i27,/home/sergey/iqa-data/kadid10k/images/I27_08_01.png,0.8727735368956743,0.7659997940063477
3286,kadid10k,kadid10k/i27,/home/sergey/iqa-data/kadid10k/images/I27_08_02.png,0.5419847328244275,0.6849731802940369
3287,kadid10k,kadid10k/i27,/home/sergey/iqa-data/kadid10k/images/I27_08_03.png,0.3384223918575064,0.6515385508537292
3288,kadid10k,kadid10k/i27,/home/sergey/iqa-data/kadid10k/images/I27_08_04.png,0.1272264631043257,0.5981801748275757
3289,kadid10k,kadid10k/i27,/home/sergey/iqa-data/kadid10k/images/I27_08_05.png,0.1272264631043257,0.5702440142631531
3290,kadid10k,kadid10k/i27,/home/sergey/iqa-data/kadid10k/images/I27_09_01.png,0.8829516539440203,0.7649152874946594
3291,kadid10k,kadid10k/i27,/home/sergey/iqa-data/kadid10k/images/I27_09_02.png,0.8218829516539442,0.7196870446205139
3292,kadid10k,kadid10k/i27,/home/sergey/iqa-data/kadid10k/images/I27_09_03.png,0.83206106870229,0.6796486377716064
3293,kadid10k,kadid10k/i27,/home/sergey/iqa-data/kadid10k/images/I27_09_04.png,0.3486005089058525,0.48433271050453186
3294,kadid10k,kadid10k/i27,/home/sergey/iqa-data/kadid10k/images/I27_09_05.png,0.0432569974554707,0.36794745922088623
3295,kadid10k,kadid10k/i27,/home/sergey/iqa-data/kadid10k/images/I27_10_01.png,0.7557251908396948,0.5905587673187256
3296,kadid10k,kadid10k/i27,/home/sergey/iqa-data/kadid10k/images/I27_10_02.png,0.7379134860050891,0.5804120302200317
3297,kadid10k,kadid10k/i27,/home/sergey/iqa-data/kadid10k/images/I27_10_03.png,0.6539440203562341,0.4971311092376709
3298,kadid10k,kadid10k/i27,/home/sergey/iqa-data/kadid10k/images/I27_10_04.png,0.1704834605597964,0.45591041445732117
3299,kadid10k,kadid10k/i27,/home/sergey/iqa-data/kadid10k/images/I27_10_05.png,0.1195928753180661,0.48644161224365234
3300,kadid10k,kadid10k/i27,/home/sergey/iqa-data/kadid10k/images/I27_11_01.png,0.5674300254452926,0.5207511186599731
3301,kadid10k,kadid10k/i27,/home/sergey/iqa-data/kadid10k/images/I27_11_02.png,0.5089058524173028,0.48887473344802856
3302,kadid10k,kadid10k/i27,/home/sergey/iqa-data/kadid10k/images/I27_11_03.png,0.4147582697201017,0.4775370955467224
3303,kadid10k,kadid10k/i27,/home/sergey/iqa-data/kadid10k/images/I27_11_04.png,0.3384223918575064,0.46589428186416626
3304,kadid10k,kadid10k/i27,/home/sergey/iqa-data/kadid10k/images/I27_11_05.png,0.2213740458015267,0.4547606110572815
3305,kadid10k,kadid10k/i27,/home/sergey/iqa-data/kadid10k/images/I27_12_01.png,0.8218829516539442,0.5946981906890869
3306,kadid10k,kadid10k/i27,/home/sergey/iqa-data/kadid10k/images/I27_12_02.png,0.5597964376590332,0.500517725944519
3307,kadid10k,kadid10k/i27,/home/sergey/iqa-data/kadid10k/images/I27_12_03.png,0.4147582697201017,0.4787520170211792
3308,kadid10k,kadid10k/i27,/home/sergey/iqa-data/kadid10k/images/I27_12_04.png,0.3307888040712468,0.4607343077659607
3309,kadid10k,kadid10k/i27,/home/sergey/iqa-data/kadid10k/images/I27_12_05.png,0.2468193384223918,0.4522395133972168
3310,kadid10k,kadid10k/i27,/home/sergey/iqa-data/kadid10k/images/I27_13_01.png,0.6946564885496184,0.7227023243904114
3311,kadid10k,kadid10k/i27,/home/sergey/iqa-data/kadid10k/images/I27_13_02.png,0.5089058524173028,0.6580983400344849
3312,kadid10k,kadid10k/i27,/home/sergey/iqa-data/kadid10k/images/I27_13_03.png,0.4147582697201017,0.6382282376289368
3313,kadid10k,kadid10k/i27,/home/sergey/iqa-data/kadid10k/images/I27_13_04.png,0.3307888040712468,0.6115289926528931
3314,kadid10k,kadid10k/i27,/home/sergey/iqa-data/kadid10k/images/I27_13_05.png,0.2798982188295166,0.5899534821510315
3315,kadid10k,kadid10k/i27,/home/sergey/iqa-data/kadid10k/images/I27_14_01.png,0.6793893129770993,0.5532065629959106
3316,kadid10k,kadid10k/i27,/home/sergey/iqa-data/kadid10k/images/I27_14_02.png,0.5012722646310434,0.47650986909866333
3317,kadid10k,kadid10k/i27,/home/sergey/iqa-data/kadid10k/images/I27_14_03.png,0.2951653944020357,0.46239638328552246
3318,kadid10k,kadid10k/i27,/home/sergey/iqa-data/kadid10k/images/I27_14_04.png,0.2798982188295166,0.45699137449264526
3319,kadid10k,kadid10k/i27,/home/sergey/iqa-data/kadid10k/images/I27_14_05.png,0.1603053435114503,0.4644297659397125
3320,kadid10k,kadid10k/i27,/home/sergey/iqa-data/kadid10k/images/I27_15_01.png,0.7048346055979644,0.5716396570205688
3321,kadid10k,kadid10k/i27,/home/sergey/iqa-data/kadid10k/images/I27_15_02.png,0.356234096692112,0.48681220412254333
3322,kadid10k,kadid10k/i27,/home/sergey/iqa-data/kadid10k/images/I27_15_03.png,0.2875318066157761,0.45674601197242737
3323,kadid10k,kadid10k/i27,/home/sergey/iqa-data/kadid10k/images/I27_15_04.png,0.1959287531806616,0.4092763066291809
3324,kadid10k,kadid10k/i27,/home/sergey/iqa-data/kadid10k/images/I27_15_05.png,0.1323155216284987,0.3924524188041687
3325,kadid10k,kadid10k/i27,/home/sergey/iqa-data/kadid10k/images/I27_16_01.png,0.83206106870229,0.7643797397613525
3326,kadid10k,kadid10k/i27,/home/sergey/iqa-data/kadid10k/images/I27_16_02.png,0.6870229007633589,0.7597649097442627
3327,kadid10k,kadid10k/i27,/home/sergey/iqa-data/kadid10k/images/I27_16_03.png,0.450381679389313,0.729881763458252
3328,kadid10k,kadid10k/i27,/home/sergey/iqa-data/kadid10k/images/I27_16_04.png,0.2035623409669211,0.6325110793113708
3329,kadid10k,kadid10k/i27,/home/sergey/iqa-data/kadid10k/images/I27_16_05.png,0.1195928753180661,0.6026061177253723
3330,kadid10k,kadid10k/i27,/home/sergey/iqa-data/kadid10k/images/I27_17_01.png,0.9083969465648856,0.7642249464988708
3331,kadid10k,kadid10k/i27,/home/sergey/iqa-data/kadid10k/images/I27_17_02.png,0.8727735368956743,0.7621481418609619
3332,kadid10k,kadid10k/i27,/home/sergey/iqa-data/kadid10k/images/I27_17_03.png,0.7557251908396948,0.7572174668312073
3333,kadid10k,kadid10k/i27,/home/sergey/iqa-data/kadid10k/images/I27_17_04.png,0.712468193384224,0.7368559837341309
3334,kadid10k,kadid10k/i27,/home/sergey/iqa-data/kadid10k/images/I27_17_05.png,0.5674300254452926,0.6520578861236572
3335,kadid10k,kadid10k/i27,/home/sergey/iqa-data/kadid10k/images/I27_18_01.png,0.6615776081424937,0.7131720781326294
3336,kadid10k,kadid10k/i27,/home/sergey/iqa-data/kadid10k/images/I27_18_02.png,0.7709923664122139,0.753653347492218
3337,kadid10k,kadid10k/i27,/home/sergey/iqa-data/kadid10k/images/I27_18_03.png,0.9083969465648856,0.7659997940063477
3338,kadid10k,kadid10k/i27,/home/sergey/iqa-data/kadid10k/images/I27_18_04.png,0.8982188295165395,0.7646400928497314
3339,kadid10k,kadid10k/i27,/home/sergey/iqa-data/kadid10k/images/I27_18_05.png,0.7709923664122139,0.7390755414962769
3340,kadid10k,kadid10k/i27,/home/sergey/iqa-data/kadid10k/images/I27_19_01.png,0.7709923664122139,0.7647516131401062
3341,kadid10k,kadid10k/i27,/home/sergey/iqa-data/kadid10k/images/I27_19_02.png,0.712468193384224,0.7593852877616882
3342,kadid10k,kadid10k/i27,/home/sergey/iqa-data/kadid10k/images/I27_19_03.png,0.3816793893129771,0.7030417919158936
3343,kadid10k,kadid10k/i27,/home/sergey/iqa-data/kadid10k/images/I27_19_04.png,0.1348600508905852,0.6572784781455994
3344,kadid10k,kadid10k/i27,/home/sergey/iqa-data/kadid10k/images/I27_19_05.png,0.0254452926208651,0.6195505857467651
3345,kadid10k,kadid10k/i27,/home/sergey/iqa-data/kadid10k/images/I27_20_01.png,0.8982188295165395,0.7597114443778992
3346,kadid10k,kadid10k/i27,/home/sergey/iqa-data/kadid10k/images/I27_20_02.png,0.450381679389313,0.7617613077163696
3347,kadid10k,kadid10k/i27,/home/sergey/iqa-data/kadid10k/images/I27_20_03.png,0.6284987277353691,0.7581334114074707
3348,kadid10k,kadid10k/i27,/home/sergey/iqa-data/kadid10k/images/I27_20_04.png,0.3129770992366412,0.7607306838035583
3349,kadid10k,kadid10k/i27,/home/sergey/iqa-data/kadid10k/images/I27_20_05.png,0.3740458015267176,0.7554358839988708
3350,kadid10k,kadid10k/i27,/home/sergey/iqa-data/kadid10k/images/I27_21_01.png,0.6284987277353691,0.723526656627655
3351,kadid10k,kadid10k/i27,/home/sergey/iqa-data/kadid10k/images/I27_21_02.png,0.2875318066157761,0.7000872492790222
3352,kadid10k,kadid10k/i27,/home/sergey/iqa-data/kadid10k/images/I27_21_03.png,0.3486005089058525,0.6866086721420288
3353,kadid10k,kadid10k/i27,/home/sergey/iqa-data/kadid10k/images/I27_21_04.png,0.2137404580152672,0.6523897051811218
3354,kadid10k,kadid10k/i27,/home/sergey/iqa-data/kadid10k/images/I27_21_05.png,0.0432569974554707,0.6150677800178528
3355,kadid10k,kadid10k/i27,/home/sergey/iqa-data/kadid10k/images/I27_22_01.png,0.7379134860050891,0.6865624189376831
3356,kadid10k,kadid10k/i27,/home/sergey/iqa-data/kadid10k/images/I27_22_02.png,0.6870229007633589,0.6682254076004028
3357,kadid10k,kadid10k/i27,/home/sergey/iqa-data/kadid10k/images/I27_22_03.png,0.6106870229007634,0.6445574760437012
3358,kadid10k,kadid10k/i27,/home/sergey/iqa-data/kadid10k/images/I27_22_04.png,0.3053435114503817,0.5836490392684937
3359,kadid10k,kadid10k/i27,/home/sergey/iqa-data/kadid10k/images/I27_22_05.png,0.2468193384223918,0.5918573141098022
3360,kadid10k,kadid10k/i27,/home/sergey/iqa-data/kadid10k/images/I27_23_01.png,0.3893129770992366,0.7517132759094238
3361,kadid10k,kadid10k/i27,/home/sergey/iqa-data/kadid10k/images/I27_23_02.png,0.356234096692112,0.7618311047554016
3362,kadid10k,kadid10k/i27,/home/sergey/iqa-data/kadid10k/images/I27_23_03.png,0.3740458015267176,0.754336416721344
3363,kadid10k,kadid10k/i27,/home/sergey/iqa-data/kadid10k/images/I27_23_04.png,0.3384223918575064,0.7416707277297974
3364,kadid10k,kadid10k/i27,/home/sergey/iqa-data/kadid10k/images/I27_23_05.png,0.2875318066157761,0.7254898548126221
3365,kadid10k,kadid10k/i27,/home/sergey/iqa-data/kadid10k/images/I27_24_01.png,0.4656488549618321,0.6892186999320984
3366,kadid10k,kadid10k/i27,/home/sergey/iqa-data/kadid10k/images/I27_24_02.png,0.2798982188295166,0.6490097641944885
3367,kadid10k,kadid10k/i27,/home/sergey/iqa-data/kadid10k/images/I27_24_03.png,0.1704834605597964,0.6296103000640869
3368,kadid10k,kadid10k/i27,/home/sergey/iqa-data/kadid10k/images/I27_24_04.png,0.094147582697201,0.6015704274177551
3369,kadid10k,kadid10k/i27,/home/sergey/iqa-data/kadid10k/images/I27_24_05.png,0.0330788804071246,0.583479106426239
3370,kadid10k,kadid10k/i27,/home/sergey/iqa-data/kadid10k/images/I27_25_01.png,0.5674300254452926,0.6668506860733032
3371,kadid10k,kadid10k/i27,/home/sergey/iqa-data/kadid10k/images/I27_25_02.png,0.6946564885496184,0.7016490697860718
3372,kadid10k,kadid10k/i27,/home/sergey/iqa-data/kadid10k/images/I27_25_03.png,0.7709923664122139,0.7404347658157349
3373,kadid10k,kadid10k/i27,/home/sergey/iqa-data/kadid10k/images/I27_25_04.png,0.7633587786259542,0.7692915201187134
3374,kadid10k,kadid10k/i27,/home/sergey/iqa-data/kadid10k/images/I27_25_05.png,0.5267175572519084,0.7505409717559814
3375,kadid10k,kadid10k/i28,/home/sergey/iqa-data/kadid10k/images/I28_01_01.png,0.9083969465648856,0.6404889822006226
3376,kadid10k,kadid10k/i28,/home/sergey/iqa-data/kadid10k/images/I28_01_02.png,0.9363867684478372,0.5648783445358276
3377,kadid10k,kadid10k/i28,/home/sergey/iqa-data/kadid10k/images/I28_01_03.png,0.7633587786259542,0.3907657861709595
3378,kadid10k,kadid10k/i28,/home/sergey/iqa-data/kadid10k/images/I28_01_04.png,0.3027989821882951,0.3453463315963745
3379,kadid10k,kadid10k/i28,/home/sergey/iqa-data/kadid10k/images/I28_01_05.png,0.094147582697201,0.32361650466918945
3380,kadid10k,kadid10k/i28,/home/sergey/iqa-data/kadid10k/images/I28_02_01.png,0.8218829516539442,0.4762588143348694
3381,kadid10k,kadid10k/i28,/home/sergey/iqa-data/kadid10k/images/I28_02_02.png,0.5597964376590332,0.37238842248916626
3382,kadid10k,kadid10k/i28,/home/sergey/iqa-data/kadid10k/images/I28_02_03.png,0.2366412213740458,0.31304019689559937
3383,kadid10k,kadid10k/i28,/home/sergey/iqa-data/kadid10k/images/I28_02_04.png,0.1704834605597964,0.3037351071834564
3384,kadid10k,kadid10k/i28,/home/sergey/iqa-data/kadid10k/images/I28_02_05.png,0.1450381679389313,0.3024557828903198
3385,kadid10k,kadid10k/i28,/home/sergey/iqa-data/kadid10k/images/I28_03_01.png,0.8829516539440203,0.6404889822006226
3386,kadid10k,kadid10k/i28,/home/sergey/iqa-data/kadid10k/images/I28_03_02.png,0.8727735368956743,0.5446696281433105
3387,kadid10k,kadid10k/i28,/home/sergey/iqa-data/kadid10k/images/I28_03_03.png,0.7379134860050891,0.4254901111125946
3388,kadid10k,kadid10k/i28,/home/sergey/iqa-data/kadid10k/images/I28_03_04.png,0.4402035623409669,0.33438438177108765
3389,kadid10k,kadid10k/i28,/home/sergey/iqa-data/kadid10k/images/I28_03_05.png,0.2977099236641221,0.2859462797641754
3390,kadid10k,kadid10k/i28,/home/sergey/iqa-data/kadid10k/images/I28_04_01.png,0.806615776081425,0.6161648035049438
3391,kadid10k,kadid10k/i28,/home/sergey/iqa-data/kadid10k/images/I28_04_02.png,0.3638676844783716,0.5596979856491089
3392,kadid10k,kadid10k/i28,/home/sergey/iqa-data/kadid10k/images/I28_04_03.png,0.1272264631043257,0.5290676355361938
3393,kadid10k,kadid10k/i28,/home/sergey/iqa-data/kadid10k/images/I28_04_04.png,0.0839694656488549,0.5170726180076599
3394,kadid10k,kadid10k/i28,/home/sergey/iqa-data/kadid10k/images/I28_04_05.png,0.0178117048346056,0.4880851209163666
3395,kadid10k,kadid10k/i28,/home/sergey/iqa-data/kadid10k/images/I28_05_01.png,0.8473282442748092,0.5755805969238281
3396,kadid10k,kadid10k/i28,/home/sergey/iqa-data/kadid10k/images/I28_05_02.png,0.5776081424936387,0.5556125044822693
3397,kadid10k,kadid10k/i28,/home/sergey/iqa-data/kadid10k/images/I28_05_03.png,0.6183206106870229,0.5844501256942749
3398,kadid10k,kadid10k/i28,/home/sergey/iqa-data/kadid10k/images/I28_05_04.png,0.534351145038168,0.5935051441192627
3399,kadid10k,kadid10k/i28,/home/sergey/iqa-data/kadid10k/images/I28_05_05.png,0.5089058524173028,0.5865801572799683
3400,kadid10k,kadid10k/i28,/home/sergey/iqa-data/kadid10k/images/I28_06_01.png,0.6946564885496184,0.49611446261405945
3401,kadid10k,kadid10k/i28,/home/sergey/iqa-data/kadid10k/images/I28_06_02.png,0.6615776081424937,0.5059512257575989
3402,kadid10k,kadid10k/i28,/home/sergey/iqa-data/kadid10k/images/I28_06_03.png,0.648854961832061,0.5165584087371826
3403,kadid10k,kadid10k/i28,/home/sergey/iqa-data/kadid10k/images/I28_06_04.png,0.6106870229007634,0.54048752784729
3404,kadid10k,kadid10k/i28,/home/sergey/iqa-data/kadid10k/images/I28_06_05.png,0.3740458015267176,0.6151193380355835
3405,kadid10k,kadid10k/i28,/home/sergey/iqa-data/kadid10k/images/I28_07_01.png,0.3740458015267176,0.6771561503410339
3406,kadid10k,kadid10k/i28,/home/sergey/iqa-data/kadid10k/images/I28_07_02.png,0.356234096692112,0.6776344776153564
3407,kadid10k,kadid10k/i28,/home/sergey/iqa-data/kadid10k/images/I28_07_03.png,0.2366412213740458,0.6588646769523621
3408,kadid10k,kadid10k/i28,/home/sergey/iqa-data/kadid10k/images/I28_07_04.png,0.2213740458015267,0.6154685616493225
3409,kadid10k,kadid10k/i28,/home/sergey/iqa-data/kadid10k/images/I28_07_05.png,0.2544529262086514,0.6410550475120544
3410,kadid10k,kadid10k/i28,/home/sergey/iqa-data/kadid10k/images/I28_08_01.png,0.94910941475827,0.6404889822006226
3411,kadid10k,kadid10k/i28,/home/sergey/iqa-data/kadid10k/images/I28_08_02.png,0.6437659033078881,0.5558313131332397
3412,kadid10k,kadid10k/i28,/home/sergey/iqa-data/kadid10k/images/I28_08_03.png,0.3740458015267176,0.5660817623138428
3413,kadid10k,kadid10k/i28,/home/sergey/iqa-data/kadid10k/images/I28_08_04.png,0.1450381679389313,0.5786838531494141
3414,kadid10k,kadid10k/i28,/home/sergey/iqa-data/kadid10k/images/I28_08_05.png,0.1017811704834605,0.5790934562683105
3415,kadid10k,kadid10k/i28,/home/sergey/iqa-data/kadid10k/images/I28_09_01.png,0.8651399491094149,0.6387584209442139
3416,kadid10k,kadid10k/i28,/home/sergey/iqa-data/kadid10k/images/I28_09_02.png,0.8218829516539442,0.5830662250518799
3417,kadid10k,kadid10k/i28,/home/sergey/iqa-data/kadid10k/images/I28_09_03.png,0.8829516539440203,0.5331061482429504
3418,kadid10k,kadid10k/i28,/home/sergey/iqa-data/kadid10k/images/I28_09_04.png,0.5089058524173028,0.36660701036453247
3419,kadid10k,kadid10k/i28,/home/sergey/iqa-data/kadid10k/images/I28_09_05.png,0.1017811704834605,0.30225837230682373
3420,kadid10k,kadid10k/i28,/home/sergey/iqa-data/kadid10k/images/I28_10_01.png,0.8218829516539442,0.4478243589401245
3421,kadid10k,kadid10k/i28,/home/sergey/iqa-data/kadid10k/images/I28_10_02.png,0.796437659033079,0.42924320697784424
3422,kadid10k,kadid10k/i28,/home/sergey/iqa-data/kadid10k/images/I28_10_03.png,0.712468193384224,0.37758809328079224
3423,kadid10k,kadid10k/i28,/home/sergey/iqa-data/kadid10k/images/I28_10_04.png,0.2620865139949109,0.34549203515052795
3424,kadid10k,kadid10k/i28,/home/sergey/iqa-data/kadid10k/images/I28_10_05.png,0.0763358778625954,0.47627657651901245
3425,kadid10k,kadid10k/i28,/home/sergey/iqa-data/kadid10k/images/I28_11_01.png,0.7888040712468193,0.45506006479263306
3426,kadid10k,kadid10k/i28,/home/sergey/iqa-data/kadid10k/images/I28_11_02.png,0.6284987277353691,0.44982555508613586
3427,kadid10k,kadid10k/i28,/home/sergey/iqa-data/kadid10k/images/I28_11_03.png,0.4910941475826972,0.4374694526195526
3428,kadid10k,kadid10k/i28,/home/sergey/iqa-data/kadid10k/images/I28_11_04.png,0.4325699745547074,0.42723485827445984
3429,kadid10k,kadid10k/i28,/home/sergey/iqa-data/kadid10k/images/I28_11_05.png,0.3384223918575064,0.41750988364219666
3430,kadid10k,kadid10k/i28,/home/sergey/iqa-data/kadid10k/images/I28_12_01.png,0.8829516539440203,0.5154963731765747
3431,kadid10k,kadid10k/i28,/home/sergey/iqa-data/kadid10k/images/I28_12_02.png,0.6615776081424937,0.45050960779190063
3432,kadid10k,kadid10k/i28,/home/sergey/iqa-data/kadid10k/images/I28_12_03.png,0.5597964376590332,0.4370926320552826
3433,kadid10k,kadid10k/i28,/home/sergey/iqa-data/kadid10k/images/I28_12_04.png,0.4249363867684478,0.4280385971069336
3434,kadid10k,kadid10k/i28,/home/sergey/iqa-data/kadid10k/images/I28_12_05.png,0.3816793893129771,0.4204834997653961
3435,kadid10k,kadid10k/i28,/home/sergey/iqa-data/kadid10k/images/I28_13_01.png,0.5419847328244275,0.652594268321991
3436,kadid10k,kadid10k/i28,/home/sergey/iqa-data/kadid10k/images/I28_13_02.png,0.4656488549618321,0.6465878486633301
3437,kadid10k,kadid10k/i28,/home/sergey/iqa-data/kadid10k/images/I28_13_03.png,0.4071246819338422,0.6406291723251343
3438,kadid10k,kadid10k/i28,/home/sergey/iqa-data/kadid10k/images/I28_13_04.png,0.2468193384223918,0.6214681267738342
3439,kadid10k,kadid10k/i28,/home/sergey/iqa-data/kadid10k/images/I28_13_05.png,0.2977099236641221,0.6051225066184998
3440,kadid10k,kadid10k/i28,/home/sergey/iqa-data/kadid10k/images/I28_14_01.png,0.9083969465648856,0.6267335414886475
3441,kadid10k,kadid10k/i28,/home/sergey/iqa-data/kadid10k/images/I28_14_02.png,0.7557251908396948,0.5790760517120361
3442,kadid10k,kadid10k/i28,/home/sergey/iqa-data/kadid10k/images/I28_14_03.png,0.6030534351145039,0.5575469136238098
3443,kadid10k,kadid10k/i28,/home/sergey/iqa-data/kadid10k/images/I28_14_04.png,0.4402035623409669,0.541913628578186
3444,kadid10k,kadid10k/i28,/home/sergey/iqa-data/kadid10k/images/I28_14_05.png,0.3638676844783716,0.5210174322128296
3445,kadid10k,kadid10k/i28,/home/sergey/iqa-data/kadid10k/images/I28_15_01.png,0.6437659033078881,0.4924464225769043
3446,kadid10k,kadid10k/i28,/home/sergey/iqa-data/kadid10k/images/I28_15_02.png,0.5419847328244275,0.4400881230831146
3447,kadid10k,kadid10k/i28,/home/sergey/iqa-data/kadid10k/images/I28_15_03.png,0.3231552162849873,0.4216838777065277
3448,kadid10k,kadid10k/i28,/home/sergey/iqa-data/kadid10k/images/I28_15_04.png,0.1959287531806616,0.4207007586956024
3449,kadid10k,kadid10k/i28,/home/sergey/iqa-data/kadid10k/images/I28_15_05.png,0.1450381679389313,0.4128624200820923
3450,kadid10k,kadid10k/i28,/home/sergey/iqa-data/kadid10k/images/I28_16_01.png,0.9236641221374048,0.6345999240875244
3451,kadid10k,kadid10k/i28,/home/sergey/iqa-data/kadid10k/images/I28_16_02.png,0.8982188295165395,0.6291195154190063
3452,kadid10k,kadid10k/i28,/home/sergey/iqa-data/kadid10k/images/I28_16_03.png,0.8218829516539442,0.6023665070533752
3453,kadid10k,kadid10k/i28,/home/sergey/iqa-data/kadid10k/images/I28_16_04.png,0.534351145038168,0.5670282244682312
3454,kadid10k,kadid10k/i28,/home/sergey/iqa-data/kadid10k/images/I28_16_05.png,0.3307888040712468,0.5312172174453735
3455,kadid10k,kadid10k/i28,/home/sergey/iqa-data/kadid10k/images/I28_17_01.png,0.9592875318066156,0.6403515338897705
3456,kadid10k,kadid10k/i28,/home/sergey/iqa-data/kadid10k/images/I28_17_02.png,0.9083969465648856,0.6423689126968384
3457,kadid10k,kadid10k/i28,/home/sergey/iqa-data/kadid10k/images/I28_17_03.png,0.8142493638676845,0.6442545652389526
3458,kadid10k,kadid10k/i28,/home/sergey/iqa-data/kadid10k/images/I28_17_04.png,0.6437659033078881,0.6401881575584412
3459,kadid10k,kadid10k/i28,/home/sergey/iqa-data/kadid10k/images/I28_17_05.png,0.2544529262086514,0.5955488085746765
3460,kadid10k,kadid10k/i28,/home/sergey/iqa-data/kadid10k/images/I28_18_01.png,0.8575063613231553,0.5998885631561279
3461,kadid10k,kadid10k/i28,/home/sergey/iqa-data/kadid10k/images/I28_18_02.png,0.916030534351145,0.6242709159851074
3462,kadid10k,kadid10k/i28,/home/sergey/iqa-data/kadid10k/images/I28_18_03.png,0.8218829516539442,0.6404889822006226
3463,kadid10k,kadid10k/i28,/home/sergey/iqa-data/kadid10k/images/I28_18_04.png,0.8982188295165395,0.6302058100700378
3464,kadid10k,kadid10k/i28,/home/sergey/iqa-data/kadid10k/images/I28_18_05.png,0.8218829516539442,0.6158477067947388
3465,kadid10k,kadid10k/i28,/home/sergey/iqa-data/kadid10k/images/I28_19_01.png,0.89058524173028,0.6490107774734497
3466,kadid10k,kadid10k/i28,/home/sergey/iqa-data/kadid10k/images/I28_19_02.png,0.8727735368956743,0.6482230424880981
3467,kadid10k,kadid10k/i28,/home/sergey/iqa-data/kadid10k/images/I28_19_03.png,0.7048346055979644,0.6320110559463501
3468,kadid10k,kadid10k/i28,/home/sergey/iqa-data/kadid10k/images/I28_19_04.png,0.3129770992366412,0.6031407117843628
3469,kadid10k,kadid10k/i28,/home/sergey/iqa-data/kadid10k/images/I28_19_05.png,0.1348600508905852,0.5593138933181763
3470,kadid10k,kadid10k/i28,/home/sergey/iqa-data/kadid10k/images/I28_20_01.png,0.8218829516539442,0.6357465982437134
3471,kadid10k,kadid10k/i28,/home/sergey/iqa-data/kadid10k/images/I28_20_02.png,0.6361323155216285,0.5976933836936951
3472,kadid10k,kadid10k/i28,/home/sergey/iqa-data/kadid10k/images/I28_20_03.png,0.6030534351145039,0.6165995001792908
3473,kadid10k,kadid10k/i28,/home/sergey/iqa-data/kadid10k/images/I28_20_04.png,0.5419847328244275,0.6023232340812683
3474,kadid10k,kadid10k/i28,/home/sergey/iqa-data/kadid10k/images/I28_20_05.png,0.4910941475826972,0.5987125039100647
3475,kadid10k,kadid10k/i28,/home/sergey/iqa-data/kadid10k/images/I28_21_01.png,0.7633587786259542,0.6184935569763184
3476,kadid10k,kadid10k/i28,/home/sergey/iqa-data/kadid10k/images/I28_21_02.png,0.6539440203562341,0.6086639761924744
3477,kadid10k,kadid10k/i28,/home/sergey/iqa-data/kadid10k/images/I28_21_03.png,0.5674300254452926,0.5885000824928284
3478,kadid10k,kadid10k/i28,/home/sergey/iqa-data/kadid10k/images/I28_21_04.png,0.5267175572519084,0.5735019445419312
3479,kadid10k,kadid10k/i28,/home/sergey/iqa-data/kadid10k/images/I28_21_05.png,0.1959287531806616,0.5333834886550903
3480,kadid10k,kadid10k/i28,/home/sergey/iqa-data/kadid10k/images/I28_22_01.png,0.8142493638676845,0.5524997711181641
3481,kadid10k,kadid10k/i28,/home/sergey/iqa-data/kadid10k/images/I28_22_02.png,0.6437659033078881,0.5688426494598389
3482,kadid10k,kadid10k/i28,/home/sergey/iqa-data/kadid10k/images/I28_22_03.png,0.6793893129770993,0.5807759761810303
3483,kadid10k,kadid10k/i28,/home/sergey/iqa-data/kadid10k/images/I28_22_04.png,0.4910941475826972,0.5886787176132202
3484,kadid10k,kadid10k/i28,/home/sergey/iqa-data/kadid10k/images/I28_22_05.png,0.3307888040712468,0.5927965641021729
3485,kadid10k,kadid10k/i28,/home/sergey/iqa-data/kadid10k/images/I28_23_01.png,0.5852417302798982,0.6508612632751465
3486,kadid10k,kadid10k/i28,/home/sergey/iqa-data/kadid10k/images/I28_23_02.png,0.2620865139949109,0.6338495016098022
3487,kadid10k,kadid10k/i28,/home/sergey/iqa-data/kadid10k/images/I28_23_03.png,0.4300254452926209,0.6484860181808472
3488,kadid10k,kadid10k/i28,/home/sergey/iqa-data/kadid10k/images/I28_23_04.png,0.3231552162849873,0.6418124437332153
3489,kadid10k,kadid10k/i28,/home/sergey/iqa-data/kadid10k/images/I28_23_05.png,0.2620865139949109,0.6370663642883301
3490,kadid10k,kadid10k/i28,/home/sergey/iqa-data/kadid10k/images/I28_24_01.png,0.8142493638676845,0.6208227276802063
3491,kadid10k,kadid10k/i28,/home/sergey/iqa-data/kadid10k/images/I28_24_02.png,0.5089058524173028,0.6056269407272339
3492,kadid10k,kadid10k/i28,/home/sergey/iqa-data/kadid10k/images/I28_24_03.png,0.4758269720101782,0.5934360027313232
3493,kadid10k,kadid10k/i28,/home/sergey/iqa-data/kadid10k/images/I28_24_04.png,0.2875318066157761,0.5891120433807373
3494,kadid10k,kadid10k/i28,/home/sergey/iqa-data/kadid10k/images/I28_24_05.png,0.1526717557251908,0.5893993377685547
3495,kadid10k,kadid10k/i28,/home/sergey/iqa-data/kadid10k/images/I28_25_01.png,0.6310432569974556,0.570327877998352
3496,kadid10k,kadid10k/i28,/home/sergey/iqa-data/kadid10k/images/I28_25_02.png,0.796437659033079,0.5961195230484009
3497,kadid10k,kadid10k/i28,/home/sergey/iqa-data/kadid10k/images/I28_25_03.png,0.8727735368956743,0.6176406145095825
3498,kadid10k,kadid10k/i28,/home/sergey/iqa-data/kadid10k/images/I28_25_04.png,0.8651399491094149,0.6484977006912231
3499,kadid10k,kadid10k/i28,/home/sergey/iqa-data/kadid10k/images/I28_25_05.png,0.6946564885496184,0.6459923982620239
3625,kadid10k,kadid10k/i30,/home/sergey/iqa-data/kadid10k/images/I30_01_01.png,0.916030534351145,0.555241048336029
3626,kadid10k,kadid10k/i30,/home/sergey/iqa-data/kadid10k/images/I30_01_02.png,0.916030534351145,0.49590981006622314
3627,kadid10k,kadid10k/i30,/home/sergey/iqa-data/kadid10k/images/I30_01_03.png,0.7455470737913487,0.3868218660354614
3628,kadid10k,kadid10k/i30,/home/sergey/iqa-data/kadid10k/images/I30_01_04.png,0.4147582697201017,0.3814435303211212
3629,kadid10k,kadid10k/i30,/home/sergey/iqa-data/kadid10k/images/I30_01_05.png,0.0661577608142493,0.3544200658798218
3630,kadid10k,kadid10k/i30,/home/sergey/iqa-data/kadid10k/images/I30_02_01.png,0.9338422391857508,0.4323297142982483
3631,kadid10k,kadid10k/i30,/home/sergey/iqa-data/kadid10k/images/I30_02_02.png,0.6895674300254453,0.3909769058227539
3632,kadid10k,kadid10k/i30,/home/sergey/iqa-data/kadid10k/images/I30_02_03.png,0.3053435114503817,0.37112048268318176
3633,kadid10k,kadid10k/i30,/home/sergey/iqa-data/kadid10k/images/I30_02_04.png,0.1959287531806616,0.3653930723667145
3634,kadid10k,kadid10k/i30,/home/sergey/iqa-data/kadid10k/images/I30_02_05.png,0.1272264631043257,0.3479751646518707
3635,kadid10k,kadid10k/i30,/home/sergey/iqa-data/kadid10k/images/I30_03_01.png,0.9338422391857508,0.555241048336029
3636,kadid10k,kadid10k/i30,/home/sergey/iqa-data/kadid10k/images/I30_03_02.png,0.9414758269720104,0.45474082231521606
3637,kadid10k,kadid10k/i30,/home/sergey/iqa-data/kadid10k/images/I30_03_03.png,0.6870229007633589,0.42382070422172546
3638,kadid10k,kadid10k/i30,/home/sergey/iqa-data/kadid10k/images/I30_03_04.png,0.5089058524173028,0.3891755938529968
3639,kadid10k,kadid10k/i30,/home/sergey/iqa-data/kadid10k/images/I30_03_05.png,0.3384223918575064,0.3401680588722229
3640,kadid10k,kadid10k/i30,/home/sergey/iqa-data/kadid10k/images/I30_04_01.png,0.9236641221374048,0.5148893594741821
3641,kadid10k,kadid10k/i30,/home/sergey/iqa-data/kadid10k/images/I30_04_02.png,0.5852417302798982,0.40612083673477173
3642,kadid10k,kadid10k/i30,/home/sergey/iqa-data/kadid10k/images/I30_04_03.png,0.2290076335877862,0.37131431698799133
3643,kadid10k,kadid10k/i30,/home/sergey/iqa-data/kadid10k/images/I30_04_04.png,0.1272264631043257,0.3359476625919342
3644,kadid10k,kadid10k/i30,/home/sergey/iqa-data/kadid10k/images/I30_04_05.png,0.0178117048346056,0.3177419900894165
3645,kadid10k,kadid10k/i30,/home/sergey/iqa-data/kadid10k/images/I30_05_01.png,0.9592875318066156,0.512532114982605
3646,kadid10k,kadid10k/i30,/home/sergey/iqa-data/kadid10k/images/I30_05_02.png,0.7201017811704835,0.4690793454647064
3647,kadid10k,kadid10k/i30,/home/sergey/iqa-data/kadid10k/images/I30_05_03.png,0.4834605597964376,0.48710501194000244
3648,kadid10k,kadid10k/i30,/home/sergey/iqa-data/kadid10k/images/I30_05_04.png,0.4580152671755725,0.4743634760379791
3649,kadid10k,kadid10k/i30,/home/sergey/iqa-data/kadid10k/images/I30_05_05.png,0.3816793893129771,0.4785408079624176
3650,kadid10k,kadid10k/i30,/home/sergey/iqa-data/kadid10k/images/I30_06_01.png,0.8651399491094149,0.5617287158966064
3651,kadid10k,kadid10k/i30,/home/sergey/iqa-data/kadid10k/images/I30_06_02.png,0.8575063613231553,0.5562267303466797
3652,kadid10k,kadid10k/i30,/home/sergey/iqa-data/kadid10k/images/I30_06_03.png,0.7302798982188295,0.557508111000061
3653,kadid10k,kadid10k/i30,/home/sergey/iqa-data/kadid10k/images/I30_06_04.png,0.7201017811704835,0.5763751268386841
3654,kadid10k,kadid10k/i30,/home/sergey/iqa-data/kadid10k/images/I30_06_05.png,0.5419847328244275,0.5909838080406189
3655,kadid10k,kadid10k/i30,/home/sergey/iqa-data/kadid10k/images/I30_07_01.png,0.6106870229007634,0.5465010404586792
3656,kadid10k,kadid10k/i30,/home/sergey/iqa-data/kadid10k/images/I30_07_02.png,0.272264631043257,0.526482880115509
3657,kadid10k,kadid10k/i30,/home/sergey/iqa-data/kadid10k/images/I30_07_03.png,0.3053435114503817,0.5085930824279785
3658,kadid10k,kadid10k/i30,/home/sergey/iqa-data/kadid10k/images/I30_07_04.png,0.3027989821882951,0.4784403443336487
3659,kadid10k,kadid10k/i30,/home/sergey/iqa-data/kadid10k/images/I30_07_05.png,0.2366412213740458,0.5400025844573975
3660,kadid10k,kadid10k/i30,/home/sergey/iqa-data/kadid10k/images/I30_08_01.png,0.9338422391857508,0.555241048336029
3661,kadid10k,kadid10k/i30,/home/sergey/iqa-data/kadid10k/images/I30_08_02.png,0.8396946564885497,0.46989867091178894
3662,kadid10k,kadid10k/i30,/home/sergey/iqa-data/kadid10k/images/I30_08_03.png,0.5928753180661578,0.4395715296268463
3663,kadid10k,kadid10k/i30,/home/sergey/iqa-data/kadid10k/images/I30_08_04.png,0.4071246819338422,0.40585941076278687
3664,kadid10k,kadid10k/i30,/home/sergey/iqa-data/kadid10k/images/I30_08_05.png,0.1094147582697201,0.4157390594482422
3665,kadid10k,kadid10k/i30,/home/sergey/iqa-data/kadid10k/images/I30_09_01.png,0.9363867684478372,0.5712018609046936
3666,kadid10k,kadid10k/i30,/home/sergey/iqa-data/kadid10k/images/I30_09_02.png,0.916030534351145,0.5576187372207642
3667,kadid10k,kadid10k/i30,/home/sergey/iqa-data/kadid10k/images/I30_09_03.png,0.94910941475827,0.540698766708374
3668,kadid10k,kadid10k/i30,/home/sergey/iqa-data/kadid10k/images/I30_09_04.png,0.6870229007633589,0.46877431869506836
3669,kadid10k,kadid10k/i30,/home/sergey/iqa-data/kadid10k/images/I30_09_05.png,0.1857506361323155,0.35894888639450073
3670,kadid10k,kadid10k/i30,/home/sergey/iqa-data/kadid10k/images/I30_10_01.png,0.8982188295165395,0.4921613931655884
3671,kadid10k,kadid10k/i30,/home/sergey/iqa-data/kadid10k/images/I30_10_02.png,0.8829516539440203,0.47298383712768555
3672,kadid10k,kadid10k/i30,/home/sergey/iqa-data/kadid10k/images/I30_10_03.png,0.8575063613231553,0.4423404335975647
3673,kadid10k,kadid10k/i30,/home/sergey/iqa-data/kadid10k/images/I30_10_04.png,0.1959287531806616,0.3917202651500702
3674,kadid10k,kadid10k/i30,/home/sergey/iqa-data/kadid10k/images/I30_10_05.png,0.0585241730279898,0.4528753161430359
3675,kadid10k,kadid10k/i30,/home/sergey/iqa-data/kadid10k/images/I30_11_01.png,0.6793893129770993,0.4500342309474945
3676,kadid10k,kadid10k/i30,/home/sergey/iqa-data/kadid10k/images/I30_11_02.png,0.5597964376590332,0.432881623506546
3677,kadid10k,kadid10k/i30,/home/sergey/iqa-data/kadid10k/images/I30_11_03.png,0.5012722646310434,0.42389625310897827
3678,kadid10k,kadid10k/i30,/home/sergey/iqa-data/kadid10k/images/I30_11_04.png,0.4402035623409669,0.4231712222099304
3679,kadid10k,kadid10k/i30,/home/sergey/iqa-data/kadid10k/images/I30_11_05.png,0.3358778625954198,0.4043896198272705
3680,kadid10k,kadid10k/i30,/home/sergey/iqa-data/kadid10k/images/I30_12_01.png,0.8727735368956743,0.4728960692882538
3681,kadid10k,kadid10k/i30,/home/sergey/iqa-data/kadid10k/images/I30_12_02.png,0.6106870229007634,0.43684887886047363
3682,kadid10k,kadid10k/i30,/home/sergey/iqa-data/kadid10k/images/I30_12_03.png,0.5165394402035624,0.42784279584884644
3683,kadid10k,kadid10k/i30,/home/sergey/iqa-data/kadid10k/images/I30_12_04.png,0.450381679389313,0.4085974097251892
3684,kadid10k,kadid10k/i30,/home/sergey/iqa-data/kadid10k/images/I30_12_05.png,0.3129770992366412,0.40345698595046997
3685,kadid10k,kadid10k/i30,/home/sergey/iqa-data/kadid10k/images/I30_13_01.png,0.7048346055979644,0.654210090637207
3686,kadid10k,kadid10k/i30,/home/sergey/iqa-data/kadid10k/images/I30_13_02.png,0.5012722646310434,0.6424251794815063
3687,kadid10k,kadid10k/i30,/home/sergey/iqa-data/kadid10k/images/I30_13_03.png,0.3893129770992366,0.642470121383667
3688,kadid10k,kadid10k/i30,/home/sergey/iqa-data/kadid10k/images/I30_13_04.png,0.4147582697201017,0.6272482872009277
3689,kadid10k,kadid10k/i30,/home/sergey/iqa-data/kadid10k/images/I30_13_05.png,0.3206106870229007,0.6059463024139404
3690,kadid10k,kadid10k/i30,/home/sergey/iqa-data/kadid10k/images/I30_14_01.png,0.8651399491094149,0.48560184240341187
3691,kadid10k,kadid10k/i30,/home/sergey/iqa-data/kadid10k/images/I30_14_02.png,0.5521628498727735,0.4594857692718506
3692,kadid10k,kadid10k/i30,/home/sergey/iqa-data/kadid10k/images/I30_14_03.png,0.4656488549618321,0.4536544382572174
3693,kadid10k,kadid10k/i30,/home/sergey/iqa-data/kadid10k/images/I30_14_04.png,0.3307888040712468,0.42720574140548706
3694,kadid10k,kadid10k/i30,/home/sergey/iqa-data/kadid10k/images/I30_14_05.png,0.2798982188295166,0.3945994973182678
3695,kadid10k,kadid10k/i30,/home/sergey/iqa-data/kadid10k/images/I30_15_01.png,0.7302798982188295,0.41629716753959656
3696,kadid10k,kadid10k/i30,/home/sergey/iqa-data/kadid10k/images/I30_15_02.png,0.4071246819338422,0.3911398947238922
3697,kadid10k,kadid10k/i30,/home/sergey/iqa-data/kadid10k/images/I30_15_03.png,0.2875318066157761,0.39698806405067444
3698,kadid10k,kadid10k/i30,/home/sergey/iqa-data/kadid10k/images/I30_15_04.png,0.0839694656488549,0.3926738500595093
3699,kadid10k,kadid10k/i30,/home/sergey/iqa-data/kadid10k/images/I30_15_05.png,0.0763358778625954,0.38532114028930664
3700,kadid10k,kadid10k/i30,/home/sergey/iqa-data/kadid10k/images/I30_16_01.png,0.9236641221374048,0.5459470748901367
3701,kadid10k,kadid10k/i30,/home/sergey/iqa-data/kadid10k/images/I30_16_02.png,0.8142493638676845,0.5407377481460571
3702,kadid10k,kadid10k/i30,/home/sergey/iqa-data/kadid10k/images/I30_16_03.png,0.6615776081424937,0.5037070512771606
3703,kadid10k,kadid10k/i30,/home/sergey/iqa-data/kadid10k/images/I30_16_04.png,0.3816793893129771,0.4480368196964264
3704,kadid10k,kadid10k/i30,/home/sergey/iqa-data/kadid10k/images/I30_16_05.png,0.1221374045801526,0.3772306740283966
3705,kadid10k,kadid10k/i30,/home/sergey/iqa-data/kadid10k/images/I30_17_01.png,0.94910941475827,0.5591312646865845
3706,kadid10k,kadid10k/i30,/home/sergey/iqa-data/kadid10k/images/I30_17_02.png,0.89058524173028,0.5593451261520386
3707,kadid10k,kadid10k/i30,/home/sergey/iqa-data/kadid10k/images/I30_17_03.png,0.8651399491094149,0.5626022815704346
3708,kadid10k,kadid10k/i30,/home/sergey/iqa-data/kadid10k/images/I30_17_04.png,0.6793893129770993,0.5576457381248474
3709,kadid10k,kadid10k/i30,/home/sergey/iqa-data/kadid10k/images/I30_17_05.png,0.4249363867684478,0.5308770537376404
3710,kadid10k,kadid10k/i30,/home/sergey/iqa-data/kadid10k/images/I30_18_01.png,0.7633587786259542,0.5195435881614685
3711,kadid10k,kadid10k/i30,/home/sergey/iqa-data/kadid10k/images/I30_18_02.png,0.8982188295165395,0.5415536761283875
3712,kadid10k,kadid10k/i30,/home/sergey/iqa-data/kadid10k/images/I30_18_03.png,0.974554707379135,0.555241048336029
3713,kadid10k,kadid10k/i30,/home/sergey/iqa-data/kadid10k/images/I30_18_04.png,0.9185750636132316,0.5484572649002075
3714,kadid10k,kadid10k/i30,/home/sergey/iqa-data/kadid10k/images/I30_18_05.png,0.8396946564885497,0.5288398265838623
3715,kadid10k,kadid10k/i30,/home/sergey/iqa-data/kadid10k/images/I30_19_01.png,0.9923664122137408,0.5564301013946533
3716,kadid10k,kadid10k/i30,/home/sergey/iqa-data/kadid10k/images/I30_19_02.png,0.916030534351145,0.5688621997833252
3717,kadid10k,kadid10k/i30,/home/sergey/iqa-data/kadid10k/images/I30_19_03.png,0.83206106870229,0.5852501392364502
3718,kadid10k,kadid10k/i30,/home/sergey/iqa-data/kadid10k/images/I30_19_04.png,0.3893129770992366,0.610350489616394
3719,kadid10k,kadid10k/i30,/home/sergey/iqa-data/kadid10k/images/I30_19_05.png,0.2111959287531807,0.5958064198493958
3720,kadid10k,kadid10k/i30,/home/sergey/iqa-data/kadid10k/images/I30_20_01.png,0.8473282442748092,0.5445549488067627
3721,kadid10k,kadid10k/i30,/home/sergey/iqa-data/kadid10k/images/I30_20_02.png,0.6793893129770993,0.5544630289077759
3722,kadid10k,kadid10k/i30,/home/sergey/iqa-data/kadid10k/images/I30_20_03.png,0.712468193384224,0.5563597083091736
3723,kadid10k,kadid10k/i30,/home/sergey/iqa-data/kadid10k/images/I30_20_04.png,0.7150127226463106,0.5533076524734497
3724,kadid10k,kadid10k/i30,/home/sergey/iqa-data/kadid10k/images/I30_20_05.png,0.5165394402035624,0.568618655204773
3725,kadid10k,kadid10k/i30,/home/sergey/iqa-data/kadid10k/images/I30_21_01.png,0.83206106870229,0.5707764625549316
3726,kadid10k,kadid10k/i30,/home/sergey/iqa-data/kadid10k/images/I30_21_02.png,0.6946564885496184,0.5875259637832642
3727,kadid10k,kadid10k/i30,/home/sergey/iqa-data/kadid10k/images/I30_21_03.png,0.6819338422391859,0.5880905389785767
3728,kadid10k,kadid10k/i30,/home/sergey/iqa-data/kadid10k/images/I30_21_04.png,0.6946564885496184,0.5998682975769043
3729,kadid10k,kadid10k/i30,/home/sergey/iqa-data/kadid10k/images/I30_21_05.png,0.2544529262086514,0.5262635946273804
3730,kadid10k,kadid10k/i30,/home/sergey/iqa-data/kadid10k/images/I30_22_01.png,0.8396946564885497,0.5241904854774475
3731,kadid10k,kadid10k/i30,/home/sergey/iqa-data/kadid10k/images/I30_22_02.png,0.6793893129770993,0.5375485420227051
3732,kadid10k,kadid10k/i30,/home/sergey/iqa-data/kadid10k/images/I30_22_03.png,0.5776081424936387,0.5516232252120972
3733,kadid10k,kadid10k/i30,/home/sergey/iqa-data/kadid10k/images/I30_22_04.png,0.450381679389313,0.5619524717330933
3734,kadid10k,kadid10k/i30,/home/sergey/iqa-data/kadid10k/images/I30_22_05.png,0.3994910941475826,0.5639136433601379
3735,kadid10k,kadid10k/i30,/home/sergey/iqa-data/kadid10k/images/I30_23_01.png,0.3384223918575064,0.5987917184829712
3736,kadid10k,kadid10k/i30,/home/sergey/iqa-data/kadid10k/images/I30_23_02.png,0.2875318066157761,0.5848536491394043
3737,kadid10k,kadid10k/i30,/home/sergey/iqa-data/kadid10k/images/I30_23_03.png,0.3231552162849873,0.6025773882865906
3738,kadid10k,kadid10k/i30,/home/sergey/iqa-data/kadid10k/images/I30_23_04.png,0.2875318066157761,0.6140333414077759
3739,kadid10k,kadid10k/i30,/home/sergey/iqa-data/kadid10k/images/I30_23_05.png,0.356234096692112,0.5915853977203369
3740,kadid10k,kadid10k/i30,/home/sergey/iqa-data/kadid10k/images/I30_24_01.png,0.8473282442748092,0.573889970779419
3741,kadid10k,kadid10k/i30,/home/sergey/iqa-data/kadid10k/images/I30_24_02.png,0.6870229007633589,0.5986883640289307
3742,kadid10k,kadid10k/i30,/home/sergey/iqa-data/kadid10k/images/I30_24_03.png,0.5267175572519084,0.6011732220649719
3743,kadid10k,kadid10k/i30,/home/sergey/iqa-data/kadid10k/images/I30_24_04.png,0.3053435114503817,0.6099500060081482
3744,kadid10k,kadid10k/i30,/home/sergey/iqa-data/kadid10k/images/I30_24_05.png,0.1450381679389313,0.6102596521377563
3745,kadid10k,kadid10k/i30,/home/sergey/iqa-data/kadid10k/images/I30_25_01.png,0.6692111959287532,0.4786500930786133
3746,kadid10k,kadid10k/i30,/home/sergey/iqa-data/kadid10k/images/I30_25_02.png,0.8651399491094149,0.49835237860679626
3747,kadid10k,kadid10k/i30,/home/sergey/iqa-data/kadid10k/images/I30_25_03.png,0.9669211195928752,0.5261127352714539
3748,kadid10k,kadid10k/i30,/home/sergey/iqa-data/kadid10k/images/I30_25_04.png,0.8651399491094149,0.5703727006912231
3749,kadid10k,kadid10k/i30,/home/sergey/iqa-data/kadid10k/images/I30_25_05.png,0.6946564885496184,0.5759118795394897
4125,kadid10k,kadid10k/i34,/home/sergey/iqa-data/kadid10k/images/I34_01_01.png,0.916030534351145,0.7633658051490784
4126,kadid10k,kadid10k/i34,/home/sergey/iqa-data/kadid10k/images/I34_01_02.png,0.8575063613231553,0.6866921782493591
4127,kadid10k,kadid10k/i34,/home/sergey/iqa-data/kadid10k/images/I34_01_03.png,0.5012722646310434,0.343095600605011
4128,kadid10k,kadid10k/i34,/home/sergey/iqa-data/kadid10k/images/I34_01_04.png,0.178117048346056,0.3442113995552063
4129,kadid10k,kadid10k/i34,/home/sergey/iqa-data/kadid10k/images/I34_01_05.png,0.0763358778625954,0.3265705704689026
4130,kadid10k,kadid10k/i34,/home/sergey/iqa-data/kadid10k/images/I34_02_01.png,0.7201017811704835,0.5252522230148315
4131,kadid10k,kadid10k/i34,/home/sergey/iqa-data/kadid10k/images/I34_02_02.png,0.4249363867684478,0.32261499762535095
4132,kadid10k,kadid10k/i34,/home/sergey/iqa-data/kadid10k/images/I34_02_03.png,0.2035623409669211,0.299724817276001
4133,kadid10k,kadid10k/i34,/home/sergey/iqa-data/kadid10k/images/I34_02_04.png,0.094147582697201,0.3176329731941223
4134,kadid10k,kadid10k/i34,/home/sergey/iqa-data/kadid10k/images/I34_02_05.png,0.0839694656488549,0.31350046396255493
4135,kadid10k,kadid10k/i34,/home/sergey/iqa-data/kadid10k/images/I34_03_01.png,0.8727735368956743,0.7633658051490784
4136,kadid10k,kadid10k/i34,/home/sergey/iqa-data/kadid10k/images/I34_03_02.png,0.7709923664122139,0.5886735320091248
4137,kadid10k,kadid10k/i34,/home/sergey/iqa-data/kadid10k/images/I34_03_03.png,0.4834605597964376,0.4335710108280182
4138,kadid10k,kadid10k/i34,/home/sergey/iqa-data/kadid10k/images/I34_03_04.png,0.2977099236641221,0.24739085137844086
4139,kadid10k,kadid10k/i34,/home/sergey/iqa-data/kadid10k/images/I34_03_05.png,0.178117048346056,0.2701314389705658
4140,kadid10k,kadid10k/i34,/home/sergey/iqa-data/kadid10k/images/I34_04_01.png,0.916030534351145,0.7218319773674011
4141,kadid10k,kadid10k/i34,/home/sergey/iqa-data/kadid10k/images/I34_04_02.png,0.3994910941475826,0.6783511638641357
4142,kadid10k,kadid10k/i34,/home/sergey/iqa-data/kadid10k/images/I34_04_03.png,0.2111959287531807,0.6416448354721069
4143,kadid10k,kadid10k/i34,/home/sergey/iqa-data/kadid10k/images/I34_04_04.png,0.2977099236641221,0.6288098692893982
4144,kadid10k,kadid10k/i34,/home/sergey/iqa-data/kadid10k/images/I34_04_05.png,0.0585241730279898,0.6072420477867126
4145,kadid10k,kadid10k/i34,/home/sergey/iqa-data/kadid10k/images/I34_05_01.png,0.7888040712468193,0.7039400935173035
4146,kadid10k,kadid10k/i34,/home/sergey/iqa-data/kadid10k/images/I34_05_02.png,0.4910941475826972,0.6683339476585388
4147,kadid10k,kadid10k/i34,/home/sergey/iqa-data/kadid10k/images/I34_05_03.png,0.1704834605597964,0.7002384662628174
4148,kadid10k,kadid10k/i34,/home/sergey/iqa-data/kadid10k/images/I34_05_04.png,0.1603053435114503,0.7166004180908203
4149,kadid10k,kadid10k/i34,/home/sergey/iqa-data/kadid10k/images/I34_05_05.png,0.1017811704834605,0.7188297510147095
4150,kadid10k,kadid10k/i34,/home/sergey/iqa-data/kadid10k/images/I34_06_01.png,0.8218829516539442,0.6441431641578674
4151,kadid10k,kadid10k/i34,/home/sergey/iqa-data/kadid10k/images/I34_06_02.png,0.7633587786259542,0.6378927826881409
4152,kadid10k,kadid10k/i34,/home/sergey/iqa-data/kadid10k/images/I34_06_03.png,0.7557251908396948,0.6297873258590698
4153,kadid10k,kadid10k/i34,/home/sergey/iqa-data/kadid10k/images/I34_06_04.png,0.7302798982188295,0.6244409680366516
4154,kadid10k,kadid10k/i34,/home/sergey/iqa-data/kadid10k/images/I34_06_05.png,0.356234096692112,0.6271435618400574
4155,kadid10k,kadid10k/i34,/home/sergey/iqa-data/kadid10k/images/I34_07_01.png,0.4758269720101782,0.7121742963790894
4156,kadid10k,kadid10k/i34,/home/sergey/iqa-data/kadid10k/images/I34_07_02.png,0.3994910941475826,0.6860095858573914
4157,kadid10k,kadid10k/i34,/home/sergey/iqa-data/kadid10k/images/I34_07_03.png,0.3129770992366412,0.6769545078277588
4158,kadid10k,kadid10k/i34,/home/sergey/iqa-data/kadid10k/images/I34_07_04.png,0.2977099236641221,0.6687666177749634
4159,kadid10k,kadid10k/i34,/home/sergey/iqa-data/kadid10k/images/I34_07_05.png,0.4605597964376591,0.7002966403961182
4160,kadid10k,kadid10k/i34,/home/sergey/iqa-data/kadid10k/images/I34_08_01.png,0.9338422391857508,0.7633658051490784
4161,kadid10k,kadid10k/i34,/home/sergey/iqa-data/kadid10k/images/I34_08_02.png,0.5165394402035624,0.7515769004821777
4162,kadid10k,kadid10k/i34,/home/sergey/iqa-data/kadid10k/images/I34_08_03.png,0.4071246819338422,0.6664414405822754
4163,kadid10k,kadid10k/i34,/home/sergey/iqa-data/kadid10k/images/I34_08_04.png,0.2035623409669211,0.6043774485588074
4164,kadid10k,kadid10k/i34,/home/sergey/iqa-data/kadid10k/images/I34_08_05.png,0.094147582697201,0.5552748441696167
4165,kadid10k,kadid10k/i34,/home/sergey/iqa-data/kadid10k/images/I34_09_01.png,0.916030534351145,0.7472333908081055
4166,kadid10k,kadid10k/i34,/home/sergey/iqa-data/kadid10k/images/I34_09_02.png,0.8218829516539442,0.6521762609481812
4167,kadid10k,kadid10k/i34,/home/sergey/iqa-data/kadid10k/images/I34_09_03.png,0.7379134860050891,0.594260573387146
4168,kadid10k,kadid10k/i34,/home/sergey/iqa-data/kadid10k/images/I34_09_04.png,0.4020356234096692,0.4723951816558838
4169,kadid10k,kadid10k/i34,/home/sergey/iqa-data/kadid10k/images/I34_09_05.png,0.0508905852417302,0.34004268050193787
4170,kadid10k,kadid10k/i34,/home/sergey/iqa-data/kadid10k/images/I34_10_01.png,0.89058524173028,0.6455205082893372
4171,kadid10k,kadid10k/i34,/home/sergey/iqa-data/kadid10k/images/I34_10_02.png,0.89058524173028,0.6303465366363525
4172,kadid10k,kadid10k/i34,/home/sergey/iqa-data/kadid10k/images/I34_10_03.png,0.712468193384224,0.5781905651092529
4173,kadid10k,kadid10k/i34,/home/sergey/iqa-data/kadid10k/images/I34_10_04.png,0.1348600508905852,0.4592116177082062
4174,kadid10k,kadid10k/i34,/home/sergey/iqa-data/kadid10k/images/I34_10_05.png,0.0432569974554707,0.5371975898742676
4175,kadid10k,kadid10k/i34,/home/sergey/iqa-data/kadid10k/images/I34_11_01.png,0.78117048346056,0.6147428750991821
4176,kadid10k,kadid10k/i34,/home/sergey/iqa-data/kadid10k/images/I34_11_02.png,0.5521628498727735,0.5839518904685974
4177,kadid10k,kadid10k/i34,/home/sergey/iqa-data/kadid10k/images/I34_11_03.png,0.5674300254452926,0.5634968876838684
4178,kadid10k,kadid10k/i34,/home/sergey/iqa-data/kadid10k/images/I34_11_04.png,0.3893129770992366,0.535240888595581
4179,kadid10k,kadid10k/i34,/home/sergey/iqa-data/kadid10k/images/I34_11_05.png,0.2544529262086514,0.48796531558036804
4180,kadid10k,kadid10k/i34,/home/sergey/iqa-data/kadid10k/images/I34_12_01.png,0.8727735368956743,0.6775129437446594
4181,kadid10k,kadid10k/i34,/home/sergey/iqa-data/kadid10k/images/I34_12_02.png,0.7201017811704835,0.5918450355529785
4182,kadid10k,kadid10k/i34,/home/sergey/iqa-data/kadid10k/images/I34_12_03.png,0.5012722646310434,0.5547427535057068
4183,kadid10k,kadid10k/i34,/home/sergey/iqa-data/kadid10k/images/I34_12_04.png,0.4580152671755725,0.5164382457733154
4184,kadid10k,kadid10k/i34,/home/sergey/iqa-data/kadid10k/images/I34_12_05.png,0.3384223918575064,0.48038432002067566
4185,kadid10k,kadid10k/i34,/home/sergey/iqa-data/kadid10k/images/I34_13_01.png,0.6361323155216285,0.7499521970748901
4186,kadid10k,kadid10k/i34,/home/sergey/iqa-data/kadid10k/images/I34_13_02.png,0.3994910941475826,0.6498855352401733
4187,kadid10k,kadid10k/i34,/home/sergey/iqa-data/kadid10k/images/I34_13_03.png,0.4147582697201017,0.6311509609222412
4188,kadid10k,kadid10k/i34,/home/sergey/iqa-data/kadid10k/images/I34_13_04.png,0.272264631043257,0.6146206855773926
4189,kadid10k,kadid10k/i34,/home/sergey/iqa-data/kadid10k/images/I34_13_05.png,0.2951653944020357,0.5944969654083252
4190,kadid10k,kadid10k/i34,/home/sergey/iqa-data/kadid10k/images/I34_14_01.png,0.8142493638676845,0.6789712905883789
4191,kadid10k,kadid10k/i34,/home/sergey/iqa-data/kadid10k/images/I34_14_02.png,0.5776081424936387,0.5985826849937439
4192,kadid10k,kadid10k/i34,/home/sergey/iqa-data/kadid10k/images/I34_14_03.png,0.4325699745547074,0.5766984224319458
4193,kadid10k,kadid10k/i34,/home/sergey/iqa-data/kadid10k/images/I34_14_04.png,0.4147582697201017,0.5571084022521973
4194,kadid10k,kadid10k/i34,/home/sergey/iqa-data/kadid10k/images/I34_14_05.png,0.3129770992366412,0.5209636688232422
4195,kadid10k,kadid10k/i34,/home/sergey/iqa-data/kadid10k/images/I34_15_01.png,0.5419847328244275,0.47494903206825256
4196,kadid10k,kadid10k/i34,/home/sergey/iqa-data/kadid10k/images/I34_15_02.png,0.3740458015267176,0.4037454128265381
4197,kadid10k,kadid10k/i34,/home/sergey/iqa-data/kadid10k/images/I34_15_03.png,0.2213740458015267,0.3714919984340668
4198,kadid10k,kadid10k/i34,/home/sergey/iqa-data/kadid10k/images/I34_15_04.png,0.1526717557251908,0.35830166935920715
4199,kadid10k,kadid10k/i34,/home/sergey/iqa-data/kadid10k/images/I34_15_05.png,0.1017811704834605,0.37560394406318665
4200,kadid10k,kadid10k/i34,/home/sergey/iqa-data/kadid10k/images/I34_16_01.png,0.8829516539440203,0.7623103260993958
4201,kadid10k,kadid10k/i34,/home/sergey/iqa-data/kadid10k/images/I34_16_02.png,0.8142493638676845,0.7652589082717896
4202,kadid10k,kadid10k/i34,/home/sergey/iqa-data/kadid10k/images/I34_16_03.png,0.534351145038168,0.7583252787590027
4203,kadid10k,kadid10k/i34,/home/sergey/iqa-data/kadid10k/images/I34_16_04.png,0.2875318066157761,0.7121060490608215
4204,kadid10k,kadid10k/i34,/home/sergey/iqa-data/kadid10k/images/I34_16_05.png,0.1450381679389313,0.6257680654525757
4205,kadid10k,kadid10k/i34,/home/sergey/iqa-data/kadid10k/images/I34_17_01.png,0.9236641221374048,0.7632128000259399
4206,kadid10k,kadid10k/i34,/home/sergey/iqa-data/kadid10k/images/I34_17_02.png,0.916030534351145,0.7634119987487793
4207,kadid10k,kadid10k/i34,/home/sergey/iqa-data/kadid10k/images/I34_17_03.png,0.712468193384224,0.7648069858551025
4208,kadid10k,kadid10k/i34,/home/sergey/iqa-data/kadid10k/images/I34_17_04.png,0.6183206106870229,0.7544397711753845
4209,kadid10k,kadid10k/i34,/home/sergey/iqa-data/kadid10k/images/I34_17_05.png,0.2544529262086514,0.6361468434333801
4210,kadid10k,kadid10k/i34,/home/sergey/iqa-data/kadid10k/images/I34_18_01.png,0.7201017811704835,0.7428285479545593
4211,kadid10k,kadid10k/i34,/home/sergey/iqa-data/kadid10k/images/I34_18_02.png,0.9236641221374048,0.7616740465164185
4212,kadid10k,kadid10k/i34,/home/sergey/iqa-data/kadid10k/images/I34_18_03.png,0.9312977099236642,0.7633658051490784
4213,kadid10k,kadid10k/i34,/home/sergey/iqa-data/kadid10k/images/I34_18_04.png,0.8473282442748092,0.7757716178894043
4214,kadid10k,kadid10k/i34,/home/sergey/iqa-data/kadid10k/images/I34_18_05.png,0.6793893129770993,0.769133448600769
4215,kadid10k,kadid10k/i34,/home/sergey/iqa-data/kadid10k/images/I34_19_01.png,0.8651399491094149,0.7545152306556702
4216,kadid10k,kadid10k/i34,/home/sergey/iqa-data/kadid10k/images/I34_19_02.png,0.8142493638676845,0.7302035093307495
4217,kadid10k,kadid10k/i34,/home/sergey/iqa-data/kadid10k/images/I34_19_03.png,0.6743002544529262,0.6931747794151306
4218,kadid10k,kadid10k/i34,/home/sergey/iqa-data/kadid10k/images/I34_19_04.png,0.1959287531806616,0.6784404516220093
4219,kadid10k,kadid10k/i34,/home/sergey/iqa-data/kadid10k/images/I34_19_05.png,0.094147582697201,0.6416401267051697
4220,kadid10k,kadid10k/i34,/home/sergey/iqa-data/kadid10k/images/I34_20_01.png,0.89058524173028,0.7600916624069214
4221,kadid10k,kadid10k/i34,/home/sergey/iqa-data/kadid10k/images/I34_20_02.png,0.7455470737913487,0.7594243288040161
4222,kadid10k,kadid10k/i34,/home/sergey/iqa-data/kadid10k/images/I34_20_03.png,0.78117048346056,0.7626634836196899
4223,kadid10k,kadid10k/i34,/home/sergey/iqa-data/kadid10k/images/I34_20_04.png,0.6106870229007634,0.7664693593978882
4224,kadid10k,kadid10k/i34,/home/sergey/iqa-data/kadid10k/images/I34_20_05.png,0.6106870229007634,0.7620323300361633
4225,kadid10k,kadid10k/i34,/home/sergey/iqa-data/kadid10k/images/I34_21_01.png,0.806615776081425,0.7510485649108887
4226,kadid10k,kadid10k/i34,/home/sergey/iqa-data/kadid10k/images/I34_21_02.png,0.6106870229007634,0.7317227125167847
4227,kadid10k,kadid10k/i34,/home/sergey/iqa-data/kadid10k/images/I34_21_03.png,0.4656488549618321,0.717851996421814
4228,kadid10k,kadid10k/i34,/home/sergey/iqa-data/kadid10k/images/I34_21_04.png,0.4249363867684478,0.6863550543785095
4229,kadid10k,kadid10k/i34,/home/sergey/iqa-data/kadid10k/images/I34_21_05.png,0.1272264631043257,0.6534262895584106
4230,kadid10k,kadid10k/i34,/home/sergey/iqa-data/kadid10k/images/I34_22_01.png,0.8575063613231553,0.7122540473937988
4231,kadid10k,kadid10k/i34,/home/sergey/iqa-data/kadid10k/images/I34_22_02.png,0.8829516539440203,0.6922001838684082
4232,kadid10k,kadid10k/i34,/home/sergey/iqa-data/kadid10k/images/I34_22_03.png,0.7302798982188295,0.6691940426826477
4233,kadid10k,kadid10k/i34,/home/sergey/iqa-data/kadid10k/images/I34_22_04.png,0.6183206106870229,0.645378589630127
4234,kadid10k,kadid10k/i34,/home/sergey/iqa-data/kadid10k/images/I34_22_05.png,0.3129770992366412,0.620216429233551
4235,kadid10k,kadid10k/i34,/home/sergey/iqa-data/kadid10k/images/I34_23_01.png,0.3307888040712468,0.7633702754974365
4236,kadid10k,kadid10k/i34,/home/sergey/iqa-data/kadid10k/images/I34_23_02.png,0.3384223918575064,0.763215184211731
4237,kadid10k,kadid10k/i34,/home/sergey/iqa-data/kadid10k/images/I34_23_03.png,0.3486005089058525,0.7628873586654663
4238,kadid10k,kadid10k/i34,/home/sergey/iqa-data/kadid10k/images/I34_23_04.png,0.272264631043257,0.7676809430122375
4239,kadid10k,kadid10k/i34,/home/sergey/iqa-data/kadid10k/images/I34_23_05.png,0.1603053435114503,0.7526251077651978
4240,kadid10k,kadid10k/i34,/home/sergey/iqa-data/kadid10k/images/I34_24_01.png,0.6870229007633589,0.7518191337585449
4241,kadid10k,kadid10k/i34,/home/sergey/iqa-data/kadid10k/images/I34_24_02.png,0.4656488549618321,0.703776478767395
4242,kadid10k,kadid10k/i34,/home/sergey/iqa-data/kadid10k/images/I34_24_03.png,0.3638676844783716,0.6697179675102234
4243,kadid10k,kadid10k/i34,/home/sergey/iqa-data/kadid10k/images/I34_24_04.png,0.1526717557251908,0.6300942301750183
4244,kadid10k,kadid10k/i34,/home/sergey/iqa-data/kadid10k/images/I34_24_05.png,0.0687022900763358,0.6030018329620361
4245,kadid10k,kadid10k/i34,/home/sergey/iqa-data/kadid10k/images/I34_25_01.png,0.5165394402035624,0.7091420292854309
4246,kadid10k,kadid10k/i34,/home/sergey/iqa-data/kadid10k/images/I34_25_02.png,0.6183206106870229,0.7480181455612183
4247,kadid10k,kadid10k/i34,/home/sergey/iqa-data/kadid10k/images/I34_25_03.png,0.83206106870229,0.7731505632400513
4248,kadid10k,kadid10k/i34,/home/sergey/iqa-data/kadid10k/images/I34_25_04.png,0.7633587786259542,0.7663039565086365
4249,kadid10k,kadid10k/i34,/home/sergey/iqa-data/kadid10k/images/I34_25_05.png,0.4147582697201017,0.7379614114761353
4625,kadid10k,kadid10k/i38,/home/sergey/iqa-data/kadid10k/images/I38_01_01.png,0.9414758269720104,0.7730690240859985
4626,kadid10k,kadid10k/i38,/home/sergey/iqa-data/kadid10k/images/I38_01_02.png,0.9236641221374048,0.7216044664382935
4627,kadid10k,kadid10k/i38,/home/sergey/iqa-data/kadid10k/images/I38_01_03.png,0.6106870229007634,0.4137260913848877
4628,kadid10k,kadid10k/i38,/home/sergey/iqa-data/kadid10k/images/I38_01_04.png,0.2213740458015267,0.34985482692718506
4629,kadid10k,kadid10k/i38,/home/sergey/iqa-data/kadid10k/images/I38_01_05.png,0.1094147582697201,0.31065842509269714
4630,kadid10k,kadid10k/i38,/home/sergey/iqa-data/kadid10k/images/I38_02_01.png,0.7455470737913487,0.5760096311569214
4631,kadid10k,kadid10k/i38,/home/sergey/iqa-data/kadid10k/images/I38_02_02.png,0.3638676844783716,0.3931949734687805
4632,kadid10k,kadid10k/i38,/home/sergey/iqa-data/kadid10k/images/I38_02_03.png,0.2366412213740458,0.33672380447387695
4633,kadid10k,kadid10k/i38,/home/sergey/iqa-data/kadid10k/images/I38_02_04.png,0.1017811704834605,0.3259891867637634
4634,kadid10k,kadid10k/i38,/home/sergey/iqa-data/kadid10k/images/I38_02_05.png,0.0687022900763358,0.31270942091941833
4635,kadid10k,kadid10k/i38,/home/sergey/iqa-data/kadid10k/images/I38_03_01.png,0.9338422391857508,0.7730690240859985
4636,kadid10k,kadid10k/i38,/home/sergey/iqa-data/kadid10k/images/I38_03_02.png,0.8142493638676845,0.6343533396720886
4637,kadid10k,kadid10k/i38,/home/sergey/iqa-data/kadid10k/images/I38_03_03.png,0.5674300254452926,0.5321667194366455
4638,kadid10k,kadid10k/i38,/home/sergey/iqa-data/kadid10k/images/I38_03_04.png,0.3307888040712468,0.41939929127693176
4639,kadid10k,kadid10k/i38,/home/sergey/iqa-data/kadid10k/images/I38_03_05.png,0.1959287531806616,0.3688212037086487
4640,kadid10k,kadid10k/i38,/home/sergey/iqa-data/kadid10k/images/I38_04_01.png,0.9083969465648856,0.7525852918624878
4641,kadid10k,kadid10k/i38,/home/sergey/iqa-data/kadid10k/images/I38_04_02.png,0.5521628498727735,0.7649018168449402
4642,kadid10k,kadid10k/i38,/home/sergey/iqa-data/kadid10k/images/I38_04_03.png,0.2213740458015267,0.736749529838562
4643,kadid10k,kadid10k/i38,/home/sergey/iqa-data/kadid10k/images/I38_04_04.png,0.2213740458015267,0.7058377265930176
4644,kadid10k,kadid10k/i38,/home/sergey/iqa-data/kadid10k/images/I38_04_05.png,0.1348600508905852,0.6749014854431152
4645,kadid10k,kadid10k/i38,/home/sergey/iqa-data/kadid10k/images/I38_05_01.png,0.7633587786259542,0.6874562501907349
4646,kadid10k,kadid10k/i38,/home/sergey/iqa-data/kadid10k/images/I38_05_02.png,0.2366412213740458,0.6674690842628479
4647,kadid10k,kadid10k/i38,/home/sergey/iqa-data/kadid10k/images/I38_05_03.png,0.178117048346056,0.6992443799972534
4648,kadid10k,kadid10k/i38,/home/sergey/iqa-data/kadid10k/images/I38_05_04.png,0.1450381679389313,0.6860382556915283
4649,kadid10k,kadid10k/i38,/home/sergey/iqa-data/kadid10k/images/I38_05_05.png,0.1450381679389313,0.7028446793556213
4650,kadid10k,kadid10k/i38,/home/sergey/iqa-data/kadid10k/images/I38_06_01.png,0.89058524173028,0.5911849737167358
4651,kadid10k,kadid10k/i38,/home/sergey/iqa-data/kadid10k/images/I38_06_02.png,0.8727735368956743,0.590586245059967
4652,kadid10k,kadid10k/i38,/home/sergey/iqa-data/kadid10k/images/I38_06_03.png,0.7633587786259542,0.5954570174217224
4653,kadid10k,kadid10k/i38,/home/sergey/iqa-data/kadid10k/images/I38_06_04.png,0.6870229007633589,0.5916554927825928
4654,kadid10k,kadid10k/i38,/home/sergey/iqa-data/kadid10k/images/I38_06_05.png,0.3486005089058525,0.613417387008667
4655,kadid10k,kadid10k/i38,/home/sergey/iqa-data/kadid10k/images/I38_07_01.png,0.6793893129770993,0.7340749502182007
4656,kadid10k,kadid10k/i38,/home/sergey/iqa-data/kadid10k/images/I38_07_02.png,0.3435114503816794,0.7137004137039185
4657,kadid10k,kadid10k/i38,/home/sergey/iqa-data/kadid10k/images/I38_07_03.png,0.4249363867684478,0.7068010568618774
4658,kadid10k,kadid10k/i38,/home/sergey/iqa-data/kadid10k/images/I38_07_04.png,0.4580152671755725,0.6872850060462952
4659,kadid10k,kadid10k/i38,/home/sergey/iqa-data/kadid10k/images/I38_07_05.png,0.3486005089058525,0.7093627452850342
4660,kadid10k,kadid10k/i38,/home/sergey/iqa-data/kadid10k/images/I38_08_01.png,0.9338422391857508,0.7730690240859985
4661,kadid10k,kadid10k/i38,/home/sergey/iqa-data/kadid10k/images/I38_08_02.png,0.6539440203562341,0.7395674586296082
4662,kadid10k,kadid10k/i38,/home/sergey/iqa-data/kadid10k/images/I38_08_03.png,0.450381679389313,0.7479057312011719
4663,kadid10k,kadid10k/i38,/home/sergey/iqa-data/kadid10k/images/I38_08_04.png,0.2977099236641221,0.6546888947486877
4664,kadid10k,kadid10k/i38,/home/sergey/iqa-data/kadid10k/images/I38_08_05.png,0.1094147582697201,0.6585087180137634
4665,kadid10k,kadid10k/i38,/home/sergey/iqa-data/kadid10k/images/I38_09_01.png,0.9592875318066156,0.7822000980377197
4666,kadid10k,kadid10k/i38,/home/sergey/iqa-data/kadid10k/images/I38_09_02.png,0.9592875318066156,0.765967607498169
4667,kadid10k,kadid10k/i38,/home/sergey/iqa-data/kadid10k/images/I38_09_03.png,0.8982188295165395,0.7274167537689209
4668,kadid10k,kadid10k/i38,/home/sergey/iqa-data/kadid10k/images/I38_09_04.png,0.6870229007633589,0.591511607170105
4669,kadid10k,kadid10k/i38,/home/sergey/iqa-data/kadid10k/images/I38_09_05.png,0.2111959287531807,0.41909706592559814
4670,kadid10k,kadid10k/i38,/home/sergey/iqa-data/kadid10k/images/I38_10_01.png,0.8142493638676845,0.605970561504364
4671,kadid10k,kadid10k/i38,/home/sergey/iqa-data/kadid10k/images/I38_10_02.png,0.8447837150127228,0.5776190757751465
4672,kadid10k,kadid10k/i38,/home/sergey/iqa-data/kadid10k/images/I38_10_03.png,0.5597964376590332,0.5104992389678955
4673,kadid10k,kadid10k/i38,/home/sergey/iqa-data/kadid10k/images/I38_10_04.png,0.1959287531806616,0.45383691787719727
4674,kadid10k,kadid10k/i38,/home/sergey/iqa-data/kadid10k/images/I38_10_05.png,0.0432569974554707,0.4878047704696655
4675,kadid10k,kadid10k/i38,/home/sergey/iqa-data/kadid10k/images/I38_11_01.png,0.6284987277353691,0.48127174377441406
4676,kadid10k,kadid10k/i38,/home/sergey/iqa-data/kadid10k/images/I38_11_02.png,0.5012722646310434,0.45376506447792053
4677,kadid10k,kadid10k/i38,/home/sergey/iqa-data/kadid10k/images/I38_11_03.png,0.450381679389313,0.4445946514606476
4678,kadid10k,kadid10k/i38,/home/sergey/iqa-data/kadid10k/images/I38_11_04.png,0.3816793893129771,0.4208980202674866
4679,kadid10k,kadid10k/i38,/home/sergey/iqa-data/kadid10k/images/I38_11_05.png,0.2620865139949109,0.4042462706565857
4680,kadid10k,kadid10k/i38,/home/sergey/iqa-data/kadid10k/images/I38_12_01.png,0.8396946564885497,0.5223072171211243
4681,kadid10k,kadid10k/i38,/home/sergey/iqa-data/kadid10k/images/I38_12_02.png,0.5674300254452926,0.46358224749565125
4682,kadid10k,kadid10k/i38,/home/sergey/iqa-data/kadid10k/images/I38_12_03.png,0.4071246819338422,0.43799805641174316
4683,kadid10k,kadid10k/i38,/home/sergey/iqa-data/kadid10k/images/I38_12_04.png,0.3384223918575064,0.42063307762145996
4684,kadid10k,kadid10k/i38,/home/sergey/iqa-data/kadid10k/images/I38_12_05.png,0.3053435114503817,0.40233635902404785
4685,kadid10k,kadid10k/i38,/home/sergey/iqa-data/kadid10k/images/I38_13_01.png,0.5597964376590332,0.6977952122688293
4686,kadid10k,kadid10k/i38,/home/sergey/iqa-data/kadid10k/images/I38_13_02.png,0.4249363867684478,0.6551278233528137
4687,kadid10k,kadid10k/i38,/home/sergey/iqa-data/kadid10k/images/I38_13_03.png,0.3231552162849873,0.6457450985908508
4688,kadid10k,kadid10k/i38,/home/sergey/iqa-data/kadid10k/images/I38_13_04.png,0.3129770992366412,0.6252626776695251
4689,kadid10k,kadid10k/i38,/home/sergey/iqa-data/kadid10k/images/I38_13_05.png,0.2798982188295166,0.5934154987335205
4690,kadid10k,kadid10k/i38,/home/sergey/iqa-data/kadid10k/images/I38_14_01.png,0.8575063613231553,0.5917444229125977
4691,kadid10k,kadid10k/i38,/home/sergey/iqa-data/kadid10k/images/I38_14_02.png,0.5776081424936387,0.49601224064826965
4692,kadid10k,kadid10k/i38,/home/sergey/iqa-data/kadid10k/images/I38_14_03.png,0.4834605597964376,0.4820614457130432
4693,kadid10k,kadid10k/i38,/home/sergey/iqa-data/kadid10k/images/I38_14_04.png,0.3638676844783716,0.4717303216457367
4694,kadid10k,kadid10k/i38,/home/sergey/iqa-data/kadid10k/images/I38_14_05.png,0.1857506361323155,0.4480350911617279
4695,kadid10k,kadid10k/i38,/home/sergey/iqa-data/kadid10k/images/I38_15_01.png,0.5928753180661578,0.5176166892051697
4696,kadid10k,kadid10k/i38,/home/sergey/iqa-data/kadid10k/images/I38_15_02.png,0.2544529262086514,0.42112472653388977
4697,kadid10k,kadid10k/i38,/home/sergey/iqa-data/kadid10k/images/I38_15_03.png,0.2111959287531807,0.3919774293899536
4698,kadid10k,kadid10k/i38,/home/sergey/iqa-data/kadid10k/images/I38_15_04.png,0.089058524173028,0.36833471059799194
4699,kadid10k,kadid10k/i38,/home/sergey/iqa-data/kadid10k/images/I38_15_05.png,0.0432569974554707,0.3706299364566803
4700,kadid10k,kadid10k/i38,/home/sergey/iqa-data/kadid10k/images/I38_16_01.png,0.9033078880407124,0.7733553647994995
4701,kadid10k,kadid10k/i38,/home/sergey/iqa-data/kadid10k/images/I38_16_02.png,0.8142493638676845,0.7762153148651123
4702,kadid10k,kadid10k/i38,/home/sergey/iqa-data/kadid10k/images/I38_16_03.png,0.6437659033078881,0.7753611207008362
4703,kadid10k,kadid10k/i38,/home/sergey/iqa-data/kadid10k/images/I38_16_04.png,0.5089058524173028,0.7629947066307068
4704,kadid10k,kadid10k/i38,/home/sergey/iqa-data/kadid10k/images/I38_16_05.png,0.2544529262086514,0.6943318247795105
4705,kadid10k,kadid10k/i38,/home/sergey/iqa-data/kadid10k/images/I38_17_01.png,0.8829516539440203,0.772070586681366
4706,kadid10k,kadid10k/i38,/home/sergey/iqa-data/kadid10k/images/I38_17_02.png,0.8829516539440203,0.7714771032333374
4707,kadid10k,kadid10k/i38,/home/sergey/iqa-data/kadid10k/images/I38_17_03.png,0.7302798982188295,0.7686605453491211
4708,kadid10k,kadid10k/i38,/home/sergey/iqa-data/kadid10k/images/I38_17_04.png,0.4910941475826972,0.7615302801132202
4709,kadid10k,kadid10k/i38,/home/sergey/iqa-data/kadid10k/images/I38_17_05.png,0.178117048346056,0.6739303469657898
4710,kadid10k,kadid10k/i38,/home/sergey/iqa-data/kadid10k/images/I38_18_01.png,0.78117048346056,0.7724471092224121
4711,kadid10k,kadid10k/i38,/home/sergey/iqa-data/kadid10k/images/I38_18_02.png,0.9287531806615776,0.7734825015068054
4712,kadid10k,kadid10k/i38,/home/sergey/iqa-data/kadid10k/images/I38_18_03.png,0.94910941475827,0.7730690240859985
4713,kadid10k,kadid10k/i38,/home/sergey/iqa-data/kadid10k/images/I38_18_04.png,0.7709923664122139,0.7746496796607971
4714,kadid10k,kadid10k/i38,/home/sergey/iqa-data/kadid10k/images/I38_18_05.png,0.7888040712468193,0.7778959274291992
4715,kadid10k,kadid10k/i38,/home/sergey/iqa-data/kadid10k/images/I38_19_01.png,0.89058524173028,0.7624984979629517
4716,kadid10k,kadid10k/i38,/home/sergey/iqa-data/kadid10k/images/I38_19_02.png,0.8218829516539442,0.7364020943641663
4717,kadid10k,kadid10k/i38,/home/sergey/iqa-data/kadid10k/images/I38_19_03.png,0.5521628498727735,0.6911629438400269
4718,kadid10k,kadid10k/i38,/home/sergey/iqa-data/kadid10k/images/I38_19_04.png,0.1704834605597964,0.6394292116165161
4719,kadid10k,kadid10k/i38,/home/sergey/iqa-data/kadid10k/images/I38_19_05.png,0.0585241730279898,0.6276962757110596
4720,kadid10k,kadid10k/i38,/home/sergey/iqa-data/kadid10k/images/I38_20_01.png,0.8982188295165395,0.7636386752128601
4721,kadid10k,kadid10k/i38,/home/sergey/iqa-data/kadid10k/images/I38_20_02.png,0.7709923664122139,0.770182728767395
4722,kadid10k,kadid10k/i38,/home/sergey/iqa-data/kadid10k/images/I38_20_03.png,0.83206106870229,0.7658751010894775
4723,kadid10k,kadid10k/i38,/home/sergey/iqa-data/kadid10k/images/I38_20_04.png,0.8396946564885497,0.7634271383285522
4724,kadid10k,kadid10k/i38,/home/sergey/iqa-data/kadid10k/images/I38_20_05.png,0.6106870229007634,0.7685906291007996
4725,kadid10k,kadid10k/i38,/home/sergey/iqa-data/kadid10k/images/I38_21_01.png,0.3893129770992366,0.7598822116851807
4726,kadid10k,kadid10k/i38,/home/sergey/iqa-data/kadid10k/images/I38_21_02.png,0.3231552162849873,0.7149889469146729
4727,kadid10k,kadid10k/i38,/home/sergey/iqa-data/kadid10k/images/I38_21_03.png,0.3307888040712468,0.71153724193573
4728,kadid10k,kadid10k/i38,/home/sergey/iqa-data/kadid10k/images/I38_21_04.png,0.4402035623409669,0.6857905387878418
4729,kadid10k,kadid10k/i38,/home/sergey/iqa-data/kadid10k/images/I38_21_05.png,0.1450381679389313,0.6323385834693909
4730,kadid10k,kadid10k/i38,/home/sergey/iqa-data/kadid10k/images/I38_22_01.png,0.7633587786259542,0.6480794548988342
4731,kadid10k,kadid10k/i38,/home/sergey/iqa-data/kadid10k/images/I38_22_02.png,0.4834605597964376,0.6196901202201843
4732,kadid10k,kadid10k/i38,/home/sergey/iqa-data/kadid10k/images/I38_22_03.png,0.534351145038168,0.6375256180763245
4733,kadid10k,kadid10k/i38,/home/sergey/iqa-data/kadid10k/images/I38_22_04.png,0.450381679389313,0.6180069446563721
4734,kadid10k,kadid10k/i38,/home/sergey/iqa-data/kadid10k/images/I38_22_05.png,0.3053435114503817,0.6089149117469788
4735,kadid10k,kadid10k/i38,/home/sergey/iqa-data/kadid10k/images/I38_23_01.png,0.4758269720101782,0.7444431185722351
4736,kadid10k,kadid10k/i38,/home/sergey/iqa-data/kadid10k/images/I38_23_02.png,0.3740458015267176,0.7372891902923584
4737,kadid10k,kadid10k/i38,/home/sergey/iqa-data/kadid10k/images/I38_23_03.png,0.2875318066157761,0.7504433393478394
4738,kadid10k,kadid10k/i38,/home/sergey/iqa-data/kadid10k/images/I38_23_04.png,0.272264631043257,0.7310295701026917
4739,kadid10k,kadid10k/i38,/home/sergey/iqa-data/kadid10k/images/I38_23_05.png,0.3384223918575064,0.7270503640174866
4740,kadid10k,kadid10k/i38,/home/sergey/iqa-data/kadid10k/images/I38_24_01.png,0.6870229007633589,0.7655152082443237
4741,kadid10k,kadid10k/i38,/home/sergey/iqa-data/kadid10k/images/I38_24_02.png,0.4402035623409669,0.7551702857017517
4742,kadid10k,kadid10k/i38,/home/sergey/iqa-data/kadid10k/images/I38_24_03.png,0.2213740458015267,0.7345993518829346
4743,kadid10k,kadid10k/i38,/home/sergey/iqa-data/kadid10k/images/I38_24_04.png,0.1526717557251908,0.6889157891273499
4744,kadid10k,kadid10k/i38,/home/sergey/iqa-data/kadid10k/images/I38_24_05.png,0.0687022900763358,0.6412782073020935
4745,kadid10k,kadid10k/i38,/home/sergey/iqa-data/kadid10k/images/I38_25_01.png,0.6615776081424937,0.7657625079154968
4746,kadid10k,kadid10k/i38,/home/sergey/iqa-data/kadid10k/images/I38_25_02.png,0.6946564885496184,0.7707207202911377
4747,kadid10k,kadid10k/i38,/home/sergey/iqa-data/kadid10k/images/I38_25_03.png,0.8396946564885497,0.7743361592292786
4748,kadid10k,kadid10k/i38,/home/sergey/iqa-data/kadid10k/images/I38_25_04.png,0.7557251908396948,0.7694363594055176
4749,kadid10k,kadid10k/i38,/home/sergey/iqa-data/kadid10k/images/I38_25_05.png,0.534351145038168,0.7542836666107178
4875,kadid10k,kadid10k/i40,/home/sergey/iqa-data/kadid10k/images/I40_01_01.png,0.83206106870229,0.7191083431243896
4876,kadid10k,kadid10k/i40,/home/sergey/iqa-data/kadid10k/images/I40_01_02.png,0.7201017811704835,0.603728175163269
4877,kadid10k,kadid10k/i40,/home/sergey/iqa-data/kadid10k/images/I40_01_03.png,0.2977099236641221,0.33236387372016907
4878,kadid10k,kadid10k/i40,/home/sergey/iqa-data/kadid10k/images/I40_01_04.png,0.1450381679389313,0.3694077432155609
4879,kadid10k,kadid10k/i40,/home/sergey/iqa-data/kadid10k/images/I40_01_05.png,0.0254452926208651,0.35067421197891235
4880,kadid10k,kadid10k/i40,/home/sergey/iqa-data/kadid10k/images/I40_02_01.png,0.4656488549618321,0.40107202529907227
4881,kadid10k,kadid10k/i40,/home/sergey/iqa-data/kadid10k/images/I40_02_02.png,0.2544529262086514,0.3216492533683777
4882,kadid10k,kadid10k/i40,/home/sergey/iqa-data/kadid10k/images/I40_02_03.png,0.1272264631043257,0.31004834175109863
4883,kadid10k,kadid10k/i40,/home/sergey/iqa-data/kadid10k/images/I40_02_04.png,0.1017811704834605,0.3202681541442871
4884,kadid10k,kadid10k/i40,/home/sergey/iqa-data/kadid10k/images/I40_02_05.png,0.0254452926208651,0.3164665997028351
4885,kadid10k,kadid10k/i40,/home/sergey/iqa-data/kadid10k/images/I40_03_01.png,0.8396946564885497,0.7191083431243896
4886,kadid10k,kadid10k/i40,/home/sergey/iqa-data/kadid10k/images/I40_03_02.png,0.5776081424936387,0.45788535475730896
4887,kadid10k,kadid10k/i40,/home/sergey/iqa-data/kadid10k/images/I40_03_03.png,0.3129770992366412,0.27122795581817627
4888,kadid10k,kadid10k/i40,/home/sergey/iqa-data/kadid10k/images/I40_03_04.png,0.094147582697201,0.2688121795654297
4889,kadid10k,kadid10k/i40,/home/sergey/iqa-data/kadid10k/images/I40_03_05.png,0.0432569974554707,0.2333478480577469
4890,kadid10k,kadid10k/i40,/home/sergey/iqa-data/kadid10k/images/I40_04_01.png,0.796437659033079,0.7066224813461304
4891,kadid10k,kadid10k/i40,/home/sergey/iqa-data/kadid10k/images/I40_04_02.png,0.3486005089058525,0.6363704204559326
4892,kadid10k,kadid10k/i40,/home/sergey/iqa-data/kadid10k/images/I40_04_03.png,0.1857506361323155,0.5532817840576172
4893,kadid10k,kadid10k/i40,/home/sergey/iqa-data/kadid10k/images/I40_04_04.png,0.1195928753180661,0.5212541222572327
4894,kadid10k,kadid10k/i40,/home/sergey/iqa-data/kadid10k/images/I40_04_05.png,0.1094147582697201,0.4857560098171234
4895,kadid10k,kadid10k/i40,/home/sergey/iqa-data/kadid10k/images/I40_05_01.png,0.6870229007633589,0.6038651466369629
4896,kadid10k,kadid10k/i40,/home/sergey/iqa-data/kadid10k/images/I40_05_02.png,0.1857506361323155,0.5511714220046997
4897,kadid10k,kadid10k/i40,/home/sergey/iqa-data/kadid10k/images/I40_05_03.png,0.1348600508905852,0.6020451784133911
4898,kadid10k,kadid10k/i40,/home/sergey/iqa-data/kadid10k/images/I40_05_04.png,0.0839694656488549,0.6275976300239563
4899,kadid10k,kadid10k/i40,/home/sergey/iqa-data/kadid10k/images/I40_05_05.png,0.094147582697201,0.6170822978019714
4900,kadid10k,kadid10k/i40,/home/sergey/iqa-data/kadid10k/images/I40_06_01.png,0.796437659033079,0.6470441818237305
4901,kadid10k,kadid10k/i40,/home/sergey/iqa-data/kadid10k/images/I40_06_02.png,0.83206106870229,0.6458534598350525
4902,kadid10k,kadid10k/i40,/home/sergey/iqa-data/kadid10k/images/I40_06_03.png,0.7048346055979644,0.6428629159927368
4903,kadid10k,kadid10k/i40,/home/sergey/iqa-data/kadid10k/images/I40_06_04.png,0.7557251908396948,0.6366519927978516
4904,kadid10k,kadid10k/i40,/home/sergey/iqa-data/kadid10k/images/I40_06_05.png,0.4274809160305344,0.6269150376319885
4905,kadid10k,kadid10k/i40,/home/sergey/iqa-data/kadid10k/images/I40_07_01.png,0.4071246819338422,0.682109534740448
4906,kadid10k,kadid10k/i40,/home/sergey/iqa-data/kadid10k/images/I40_07_02.png,0.3129770992366412,0.6203356981277466
4907,kadid10k,kadid10k/i40,/home/sergey/iqa-data/kadid10k/images/I40_07_03.png,0.2544529262086514,0.5686569213867188
4908,kadid10k,kadid10k/i40,/home/sergey/iqa-data/kadid10k/images/I40_07_04.png,0.2544529262086514,0.537082850933075
4909,kadid10k,kadid10k/i40,/home/sergey/iqa-data/kadid10k/images/I40_07_05.png,0.2213740458015267,0.6382058262825012
4910,kadid10k,kadid10k/i40,/home/sergey/iqa-data/kadid10k/images/I40_08_01.png,0.8829516539440203,0.7191083431243896
4911,kadid10k,kadid10k/i40,/home/sergey/iqa-data/kadid10k/images/I40_08_02.png,0.5674300254452926,0.6318568587303162
4912,kadid10k,kadid10k/i40,/home/sergey/iqa-data/kadid10k/images/I40_08_03.png,0.3231552162849873,0.579993486404419
4913,kadid10k,kadid10k/i40,/home/sergey/iqa-data/kadid10k/images/I40_08_04.png,0.1704834605597964,0.524728536605835
4914,kadid10k,kadid10k/i40,/home/sergey/iqa-data/kadid10k/images/I40_08_05.png,0.094147582697201,0.5071953535079956
4915,kadid10k,kadid10k/i40,/home/sergey/iqa-data/kadid10k/images/I40_09_01.png,0.8142493638676845,0.6690354943275452
4916,kadid10k,kadid10k/i40,/home/sergey/iqa-data/kadid10k/images/I40_09_02.png,0.5928753180661578,0.5437335968017578
4917,kadid10k,kadid10k/i40,/home/sergey/iqa-data/kadid10k/images/I40_09_03.png,0.5089058524173028,0.5369126796722412
4918,kadid10k,kadid10k/i40,/home/sergey/iqa-data/kadid10k/images/I40_09_04.png,0.1272264631043257,0.380923867225647
4919,kadid10k,kadid10k/i40,/home/sergey/iqa-data/kadid10k/images/I40_09_05.png,0.0585241730279898,0.3661386966705322
4920,kadid10k,kadid10k/i40,/home/sergey/iqa-data/kadid10k/images/I40_10_01.png,0.8142493638676845,0.6439691781997681
4921,kadid10k,kadid10k/i40,/home/sergey/iqa-data/kadid10k/images/I40_10_02.png,0.8142493638676845,0.6105252504348755
4922,kadid10k,kadid10k/i40,/home/sergey/iqa-data/kadid10k/images/I40_10_03.png,0.7557251908396948,0.5550575256347656
4923,kadid10k,kadid10k/i40,/home/sergey/iqa-data/kadid10k/images/I40_10_04.png,0.3816793893129771,0.48120203614234924
4924,kadid10k,kadid10k/i40,/home/sergey/iqa-data/kadid10k/images/I40_10_05.png,0.1450381679389313,0.5723031163215637
4925,kadid10k,kadid10k/i40,/home/sergey/iqa-data/kadid10k/images/I40_11_01.png,0.8727735368956743,0.650322437286377
4926,kadid10k,kadid10k/i40,/home/sergey/iqa-data/kadid10k/images/I40_11_02.png,0.8727735368956743,0.6298362016677856
4927,kadid10k,kadid10k/i40,/home/sergey/iqa-data/kadid10k/images/I40_11_03.png,0.7201017811704835,0.623469352722168
4928,kadid10k,kadid10k/i40,/home/sergey/iqa-data/kadid10k/images/I40_11_04.png,0.7048346055979644,0.6092211008071899
4929,kadid10k,kadid10k/i40,/home/sergey/iqa-data/kadid10k/images/I40_11_05.png,0.5928753180661578,0.584682822227478
4930,kadid10k,kadid10k/i40,/home/sergey/iqa-data/kadid10k/images/I40_12_01.png,0.9083969465648856,0.6881774067878723
4931,kadid10k,kadid10k/i40,/home/sergey/iqa-data/kadid10k/images/I40_12_02.png,0.89058524173028,0.636165201663971
4932,kadid10k,kadid10k/i40,/home/sergey/iqa-data/kadid10k/images/I40_12_03.png,0.7048346055979644,0.6201925277709961
4933,kadid10k,kadid10k/i40,/home/sergey/iqa-data/kadid10k/images/I40_12_04.png,0.6615776081424937,0.6048696041107178
4934,kadid10k,kadid10k/i40,/home/sergey/iqa-data/kadid10k/images/I40_12_05.png,0.6183206106870229,0.586234450340271
4935,kadid10k,kadid10k/i40,/home/sergey/iqa-data/kadid10k/images/I40_13_01.png,0.8218829516539442,0.6968611478805542
4936,kadid10k,kadid10k/i40,/home/sergey/iqa-data/kadid10k/images/I40_13_02.png,0.5776081424936387,0.6362169981002808
4937,kadid10k,kadid10k/i40,/home/sergey/iqa-data/kadid10k/images/I40_13_03.png,0.4580152671755725,0.620635986328125
4938,kadid10k,kadid10k/i40,/home/sergey/iqa-data/kadid10k/images/I40_13_04.png,0.4071246819338422,0.6041876673698425
4939,kadid10k,kadid10k/i40,/home/sergey/iqa-data/kadid10k/images/I40_13_05.png,0.2977099236641221,0.6018619537353516
4940,kadid10k,kadid10k/i40,/home/sergey/iqa-data/kadid10k/images/I40_14_01.png,0.8473282442748092,0.7066052556037903
4941,kadid10k,kadid10k/i40,/home/sergey/iqa-data/kadid10k/images/I40_14_02.png,0.8396946564885497,0.6635813117027283
4942,kadid10k,kadid10k/i40,/home/sergey/iqa-data/kadid10k/images/I40_14_03.png,0.8473282442748092,0.6420249938964844
4943,kadid10k,kadid10k/i40,/home/sergey/iqa-data/kadid10k/images/I40_14_04.png,0.712468193384224,0.6247187852859497
4944,kadid10k,kadid10k/i40,/home/sergey/iqa-data/kadid10k/images/I40_14_05.png,0.5267175572519084,0.6098674535751343
4945,kadid10k,kadid10k/i40,/home/sergey/iqa-data/kadid10k/images/I40_15_01.png,0.534351145038168,0.5048538446426392
4946,kadid10k,kadid10k/i40,/home/sergey/iqa-data/kadid10k/images/I40_15_02.png,0.3129770992366412,0.41755443811416626
4947,kadid10k,kadid10k/i40,/home/sergey/iqa-data/kadid10k/images/I40_15_03.png,0.2111959287531807,0.3793947100639343
4948,kadid10k,kadid10k/i40,/home/sergey/iqa-data/kadid10k/images/I40_15_04.png,0.178117048346056,0.35783541202545166
4949,kadid10k,kadid10k/i40,/home/sergey/iqa-data/kadid10k/images/I40_15_05.png,0.178117048346056,0.3624730110168457
4950,kadid10k,kadid10k/i40,/home/sergey/iqa-data/kadid10k/images/I40_16_01.png,0.8295165394402035,0.7151330709457397
4951,kadid10k,kadid10k/i40,/home/sergey/iqa-data/kadid10k/images/I40_16_02.png,0.7633587786259542,0.7101095914840698
4952,kadid10k,kadid10k/i40,/home/sergey/iqa-data/kadid10k/images/I40_16_03.png,0.5597964376590332,0.694513201713562
4953,kadid10k,kadid10k/i40,/home/sergey/iqa-data/kadid10k/images/I40_16_04.png,0.3638676844783716,0.6434246301651001
4954,kadid10k,kadid10k/i40,/home/sergey/iqa-data/kadid10k/images/I40_16_05.png,0.1348600508905852,0.5709529519081116
4955,kadid10k,kadid10k/i40,/home/sergey/iqa-data/kadid10k/images/I40_17_01.png,0.8982188295165395,0.7195702195167542
4956,kadid10k,kadid10k/i40,/home/sergey/iqa-data/kadid10k/images/I40_17_02.png,0.8829516539440203,0.7185922861099243
4957,kadid10k,kadid10k/i40,/home/sergey/iqa-data/kadid10k/images/I40_17_03.png,0.7455470737913487,0.714182436466217
4958,kadid10k,kadid10k/i40,/home/sergey/iqa-data/kadid10k/images/I40_17_04.png,0.5419847328244275,0.6831574440002441
4959,kadid10k,kadid10k/i40,/home/sergey/iqa-data/kadid10k/images/I40_17_05.png,0.2213740458015267,0.609392523765564
4960,kadid10k,kadid10k/i40,/home/sergey/iqa-data/kadid10k/images/I40_18_01.png,0.796437659033079,0.6944214105606079
4961,kadid10k,kadid10k/i40,/home/sergey/iqa-data/kadid10k/images/I40_18_02.png,0.8651399491094149,0.7094075679779053
4962,kadid10k,kadid10k/i40,/home/sergey/iqa-data/kadid10k/images/I40_18_03.png,0.916030534351145,0.7191083431243896
4963,kadid10k,kadid10k/i40,/home/sergey/iqa-data/kadid10k/images/I40_18_04.png,0.7709923664122139,0.685942530632019
4964,kadid10k,kadid10k/i40,/home/sergey/iqa-data/kadid10k/images/I40_18_05.png,0.7201017811704835,0.6570169925689697
4965,kadid10k,kadid10k/i40,/home/sergey/iqa-data/kadid10k/images/I40_19_01.png,0.7888040712468193,0.7160661220550537
4966,kadid10k,kadid10k/i40,/home/sergey/iqa-data/kadid10k/images/I40_19_02.png,0.7379134860050891,0.6951103210449219
4967,kadid10k,kadid10k/i40,/home/sergey/iqa-data/kadid10k/images/I40_19_03.png,0.3486005089058525,0.6186912655830383
4968,kadid10k,kadid10k/i40,/home/sergey/iqa-data/kadid10k/images/I40_19_04.png,0.1526717557251908,0.64985191822052
4969,kadid10k,kadid10k/i40,/home/sergey/iqa-data/kadid10k/images/I40_19_05.png,0.0508905852417302,0.6249111890792847
4970,kadid10k,kadid10k/i40,/home/sergey/iqa-data/kadid10k/images/I40_20_01.png,0.8829516539440203,0.719113290309906
4971,kadid10k,kadid10k/i40,/home/sergey/iqa-data/kadid10k/images/I40_20_02.png,0.5165394402035624,0.7195117473602295
4972,kadid10k,kadid10k/i40,/home/sergey/iqa-data/kadid10k/images/I40_20_03.png,0.5674300254452926,0.7152233123779297
4973,kadid10k,kadid10k/i40,/home/sergey/iqa-data/kadid10k/images/I40_20_04.png,0.5267175572519084,0.7160530090332031
4974,kadid10k,kadid10k/i40,/home/sergey/iqa-data/kadid10k/images/I40_20_05.png,0.6717557251908398,0.7111122608184814
4975,kadid10k,kadid10k/i40,/home/sergey/iqa-data/kadid10k/images/I40_21_01.png,0.7379134860050891,0.6866777539253235
4976,kadid10k,kadid10k/i40,/home/sergey/iqa-data/kadid10k/images/I40_21_02.png,0.5165394402035624,0.6601804494857788
4977,kadid10k,kadid10k/i40,/home/sergey/iqa-data/kadid10k/images/I40_21_03.png,0.4249363867684478,0.6643374562263489
4978,kadid10k,kadid10k/i40,/home/sergey/iqa-data/kadid10k/images/I40_21_04.png,0.5089058524173028,0.6520397663116455
4979,kadid10k,kadid10k/i40,/home/sergey/iqa-data/kadid10k/images/I40_21_05.png,0.0839694656488549,0.6328755617141724
4980,kadid10k,kadid10k/i40,/home/sergey/iqa-data/kadid10k/images/I40_22_01.png,0.8982188295165395,0.6953719854354858
4981,kadid10k,kadid10k/i40,/home/sergey/iqa-data/kadid10k/images/I40_22_02.png,0.8473282442748092,0.6820046901702881
4982,kadid10k,kadid10k/i40,/home/sergey/iqa-data/kadid10k/images/I40_22_03.png,0.78117048346056,0.6718829870223999
4983,kadid10k,kadid10k/i40,/home/sergey/iqa-data/kadid10k/images/I40_22_04.png,0.8575063613231553,0.6508053541183472
4984,kadid10k,kadid10k/i40,/home/sergey/iqa-data/kadid10k/images/I40_22_05.png,0.7557251908396948,0.6375511884689331
4985,kadid10k,kadid10k/i40,/home/sergey/iqa-data/kadid10k/images/I40_23_01.png,0.3053435114503817,0.7130032181739807
4986,kadid10k,kadid10k/i40,/home/sergey/iqa-data/kadid10k/images/I40_23_02.png,0.356234096692112,0.7171280980110168
4987,kadid10k,kadid10k/i40,/home/sergey/iqa-data/kadid10k/images/I40_23_03.png,0.2111959287531807,0.711675763130188
4988,kadid10k,kadid10k/i40,/home/sergey/iqa-data/kadid10k/images/I40_23_04.png,0.3638676844783716,0.7075998783111572
4989,kadid10k,kadid10k/i40,/home/sergey/iqa-data/kadid10k/images/I40_23_05.png,0.2290076335877862,0.7128667831420898
4990,kadid10k,kadid10k/i40,/home/sergey/iqa-data/kadid10k/images/I40_24_01.png,0.5674300254452926,0.646183967590332
4991,kadid10k,kadid10k/i40,/home/sergey/iqa-data/kadid10k/images/I40_24_02.png,0.2468193384223918,0.6146478652954102
4992,kadid10k,kadid10k/i40,/home/sergey/iqa-data/kadid10k/images/I40_24_03.png,0.2035623409669211,0.5986676216125488
4993,kadid10k,kadid10k/i40,/home/sergey/iqa-data/kadid10k/images/I40_24_04.png,0.0839694656488549,0.5737136006355286
4994,kadid10k,kadid10k/i40,/home/sergey/iqa-data/kadid10k/images/I40_24_05.png,0.0432569974554707,0.5561729073524475
4995,kadid10k,kadid10k/i40,/home/sergey/iqa-data/kadid10k/images/I40_25_01.png,0.6692111959287532,0.6337364912033081
4996,kadid10k,kadid10k/i40,/home/sergey/iqa-data/kadid10k/images/I40_25_02.png,0.6284987277353691,0.6533708572387695
4997,kadid10k,kadid10k/i40,/home/sergey/iqa-data/kadid10k/images/I40_25_03.png,0.7455470737913487,0.679008960723877
4998,kadid10k,kadid10k/i40,/home/sergey/iqa-data/kadid10k/images/I40_25_04.png,0.7302798982188295,0.7258822321891785
4999,kadid10k,kadid10k/i40,/home/sergey/iqa-data/kadid10k/images/I40_25_05.png,0.3689567430025446,0.7043540477752686
5375,kadid10k,kadid10k/i44,/home/sergey/iqa-data/kadid10k/images/I44_01_01.png,0.8727735368956743,0.6480905413627625
5376,kadid10k,kadid10k/i44,/home/sergey/iqa-data/kadid10k/images/I44_01_02.png,0.78117048346056,0.5679462552070618
5377,kadid10k,kadid10k/i44,/home/sergey/iqa-data/kadid10k/images/I44_01_03.png,0.6692111959287532,0.4172777831554413
5378,kadid10k,kadid10k/i44,/home/sergey/iqa-data/kadid10k/images/I44_01_04.png,0.2213740458015267,0.37876489758491516
5379,kadid10k,kadid10k/i44,/home/sergey/iqa-data/kadid10k/images/I44_01_05.png,0.0330788804071246,0.3644871711730957
5380,kadid10k,kadid10k/i44,/home/sergey/iqa-data/kadid10k/images/I44_02_01.png,0.8473282442748092,0.47037625312805176
5381,kadid10k,kadid10k/i44,/home/sergey/iqa-data/kadid10k/images/I44_02_02.png,0.4910941475826972,0.405825138092041
5382,kadid10k,kadid10k/i44,/home/sergey/iqa-data/kadid10k/images/I44_02_03.png,0.1704834605597964,0.36340293288230896
5383,kadid10k,kadid10k/i44,/home/sergey/iqa-data/kadid10k/images/I44_02_04.png,0.0763358778625954,0.3588808476924896
5384,kadid10k,kadid10k/i44,/home/sergey/iqa-data/kadid10k/images/I44_02_05.png,0.0330788804071246,0.3574036955833435
5385,kadid10k,kadid10k/i44,/home/sergey/iqa-data/kadid10k/images/I44_03_01.png,0.8829516539440203,0.6480905413627625
5386,kadid10k,kadid10k/i44,/home/sergey/iqa-data/kadid10k/images/I44_03_02.png,0.8829516539440203,0.5329253673553467
5387,kadid10k,kadid10k/i44,/home/sergey/iqa-data/kadid10k/images/I44_03_03.png,0.6030534351145039,0.42689791321754456
5388,kadid10k,kadid10k/i44,/home/sergey/iqa-data/kadid10k/images/I44_03_04.png,0.2544529262086514,0.358746200799942
5389,kadid10k,kadid10k/i44,/home/sergey/iqa-data/kadid10k/images/I44_03_05.png,0.1450381679389313,0.3370837867259979
5390,kadid10k,kadid10k/i44,/home/sergey/iqa-data/kadid10k/images/I44_04_01.png,0.9083969465648856,0.621968686580658
5391,kadid10k,kadid10k/i44,/home/sergey/iqa-data/kadid10k/images/I44_04_02.png,0.3053435114503817,0.5885246992111206
5392,kadid10k,kadid10k/i44,/home/sergey/iqa-data/kadid10k/images/I44_04_03.png,0.1094147582697201,0.5074991583824158
5393,kadid10k,kadid10k/i44,/home/sergey/iqa-data/kadid10k/images/I44_04_04.png,0.1221374045801526,0.5047549605369568
5394,kadid10k,kadid10k/i44,/home/sergey/iqa-data/kadid10k/images/I44_04_05.png,0.0432569974554707,0.47327932715415955
5395,kadid10k,kadid10k/i44,/home/sergey/iqa-data/kadid10k/images/I44_05_01.png,0.94910941475827,0.5889343619346619
5396,kadid10k,kadid10k/i44,/home/sergey/iqa-data/kadid10k/images/I44_05_02.png,0.3867684478371501,0.5123509168624878
5397,kadid10k,kadid10k/i44,/home/sergey/iqa-data/kadid10k/images/I44_05_03.png,0.2366412213740458,0.5065479278564453
5398,kadid10k,kadid10k/i44,/home/sergey/iqa-data/kadid10k/images/I44_05_04.png,0.1348600508905852,0.5170494318008423
5399,kadid10k,kadid10k/i44,/home/sergey/iqa-data/kadid10k/images/I44_05_05.png,0.094147582697201,0.5179312825202942
5400,kadid10k,kadid10k/i44,/home/sergey/iqa-data/kadid10k/images/I44_06_01.png,0.8218829516539442,0.6052972078323364
5401,kadid10k,kadid10k/i44,/home/sergey/iqa-data/kadid10k/images/I44_06_02.png,0.8142493638676845,0.601733922958374
5402,kadid10k,kadid10k/i44,/home/sergey/iqa-data/kadid10k/images/I44_06_03.png,0.7379134860050891,0.5860230326652527
5403,kadid10k,kadid10k/i44,/home/sergey/iqa-data/kadid10k/images/I44_06_04.png,0.7302798982188295,0.5813871026039124
5404,kadid10k,kadid10k/i44,/home/sergey/iqa-data/kadid10k/images/I44_06_05.png,0.4910941475826972,0.597497284412384
5405,kadid10k,kadid10k/i44,/home/sergey/iqa-data/kadid10k/images/I44_07_01.png,0.3994910941475826,0.6175532341003418
5406,kadid10k,kadid10k/i44,/home/sergey/iqa-data/kadid10k/images/I44_07_02.png,0.2290076335877862,0.584692656993866
5407,kadid10k,kadid10k/i44,/home/sergey/iqa-data/kadid10k/images/I44_07_03.png,0.2391857506361323,0.5740295648574829
5408,kadid10k,kadid10k/i44,/home/sergey/iqa-data/kadid10k/images/I44_07_04.png,0.2875318066157761,0.5658400654792786
5409,kadid10k,kadid10k/i44,/home/sergey/iqa-data/kadid10k/images/I44_07_05.png,0.2544529262086514,0.6070688962936401
5410,kadid10k,kadid10k/i44,/home/sergey/iqa-data/kadid10k/images/I44_08_01.png,0.916030534351145,0.6480905413627625
5411,kadid10k,kadid10k/i44,/home/sergey/iqa-data/kadid10k/images/I44_08_02.png,0.5674300254452926,0.6337863802909851
5412,kadid10k,kadid10k/i44,/home/sergey/iqa-data/kadid10k/images/I44_08_03.png,0.3053435114503817,0.5828746557235718
5413,kadid10k,kadid10k/i44,/home/sergey/iqa-data/kadid10k/images/I44_08_04.png,0.094147582697201,0.5365076065063477
5414,kadid10k,kadid10k/i44,/home/sergey/iqa-data/kadid10k/images/I44_08_05.png,0.0687022900763358,0.5373095273971558
5415,kadid10k,kadid10k/i44,/home/sergey/iqa-data/kadid10k/images/I44_09_01.png,0.94910941475827,0.6576351523399353
5416,kadid10k,kadid10k/i44,/home/sergey/iqa-data/kadid10k/images/I44_09_02.png,0.9083969465648856,0.6220234632492065
5417,kadid10k,kadid10k/i44,/home/sergey/iqa-data/kadid10k/images/I44_09_03.png,0.8651399491094149,0.5827681422233582
5418,kadid10k,kadid10k/i44,/home/sergey/iqa-data/kadid10k/images/I44_09_04.png,0.534351145038168,0.4418017268180847
5419,kadid10k,kadid10k/i44,/home/sergey/iqa-data/kadid10k/images/I44_09_05.png,0.0839694656488549,0.34459829330444336
5420,kadid10k,kadid10k/i44,/home/sergey/iqa-data/kadid10k/images/I44_10_01.png,0.8982188295165395,0.5596153140068054
5421,kadid10k,kadid10k/i44,/home/sergey/iqa-data/kadid10k/images/I44_10_02.png,0.8651399491094149,0.5412530899047852
5422,kadid10k,kadid10k/i44,/home/sergey/iqa-data/kadid10k/images/I44_10_03.png,0.7302798982188295,0.508506178855896
5423,kadid10k,kadid10k/i44,/home/sergey/iqa-data/kadid10k/images/I44_10_04.png,0.3384223918575064,0.40521273016929626
5424,kadid10k,kadid10k/i44,/home/sergey/iqa-data/kadid10k/images/I44_10_05.png,0.094147582697201,0.5216975212097168
5425,kadid10k,kadid10k/i44,/home/sergey/iqa-data/kadid10k/images/I44_11_01.png,0.78117048346056,0.5271278619766235
5426,kadid10k,kadid10k/i44,/home/sergey/iqa-data/kadid10k/images/I44_11_02.png,0.6539440203562341,0.49282121658325195
5427,kadid10k,kadid10k/i44,/home/sergey/iqa-data/kadid10k/images/I44_11_03.png,0.5597964376590332,0.480433851480484
5428,kadid10k,kadid10k/i44,/home/sergey/iqa-data/kadid10k/images/I44_11_04.png,0.450381679389313,0.44840025901794434
5429,kadid10k,kadid10k/i44,/home/sergey/iqa-data/kadid10k/images/I44_11_05.png,0.3384223918575064,0.4111229479312897
5430,kadid10k,kadid10k/i44,/home/sergey/iqa-data/kadid10k/images/I44_12_01.png,0.8575063613231553,0.576671838760376
5431,kadid10k,kadid10k/i44,/home/sergey/iqa-data/kadid10k/images/I44_12_02.png,0.7709923664122139,0.505030632019043
5432,kadid10k,kadid10k/i44,/home/sergey/iqa-data/kadid10k/images/I44_12_03.png,0.5776081424936387,0.47472330927848816
5433,kadid10k,kadid10k/i44,/home/sergey/iqa-data/kadid10k/images/I44_12_04.png,0.4681933842239186,0.4319971203804016
5434,kadid10k,kadid10k/i44,/home/sergey/iqa-data/kadid10k/images/I44_12_05.png,0.3129770992366412,0.4102634787559509
5435,kadid10k,kadid10k/i44,/home/sergey/iqa-data/kadid10k/images/I44_13_01.png,0.6870229007633589,0.6834395527839661
5436,kadid10k,kadid10k/i44,/home/sergey/iqa-data/kadid10k/images/I44_13_02.png,0.5089058524173028,0.6397276520729065
5437,kadid10k,kadid10k/i44,/home/sergey/iqa-data/kadid10k/images/I44_13_03.png,0.3893129770992366,0.6288044452667236
5438,kadid10k,kadid10k/i44,/home/sergey/iqa-data/kadid10k/images/I44_13_04.png,0.3740458015267176,0.6102222204208374
5439,kadid10k,kadid10k/i44,/home/sergey/iqa-data/kadid10k/images/I44_13_05.png,0.3307888040712468,0.5888960957527161
5440,kadid10k,kadid10k/i44,/home/sergey/iqa-data/kadid10k/images/I44_14_01.png,0.8651399491094149,0.6091190576553345
5441,kadid10k,kadid10k/i44,/home/sergey/iqa-data/kadid10k/images/I44_14_02.png,0.7302798982188295,0.5426949858665466
5442,kadid10k,kadid10k/i44,/home/sergey/iqa-data/kadid10k/images/I44_14_03.png,0.5267175572519084,0.5139217376708984
5443,kadid10k,kadid10k/i44,/home/sergey/iqa-data/kadid10k/images/I44_14_04.png,0.4580152671755725,0.4899557828903198
5444,kadid10k,kadid10k/i44,/home/sergey/iqa-data/kadid10k/images/I44_14_05.png,0.3231552162849873,0.45522540807724
5445,kadid10k,kadid10k/i44,/home/sergey/iqa-data/kadid10k/images/I44_15_01.png,0.7048346055979644,0.46351197361946106
5446,kadid10k,kadid10k/i44,/home/sergey/iqa-data/kadid10k/images/I44_15_02.png,0.5012722646310434,0.37673476338386536
5447,kadid10k,kadid10k/i44,/home/sergey/iqa-data/kadid10k/images/I44_15_03.png,0.3129770992366412,0.35659652948379517
5448,kadid10k,kadid10k/i44,/home/sergey/iqa-data/kadid10k/images/I44_15_04.png,0.1603053435114503,0.3423868417739868
5449,kadid10k,kadid10k/i44,/home/sergey/iqa-data/kadid10k/images/I44_15_05.png,0.0508905852417302,0.341833233833313
5450,kadid10k,kadid10k/i44,/home/sergey/iqa-data/kadid10k/images/I44_16_01.png,0.8218829516539442,0.6535534858703613
5451,kadid10k,kadid10k/i44,/home/sergey/iqa-data/kadid10k/images/I44_16_02.png,0.796437659033079,0.6536422967910767
5452,kadid10k,kadid10k/i44,/home/sergey/iqa-data/kadid10k/images/I44_16_03.png,0.6284987277353691,0.6589499711990356
5453,kadid10k,kadid10k/i44,/home/sergey/iqa-data/kadid10k/images/I44_16_04.png,0.3307888040712468,0.6006465554237366
5454,kadid10k,kadid10k/i44,/home/sergey/iqa-data/kadid10k/images/I44_16_05.png,0.1195928753180661,0.4928728938102722
5455,kadid10k,kadid10k/i44,/home/sergey/iqa-data/kadid10k/images/I44_17_01.png,0.916030534351145,0.645337700843811
5456,kadid10k,kadid10k/i44,/home/sergey/iqa-data/kadid10k/images/I44_17_02.png,0.89058524173028,0.6365714073181152
5457,kadid10k,kadid10k/i44,/home/sergey/iqa-data/kadid10k/images/I44_17_03.png,0.7379134860050891,0.6264581680297852
5458,kadid10k,kadid10k/i44,/home/sergey/iqa-data/kadid10k/images/I44_17_04.png,0.6539440203562341,0.6080722212791443
5459,kadid10k,kadid10k/i44,/home/sergey/iqa-data/kadid10k/images/I44_17_05.png,0.178117048346056,0.5629416704177856
5460,kadid10k,kadid10k/i44,/home/sergey/iqa-data/kadid10k/images/I44_18_01.png,0.7709923664122139,0.643213152885437
5461,kadid10k,kadid10k/i44,/home/sergey/iqa-data/kadid10k/images/I44_18_02.png,0.8727735368956743,0.6448659896850586
5462,kadid10k,kadid10k/i44,/home/sergey/iqa-data/kadid10k/images/I44_18_03.png,0.8651399491094149,0.6480905413627625
5463,kadid10k,kadid10k/i44,/home/sergey/iqa-data/kadid10k/images/I44_18_04.png,0.8295165394402035,0.639245867729187
5464,kadid10k,kadid10k/i44,/home/sergey/iqa-data/kadid10k/images/I44_18_05.png,0.6793893129770993,0.642366886138916
5465,kadid10k,kadid10k/i44,/home/sergey/iqa-data/kadid10k/images/I44_19_01.png,0.8829516539440203,0.6576141119003296
5466,kadid10k,kadid10k/i44,/home/sergey/iqa-data/kadid10k/images/I44_19_02.png,0.8218829516539442,0.6724833250045776
5467,kadid10k,kadid10k/i44,/home/sergey/iqa-data/kadid10k/images/I44_19_03.png,0.712468193384224,0.6719632148742676
5468,kadid10k,kadid10k/i44,/home/sergey/iqa-data/kadid10k/images/I44_19_04.png,0.3053435114503817,0.6658704876899719
5469,kadid10k,kadid10k/i44,/home/sergey/iqa-data/kadid10k/images/I44_19_05.png,0.1094147582697201,0.6146837472915649
5470,kadid10k,kadid10k/i44,/home/sergey/iqa-data/kadid10k/images/I44_20_01.png,0.8218829516539442,0.6580784320831299
5471,kadid10k,kadid10k/i44,/home/sergey/iqa-data/kadid10k/images/I44_20_02.png,0.6793893129770993,0.646472156047821
5472,kadid10k,kadid10k/i44,/home/sergey/iqa-data/kadid10k/images/I44_20_03.png,0.8142493638676845,0.6408632397651672
5473,kadid10k,kadid10k/i44,/home/sergey/iqa-data/kadid10k/images/I44_20_04.png,0.6437659033078881,0.649927020072937
5474,kadid10k,kadid10k/i44,/home/sergey/iqa-data/kadid10k/images/I44_20_05.png,0.5776081424936387,0.6466326713562012
5475,kadid10k,kadid10k/i44,/home/sergey/iqa-data/kadid10k/images/I44_21_01.png,0.78117048346056,0.6596057415008545
5476,kadid10k,kadid10k/i44,/home/sergey/iqa-data/kadid10k/images/I44_21_02.png,0.5419847328244275,0.692386269569397
5477,kadid10k,kadid10k/i44,/home/sergey/iqa-data/kadid10k/images/I44_21_03.png,0.5165394402035624,0.6946806311607361
5478,kadid10k,kadid10k/i44,/home/sergey/iqa-data/kadid10k/images/I44_21_04.png,0.6412213740458016,0.6811214685440063
5479,kadid10k,kadid10k/i44,/home/sergey/iqa-data/kadid10k/images/I44_21_05.png,0.1094147582697201,0.648141086101532
5480,kadid10k,kadid10k/i44,/home/sergey/iqa-data/kadid10k/images/I44_22_01.png,0.8982188295165395,0.6429994702339172
5481,kadid10k,kadid10k/i44,/home/sergey/iqa-data/kadid10k/images/I44_22_02.png,0.8473282442748092,0.6311615705490112
5482,kadid10k,kadid10k/i44,/home/sergey/iqa-data/kadid10k/images/I44_22_03.png,0.8142493638676845,0.6087266802787781
5483,kadid10k,kadid10k/i44,/home/sergey/iqa-data/kadid10k/images/I44_22_04.png,0.5648854961832062,0.5942562818527222
5484,kadid10k,kadid10k/i44,/home/sergey/iqa-data/kadid10k/images/I44_22_05.png,0.3384223918575064,0.5897868871688843
5485,kadid10k,kadid10k/i44,/home/sergey/iqa-data/kadid10k/images/I44_23_01.png,0.4402035623409669,0.651741623878479
5486,kadid10k,kadid10k/i44,/home/sergey/iqa-data/kadid10k/images/I44_23_02.png,0.3994910941475826,0.650164008140564
5487,kadid10k,kadid10k/i44,/home/sergey/iqa-data/kadid10k/images/I44_23_03.png,0.3129770992366412,0.6483393907546997
5488,kadid10k,kadid10k/i44,/home/sergey/iqa-data/kadid10k/images/I44_23_04.png,0.2468193384223918,0.6335889101028442
5489,kadid10k,kadid10k/i44,/home/sergey/iqa-data/kadid10k/images/I44_23_05.png,0.2468193384223918,0.6641154289245605
5490,kadid10k,kadid10k/i44,/home/sergey/iqa-data/kadid10k/images/I44_24_01.png,0.6615776081424937,0.640072226524353
5491,kadid10k,kadid10k/i44,/home/sergey/iqa-data/kadid10k/images/I44_24_02.png,0.3689567430025446,0.6259897947311401
5492,kadid10k,kadid10k/i44,/home/sergey/iqa-data/kadid10k/images/I44_24_03.png,0.2544529262086514,0.6075392961502075
5493,kadid10k,kadid10k/i44,/home/sergey/iqa-data/kadid10k/images/I44_24_04.png,0.1857506361323155,0.590194821357727
5494,kadid10k,kadid10k/i44,/home/sergey/iqa-data/kadid10k/images/I44_24_05.png,0.0508905852417302,0.57869553565979
5495,kadid10k,kadid10k/i44,/home/sergey/iqa-data/kadid10k/images/I44_25_01.png,0.5521628498727735,0.628329873085022
5496,kadid10k,kadid10k/i44,/home/sergey/iqa-data/kadid10k/images/I44_25_02.png,0.6539440203562341,0.6399470567703247
5497,kadid10k,kadid10k/i44,/home/sergey/iqa-data/kadid10k/images/I44_25_03.png,0.806615776081425,0.6413501501083374
5498,kadid10k,kadid10k/i44,/home/sergey/iqa-data/kadid10k/images/I44_25_04.png,0.6106870229007634,0.6648076772689819
5499,kadid10k,kadid10k/i44,/home/sergey/iqa-data/kadid10k/images/I44_25_05.png,0.5012722646310434,0.6606353521347046
6375,kadid10k,kadid10k/i52,/home/sergey/iqa-data/kadid10k/images/I52_01_01.png,0.9592875318066156,0.7809897661209106
6376,kadid10k,kadid10k/i52,/home/sergey/iqa-data/kadid10k/images/I52_01_02.png,0.8829516539440203,0.7381414175033569
6377,kadid10k,kadid10k/i52,/home/sergey/iqa-data/kadid10k/images/I52_01_03.png,0.4402035623409669,0.4259395897388458
6378,kadid10k,kadid10k/i52,/home/sergey/iqa-data/kadid10k/images/I52_01_04.png,0.2213740458015267,0.3327059745788574
6379,kadid10k,kadid10k/i52,/home/sergey/iqa-data/kadid10k/images/I52_01_05.png,0.0687022900763358,0.2926255464553833
6380,kadid10k,kadid10k/i52,/home/sergey/iqa-data/kadid10k/images/I52_02_01.png,0.78117048346056,0.6218181252479553
6381,kadid10k,kadid10k/i52,/home/sergey/iqa-data/kadid10k/images/I52_02_02.png,0.4936386768447837,0.37782683968544006
6382,kadid10k,kadid10k/i52,/home/sergey/iqa-data/kadid10k/images/I52_02_03.png,0.2035623409669211,0.26807737350463867
6383,kadid10k,kadid10k/i52,/home/sergey/iqa-data/kadid10k/images/I52_02_04.png,0.094147582697201,0.2598729729652405
6384,kadid10k,kadid10k/i52,/home/sergey/iqa-data/kadid10k/images/I52_02_05.png,0.0661577608142493,0.24841731786727905
6385,kadid10k,kadid10k/i52,/home/sergey/iqa-data/kadid10k/images/I52_03_01.png,0.9414758269720104,0.7809897661209106
6386,kadid10k,kadid10k/i52,/home/sergey/iqa-data/kadid10k/images/I52_03_02.png,0.8142493638676845,0.7172573208808899
6387,kadid10k,kadid10k/i52,/home/sergey/iqa-data/kadid10k/images/I52_03_03.png,0.4249363867684478,0.45442134141921997
6388,kadid10k,kadid10k/i52,/home/sergey/iqa-data/kadid10k/images/I52_03_04.png,0.1959287531806616,0.49305102229118347
6389,kadid10k,kadid10k/i52,/home/sergey/iqa-data/kadid10k/images/I52_03_05.png,0.1526717557251908,0.3264760375022888
6390,kadid10k,kadid10k/i52,/home/sergey/iqa-data/kadid10k/images/I52_04_01.png,0.8473282442748092,0.7702794075012207
6391,kadid10k,kadid10k/i52,/home/sergey/iqa-data/kadid10k/images/I52_04_02.png,0.5012722646310434,0.7344838380813599
6392,kadid10k,kadid10k/i52,/home/sergey/iqa-data/kadid10k/images/I52_04_03.png,0.2366412213740458,0.6753648519515991
6393,kadid10k,kadid10k/i52,/home/sergey/iqa-data/kadid10k/images/I52_04_04.png,0.1272264631043257,0.653337299823761
6394,kadid10k,kadid10k/i52,/home/sergey/iqa-data/kadid10k/images/I52_04_05.png,0.094147582697201,0.6113502383232117
6395,kadid10k,kadid10k/i52,/home/sergey/iqa-data/kadid10k/images/I52_05_01.png,0.9236641221374048,0.7546702027320862
6396,kadid10k,kadid10k/i52,/home/sergey/iqa-data/kadid10k/images/I52_05_02.png,0.4656488549618321,0.7053658962249756
6397,kadid10k,kadid10k/i52,/home/sergey/iqa-data/kadid10k/images/I52_05_03.png,0.3486005089058525,0.7142324447631836
6398,kadid10k,kadid10k/i52,/home/sergey/iqa-data/kadid10k/images/I52_05_04.png,0.3893129770992366,0.7160834074020386
6399,kadid10k,kadid10k/i52,/home/sergey/iqa-data/kadid10k/images/I52_05_05.png,0.5165394402035624,0.7135891914367676
6400,kadid10k,kadid10k/i52,/home/sergey/iqa-data/kadid10k/images/I52_06_01.png,0.8218829516539442,0.6355587244033813
6401,kadid10k,kadid10k/i52,/home/sergey/iqa-data/kadid10k/images/I52_06_02.png,0.8142493638676845,0.6324535608291626
6402,kadid10k,kadid10k/i52,/home/sergey/iqa-data/kadid10k/images/I52_06_03.png,0.7379134860050891,0.6364877820014954
6403,kadid10k,kadid10k/i52,/home/sergey/iqa-data/kadid10k/images/I52_06_04.png,0.4910941475826972,0.6404050588607788
6404,kadid10k,kadid10k/i52,/home/sergey/iqa-data/kadid10k/images/I52_06_05.png,0.3893129770992366,0.6458905935287476
6405,kadid10k,kadid10k/i52,/home/sergey/iqa-data/kadid10k/images/I52_07_01.png,0.3638676844783716,0.7805026769638062
6406,kadid10k,kadid10k/i52,/home/sergey/iqa-data/kadid10k/images/I52_07_02.png,0.3053435114503817,0.7715475559234619
6407,kadid10k,kadid10k/i52,/home/sergey/iqa-data/kadid10k/images/I52_07_03.png,0.2366412213740458,0.7561820149421692
6408,kadid10k,kadid10k/i52,/home/sergey/iqa-data/kadid10k/images/I52_07_04.png,0.2544529262086514,0.7225271463394165
6409,kadid10k,kadid10k/i52,/home/sergey/iqa-data/kadid10k/images/I52_07_05.png,0.2111959287531807,0.7666754722595215
6410,kadid10k,kadid10k/i52,/home/sergey/iqa-data/kadid10k/images/I52_08_01.png,0.9414758269720104,0.7809897661209106
6411,kadid10k,kadid10k/i52,/home/sergey/iqa-data/kadid10k/images/I52_08_02.png,0.7455470737913487,0.6940276622772217
6412,kadid10k,kadid10k/i52,/home/sergey/iqa-data/kadid10k/images/I52_08_03.png,0.6946564885496184,0.677425742149353
6413,kadid10k,kadid10k/i52,/home/sergey/iqa-data/kadid10k/images/I52_08_04.png,0.3053435114503817,0.6547045111656189
6414,kadid10k,kadid10k/i52,/home/sergey/iqa-data/kadid10k/images/I52_08_05.png,0.2290076335877862,0.6304206252098083
6415,kadid10k,kadid10k/i52,/home/sergey/iqa-data/kadid10k/images/I52_09_01.png,0.8982188295165395,0.75
6416,kadid10k,kadid10k/i52,/home/sergey/iqa-data/kadid10k/images/I52_09_02.png,0.6361323155216285,0.6594995260238647
6417,kadid10k,kadid10k/i52,/home/sergey/iqa-data/kadid10k/images/I52_09_03.png,0.3893129770992366,0.5887313485145569
6418,kadid10k,kadid10k/i52,/home/sergey/iqa-data/kadid10k/images/I52_09_04.png,0.1272264631043257,0.35712987184524536
6419,kadid10k,kadid10k/i52,/home/sergey/iqa-data/kadid10k/images/I52_09_05.png,0.0585241730279898,0.2879849076271057
6420,kadid10k,kadid10k/i52,/home/sergey/iqa-data/kadid10k/images/I52_10_01.png,0.7455470737913487,0.6590958833694458
6421,kadid10k,kadid10k/i52,/home/sergey/iqa-data/kadid10k/images/I52_10_02.png,0.6870229007633589,0.6461070775985718
6422,kadid10k,kadid10k/i52,/home/sergey/iqa-data/kadid10k/images/I52_10_03.png,0.6030534351145039,0.6022247076034546
6423,kadid10k,kadid10k/i52,/home/sergey/iqa-data/kadid10k/images/I52_10_04.png,0.178117048346056,0.46624916791915894
6424,kadid10k,kadid10k/i52,/home/sergey/iqa-data/kadid10k/images/I52_10_05.png,0.0508905852417302,0.4959663450717926
6425,kadid10k,kadid10k/i52,/home/sergey/iqa-data/kadid10k/images/I52_11_01.png,0.6692111959287532,0.597081184387207
6426,kadid10k,kadid10k/i52,/home/sergey/iqa-data/kadid10k/images/I52_11_02.png,0.534351145038168,0.57560795545578
6427,kadid10k,kadid10k/i52,/home/sergey/iqa-data/kadid10k/images/I52_11_03.png,0.4325699745547074,0.5617028474807739
6428,kadid10k,kadid10k/i52,/home/sergey/iqa-data/kadid10k/images/I52_11_04.png,0.3638676844783716,0.5413306951522827
6429,kadid10k,kadid10k/i52,/home/sergey/iqa-data/kadid10k/images/I52_11_05.png,0.272264631043257,0.5093090534210205
6430,kadid10k,kadid10k/i52,/home/sergey/iqa-data/kadid10k/images/I52_12_01.png,0.89058524173028,0.6387532949447632
6431,kadid10k,kadid10k/i52,/home/sergey/iqa-data/kadid10k/images/I52_12_02.png,0.5776081424936387,0.5809634923934937
6432,kadid10k,kadid10k/i52,/home/sergey/iqa-data/kadid10k/images/I52_12_03.png,0.4580152671755725,0.5575152635574341
6433,kadid10k,kadid10k/i52,/home/sergey/iqa-data/kadid10k/images/I52_12_04.png,0.3740458015267176,0.5272648930549622
6434,kadid10k,kadid10k/i52,/home/sergey/iqa-data/kadid10k/images/I52_12_05.png,0.361323155216285,0.508358359336853
6435,kadid10k,kadid10k/i52,/home/sergey/iqa-data/kadid10k/images/I52_13_01.png,0.5597964376590332,0.734889805316925
6436,kadid10k,kadid10k/i52,/home/sergey/iqa-data/kadid10k/images/I52_13_02.png,0.450381679389313,0.6642075181007385
6437,kadid10k,kadid10k/i52,/home/sergey/iqa-data/kadid10k/images/I52_13_03.png,0.4249363867684478,0.6506325602531433
6438,kadid10k,kadid10k/i52,/home/sergey/iqa-data/kadid10k/images/I52_13_04.png,0.2977099236641221,0.630200982093811
6439,kadid10k,kadid10k/i52,/home/sergey/iqa-data/kadid10k/images/I52_13_05.png,0.2544529262086514,0.6084884405136108
6440,kadid10k,kadid10k/i52,/home/sergey/iqa-data/kadid10k/images/I52_14_01.png,0.8473282442748092,0.6611278057098389
6441,kadid10k,kadid10k/i52,/home/sergey/iqa-data/kadid10k/images/I52_14_02.png,0.6284987277353691,0.5997366905212402
6442,kadid10k,kadid10k/i52,/home/sergey/iqa-data/kadid10k/images/I52_14_03.png,0.4580152671755725,0.5799083709716797
6443,kadid10k,kadid10k/i52,/home/sergey/iqa-data/kadid10k/images/I52_14_04.png,0.3307888040712468,0.5540247559547424
6444,kadid10k,kadid10k/i52,/home/sergey/iqa-data/kadid10k/images/I52_14_05.png,0.3231552162849873,0.526748776435852
6445,kadid10k,kadid10k/i52,/home/sergey/iqa-data/kadid10k/images/I52_15_01.png,0.712468193384224,0.6079025864601135
6446,kadid10k,kadid10k/i52,/home/sergey/iqa-data/kadid10k/images/I52_15_02.png,0.4249363867684478,0.5201751589775085
6447,kadid10k,kadid10k/i52,/home/sergey/iqa-data/kadid10k/images/I52_15_03.png,0.2035623409669211,0.4770892262458801
6448,kadid10k,kadid10k/i52,/home/sergey/iqa-data/kadid10k/images/I52_15_04.png,0.1017811704834605,0.41257667541503906
6449,kadid10k,kadid10k/i52,/home/sergey/iqa-data/kadid10k/images/I52_15_05.png,0.0839694656488549,0.3944050669670105
6450,kadid10k,kadid10k/i52,/home/sergey/iqa-data/kadid10k/images/I52_16_01.png,0.9338422391857508,0.7792148590087891
6451,kadid10k,kadid10k/i52,/home/sergey/iqa-data/kadid10k/images/I52_16_02.png,0.8651399491094149,0.7755813598632812
6452,kadid10k,kadid10k/i52,/home/sergey/iqa-data/kadid10k/images/I52_16_03.png,0.7302798982188295,0.7615197896957397
6453,kadid10k,kadid10k/i52,/home/sergey/iqa-data/kadid10k/images/I52_16_04.png,0.534351145038168,0.7213362455368042
6454,kadid10k,kadid10k/i52,/home/sergey/iqa-data/kadid10k/images/I52_16_05.png,0.178117048346056,0.677251398563385
6455,kadid10k,kadid10k/i52,/home/sergey/iqa-data/kadid10k/images/I52_17_01.png,0.9338422391857508,0.7813529968261719
6456,kadid10k,kadid10k/i52,/home/sergey/iqa-data/kadid10k/images/I52_17_02.png,0.9414758269720104,0.7818200588226318
6457,kadid10k,kadid10k/i52,/home/sergey/iqa-data/kadid10k/images/I52_17_03.png,0.9338422391857508,0.778776228427887
6458,kadid10k,kadid10k/i52,/home/sergey/iqa-data/kadid10k/images/I52_17_04.png,0.6539440203562341,0.7634320855140686
6459,kadid10k,kadid10k/i52,/home/sergey/iqa-data/kadid10k/images/I52_17_05.png,0.3816793893129771,0.6814882755279541
6460,kadid10k,kadid10k/i52,/home/sergey/iqa-data/kadid10k/images/I52_18_01.png,0.9236641221374048,0.7559109330177307
6461,kadid10k,kadid10k/i52,/home/sergey/iqa-data/kadid10k/images/I52_18_02.png,0.974554707379135,0.7707008123397827
6462,kadid10k,kadid10k/i52,/home/sergey/iqa-data/kadid10k/images/I52_18_03.png,0.916030534351145,0.7809897661209106
6463,kadid10k,kadid10k/i52,/home/sergey/iqa-data/kadid10k/images/I52_18_04.png,0.94910941475827,0.7755723595619202
6464,kadid10k,kadid10k/i52,/home/sergey/iqa-data/kadid10k/images/I52_18_05.png,0.8218829516539442,0.754875123500824
6465,kadid10k,kadid10k/i52,/home/sergey/iqa-data/kadid10k/images/I52_19_01.png,0.89058524173028,0.7792882323265076
6466,kadid10k,kadid10k/i52,/home/sergey/iqa-data/kadid10k/images/I52_19_02.png,0.8473282442748092,0.7643433809280396
6467,kadid10k,kadid10k/i52,/home/sergey/iqa-data/kadid10k/images/I52_19_03.png,0.4325699745547074,0.7195206880569458
6468,kadid10k,kadid10k/i52,/home/sergey/iqa-data/kadid10k/images/I52_19_04.png,0.1348600508905852,0.6629854440689087
6469,kadid10k,kadid10k/i52,/home/sergey/iqa-data/kadid10k/images/I52_19_05.png,0.0330788804071246,0.6311913728713989
6470,kadid10k,kadid10k/i52,/home/sergey/iqa-data/kadid10k/images/I52_20_01.png,0.8982188295165395,0.7769646644592285
6471,kadid10k,kadid10k/i52,/home/sergey/iqa-data/kadid10k/images/I52_20_02.png,0.6793893129770993,0.7718989253044128
6472,kadid10k,kadid10k/i52,/home/sergey/iqa-data/kadid10k/images/I52_20_03.png,0.6183206106870229,0.7759631872177124
6473,kadid10k,kadid10k/i52,/home/sergey/iqa-data/kadid10k/images/I52_20_04.png,0.5852417302798982,0.7720103859901428
6474,kadid10k,kadid10k/i52,/home/sergey/iqa-data/kadid10k/images/I52_20_05.png,0.4834605597964376,0.7619431614875793
6475,kadid10k,kadid10k/i52,/home/sergey/iqa-data/kadid10k/images/I52_21_01.png,0.7201017811704835,0.7660295963287354
6476,kadid10k,kadid10k/i52,/home/sergey/iqa-data/kadid10k/images/I52_21_02.png,0.4910941475826972,0.7383965253829956
6477,kadid10k,kadid10k/i52,/home/sergey/iqa-data/kadid10k/images/I52_21_03.png,0.4071246819338422,0.7317678928375244
6478,kadid10k,kadid10k/i52,/home/sergey/iqa-data/kadid10k/images/I52_21_04.png,0.3307888040712468,0.712790846824646
6479,kadid10k,kadid10k/i52,/home/sergey/iqa-data/kadid10k/images/I52_21_05.png,0.1348600508905852,0.6440943479537964
6480,kadid10k,kadid10k/i52,/home/sergey/iqa-data/kadid10k/images/I52_22_01.png,0.8218829516539442,0.707078218460083
6481,kadid10k,kadid10k/i52,/home/sergey/iqa-data/kadid10k/images/I52_22_02.png,0.6183206106870229,0.7014732956886292
6482,kadid10k,kadid10k/i52,/home/sergey/iqa-data/kadid10k/images/I52_22_03.png,0.5674300254452926,0.6854064464569092
6483,kadid10k,kadid10k/i52,/home/sergey/iqa-data/kadid10k/images/I52_22_04.png,0.6030534351145039,0.6745132207870483
6484,kadid10k,kadid10k/i52,/home/sergey/iqa-data/kadid10k/images/I52_22_05.png,0.4249363867684478,0.6613419055938721
6485,kadid10k,kadid10k/i52,/home/sergey/iqa-data/kadid10k/images/I52_23_01.png,0.3638676844783716,0.7791728973388672
6486,kadid10k,kadid10k/i52,/home/sergey/iqa-data/kadid10k/images/I52_23_02.png,0.3893129770992366,0.7778749465942383
6487,kadid10k,kadid10k/i52,/home/sergey/iqa-data/kadid10k/images/I52_23_03.png,0.3231552162849873,0.7693384885787964
6488,kadid10k,kadid10k/i52,/home/sergey/iqa-data/kadid10k/images/I52_23_04.png,0.2366412213740458,0.7667386531829834
6489,kadid10k,kadid10k/i52,/home/sergey/iqa-data/kadid10k/images/I52_23_05.png,0.3053435114503817,0.7634196281433105
6490,kadid10k,kadid10k/i52,/home/sergey/iqa-data/kadid10k/images/I52_24_01.png,0.7201017811704835,0.7775681018829346
6491,kadid10k,kadid10k/i52,/home/sergey/iqa-data/kadid10k/images/I52_24_02.png,0.4656488549618321,0.7554550170898438
6492,kadid10k,kadid10k/i52,/home/sergey/iqa-data/kadid10k/images/I52_24_03.png,0.2798982188295166,0.7409346699714661
6493,kadid10k,kadid10k/i52,/home/sergey/iqa-data/kadid10k/images/I52_24_04.png,0.1704834605597964,0.708511233329773
6494,kadid10k,kadid10k/i52,/home/sergey/iqa-data/kadid10k/images/I52_24_05.png,0.1195928753180661,0.6725475192070007
6495,kadid10k,kadid10k/i52,/home/sergey/iqa-data/kadid10k/images/I52_25_01.png,0.7709923664122139,0.714023232460022
6496,kadid10k,kadid10k/i52,/home/sergey/iqa-data/kadid10k/images/I52_25_02.png,0.8396946564885497,0.7389963865280151
6497,kadid10k,kadid10k/i52,/home/sergey/iqa-data/kadid10k/images/I52_25_03.png,0.8575063613231553,0.762261152267456
6498,kadid10k,kadid10k/i52,/home/sergey/iqa-data/kadid10k/images/I52_25_04.png,0.8651399491094149,0.7806880474090576
6499,kadid10k,kadid10k/i52,/home/sergey/iqa-data/kadid10k/images/I52_25_05.png,0.6539440203562341,0.763634204864502
7250,kadid10k,kadid10k/i59,/home/sergey/iqa-data/kadid10k/images/I59_01_01.png,0.9669211195928752,0.7052327990531921
7251,kadid10k,kadid10k/i59,/home/sergey/iqa-data/kadid10k/images/I59_01_02.png,0.8396946564885497,0.5754013657569885
7252,kadid10k,kadid10k/i59,/home/sergey/iqa-data/kadid10k/images/I59_01_03.png,0.5597964376590332,0.3835071921348572
7253,kadid10k,kadid10k/i59,/home/sergey/iqa-data/kadid10k/images/I59_01_04.png,0.2035623409669211,0.34977710247039795
7254,kadid10k,kadid10k/i59,/home/sergey/iqa-data/kadid10k/images/I59_01_05.png,0.094147582697201,0.3186350464820862
7255,kadid10k,kadid10k/i59,/home/sergey/iqa-data/kadid10k/images/I59_02_01.png,0.8575063613231553,0.4469015896320343
7256,kadid10k,kadid10k/i59,/home/sergey/iqa-data/kadid10k/images/I59_02_02.png,0.5165394402035624,0.37211039662361145
7257,kadid10k,kadid10k/i59,/home/sergey/iqa-data/kadid10k/images/I59_02_03.png,0.1857506361323155,0.32195502519607544
7258,kadid10k,kadid10k/i59,/home/sergey/iqa-data/kadid10k/images/I59_02_04.png,0.1195928753180661,0.32959920167922974
7259,kadid10k,kadid10k/i59,/home/sergey/iqa-data/kadid10k/images/I59_02_05.png,0.0508905852417302,0.3200588822364807
7260,kadid10k,kadid10k/i59,/home/sergey/iqa-data/kadid10k/images/I59_03_01.png,0.974554707379135,0.7052327990531921
7261,kadid10k,kadid10k/i59,/home/sergey/iqa-data/kadid10k/images/I59_03_02.png,0.83206106870229,0.5135447382926941
7262,kadid10k,kadid10k/i59,/home/sergey/iqa-data/kadid10k/images/I59_03_03.png,0.6183206106870229,0.3784574568271637
7263,kadid10k,kadid10k/i59,/home/sergey/iqa-data/kadid10k/images/I59_03_04.png,0.3307888040712468,0.3018620014190674
7264,kadid10k,kadid10k/i59,/home/sergey/iqa-data/kadid10k/images/I59_03_05.png,0.1195928753180661,0.32683852314949036
7265,kadid10k,kadid10k/i59,/home/sergey/iqa-data/kadid10k/images/I59_04_01.png,0.916030534351145,0.6828693747520447
7266,kadid10k,kadid10k/i59,/home/sergey/iqa-data/kadid10k/images/I59_04_02.png,0.5521628498727735,0.6948109865188599
7267,kadid10k,kadid10k/i59,/home/sergey/iqa-data/kadid10k/images/I59_04_03.png,0.3384223918575064,0.6413794755935669
7268,kadid10k,kadid10k/i59,/home/sergey/iqa-data/kadid10k/images/I59_04_04.png,0.3638676844783716,0.6197370290756226
7269,kadid10k,kadid10k/i59,/home/sergey/iqa-data/kadid10k/images/I59_04_05.png,0.272264631043257,0.6007651686668396
7270,kadid10k,kadid10k/i59,/home/sergey/iqa-data/kadid10k/images/I59_05_01.png,0.9338422391857508,0.6234216094017029
7271,kadid10k,kadid10k/i59,/home/sergey/iqa-data/kadid10k/images/I59_05_02.png,0.4071246819338422,0.5570262670516968
7272,kadid10k,kadid10k/i59,/home/sergey/iqa-data/kadid10k/images/I59_05_03.png,0.2290076335877862,0.5703365802764893
7273,kadid10k,kadid10k/i59,/home/sergey/iqa-data/kadid10k/images/I59_05_04.png,0.0687022900763358,0.563927173614502
7274,kadid10k,kadid10k/i59,/home/sergey/iqa-data/kadid10k/images/I59_05_05.png,0.1017811704834605,0.5703946352005005
7275,kadid10k,kadid10k/i59,/home/sergey/iqa-data/kadid10k/images/I59_06_01.png,0.83206106870229,0.593259871006012
7276,kadid10k,kadid10k/i59,/home/sergey/iqa-data/kadid10k/images/I59_06_02.png,0.7557251908396948,0.6089932322502136
7277,kadid10k,kadid10k/i59,/home/sergey/iqa-data/kadid10k/images/I59_06_03.png,0.7302798982188295,0.620795488357544
7278,kadid10k,kadid10k/i59,/home/sergey/iqa-data/kadid10k/images/I59_06_04.png,0.6030534351145039,0.6393095850944519
7279,kadid10k,kadid10k/i59,/home/sergey/iqa-data/kadid10k/images/I59_06_05.png,0.4656488549618321,0.6464509963989258
7280,kadid10k,kadid10k/i59,/home/sergey/iqa-data/kadid10k/images/I59_07_01.png,0.5419847328244275,0.6777206063270569
7281,kadid10k,kadid10k/i59,/home/sergey/iqa-data/kadid10k/images/I59_07_02.png,0.356234096692112,0.6442626714706421
7282,kadid10k,kadid10k/i59,/home/sergey/iqa-data/kadid10k/images/I59_07_03.png,0.4580152671755725,0.6259039640426636
7283,kadid10k,kadid10k/i59,/home/sergey/iqa-data/kadid10k/images/I59_07_04.png,0.3867684478371501,0.6090631484985352
7284,kadid10k,kadid10k/i59,/home/sergey/iqa-data/kadid10k/images/I59_07_05.png,0.3027989821882951,0.6541352272033691
7285,kadid10k,kadid10k/i59,/home/sergey/iqa-data/kadid10k/images/I59_08_01.png,0.9414758269720104,0.7052327990531921
7286,kadid10k,kadid10k/i59,/home/sergey/iqa-data/kadid10k/images/I59_08_02.png,0.5776081424936387,0.6890970468521118
7287,kadid10k,kadid10k/i59,/home/sergey/iqa-data/kadid10k/images/I59_08_03.png,0.4758269720101782,0.6398173570632935
7288,kadid10k,kadid10k/i59,/home/sergey/iqa-data/kadid10k/images/I59_08_04.png,0.356234096692112,0.5836398005485535
7289,kadid10k,kadid10k/i59,/home/sergey/iqa-data/kadid10k/images/I59_08_05.png,0.2213740458015267,0.5555161237716675
7290,kadid10k,kadid10k/i59,/home/sergey/iqa-data/kadid10k/images/I59_09_01.png,0.9236641221374048,0.6853733062744141
7291,kadid10k,kadid10k/i59,/home/sergey/iqa-data/kadid10k/images/I59_09_02.png,0.916030534351145,0.5842506885528564
7292,kadid10k,kadid10k/i59,/home/sergey/iqa-data/kadid10k/images/I59_09_03.png,0.8651399491094149,0.5457319021224976
7293,kadid10k,kadid10k/i59,/home/sergey/iqa-data/kadid10k/images/I59_09_04.png,0.534351145038168,0.429643452167511
7294,kadid10k,kadid10k/i59,/home/sergey/iqa-data/kadid10k/images/I59_09_05.png,0.0763358778625954,0.3164268732070923
7295,kadid10k,kadid10k/i59,/home/sergey/iqa-data/kadid10k/images/I59_10_01.png,0.9592875318066156,0.5984992384910583
7296,kadid10k,kadid10k/i59,/home/sergey/iqa-data/kadid10k/images/I59_10_02.png,0.9592875318066156,0.5763373970985413
7297,kadid10k,kadid10k/i59,/home/sergey/iqa-data/kadid10k/images/I59_10_03.png,0.89058524173028,0.5088180899620056
7298,kadid10k,kadid10k/i59,/home/sergey/iqa-data/kadid10k/images/I59_10_04.png,0.3816793893129771,0.3555941581726074
7299,kadid10k,kadid10k/i59,/home/sergey/iqa-data/kadid10k/images/I59_10_05.png,0.1195928753180661,0.4188074469566345
7300,kadid10k,kadid10k/i59,/home/sergey/iqa-data/kadid10k/images/I59_11_01.png,0.8371501272264632,0.5968120098114014
7301,kadid10k,kadid10k/i59,/home/sergey/iqa-data/kadid10k/images/I59_11_02.png,0.7048346055979644,0.5711315870285034
7302,kadid10k,kadid10k/i59,/home/sergey/iqa-data/kadid10k/images/I59_11_03.png,0.6183206106870229,0.5594578385353088
7303,kadid10k,kadid10k/i59,/home/sergey/iqa-data/kadid10k/images/I59_11_04.png,0.5089058524173028,0.5429248809814453
7304,kadid10k,kadid10k/i59,/home/sergey/iqa-data/kadid10k/images/I59_11_05.png,0.3307888040712468,0.5166111588478088
7305,kadid10k,kadid10k/i59,/home/sergey/iqa-data/kadid10k/images/I59_12_01.png,0.89058524173028,0.650896430015564
7306,kadid10k,kadid10k/i59,/home/sergey/iqa-data/kadid10k/images/I59_12_02.png,0.7709923664122139,0.5851103067398071
7307,kadid10k,kadid10k/i59,/home/sergey/iqa-data/kadid10k/images/I59_12_03.png,0.6615776081424937,0.5598698854446411
7308,kadid10k,kadid10k/i59,/home/sergey/iqa-data/kadid10k/images/I59_12_04.png,0.5012722646310434,0.5367208123207092
7309,kadid10k,kadid10k/i59,/home/sergey/iqa-data/kadid10k/images/I59_12_05.png,0.4071246819338422,0.5190162658691406
7310,kadid10k,kadid10k/i59,/home/sergey/iqa-data/kadid10k/images/I59_13_01.png,0.83206106870229,0.7026116847991943
7311,kadid10k,kadid10k/i59,/home/sergey/iqa-data/kadid10k/images/I59_13_02.png,0.5597964376590332,0.6371290683746338
7312,kadid10k,kadid10k/i59,/home/sergey/iqa-data/kadid10k/images/I59_13_03.png,0.450381679389313,0.6261805295944214
7313,kadid10k,kadid10k/i59,/home/sergey/iqa-data/kadid10k/images/I59_13_04.png,0.3384223918575064,0.6143932938575745
7314,kadid10k,kadid10k/i59,/home/sergey/iqa-data/kadid10k/images/I59_13_05.png,0.3307888040712468,0.5989542007446289
7315,kadid10k,kadid10k/i59,/home/sergey/iqa-data/kadid10k/images/I59_14_01.png,0.984732824427481,0.6265382766723633
7316,kadid10k,kadid10k/i59,/home/sergey/iqa-data/kadid10k/images/I59_14_02.png,0.796437659033079,0.5572879910469055
7317,kadid10k,kadid10k/i59,/home/sergey/iqa-data/kadid10k/images/I59_14_03.png,0.5165394402035624,0.5378755331039429
7318,kadid10k,kadid10k/i59,/home/sergey/iqa-data/kadid10k/images/I59_14_04.png,0.450381679389313,0.5400183796882629
7319,kadid10k,kadid10k/i59,/home/sergey/iqa-data/kadid10k/images/I59_14_05.png,0.3129770992366412,0.5426561236381531
7320,kadid10k,kadid10k/i59,/home/sergey/iqa-data/kadid10k/images/I59_15_01.png,0.796437659033079,0.5256708860397339
7321,kadid10k,kadid10k/i59,/home/sergey/iqa-data/kadid10k/images/I59_15_02.png,0.5165394402035624,0.45827406644821167
7322,kadid10k,kadid10k/i59,/home/sergey/iqa-data/kadid10k/images/I59_15_03.png,0.3893129770992366,0.4093853533267975
7323,kadid10k,kadid10k/i59,/home/sergey/iqa-data/kadid10k/images/I59_15_04.png,0.2035623409669211,0.35546600818634033
7324,kadid10k,kadid10k/i59,/home/sergey/iqa-data/kadid10k/images/I59_15_05.png,0.1272264631043257,0.3536430299282074
7325,kadid10k,kadid10k/i59,/home/sergey/iqa-data/kadid10k/images/I59_16_01.png,0.94910941475827,0.7092709541320801
7326,kadid10k,kadid10k/i59,/home/sergey/iqa-data/kadid10k/images/I59_16_02.png,0.8829516539440203,0.7117854952812195
7327,kadid10k,kadid10k/i59,/home/sergey/iqa-data/kadid10k/images/I59_16_03.png,0.7201017811704835,0.7067791223526001
7328,kadid10k,kadid10k/i59,/home/sergey/iqa-data/kadid10k/images/I59_16_04.png,0.4834605597964376,0.6700799465179443
7329,kadid10k,kadid10k/i59,/home/sergey/iqa-data/kadid10k/images/I59_16_05.png,0.1348600508905852,0.605880618095398
7330,kadid10k,kadid10k/i59,/home/sergey/iqa-data/kadid10k/images/I59_17_01.png,0.974554707379135,0.7035504579544067
7331,kadid10k,kadid10k/i59,/home/sergey/iqa-data/kadid10k/images/I59_17_02.png,0.8625954198473282,0.6996457576751709
7332,kadid10k,kadid10k/i59,/home/sergey/iqa-data/kadid10k/images/I59_17_03.png,0.8396946564885497,0.6965672373771667
7333,kadid10k,kadid10k/i59,/home/sergey/iqa-data/kadid10k/images/I59_17_04.png,0.6870229007633589,0.681262731552124
7334,kadid10k,kadid10k/i59,/home/sergey/iqa-data/kadid10k/images/I59_17_05.png,0.3486005089058525,0.6448942422866821
7335,kadid10k,kadid10k/i59,/home/sergey/iqa-data/kadid10k/images/I59_18_01.png,0.8727735368956743,0.6883147954940796
7336,kadid10k,kadid10k/i59,/home/sergey/iqa-data/kadid10k/images/I59_18_02.png,0.9414758269720104,0.6972330212593079
7337,kadid10k,kadid10k/i59,/home/sergey/iqa-data/kadid10k/images/I59_18_03.png,0.9338422391857508,0.7052327990531921
7338,kadid10k,kadid10k/i59,/home/sergey/iqa-data/kadid10k/images/I59_18_04.png,0.8727735368956743,0.7275962829589844
7339,kadid10k,kadid10k/i59,/home/sergey/iqa-data/kadid10k/images/I59_18_05.png,0.7455470737913487,0.7332541346549988
7340,kadid10k,kadid10k/i59,/home/sergey/iqa-data/kadid10k/images/I59_19_01.png,0.8982188295165395,0.687538206577301
7341,kadid10k,kadid10k/i59,/home/sergey/iqa-data/kadid10k/images/I59_19_02.png,0.83206106870229,0.6823052763938904
7342,kadid10k,kadid10k/i59,/home/sergey/iqa-data/kadid10k/images/I59_19_03.png,0.6870229007633589,0.6383301615715027
7343,kadid10k,kadid10k/i59,/home/sergey/iqa-data/kadid10k/images/I59_19_04.png,0.2544529262086514,0.6317921876907349
7344,kadid10k,kadid10k/i59,/home/sergey/iqa-data/kadid10k/images/I59_19_05.png,0.0330788804071246,0.598207414150238
7345,kadid10k,kadid10k/i59,/home/sergey/iqa-data/kadid10k/images/I59_20_01.png,0.8829516539440203,0.6907265186309814
7346,kadid10k,kadid10k/i59,/home/sergey/iqa-data/kadid10k/images/I59_20_02.png,0.9083969465648856,0.706719160079956
7347,kadid10k,kadid10k/i59,/home/sergey/iqa-data/kadid10k/images/I59_20_03.png,0.78117048346056,0.6981950402259827
7348,kadid10k,kadid10k/i59,/home/sergey/iqa-data/kadid10k/images/I59_20_04.png,0.8218829516539442,0.6996559500694275
7349,kadid10k,kadid10k/i59,/home/sergey/iqa-data/kadid10k/images/I59_20_05.png,0.6615776081424937,0.6882117390632629
7350,kadid10k,kadid10k/i59,/home/sergey/iqa-data/kadid10k/images/I59_21_01.png,0.89058524173028,0.7055860161781311
7351,kadid10k,kadid10k/i59,/home/sergey/iqa-data/kadid10k/images/I59_21_02.png,0.6793893129770993,0.6689234972000122
7352,kadid10k,kadid10k/i59,/home/sergey/iqa-data/kadid10k/images/I59_21_03.png,0.712468193384224,0.6779423952102661
7353,kadid10k,kadid10k/i59,/home/sergey/iqa-data/kadid10k/images/I59_21_04.png,0.534351145038168,0.6476784944534302
7354,kadid10k,kadid10k/i59,/home/sergey/iqa-data/kadid10k/images/I59_21_05.png,0.1348600508905852,0.5946121215820312
7355,kadid10k,kadid10k/i59,/home/sergey/iqa-data/kadid10k/images/I59_22_01.png,0.8651399491094149,0.6536198258399963
7356,kadid10k,kadid10k/i59,/home/sergey/iqa-data/kadid10k/images/I59_22_02.png,0.885496183206107,0.6494429707527161
7357,kadid10k,kadid10k/i59,/home/sergey/iqa-data/kadid10k/images/I59_22_03.png,0.6870229007633589,0.6265497803688049
7358,kadid10k,kadid10k/i59,/home/sergey/iqa-data/kadid10k/images/I59_22_04.png,0.6946564885496184,0.6298993825912476
7359,kadid10k,kadid10k/i59,/home/sergey/iqa-data/kadid10k/images/I59_22_05.png,0.6106870229007634,0.6317664384841919
7360,kadid10k,kadid10k/i59,/home/sergey/iqa-data/kadid10k/images/I59_23_01.png,0.4758269720101782,0.7149199843406677
7361,kadid10k,kadid10k/i59,/home/sergey/iqa-data/kadid10k/images/I59_23_02.png,0.3740458015267176,0.7184052467346191
7362,kadid10k,kadid10k/i59,/home/sergey/iqa-data/kadid10k/images/I59_23_03.png,0.3816793893129771,0.7045092582702637
7363,kadid10k,kadid10k/i59,/home/sergey/iqa-data/kadid10k/images/I59_23_04.png,0.356234096692112,0.6998032331466675
7364,kadid10k,kadid10k/i59,/home/sergey/iqa-data/kadid10k/images/I59_23_05.png,0.3307888040712468,0.6909656524658203
7365,kadid10k,kadid10k/i59,/home/sergey/iqa-data/kadid10k/images/I59_24_01.png,0.7455470737913487,0.731783390045166
7366,kadid10k,kadid10k/i59,/home/sergey/iqa-data/kadid10k/images/I59_24_02.png,0.4910941475826972,0.7118408679962158
7367,kadid10k,kadid10k/i59,/home/sergey/iqa-data/kadid10k/images/I59_24_03.png,0.356234096692112,0.6983258724212646
7368,kadid10k,kadid10k/i59,/home/sergey/iqa-data/kadid10k/images/I59_24_04.png,0.2035623409669211,0.6636571884155273
7369,kadid10k,kadid10k/i59,/home/sergey/iqa-data/kadid10k/images/I59_24_05.png,0.1017811704834605,0.6215922832489014
7370,kadid10k,kadid10k/i59,/home/sergey/iqa-data/kadid10k/images/I59_25_01.png,0.7633587786259542,0.7112260460853577
7371,kadid10k,kadid10k/i59,/home/sergey/iqa-data/kadid10k/images/I59_25_02.png,0.7302798982188295,0.7180178165435791
7372,kadid10k,kadid10k/i59,/home/sergey/iqa-data/kadid10k/images/I59_25_03.png,0.8625954198473282,0.7146565914154053
7373,kadid10k,kadid10k/i59,/home/sergey/iqa-data/kadid10k/images/I59_25_04.png,0.7888040712468193,0.6978229284286499
7374,kadid10k,kadid10k/i59,/home/sergey/iqa-data/kadid10k/images/I59_25_05.png,0.4910941475826972,0.7060279846191406
7625,kadid10k,kadid10k/i62,/home/sergey/iqa-data/kadid10k/images/I62_01_01.png,0.9236641221374048,0.7215002775192261
7626,kadid10k,kadid10k/i62,/home/sergey/iqa-data/kadid10k/images/I62_01_02.png,0.7709923664122139,0.6391129493713379
7627,kadid10k,kadid10k/i62,/home/sergey/iqa-data/kadid10k/images/I62_01_03.png,0.4071246819338422,0.36190924048423767
7628,kadid10k,kadid10k/i62,/home/sergey/iqa-data/kadid10k/images/I62_01_04.png,0.2213740458015267,0.3746085464954376
7629,kadid10k,kadid10k/i62,/home/sergey/iqa-data/kadid10k/images/I62_01_05.png,0.1094147582697201,0.3527223467826843
7630,kadid10k,kadid10k/i62,/home/sergey/iqa-data/kadid10k/images/I62_02_01.png,0.712468193384224,0.4846189022064209
7631,kadid10k,kadid10k/i62,/home/sergey/iqa-data/kadid10k/images/I62_02_02.png,0.356234096692112,0.35425668954849243
7632,kadid10k,kadid10k/i62,/home/sergey/iqa-data/kadid10k/images/I62_02_03.png,0.2035623409669211,0.33401182293891907
7633,kadid10k,kadid10k/i62,/home/sergey/iqa-data/kadid10k/images/I62_02_04.png,0.1195928753180661,0.34729278087615967
7634,kadid10k,kadid10k/i62,/home/sergey/iqa-data/kadid10k/images/I62_02_05.png,0.1195928753180661,0.3437284529209137
7635,kadid10k,kadid10k/i62,/home/sergey/iqa-data/kadid10k/images/I62_03_01.png,0.83206106870229,0.7215002775192261
7636,kadid10k,kadid10k/i62,/home/sergey/iqa-data/kadid10k/images/I62_03_02.png,0.6284987277353691,0.5597273707389832
7637,kadid10k,kadid10k/i62,/home/sergey/iqa-data/kadid10k/images/I62_03_03.png,0.3307888040712468,0.3821534812450409
7638,kadid10k,kadid10k/i62,/home/sergey/iqa-data/kadid10k/images/I62_03_04.png,0.2035623409669211,0.30141061544418335
7639,kadid10k,kadid10k/i62,/home/sergey/iqa-data/kadid10k/images/I62_03_05.png,0.1195928753180661,0.28106164932250977
7640,kadid10k,kadid10k/i62,/home/sergey/iqa-data/kadid10k/images/I62_04_01.png,0.8982188295165395,0.7009176015853882
7641,kadid10k,kadid10k/i62,/home/sergey/iqa-data/kadid10k/images/I62_04_02.png,0.4071246819338422,0.6904876828193665
7642,kadid10k,kadid10k/i62,/home/sergey/iqa-data/kadid10k/images/I62_04_03.png,0.3307888040712468,0.6529722213745117
7643,kadid10k,kadid10k/i62,/home/sergey/iqa-data/kadid10k/images/I62_04_04.png,0.2620865139949109,0.6418095827102661
7644,kadid10k,kadid10k/i62,/home/sergey/iqa-data/kadid10k/images/I62_04_05.png,0.1017811704834605,0.6158481240272522
7645,kadid10k,kadid10k/i62,/home/sergey/iqa-data/kadid10k/images/I62_05_01.png,0.89058524173028,0.6270530819892883
7646,kadid10k,kadid10k/i62,/home/sergey/iqa-data/kadid10k/images/I62_05_02.png,0.2620865139949109,0.5794627666473389
7647,kadid10k,kadid10k/i62,/home/sergey/iqa-data/kadid10k/images/I62_05_03.png,0.1857506361323155,0.6224502921104431
7648,kadid10k,kadid10k/i62,/home/sergey/iqa-data/kadid10k/images/I62_05_04.png,0.1603053435114503,0.641453742980957
7649,kadid10k,kadid10k/i62,/home/sergey/iqa-data/kadid10k/images/I62_05_05.png,0.1450381679389313,0.6561092734336853
7650,kadid10k,kadid10k/i62,/home/sergey/iqa-data/kadid10k/images/I62_06_01.png,0.806615776081425,0.6140381097793579
7651,kadid10k,kadid10k/i62,/home/sergey/iqa-data/kadid10k/images/I62_06_02.png,0.8218829516539442,0.6109331846237183
7652,kadid10k,kadid10k/i62,/home/sergey/iqa-data/kadid10k/images/I62_06_03.png,0.7480916030534351,0.5969935059547424
7653,kadid10k,kadid10k/i62,/home/sergey/iqa-data/kadid10k/images/I62_06_04.png,0.5852417302798982,0.604580819606781
7654,kadid10k,kadid10k/i62,/home/sergey/iqa-data/kadid10k/images/I62_06_05.png,0.356234096692112,0.6095731258392334
7655,kadid10k,kadid10k/i62,/home/sergey/iqa-data/kadid10k/images/I62_07_01.png,0.534351145038168,0.6863938570022583
7656,kadid10k,kadid10k/i62,/home/sergey/iqa-data/kadid10k/images/I62_07_02.png,0.4402035623409669,0.6704056859016418
7657,kadid10k,kadid10k/i62,/home/sergey/iqa-data/kadid10k/images/I62_07_03.png,0.4758269720101782,0.6619399785995483
7658,kadid10k,kadid10k/i62,/home/sergey/iqa-data/kadid10k/images/I62_07_04.png,0.4071246819338422,0.6560670137405396
7659,kadid10k,kadid10k/i62,/home/sergey/iqa-data/kadid10k/images/I62_07_05.png,0.3486005089058525,0.6823846101760864
7660,kadid10k,kadid10k/i62,/home/sergey/iqa-data/kadid10k/images/I62_08_01.png,0.89058524173028,0.7215002775192261
7661,kadid10k,kadid10k/i62,/home/sergey/iqa-data/kadid10k/images/I62_08_02.png,0.6030534351145039,0.7157762050628662
7662,kadid10k,kadid10k/i62,/home/sergey/iqa-data/kadid10k/images/I62_08_03.png,0.4580152671755725,0.6819236278533936
7663,kadid10k,kadid10k/i62,/home/sergey/iqa-data/kadid10k/images/I62_08_04.png,0.2213740458015267,0.6182616949081421
7664,kadid10k,kadid10k/i62,/home/sergey/iqa-data/kadid10k/images/I62_08_05.png,0.2035623409669211,0.5802407264709473
7665,kadid10k,kadid10k/i62,/home/sergey/iqa-data/kadid10k/images/I62_09_01.png,0.8727735368956743,0.704590916633606
7666,kadid10k,kadid10k/i62,/home/sergey/iqa-data/kadid10k/images/I62_09_02.png,0.7379134860050891,0.6460484266281128
7667,kadid10k,kadid10k/i62,/home/sergey/iqa-data/kadid10k/images/I62_09_03.png,0.5674300254452926,0.6127363443374634
7668,kadid10k,kadid10k/i62,/home/sergey/iqa-data/kadid10k/images/I62_09_04.png,0.1857506361323155,0.4533766210079193
7669,kadid10k,kadid10k/i62,/home/sergey/iqa-data/kadid10k/images/I62_09_05.png,0.1450381679389313,0.349739670753479
7670,kadid10k,kadid10k/i62,/home/sergey/iqa-data/kadid10k/images/I62_10_01.png,0.8218829516539442,0.6281787753105164
7671,kadid10k,kadid10k/i62,/home/sergey/iqa-data/kadid10k/images/I62_10_02.png,0.8218829516539442,0.599388837814331
7672,kadid10k,kadid10k/i62,/home/sergey/iqa-data/kadid10k/images/I62_10_03.png,0.7455470737913487,0.5469141006469727
7673,kadid10k,kadid10k/i62,/home/sergey/iqa-data/kadid10k/images/I62_10_04.png,0.1959287531806616,0.43852752447128296
7674,kadid10k,kadid10k/i62,/home/sergey/iqa-data/kadid10k/images/I62_10_05.png,0.1195928753180661,0.4827117621898651
7675,kadid10k,kadid10k/i62,/home/sergey/iqa-data/kadid10k/images/I62_11_01.png,0.7709923664122139,0.5879012942314148
7676,kadid10k,kadid10k/i62,/home/sergey/iqa-data/kadid10k/images/I62_11_02.png,0.6361323155216285,0.5482403635978699
7677,kadid10k,kadid10k/i62,/home/sergey/iqa-data/kadid10k/images/I62_11_03.png,0.3994910941475826,0.5286121964454651
7678,kadid10k,kadid10k/i62,/home/sergey/iqa-data/kadid10k/images/I62_11_04.png,0.4274809160305344,0.4964826703071594
7679,kadid10k,kadid10k/i62,/home/sergey/iqa-data/kadid10k/images/I62_11_05.png,0.3231552162849873,0.4544357657432556
7680,kadid10k,kadid10k/i62,/home/sergey/iqa-data/kadid10k/images/I62_12_01.png,0.8982188295165395,0.6450509428977966
7681,kadid10k,kadid10k/i62,/home/sergey/iqa-data/kadid10k/images/I62_12_02.png,0.7888040712468193,0.5610005855560303
7682,kadid10k,kadid10k/i62,/home/sergey/iqa-data/kadid10k/images/I62_12_03.png,0.5165394402035624,0.5143141746520996
7683,kadid10k,kadid10k/i62,/home/sergey/iqa-data/kadid10k/images/I62_12_04.png,0.4656488549618321,0.4663975238800049
7684,kadid10k,kadid10k/i62,/home/sergey/iqa-data/kadid10k/images/I62_12_05.png,0.3486005089058525,0.445033997297287
7685,kadid10k,kadid10k/i62,/home/sergey/iqa-data/kadid10k/images/I62_13_01.png,0.5877862595419848,0.7022370100021362
7686,kadid10k,kadid10k/i62,/home/sergey/iqa-data/kadid10k/images/I62_13_02.png,0.4249363867684478,0.6368546485900879
7687,kadid10k,kadid10k/i62,/home/sergey/iqa-data/kadid10k/images/I62_13_03.png,0.2620865139949109,0.6101272702217102
7688,kadid10k,kadid10k/i62,/home/sergey/iqa-data/kadid10k/images/I62_13_04.png,0.3384223918575064,0.5850503444671631
7689,kadid10k,kadid10k/i62,/home/sergey/iqa-data/kadid10k/images/I62_13_05.png,0.2875318066157761,0.5638653039932251
7690,kadid10k,kadid10k/i62,/home/sergey/iqa-data/kadid10k/images/I62_14_01.png,0.8575063613231553,0.6350202560424805
7691,kadid10k,kadid10k/i62,/home/sergey/iqa-data/kadid10k/images/I62_14_02.png,0.6183206106870229,0.5405530333518982
7692,kadid10k,kadid10k/i62,/home/sergey/iqa-data/kadid10k/images/I62_14_03.png,0.3994910941475826,0.5097042918205261
7693,kadid10k,kadid10k/i62,/home/sergey/iqa-data/kadid10k/images/I62_14_04.png,0.3740458015267176,0.4930598735809326
7694,kadid10k,kadid10k/i62,/home/sergey/iqa-data/kadid10k/images/I62_14_05.png,0.3053435114503817,0.4807159900665283
7695,kadid10k,kadid10k/i62,/home/sergey/iqa-data/kadid10k/images/I62_15_01.png,0.5852417302798982,0.4870005249977112
7696,kadid10k,kadid10k/i62,/home/sergey/iqa-data/kadid10k/images/I62_15_02.png,0.3053435114503817,0.4168754816055298
7697,kadid10k,kadid10k/i62,/home/sergey/iqa-data/kadid10k/images/I62_15_03.png,0.2544529262086514,0.39931976795196533
7698,kadid10k,kadid10k/i62,/home/sergey/iqa-data/kadid10k/images/I62_15_04.png,0.1603053435114503,0.3677045702934265
7699,kadid10k,kadid10k/i62,/home/sergey/iqa-data/kadid10k/images/I62_15_05.png,0.1272264631043257,0.37134799361228943
7700,kadid10k,kadid10k/i62,/home/sergey/iqa-data/kadid10k/images/I62_16_01.png,0.8142493638676845,0.7254849672317505
7701,kadid10k,kadid10k/i62,/home/sergey/iqa-data/kadid10k/images/I62_16_02.png,0.8829516539440203,0.7276491522789001
7702,kadid10k,kadid10k/i62,/home/sergey/iqa-data/kadid10k/images/I62_16_03.png,0.7201017811704835,0.724557638168335
7703,kadid10k,kadid10k/i62,/home/sergey/iqa-data/kadid10k/images/I62_16_04.png,0.534351145038168,0.7035166025161743
7704,kadid10k,kadid10k/i62,/home/sergey/iqa-data/kadid10k/images/I62_16_05.png,0.2544529262086514,0.6568459272384644
7705,kadid10k,kadid10k/i62,/home/sergey/iqa-data/kadid10k/images/I62_17_01.png,0.89058524173028,0.7183331251144409
7706,kadid10k,kadid10k/i62,/home/sergey/iqa-data/kadid10k/images/I62_17_02.png,0.8396946564885497,0.713628888130188
7707,kadid10k,kadid10k/i62,/home/sergey/iqa-data/kadid10k/images/I62_17_03.png,0.7455470737913487,0.7037102580070496
7708,kadid10k,kadid10k/i62,/home/sergey/iqa-data/kadid10k/images/I62_17_04.png,0.4249363867684478,0.6799775958061218
7709,kadid10k,kadid10k/i62,/home/sergey/iqa-data/kadid10k/images/I62_17_05.png,0.178117048346056,0.5889253616333008
7710,kadid10k,kadid10k/i62,/home/sergey/iqa-data/kadid10k/images/I62_18_01.png,0.8600508905852418,0.7118068337440491
7711,kadid10k,kadid10k/i62,/home/sergey/iqa-data/kadid10k/images/I62_18_02.png,0.8727735368956743,0.7162052392959595
7712,kadid10k,kadid10k/i62,/home/sergey/iqa-data/kadid10k/images/I62_18_03.png,0.8575063613231553,0.7215002775192261
7713,kadid10k,kadid10k/i62,/home/sergey/iqa-data/kadid10k/images/I62_18_04.png,0.7302798982188295,0.7059187293052673
7714,kadid10k,kadid10k/i62,/home/sergey/iqa-data/kadid10k/images/I62_18_05.png,0.5267175572519084,0.6519293785095215
7715,kadid10k,kadid10k/i62,/home/sergey/iqa-data/kadid10k/images/I62_19_01.png,0.796437659033079,0.7153385281562805
7716,kadid10k,kadid10k/i62,/home/sergey/iqa-data/kadid10k/images/I62_19_02.png,0.7455470737913487,0.699860155582428
7717,kadid10k,kadid10k/i62,/home/sergey/iqa-data/kadid10k/images/I62_19_03.png,0.4910941475826972,0.670947790145874
7718,kadid10k,kadid10k/i62,/home/sergey/iqa-data/kadid10k/images/I62_19_04.png,0.2111959287531807,0.6538296937942505
7719,kadid10k,kadid10k/i62,/home/sergey/iqa-data/kadid10k/images/I62_19_05.png,0.0585241730279898,0.6028696298599243
7720,kadid10k,kadid10k/i62,/home/sergey/iqa-data/kadid10k/images/I62_20_01.png,0.7557251908396948,0.722578227519989
7721,kadid10k,kadid10k/i62,/home/sergey/iqa-data/kadid10k/images/I62_20_02.png,0.83206106870229,0.7182067632675171
7722,kadid10k,kadid10k/i62,/home/sergey/iqa-data/kadid10k/images/I62_20_03.png,0.83206106870229,0.7134746313095093
7723,kadid10k,kadid10k/i62,/home/sergey/iqa-data/kadid10k/images/I62_20_04.png,0.78117048346056,0.7157687544822693
7724,kadid10k,kadid10k/i62,/home/sergey/iqa-data/kadid10k/images/I62_20_05.png,0.6437659033078881,0.6997313499450684
7725,kadid10k,kadid10k/i62,/home/sergey/iqa-data/kadid10k/images/I62_21_01.png,0.796437659033079,0.7070044875144958
7726,kadid10k,kadid10k/i62,/home/sergey/iqa-data/kadid10k/images/I62_21_02.png,0.6030534351145039,0.6788713932037354
7727,kadid10k,kadid10k/i62,/home/sergey/iqa-data/kadid10k/images/I62_21_03.png,0.5521628498727735,0.6626979112625122
7728,kadid10k,kadid10k/i62,/home/sergey/iqa-data/kadid10k/images/I62_21_04.png,0.5012722646310434,0.6156309843063354
7729,kadid10k,kadid10k/i62,/home/sergey/iqa-data/kadid10k/images/I62_21_05.png,0.094147582697201,0.5982304811477661
7730,kadid10k,kadid10k/i62,/home/sergey/iqa-data/kadid10k/images/I62_22_01.png,0.8651399491094149,0.6771867275238037
7731,kadid10k,kadid10k/i62,/home/sergey/iqa-data/kadid10k/images/I62_22_02.png,0.8651399491094149,0.654266893863678
7732,kadid10k,kadid10k/i62,/home/sergey/iqa-data/kadid10k/images/I62_22_03.png,0.796437659033079,0.6338015794754028
7733,kadid10k,kadid10k/i62,/home/sergey/iqa-data/kadid10k/images/I62_22_04.png,0.6946564885496184,0.6207051873207092
7734,kadid10k,kadid10k/i62,/home/sergey/iqa-data/kadid10k/images/I62_22_05.png,0.4580152671755725,0.613491415977478
7735,kadid10k,kadid10k/i62,/home/sergey/iqa-data/kadid10k/images/I62_23_01.png,0.3816793893129771,0.7096798419952393
7736,kadid10k,kadid10k/i62,/home/sergey/iqa-data/kadid10k/images/I62_23_02.png,0.356234096692112,0.7085999846458435
7737,kadid10k,kadid10k/i62,/home/sergey/iqa-data/kadid10k/images/I62_23_03.png,0.2290076335877862,0.7171229124069214
7738,kadid10k,kadid10k/i62,/home/sergey/iqa-data/kadid10k/images/I62_23_04.png,0.2977099236641221,0.7208793759346008
7739,kadid10k,kadid10k/i62,/home/sergey/iqa-data/kadid10k/images/I62_23_05.png,0.1704834605597964,0.7168614268302917
7740,kadid10k,kadid10k/i62,/home/sergey/iqa-data/kadid10k/images/I62_24_01.png,0.5674300254452926,0.6831119060516357
7741,kadid10k,kadid10k/i62,/home/sergey/iqa-data/kadid10k/images/I62_24_02.png,0.4071246819338422,0.64750736951828
7742,kadid10k,kadid10k/i62,/home/sergey/iqa-data/kadid10k/images/I62_24_03.png,0.272264631043257,0.6293365955352783
7743,kadid10k,kadid10k/i62,/home/sergey/iqa-data/kadid10k/images/I62_24_04.png,0.1348600508905852,0.5960288643836975
7744,kadid10k,kadid10k/i62,/home/sergey/iqa-data/kadid10k/images/I62_24_05.png,0.0687022900763358,0.5813935995101929
7745,kadid10k,kadid10k/i62,/home/sergey/iqa-data/kadid10k/images/I62_25_01.png,0.5521628498727735,0.6437879204750061
7746,kadid10k,kadid10k/i62,/home/sergey/iqa-data/kadid10k/images/I62_25_02.png,0.5419847328244275,0.6887161731719971
7747,kadid10k,kadid10k/i62,/home/sergey/iqa-data/kadid10k/images/I62_25_03.png,0.7455470737913487,0.7127110958099365
7748,kadid10k,kadid10k/i62,/home/sergey/iqa-data/kadid10k/images/I62_25_04.png,0.7709923664122139,0.7191416025161743
7749,kadid10k,kadid10k/i62,/home/sergey/iqa-data/kadid10k/images/I62_25_05.png,0.6106870229007634,0.7085657715797424
7750,kadid10k,kadid10k/i63,/home/sergey/iqa-data/kadid10k/images/I63_01_01.png,0.9338422391857508,0.7620530128479004
7751,kadid10k,kadid10k/i63,/home/sergey/iqa-data/kadid10k/images/I63_01_02.png,0.8727735368956743,0.6702789068222046
7752,kadid10k,kadid10k/i63,/home/sergey/iqa-data/kadid10k/images/I63_01_03.png,0.4071246819338422,0.3622443675994873
7753,kadid10k,kadid10k/i63,/home/sergey/iqa-data/kadid10k/images/I63_01_04.png,0.2213740458015267,0.34022194147109985
7754,kadid10k,kadid10k/i63,/home/sergey/iqa-data/kadid10k/images/I63_01_05.png,0.0763358778625954,0.3079402446746826
7755,kadid10k,kadid10k/i63,/home/sergey/iqa-data/kadid10k/images/I63_02_01.png,0.6284987277353691,0.5075252652168274
7756,kadid10k,kadid10k/i63,/home/sergey/iqa-data/kadid10k/images/I63_02_02.png,0.3740458015267176,0.3317933678627014
7757,kadid10k,kadid10k/i63,/home/sergey/iqa-data/kadid10k/images/I63_02_03.png,0.1450381679389313,0.2786916494369507
7758,kadid10k,kadid10k/i63,/home/sergey/iqa-data/kadid10k/images/I63_02_04.png,0.0687022900763358,0.2843785881996155
7759,kadid10k,kadid10k/i63,/home/sergey/iqa-data/kadid10k/images/I63_02_05.png,0.0763358778625954,0.2775202989578247
7760,kadid10k,kadid10k/i63,/home/sergey/iqa-data/kadid10k/images/I63_03_01.png,0.89058524173028,0.7620530128479004
7761,kadid10k,kadid10k/i63,/home/sergey/iqa-data/kadid10k/images/I63_03_02.png,0.7201017811704835,0.5870136022567749
7762,kadid10k,kadid10k/i63,/home/sergey/iqa-data/kadid10k/images/I63_03_03.png,0.450381679389313,0.38832759857177734
7763,kadid10k,kadid10k/i63,/home/sergey/iqa-data/kadid10k/images/I63_03_04.png,0.2111959287531807,0.29019758105278015
7764,kadid10k,kadid10k/i63,/home/sergey/iqa-data/kadid10k/images/I63_03_05.png,0.1272264631043257,0.1980869472026825
7765,kadid10k,kadid10k/i63,/home/sergey/iqa-data/kadid10k/images/I63_04_01.png,0.8473282442748092,0.7420244216918945
7766,kadid10k,kadid10k/i63,/home/sergey/iqa-data/kadid10k/images/I63_04_02.png,0.4580152671755725,0.7207484245300293
7767,kadid10k,kadid10k/i63,/home/sergey/iqa-data/kadid10k/images/I63_04_03.png,0.1603053435114503,0.6400309205055237
7768,kadid10k,kadid10k/i63,/home/sergey/iqa-data/kadid10k/images/I63_04_04.png,0.0839694656488549,0.6169512271881104
7769,kadid10k,kadid10k/i63,/home/sergey/iqa-data/kadid10k/images/I63_04_05.png,0.0508905852417302,0.5947853326797485
7770,kadid10k,kadid10k/i63,/home/sergey/iqa-data/kadid10k/images/I63_05_01.png,0.7048346055979644,0.6472002267837524
7771,kadid10k,kadid10k/i63,/home/sergey/iqa-data/kadid10k/images/I63_05_02.png,0.3384223918575064,0.6082571744918823
7772,kadid10k,kadid10k/i63,/home/sergey/iqa-data/kadid10k/images/I63_05_03.png,0.2035623409669211,0.6765673756599426
7773,kadid10k,kadid10k/i63,/home/sergey/iqa-data/kadid10k/images/I63_05_04.png,0.1348600508905852,0.6307066679000854
7774,kadid10k,kadid10k/i63,/home/sergey/iqa-data/kadid10k/images/I63_05_05.png,0.1348600508905852,0.6449326276779175
7775,kadid10k,kadid10k/i63,/home/sergey/iqa-data/kadid10k/images/I63_06_01.png,0.6692111959287532,0.6314822435379028
7776,kadid10k,kadid10k/i63,/home/sergey/iqa-data/kadid10k/images/I63_06_02.png,0.6310432569974556,0.6253591775894165
7777,kadid10k,kadid10k/i63,/home/sergey/iqa-data/kadid10k/images/I63_06_03.png,0.6437659033078881,0.624377965927124
7778,kadid10k,kadid10k/i63,/home/sergey/iqa-data/kadid10k/images/I63_06_04.png,0.4656488549618321,0.6177353858947754
7779,kadid10k,kadid10k/i63,/home/sergey/iqa-data/kadid10k/images/I63_06_05.png,0.1704834605597964,0.617199182510376
7780,kadid10k,kadid10k/i63,/home/sergey/iqa-data/kadid10k/images/I63_07_01.png,0.4834605597964376,0.736716628074646
7781,kadid10k,kadid10k/i63,/home/sergey/iqa-data/kadid10k/images/I63_07_02.png,0.4325699745547074,0.707220196723938
7782,kadid10k,kadid10k/i63,/home/sergey/iqa-data/kadid10k/images/I63_07_03.png,0.3994910941475826,0.6896896958351135
7783,kadid10k,kadid10k/i63,/home/sergey/iqa-data/kadid10k/images/I63_07_04.png,0.3638676844783716,0.6783260703086853
7784,kadid10k,kadid10k/i63,/home/sergey/iqa-data/kadid10k/images/I63_07_05.png,0.356234096692112,0.7042554616928101
7785,kadid10k,kadid10k/i63,/home/sergey/iqa-data/kadid10k/images/I63_08_01.png,0.8473282442748092,0.7620530128479004
7786,kadid10k,kadid10k/i63,/home/sergey/iqa-data/kadid10k/images/I63_08_02.png,0.6870229007633589,0.7314760088920593
7787,kadid10k,kadid10k/i63,/home/sergey/iqa-data/kadid10k/images/I63_08_03.png,0.2977099236641221,0.6891247034072876
7788,kadid10k,kadid10k/i63,/home/sergey/iqa-data/kadid10k/images/I63_08_04.png,0.1017811704834605,0.6068905591964722
7789,kadid10k,kadid10k/i63,/home/sergey/iqa-data/kadid10k/images/I63_08_05.png,0.1450381679389313,0.5570874214172363
7790,kadid10k,kadid10k/i63,/home/sergey/iqa-data/kadid10k/images/I63_09_01.png,0.9083969465648856,0.7340184450149536
7791,kadid10k,kadid10k/i63,/home/sergey/iqa-data/kadid10k/images/I63_09_02.png,0.7455470737913487,0.6388688087463379
7792,kadid10k,kadid10k/i63,/home/sergey/iqa-data/kadid10k/images/I63_09_03.png,0.6183206106870229,0.5797945261001587
7793,kadid10k,kadid10k/i63,/home/sergey/iqa-data/kadid10k/images/I63_09_04.png,0.2544529262086514,0.4317992031574249
7794,kadid10k,kadid10k/i63,/home/sergey/iqa-data/kadid10k/images/I63_09_05.png,0.0508905852417302,0.34262651205062866
7795,kadid10k,kadid10k/i63,/home/sergey/iqa-data/kadid10k/images/I63_10_01.png,0.78117048346056,0.6698455214500427
7796,kadid10k,kadid10k/i63,/home/sergey/iqa-data/kadid10k/images/I63_10_02.png,0.8396946564885497,0.6580204367637634
7797,kadid10k,kadid10k/i63,/home/sergey/iqa-data/kadid10k/images/I63_10_03.png,0.7379134860050891,0.616348385810852
7798,kadid10k,kadid10k/i63,/home/sergey/iqa-data/kadid10k/images/I63_10_04.png,0.3384223918575064,0.5264800786972046
7799,kadid10k,kadid10k/i63,/home/sergey/iqa-data/kadid10k/images/I63_10_05.png,0.178117048346056,0.5695019960403442
7800,kadid10k,kadid10k/i63,/home/sergey/iqa-data/kadid10k/images/I63_11_01.png,0.7455470737913487,0.6206888556480408
7801,kadid10k,kadid10k/i63,/home/sergey/iqa-data/kadid10k/images/I63_11_02.png,0.7455470737913487,0.5930668711662292
7802,kadid10k,kadid10k/i63,/home/sergey/iqa-data/kadid10k/images/I63_11_03.png,0.5852417302798982,0.5713463425636292
7803,kadid10k,kadid10k/i63,/home/sergey/iqa-data/kadid10k/images/I63_11_04.png,0.5267175572519084,0.5452596545219421
7804,kadid10k,kadid10k/i63,/home/sergey/iqa-data/kadid10k/images/I63_11_05.png,0.3816793893129771,0.513283371925354
7805,kadid10k,kadid10k/i63,/home/sergey/iqa-data/kadid10k/images/I63_12_01.png,0.916030534351145,0.6827139258384705
7806,kadid10k,kadid10k/i63,/home/sergey/iqa-data/kadid10k/images/I63_12_02.png,0.7048346055979644,0.5975579619407654
7807,kadid10k,kadid10k/i63,/home/sergey/iqa-data/kadid10k/images/I63_12_03.png,0.6539440203562341,0.5624704360961914
7808,kadid10k,kadid10k/i63,/home/sergey/iqa-data/kadid10k/images/I63_12_04.png,0.4758269720101782,0.5243310332298279
7809,kadid10k,kadid10k/i63,/home/sergey/iqa-data/kadid10k/images/I63_12_05.png,0.3740458015267176,0.5050823092460632
7810,kadid10k,kadid10k/i63,/home/sergey/iqa-data/kadid10k/images/I63_13_01.png,0.7557251908396948,0.7493454813957214
7811,kadid10k,kadid10k/i63,/home/sergey/iqa-data/kadid10k/images/I63_13_02.png,0.534351145038168,0.6551644802093506
7812,kadid10k,kadid10k/i63,/home/sergey/iqa-data/kadid10k/images/I63_13_03.png,0.3689567430025446,0.6347930431365967
7813,kadid10k,kadid10k/i63,/home/sergey/iqa-data/kadid10k/images/I63_13_04.png,0.3994910941475826,0.615208625793457
7814,kadid10k,kadid10k/i63,/home/sergey/iqa-data/kadid10k/images/I63_13_05.png,0.356234096692112,0.592637836933136
7815,kadid10k,kadid10k/i63,/home/sergey/iqa-data/kadid10k/images/I63_14_01.png,0.9185750636132316,0.7469258904457092
7816,kadid10k,kadid10k/i63,/home/sergey/iqa-data/kadid10k/images/I63_14_02.png,0.7201017811704835,0.67746502161026
7817,kadid10k,kadid10k/i63,/home/sergey/iqa-data/kadid10k/images/I63_14_03.png,0.6183206106870229,0.6448811888694763
7818,kadid10k,kadid10k/i63,/home/sergey/iqa-data/kadid10k/images/I63_14_04.png,0.4656488549618321,0.6211565732955933
7819,kadid10k,kadid10k/i63,/home/sergey/iqa-data/kadid10k/images/I63_14_05.png,0.3384223918575064,0.5869312286376953
7820,kadid10k,kadid10k/i63,/home/sergey/iqa-data/kadid10k/images/I63_15_01.png,0.7455470737913487,0.5450727939605713
7821,kadid10k,kadid10k/i63,/home/sergey/iqa-data/kadid10k/images/I63_15_02.png,0.5521628498727735,0.4562898278236389
7822,kadid10k,kadid10k/i63,/home/sergey/iqa-data/kadid10k/images/I63_15_03.png,0.4147582697201017,0.41860637068748474
7823,kadid10k,kadid10k/i63,/home/sergey/iqa-data/kadid10k/images/I63_15_04.png,0.1704834605597964,0.3869321048259735
7824,kadid10k,kadid10k/i63,/home/sergey/iqa-data/kadid10k/images/I63_15_05.png,0.094147582697201,0.3733031749725342
7825,kadid10k,kadid10k/i63,/home/sergey/iqa-data/kadid10k/images/I63_16_01.png,0.8982188295165395,0.7620717883110046
7826,kadid10k,kadid10k/i63,/home/sergey/iqa-data/kadid10k/images/I63_16_02.png,0.8142493638676845,0.7614462375640869
7827,kadid10k,kadid10k/i63,/home/sergey/iqa-data/kadid10k/images/I63_16_03.png,0.7048346055979644,0.7554419636726379
7828,kadid10k,kadid10k/i63,/home/sergey/iqa-data/kadid10k/images/I63_16_04.png,0.534351145038168,0.72831130027771
7829,kadid10k,kadid10k/i63,/home/sergey/iqa-data/kadid10k/images/I63_16_05.png,0.3638676844783716,0.6611992120742798
7830,kadid10k,kadid10k/i63,/home/sergey/iqa-data/kadid10k/images/I63_17_01.png,0.916030534351145,0.7611011266708374
7831,kadid10k,kadid10k/i63,/home/sergey/iqa-data/kadid10k/images/I63_17_02.png,0.9083969465648856,0.7588011622428894
7832,kadid10k,kadid10k/i63,/home/sergey/iqa-data/kadid10k/images/I63_17_03.png,0.83206106870229,0.7530741691589355
7833,kadid10k,kadid10k/i63,/home/sergey/iqa-data/kadid10k/images/I63_17_04.png,0.5852417302798982,0.7333051562309265
7834,kadid10k,kadid10k/i63,/home/sergey/iqa-data/kadid10k/images/I63_17_05.png,0.2111959287531807,0.5987405180931091
7835,kadid10k,kadid10k/i63,/home/sergey/iqa-data/kadid10k/images/I63_18_01.png,0.8727735368956743,0.7517203092575073
7836,kadid10k,kadid10k/i63,/home/sergey/iqa-data/kadid10k/images/I63_18_02.png,0.9338422391857508,0.7588400840759277
7837,kadid10k,kadid10k/i63,/home/sergey/iqa-data/kadid10k/images/I63_18_03.png,0.8982188295165395,0.7620530128479004
7838,kadid10k,kadid10k/i63,/home/sergey/iqa-data/kadid10k/images/I63_18_04.png,0.8651399491094149,0.7516584396362305
7839,kadid10k,kadid10k/i63,/home/sergey/iqa-data/kadid10k/images/I63_18_05.png,0.6437659033078881,0.7294530868530273
7840,kadid10k,kadid10k/i63,/home/sergey/iqa-data/kadid10k/images/I63_19_01.png,0.8575063613231553,0.7426082491874695
7841,kadid10k,kadid10k/i63,/home/sergey/iqa-data/kadid10k/images/I63_19_02.png,0.7379134860050891,0.7075634002685547
7842,kadid10k,kadid10k/i63,/home/sergey/iqa-data/kadid10k/images/I63_19_03.png,0.450381679389313,0.6577274799346924
7843,kadid10k,kadid10k/i63,/home/sergey/iqa-data/kadid10k/images/I63_19_04.png,0.094147582697201,0.6571987271308899
7844,kadid10k,kadid10k/i63,/home/sergey/iqa-data/kadid10k/images/I63_19_05.png,0.0330788804071246,0.6100968718528748
7845,kadid10k,kadid10k/i63,/home/sergey/iqa-data/kadid10k/images/I63_20_01.png,0.9338422391857508,0.7608292102813721
7846,kadid10k,kadid10k/i63,/home/sergey/iqa-data/kadid10k/images/I63_20_02.png,0.8829516539440203,0.7612292170524597
7847,kadid10k,kadid10k/i63,/home/sergey/iqa-data/kadid10k/images/I63_20_03.png,0.7633587786259542,0.7600755095481873
7848,kadid10k,kadid10k/i63,/home/sergey/iqa-data/kadid10k/images/I63_20_04.png,0.5165394402035624,0.7633013725280762
7849,kadid10k,kadid10k/i63,/home/sergey/iqa-data/kadid10k/images/I63_20_05.png,0.7379134860050891,0.7663323879241943
7850,kadid10k,kadid10k/i63,/home/sergey/iqa-data/kadid10k/images/I63_21_01.png,0.7455470737913487,0.7521857023239136
7851,kadid10k,kadid10k/i63,/home/sergey/iqa-data/kadid10k/images/I63_21_02.png,0.450381679389313,0.7323428392410278
7852,kadid10k,kadid10k/i63,/home/sergey/iqa-data/kadid10k/images/I63_21_03.png,0.4071246819338422,0.7349838018417358
7853,kadid10k,kadid10k/i63,/home/sergey/iqa-data/kadid10k/images/I63_21_04.png,0.3816793893129771,0.7175976037979126
7854,kadid10k,kadid10k/i63,/home/sergey/iqa-data/kadid10k/images/I63_21_05.png,0.0763358778625954,0.6691809892654419
7855,kadid10k,kadid10k/i63,/home/sergey/iqa-data/kadid10k/images/I63_22_01.png,0.9338422391857508,0.700873851776123
7856,kadid10k,kadid10k/i63,/home/sergey/iqa-data/kadid10k/images/I63_22_02.png,0.8829516539440203,0.6786389350891113
7857,kadid10k,kadid10k/i63,/home/sergey/iqa-data/kadid10k/images/I63_22_03.png,0.8396946564885497,0.662290096282959
7858,kadid10k,kadid10k/i63,/home/sergey/iqa-data/kadid10k/images/I63_22_04.png,0.7201017811704835,0.6451922655105591
7859,kadid10k,kadid10k/i63,/home/sergey/iqa-data/kadid10k/images/I63_22_05.png,0.5674300254452926,0.6281144022941589
7860,kadid10k,kadid10k/i63,/home/sergey/iqa-data/kadid10k/images/I63_23_01.png,0.6615776081424937,0.765123724937439
7861,kadid10k,kadid10k/i63,/home/sergey/iqa-data/kadid10k/images/I63_23_02.png,0.3816793893129771,0.7639583945274353
7862,kadid10k,kadid10k/i63,/home/sergey/iqa-data/kadid10k/images/I63_23_03.png,0.2798982188295166,0.7612690329551697
7863,kadid10k,kadid10k/i63,/home/sergey/iqa-data/kadid10k/images/I63_23_04.png,0.356234096692112,0.7681605219841003
7864,kadid10k,kadid10k/i63,/home/sergey/iqa-data/kadid10k/images/I63_23_05.png,0.2468193384223918,0.7711793780326843
7865,kadid10k,kadid10k/i63,/home/sergey/iqa-data/kadid10k/images/I63_24_01.png,0.6030534351145039,0.7417908906936646
7866,kadid10k,kadid10k/i63,/home/sergey/iqa-data/kadid10k/images/I63_24_02.png,0.4249363867684478,0.6906359195709229
7867,kadid10k,kadid10k/i63,/home/sergey/iqa-data/kadid10k/images/I63_24_03.png,0.3129770992366412,0.6617951989173889
7868,kadid10k,kadid10k/i63,/home/sergey/iqa-data/kadid10k/images/I63_24_04.png,0.0839694656488549,0.6239474415779114
7869,kadid10k,kadid10k/i63,/home/sergey/iqa-data/kadid10k/images/I63_24_05.png,0.1272264631043257,0.6026265621185303
7870,kadid10k,kadid10k/i63,/home/sergey/iqa-data/kadid10k/images/I63_25_01.png,0.5852417302798982,0.7075934410095215
7871,kadid10k,kadid10k/i63,/home/sergey/iqa-data/kadid10k/images/I63_25_02.png,0.6870229007633589,0.7387361526489258
7872,kadid10k,kadid10k/i63,/home/sergey/iqa-data/kadid10k/images/I63_25_03.png,0.8218829516539442,0.7542756795883179
7873,kadid10k,kadid10k/i63,/home/sergey/iqa-data/kadid10k/images/I63_25_04.png,0.7557251908396948,0.7643701434135437
7874,kadid10k,kadid10k/i63,/home/sergey/iqa-data/kadid10k/images/I63_25_05.png,0.6590330788804072,0.7682877779006958
9750,kadid10k,kadid10k/i79,/home/sergey/iqa-data/kadid10k/images/I79_01_01.png,0.9414758269720104,0.729897677898407
9751,kadid10k,kadid10k/i79,/home/sergey/iqa-data/kadid10k/images/I79_01_02.png,0.9236641221374048,0.663759708404541
9752,kadid10k,kadid10k/i79,/home/sergey/iqa-data/kadid10k/images/I79_01_03.png,0.6030534351145039,0.475398987531662
9753,kadid10k,kadid10k/i79,/home/sergey/iqa-data/kadid10k/images/I79_01_04.png,0.3740458015267176,0.4082646369934082
9754,kadid10k,kadid10k/i79,/home/sergey/iqa-data/kadid10k/images/I79_01_05.png,0.1348600508905852,0.3287019729614258
9755,kadid10k,kadid10k/i79,/home/sergey/iqa-data/kadid10k/images/I79_02_01.png,0.806615776081425,0.5726478099822998
9756,kadid10k,kadid10k/i79,/home/sergey/iqa-data/kadid10k/images/I79_02_02.png,0.5674300254452926,0.453911691904068
9757,kadid10k,kadid10k/i79,/home/sergey/iqa-data/kadid10k/images/I79_02_03.png,0.3307888040712468,0.3768472671508789
9758,kadid10k,kadid10k/i79,/home/sergey/iqa-data/kadid10k/images/I79_02_04.png,0.2213740458015267,0.33966851234436035
9759,kadid10k,kadid10k/i79,/home/sergey/iqa-data/kadid10k/images/I79_02_05.png,0.1450381679389313,0.3128969073295593
9760,kadid10k,kadid10k/i79,/home/sergey/iqa-data/kadid10k/images/I79_03_01.png,0.8982188295165395,0.729897677898407
9761,kadid10k,kadid10k/i79,/home/sergey/iqa-data/kadid10k/images/I79_03_02.png,0.8218829516539442,0.6135694980621338
9762,kadid10k,kadid10k/i79,/home/sergey/iqa-data/kadid10k/images/I79_03_03.png,0.5852417302798982,0.4851357936859131
9763,kadid10k,kadid10k/i79,/home/sergey/iqa-data/kadid10k/images/I79_03_04.png,0.5012722646310434,0.4894317090511322
9764,kadid10k,kadid10k/i79,/home/sergey/iqa-data/kadid10k/images/I79_03_05.png,0.272264631043257,0.39889779686927795
9765,kadid10k,kadid10k/i79,/home/sergey/iqa-data/kadid10k/images/I79_04_01.png,0.8982188295165395,0.6974848508834839
9766,kadid10k,kadid10k/i79,/home/sergey/iqa-data/kadid10k/images/I79_04_02.png,0.3307888040712468,0.5961503982543945
9767,kadid10k,kadid10k/i79,/home/sergey/iqa-data/kadid10k/images/I79_04_03.png,0.1195928753180661,0.5523395538330078
9768,kadid10k,kadid10k/i79,/home/sergey/iqa-data/kadid10k/images/I79_04_04.png,0.0763358778625954,0.5257944464683533
9769,kadid10k,kadid10k/i79,/home/sergey/iqa-data/kadid10k/images/I79_04_05.png,0.0330788804071246,0.4777682423591614
9770,kadid10k,kadid10k/i79,/home/sergey/iqa-data/kadid10k/images/I79_05_01.png,0.8575063613231553,0.7055978775024414
9771,kadid10k,kadid10k/i79,/home/sergey/iqa-data/kadid10k/images/I79_05_02.png,0.6030534351145039,0.6650079488754272
9772,kadid10k,kadid10k/i79,/home/sergey/iqa-data/kadid10k/images/I79_05_03.png,0.3816793893129771,0.6532531976699829
9773,kadid10k,kadid10k/i79,/home/sergey/iqa-data/kadid10k/images/I79_05_04.png,0.4147582697201017,0.6578106880187988
9774,kadid10k,kadid10k/i79,/home/sergey/iqa-data/kadid10k/images/I79_05_05.png,0.5012722646310434,0.6559407114982605
9775,kadid10k,kadid10k/i79,/home/sergey/iqa-data/kadid10k/images/I79_06_01.png,0.8142493638676845,0.5637362003326416
9776,kadid10k,kadid10k/i79,/home/sergey/iqa-data/kadid10k/images/I79_06_02.png,0.83206106870229,0.5594465136528015
9777,kadid10k,kadid10k/i79,/home/sergey/iqa-data/kadid10k/images/I79_06_03.png,0.6870229007633589,0.554646372795105
9778,kadid10k,kadid10k/i79,/home/sergey/iqa-data/kadid10k/images/I79_06_04.png,0.5852417302798982,0.5706706643104553
9779,kadid10k,kadid10k/i79,/home/sergey/iqa-data/kadid10k/images/I79_06_05.png,0.3638676844783716,0.5916551351547241
9780,kadid10k,kadid10k/i79,/home/sergey/iqa-data/kadid10k/images/I79_07_01.png,0.272264631043257,0.7036301493644714
9781,kadid10k,kadid10k/i79,/home/sergey/iqa-data/kadid10k/images/I79_07_02.png,0.2875318066157761,0.670806884765625
9782,kadid10k,kadid10k/i79,/home/sergey/iqa-data/kadid10k/images/I79_07_03.png,0.178117048346056,0.6400506496429443
9783,kadid10k,kadid10k/i79,/home/sergey/iqa-data/kadid10k/images/I79_07_04.png,0.2111959287531807,0.5829207897186279
9784,kadid10k,kadid10k/i79,/home/sergey/iqa-data/kadid10k/images/I79_07_05.png,0.1450381679389313,0.6316461563110352
9785,kadid10k,kadid10k/i79,/home/sergey/iqa-data/kadid10k/images/I79_08_01.png,0.8982188295165395,0.729897677898407
9786,kadid10k,kadid10k/i79,/home/sergey/iqa-data/kadid10k/images/I79_08_02.png,0.6539440203562341,0.6483286023139954
9787,kadid10k,kadid10k/i79,/home/sergey/iqa-data/kadid10k/images/I79_08_03.png,0.4605597964376591,0.6255085468292236
9788,kadid10k,kadid10k/i79,/home/sergey/iqa-data/kadid10k/images/I79_08_04.png,0.1348600508905852,0.5896897315979004
9789,kadid10k,kadid10k/i79,/home/sergey/iqa-data/kadid10k/images/I79_08_05.png,0.1094147582697201,0.5779099464416504
9790,kadid10k,kadid10k/i79,/home/sergey/iqa-data/kadid10k/images/I79_09_01.png,0.94910941475827,0.7091268301010132
9791,kadid10k,kadid10k/i79,/home/sergey/iqa-data/kadid10k/images/I79_09_02.png,0.8727735368956743,0.6339400410652161
9792,kadid10k,kadid10k/i79,/home/sergey/iqa-data/kadid10k/images/I79_09_03.png,0.8295165394402035,0.5695134401321411
9793,kadid10k,kadid10k/i79,/home/sergey/iqa-data/kadid10k/images/I79_09_04.png,0.3129770992366412,0.41102302074432373
9794,kadid10k,kadid10k/i79,/home/sergey/iqa-data/kadid10k/images/I79_09_05.png,0.0585241730279898,0.35604777932167053
9795,kadid10k,kadid10k/i79,/home/sergey/iqa-data/kadid10k/images/I79_10_01.png,0.8218829516539442,0.6092926263809204
9796,kadid10k,kadid10k/i79,/home/sergey/iqa-data/kadid10k/images/I79_10_02.png,0.7709923664122139,0.5874830484390259
9797,kadid10k,kadid10k/i79,/home/sergey/iqa-data/kadid10k/images/I79_10_03.png,0.7709923664122139,0.5374878644943237
9798,kadid10k,kadid10k/i79,/home/sergey/iqa-data/kadid10k/images/I79_10_04.png,0.2875318066157761,0.3452955484390259
9799,kadid10k,kadid10k/i79,/home/sergey/iqa-data/kadid10k/images/I79_10_05.png,0.1094147582697201,0.39578643441200256
9800,kadid10k,kadid10k/i79,/home/sergey/iqa-data/kadid10k/images/I79_11_01.png,0.8727735368956743,0.5523229837417603
9801,kadid10k,kadid10k/i79,/home/sergey/iqa-data/kadid10k/images/I79_11_02.png,0.6106870229007634,0.5233708620071411
9802,kadid10k,kadid10k/i79,/home/sergey/iqa-data/kadid10k/images/I79_11_03.png,0.5521628498727735,0.5106722116470337
9803,kadid10k,kadid10k/i79,/home/sergey/iqa-data/kadid10k/images/I79_11_04.png,0.5165394402035624,0.4829353094100952
9804,kadid10k,kadid10k/i79,/home/sergey/iqa-data/kadid10k/images/I79_11_05.png,0.3816793893129771,0.43344372510910034
9805,kadid10k,kadid10k/i79,/home/sergey/iqa-data/kadid10k/images/I79_12_01.png,0.9338422391857508,0.6125360131263733
9806,kadid10k,kadid10k/i79,/home/sergey/iqa-data/kadid10k/images/I79_12_02.png,0.7048346055979644,0.5276383757591248
9807,kadid10k,kadid10k/i79,/home/sergey/iqa-data/kadid10k/images/I79_12_03.png,0.6183206106870229,0.4993753433227539
9808,kadid10k,kadid10k/i79,/home/sergey/iqa-data/kadid10k/images/I79_12_04.png,0.4580152671755725,0.45679494738578796
9809,kadid10k,kadid10k/i79,/home/sergey/iqa-data/kadid10k/images/I79_12_05.png,0.3486005089058525,0.4417547881603241
9810,kadid10k,kadid10k/i79,/home/sergey/iqa-data/kadid10k/images/I79_13_01.png,0.7048346055979644,0.7056335210800171
9811,kadid10k,kadid10k/i79,/home/sergey/iqa-data/kadid10k/images/I79_13_02.png,0.4758269720101782,0.6576254367828369
9812,kadid10k,kadid10k/i79,/home/sergey/iqa-data/kadid10k/images/I79_13_03.png,0.3893129770992366,0.6541439294815063
9813,kadid10k,kadid10k/i79,/home/sergey/iqa-data/kadid10k/images/I79_13_04.png,0.3231552162849873,0.6413716673851013
9814,kadid10k,kadid10k/i79,/home/sergey/iqa-data/kadid10k/images/I79_13_05.png,0.3129770992366412,0.6346508264541626
9815,kadid10k,kadid10k/i79,/home/sergey/iqa-data/kadid10k/images/I79_14_01.png,0.9363867684478372,0.6607934832572937
9816,kadid10k,kadid10k/i79,/home/sergey/iqa-data/kadid10k/images/I79_14_02.png,0.7709923664122139,0.5740618109703064
9817,kadid10k,kadid10k/i79,/home/sergey/iqa-data/kadid10k/images/I79_14_03.png,0.6615776081424937,0.5561467409133911
9818,kadid10k,kadid10k/i79,/home/sergey/iqa-data/kadid10k/images/I79_14_04.png,0.4656488549618321,0.5203787684440613
9819,kadid10k,kadid10k/i79,/home/sergey/iqa-data/kadid10k/images/I79_14_05.png,0.356234096692112,0.4992883503437042
9820,kadid10k,kadid10k/i79,/home/sergey/iqa-data/kadid10k/images/I79_15_01.png,0.7633587786259542,0.5756224393844604
9821,kadid10k,kadid10k/i79,/home/sergey/iqa-data/kadid10k/images/I79_15_02.png,0.5267175572519084,0.5108803510665894
9822,kadid10k,kadid10k/i79,/home/sergey/iqa-data/kadid10k/images/I79_15_03.png,0.4249363867684478,0.48169416189193726
9823,kadid10k,kadid10k/i79,/home/sergey/iqa-data/kadid10k/images/I79_15_04.png,0.2798982188295166,0.41887521743774414
9824,kadid10k,kadid10k/i79,/home/sergey/iqa-data/kadid10k/images/I79_15_05.png,0.1603053435114503,0.40875014662742615
9825,kadid10k,kadid10k/i79,/home/sergey/iqa-data/kadid10k/images/I79_16_01.png,0.8396946564885497,0.7344275116920471
9826,kadid10k,kadid10k/i79,/home/sergey/iqa-data/kadid10k/images/I79_16_02.png,0.806615776081425,0.7360327839851379
9827,kadid10k,kadid10k/i79,/home/sergey/iqa-data/kadid10k/images/I79_16_03.png,0.6539440203562341,0.7361626029014587
9828,kadid10k,kadid10k/i79,/home/sergey/iqa-data/kadid10k/images/I79_16_04.png,0.6030534351145039,0.702764630317688
9829,kadid10k,kadid10k/i79,/home/sergey/iqa-data/kadid10k/images/I79_16_05.png,0.3740458015267176,0.6412588357925415
9830,kadid10k,kadid10k/i79,/home/sergey/iqa-data/kadid10k/images/I79_17_01.png,0.8829516539440203,0.730738639831543
9831,kadid10k,kadid10k/i79,/home/sergey/iqa-data/kadid10k/images/I79_17_02.png,0.9236641221374048,0.730288565158844
9832,kadid10k,kadid10k/i79,/home/sergey/iqa-data/kadid10k/images/I79_17_03.png,0.7709923664122139,0.7240176200866699
9833,kadid10k,kadid10k/i79,/home/sergey/iqa-data/kadid10k/images/I79_17_04.png,0.7379134860050891,0.6932953000068665
9834,kadid10k,kadid10k/i79,/home/sergey/iqa-data/kadid10k/images/I79_17_05.png,0.3740458015267176,0.6031560301780701
9835,kadid10k,kadid10k/i79,/home/sergey/iqa-data/kadid10k/images/I79_18_01.png,0.8702290076335878,0.7322416305541992
9836,kadid10k,kadid10k/i79,/home/sergey/iqa-data/kadid10k/images/I79_18_02.png,0.9414758269720104,0.7335187792778015
9837,kadid10k,kadid10k/i79,/home/sergey/iqa-data/kadid10k/images/I79_18_03.png,0.916030534351145,0.729897677898407
9838,kadid10k,kadid10k/i79,/home/sergey/iqa-data/kadid10k/images/I79_18_04.png,0.8473282442748092,0.7263658046722412
9839,kadid10k,kadid10k/i79,/home/sergey/iqa-data/kadid10k/images/I79_18_05.png,0.712468193384224,0.70818030834198
9840,kadid10k,kadid10k/i79,/home/sergey/iqa-data/kadid10k/images/I79_19_01.png,0.8396946564885497,0.6953738927841187
9841,kadid10k,kadid10k/i79,/home/sergey/iqa-data/kadid10k/images/I79_19_02.png,0.8575063613231553,0.6564794778823853
9842,kadid10k,kadid10k/i79,/home/sergey/iqa-data/kadid10k/images/I79_19_03.png,0.6793893129770993,0.6251175403594971
9843,kadid10k,kadid10k/i79,/home/sergey/iqa-data/kadid10k/images/I79_19_04.png,0.4071246819338422,0.6132037043571472
9844,kadid10k,kadid10k/i79,/home/sergey/iqa-data/kadid10k/images/I79_19_05.png,0.1526717557251908,0.5816895961761475
9845,kadid10k,kadid10k/i79,/home/sergey/iqa-data/kadid10k/images/I79_20_01.png,0.8651399491094149,0.7317084074020386
9846,kadid10k,kadid10k/i79,/home/sergey/iqa-data/kadid10k/images/I79_20_02.png,0.712468193384224,0.7349481582641602
9847,kadid10k,kadid10k/i79,/home/sergey/iqa-data/kadid10k/images/I79_20_03.png,0.3994910941475826,0.7370771169662476
9848,kadid10k,kadid10k/i79,/home/sergey/iqa-data/kadid10k/images/I79_20_04.png,0.4656488549618321,0.7299489974975586
9849,kadid10k,kadid10k/i79,/home/sergey/iqa-data/kadid10k/images/I79_20_05.png,0.5089058524173028,0.7271322011947632
9850,kadid10k,kadid10k/i79,/home/sergey/iqa-data/kadid10k/images/I79_21_01.png,0.8218829516539442,0.7178472280502319
9851,kadid10k,kadid10k/i79,/home/sergey/iqa-data/kadid10k/images/I79_21_02.png,0.6946564885496184,0.6922644376754761
9852,kadid10k,kadid10k/i79,/home/sergey/iqa-data/kadid10k/images/I79_21_03.png,0.6284987277353691,0.6795716285705566
9853,kadid10k,kadid10k/i79,/home/sergey/iqa-data/kadid10k/images/I79_21_04.png,0.6106870229007634,0.6528013348579407
9854,kadid10k,kadid10k/i79,/home/sergey/iqa-data/kadid10k/images/I79_21_05.png,0.2544529262086514,0.628604531288147
9855,kadid10k,kadid10k/i79,/home/sergey/iqa-data/kadid10k/images/I79_22_01.png,0.8982188295165395,0.6398912072181702
9856,kadid10k,kadid10k/i79,/home/sergey/iqa-data/kadid10k/images/I79_22_02.png,0.8396946564885497,0.6155791282653809
9857,kadid10k,kadid10k/i79,/home/sergey/iqa-data/kadid10k/images/I79_22_03.png,0.83206106870229,0.5990176796913147
9858,kadid10k,kadid10k/i79,/home/sergey/iqa-data/kadid10k/images/I79_22_04.png,0.5419847328244275,0.5841997265815735
9859,kadid10k,kadid10k/i79,/home/sergey/iqa-data/kadid10k/images/I79_22_05.png,0.356234096692112,0.5776488780975342
9860,kadid10k,kadid10k/i79,/home/sergey/iqa-data/kadid10k/images/I79_23_01.png,0.4249363867684478,0.7307606935501099
9861,kadid10k,kadid10k/i79,/home/sergey/iqa-data/kadid10k/images/I79_23_02.png,0.4325699745547074,0.7306753396987915
9862,kadid10k,kadid10k/i79,/home/sergey/iqa-data/kadid10k/images/I79_23_03.png,0.2977099236641221,0.7213685512542725
9863,kadid10k,kadid10k/i79,/home/sergey/iqa-data/kadid10k/images/I79_23_04.png,0.3816793893129771,0.7166891694068909
9864,kadid10k,kadid10k/i79,/home/sergey/iqa-data/kadid10k/images/I79_23_05.png,0.178117048346056,0.7131972312927246
9865,kadid10k,kadid10k/i79,/home/sergey/iqa-data/kadid10k/images/I79_24_01.png,0.7302798982188295,0.7386690378189087
9866,kadid10k,kadid10k/i79,/home/sergey/iqa-data/kadid10k/images/I79_24_02.png,0.5928753180661578,0.7196751832962036
9867,kadid10k,kadid10k/i79,/home/sergey/iqa-data/kadid10k/images/I79_24_03.png,0.356234096692112,0.7009888887405396
9868,kadid10k,kadid10k/i79,/home/sergey/iqa-data/kadid10k/images/I79_24_04.png,0.2111959287531807,0.6756244897842407
9869,kadid10k,kadid10k/i79,/home/sergey/iqa-data/kadid10k/images/I79_24_05.png,0.1450381679389313,0.6503301858901978
9870,kadid10k,kadid10k/i79,/home/sergey/iqa-data/kadid10k/images/I79_25_01.png,0.7455470737913487,0.6912702322006226
9871,kadid10k,kadid10k/i79,/home/sergey/iqa-data/kadid10k/images/I79_25_02.png,0.7455470737913487,0.7158621549606323
9872,kadid10k,kadid10k/i79,/home/sergey/iqa-data/kadid10k/images/I79_25_03.png,0.89058524173028,0.7368415594100952
9873,kadid10k,kadid10k/i79,/home/sergey/iqa-data/kadid10k/images/I79_25_04.png,0.712468193384224,0.7142622470855713
9874,kadid10k,kadid10k/i79,/home/sergey/iqa-data/kadid10k/images/I79_25_05.png,0.5597964376590332,0.693252444267273
10131,koniq10k,koniq10k/10013822223.jpg,/home/sergey/iqa-data/koniq10k/koniq10k/1024x768/10013822223.jpg,0.7734235606423249,0.613418698310852
10136,koniq10k,koniq10k/10022757465.jpg,/home/sergey/iqa-data/koniq10k/koniq10k/1024x768/10022757465.jpg,0.8027878456313124,0.6392496824264526
10141,koniq10k,koniq10k/10031298826.jpg,/home/sergey/iqa-data/koniq10k/koniq10k/1024x768/10031298826.jpg,0.5541321049368667,0.4512734115123749
10149,koniq10k,koniq10k/10058760545.jpg,/home/sergey/iqa-data/koniq10k/koniq10k/1024x768/10058760545.jpg,0.1629966491144078,0.40305471420288086
10155,koniq10k,koniq10k/10069534975.jpg,/home/sergey/iqa-data/koniq10k/koniq10k/1024x768/10069534975.jpg,0.8027055298477043,0.7394801378250122
10157,koniq10k,koniq10k/10075168775.jpg,/home/sergey/iqa-data/koniq10k/koniq10k/1024x768/10075168775.jpg,0.8172819436084335,0.5568301677703857
10159,koniq10k,koniq10k/10077880165.jpg,/home/sergey/iqa-data/koniq10k/koniq10k/1024x768/10077880165.jpg,0.3417371416414,0.3322370648384094
10162,koniq10k,koniq10k/10086300493.jpg,/home/sergey/iqa-data/koniq10k/koniq10k/1024x768/10086300493.jpg,0.7524968977584863,0.6050723195075989
10173,koniq10k,koniq10k/10118773964.jpg,/home/sergey/iqa-data/koniq10k/koniq10k/1024x768/10118773964.jpg,0.6047116200370634,0.5806217789649963
10182,koniq10k,koniq10k/10140071304.jpg,/home/sergey/iqa-data/koniq10k/koniq10k/1024x768/10140071304.jpg,0.6769741642538104,0.49052491784095764
10188,koniq10k,koniq10k/101601008.jpg,/home/sergey/iqa-data/koniq10k/koniq10k/1024x768/101601008.jpg,0.6919578745811391,0.5338677167892456
10193,koniq10k,koniq10k/10177270623.jpg,/home/sergey/iqa-data/koniq10k/koniq10k/1024x768/10177270623.jpg,0.6869550117797232,0.4772452712059021
10197,koniq10k,koniq10k/10178914656.jpg,/home/sergey/iqa-data/koniq10k/koniq10k/1024x768/10178914656.jpg,0.7509009456542353,0.676220715045929
10199,koniq10k,koniq10k/10186643874.jpg,/home/sergey/iqa-data/koniq10k/koniq10k/1024x768/10186643874.jpg,0.5553466001048569,0.4179372489452362
10202,koniq10k,koniq10k/10187102065.jpg,/home/sergey/iqa-data/koniq10k/koniq10k/1024x768/10187102065.jpg,0.4179100137346044,0.310063898563385
10215,koniq10k,koniq10k/10221144393.jpg,/home/sergey/iqa-data/koniq10k/koniq10k/1024x768/10221144393.jpg,0.1822316027677429,0.14635279774665833
10217,koniq10k,koniq10k/10226277514.jpg,/home/sergey/iqa-data/koniq10k/koniq10k/1024x768/10226277514.jpg,0.4661659907692582,0.3161393105983734
10223,koniq10k,koniq10k/10244715656.jpg,/home/sergey/iqa-data/koniq10k/koniq10k/1024x768/10244715656.jpg,0.5781155989653085,0.36392804980278015
10227,koniq10k,koniq10k/10260190424.jpg,/home/sergey/iqa-data/koniq10k/koniq10k/1024x768/10260190424.jpg,0.7508465861744944,0.5428867936134338
10233,koniq10k,koniq10k/10265809113.jpg,/home/sergey/iqa-data/koniq10k/koniq10k/1024x768/10265809113.jpg,0.8008314472014763,0.7112265825271606
10243,koniq10k,koniq10k/1029470257.jpg,/home/sergey/iqa-data/koniq10k/koniq10k/1024x768/1029470257.jpg,0.4774580708041687,0.47791510820388794
10248,koniq10k,koniq10k/10316734944.jpg,/home/sergey/iqa-data/koniq10k/koniq10k/1024x768/10316734944.jpg,0.7371829811032815,0.5813469886779785
10252,koniq10k,koniq10k/10327985614.jpg,/home/sergey/iqa-data/koniq10k/koniq10k/1024x768/10327985614.jpg,0.8236129836935291,0.659992516040802
10255,koniq10k,koniq10k/10330831494.jpg,/home/sergey/iqa-data/koniq10k/koniq10k/1024x768/10330831494.jpg,0.5205840114887503,0.3566799759864807
10258,koniq10k,koniq10k/103400056.jpg,/home/sergey/iqa-data/koniq10k/koniq10k/1024x768/103400056.jpg,0.8915749162278597,0.6059665679931641
10260,koniq10k,koniq10k/10344523015.jpg,/home/sergey/iqa-data/koniq10k/koniq10k/1024x768/10344523015.jpg,0.569340283318264,0.29440581798553467
10267,koniq10k,koniq10k/10353620913.jpg,/home/sergey/iqa-data/koniq10k/koniq10k/1024x768/10353620913.jpg,0.6106918593191207,0.4873882532119751
10268,koniq10k,koniq10k/10358252894.jpg,/home/sergey/iqa-data/koniq10k/koniq10k/1024x768/10358252894.jpg,0.6900500711058631,0.544281542301178
10269,koniq10k,koniq10k/10362672006.jpg,/home/sergey/iqa-data/koniq10k/koniq10k/1024x768/10362672006.jpg,0.8496888463379617,0.6843305826187134
10271,koniq10k,koniq10k/1036840624.jpg,/home/sergey/iqa-data/koniq10k/koniq10k/1024x768/1036840624.jpg,0.3201292484442309,0.22998885810375214
10272,koniq10k,koniq10k/10371125786.jpg,/home/sergey/iqa-data/koniq10k/koniq10k/1024x768/10371125786.jpg,0.4116232419248212,0.23868082463741302
10275,koniq10k,koniq10k/10373546175.jpg,/home/sergey/iqa-data/koniq10k/koniq10k/1024x768/10373546175.jpg,0.6489620958266233,0.4465915560722351
10276,koniq10k,koniq10k/10375167904.jpg,/home/sergey/iqa-data/koniq10k/koniq10k/1024x768/10375167904.jpg,0.6472981725002095,0.386386513710022
10283,koniq10k,koniq10k/10397631976.jpg,/home/sergey/iqa-data/koniq10k/koniq10k/1024x768/10397631976.jpg,0.8104870639710448,0.5500291585922241
10287,koniq10k,koniq10k/10408374535.jpg,/home/sergey/iqa-data/koniq10k/koniq10k/1024x768/10408374535.jpg,0.5284131834307887,0.323373019695282
10290,koniq10k,koniq10k/10410038143.jpg,/home/sergey/iqa-data/koniq10k/koniq10k/1024x768/10410038143.jpg,0.8733332713659611,0.6258922815322876
10292,koniq10k,koniq10k/10414716033.jpg,/home/sergey/iqa-data/koniq10k/koniq10k/1024x768/10414716033.jpg,0.7917687191809164,0.7326945066452026
10301,koniq10k,koniq10k/10430335945.jpg,/home/sergey/iqa-data/koniq10k/koniq10k/1024x768/10430335945.jpg,0.4426826955210118,0.2333037257194519
10303,koniq10k,koniq10k/10442628686.jpg,/home/sergey/iqa-data/koniq10k/koniq10k/1024x768/10442628686.jpg,0.4657047117554522,0.45086681842803955
10310,koniq10k,koniq10k/10459022813.jpg,/home/sergey/iqa-data/koniq10k/koniq10k/1024x768/10459022813.jpg,0.8919104521682345,0.7201467156410217
10315,koniq10k,koniq10k/10465293055.jpg,/home/sergey/iqa-data/koniq10k/koniq10k/1024x768/10465293055.jpg,0.8350885591191958,0.7255630493164062
10317,koniq10k,koniq10k/10466453556.jpg,/home/sergey/iqa-data/koniq10k/koniq10k/1024x768/10466453556.jpg,0.2988475121255097,0.2185957282781601
10319,koniq10k,koniq10k/10468540574.jpg,/home/sergey/iqa-data/koniq10k/koniq10k/1024x768/10468540574.jpg,0.7433444397575242,0.5946235656738281
10333,koniq10k,koniq10k/10512432565.jpg,/home/sergey/iqa-data/koniq10k/koniq10k/1024x768/10512432565.jpg,0.7522474648771859,0.5270882844924927
10339,koniq10k,koniq10k/10526881085.jpg,/home/sergey/iqa-data/koniq10k/koniq10k/1024x768/10526881085.jpg,0.486767734880392,0.27485761046409607
10342,koniq10k,koniq10k/10534454676.jpg,/home/sergey/iqa-data/koniq10k/koniq10k/1024x768/10534454676.jpg,0.7879710045818233,0.6571609377861023
10344,koniq10k,koniq10k/10536668436.jpg,/home/sergey/iqa-data/koniq10k/koniq10k/1024x768/10536668436.jpg,0.3985160363810439,0.26248663663864136
10348,koniq10k,koniq10k/10539341593.jpg,/home/sergey/iqa-data/koniq10k/koniq10k/1024x768/10539341593.jpg,0.7957168383185842,0.7002288103103638
10351,koniq10k,koniq10k/10544945153.jpg,/home/sergey/iqa-data/koniq10k/koniq10k/1024x768/10544945153.jpg,0.5385351842987081,0.33811578154563904
10353,koniq10k,koniq10k/10556629035.jpg,/home/sergey/iqa-data/koniq10k/koniq10k/1024x768/10556629035.jpg,0.7937234252245651,0.6184887886047363
10359,koniq10k,koniq10k/10569725133.jpg,/home/sergey/iqa-data/koniq10k/koniq10k/1024x768/10569725133.jpg,0.8337508891702421,0.6531939506530762
10368,koniq10k,koniq10k/10583786994.jpg,/home/sergey/iqa-data/koniq10k/koniq10k/1024x768/10583786994.jpg,0.6778034334844519,0.597760796546936
10369,koniq10k,koniq10k/10586872235.jpg,/home/sergey/iqa-data/koniq10k/koniq10k/1024x768/10586872235.jpg,0.457359755051167,0.2633533775806427
10373,koniq10k,koniq10k/10603218265.jpg,/home/sergey/iqa-data/koniq10k/koniq10k/1024x768/10603218265.jpg,0.8057512138412104,0.6831084489822388
10376,koniq10k,koniq10k/10609356094.jpg,/home/sergey/iqa-data/koniq10k/koniq10k/1024x768/10609356094.jpg,0.7405571132234616,0.6555090546607971
10390,koniq10k,koniq10k/1063351510.jpg,/home/sergey/iqa-data/koniq10k/koniq10k/1024x768/1063351510.jpg,0.5124593216542755,0.31212082505226135
10403,koniq10k,koniq10k/1067765170.jpg,/home/sergey/iqa-data/koniq10k/koniq10k/1024x768/1067765170.jpg,0.551677008629983,0.2385348379611969
10406,koniq10k,koniq10k/10679134563.jpg,/home/sergey/iqa-data/koniq10k/koniq10k/1024x768/10679134563.jpg,0.3510858627797698,0.208388090133667
10411,koniq10k,koniq10k/10683218616.jpg,/home/sergey/iqa-data/koniq10k/koniq10k/1024x768/10683218616.jpg,0.7813034261095543,0.6230353116989136
10414,koniq10k,koniq10k/10689538413.jpg,/home/sergey/iqa-data/koniq10k/koniq10k/1024x768/10689538413.jpg,0.8315160541105973,0.5799260139465332
10415,koniq10k,koniq10k/10689722684.jpg,/home/sergey/iqa-data/koniq10k/koniq10k/1024x768/10689722684.jpg,0.8689697356523592,0.6537730097770691
10428,koniq10k,koniq10k/10721124556.jpg,/home/sergey/iqa-data/koniq10k/koniq10k/1024x768/10721124556.jpg,0.6376474172070161,0.6293255090713501
10432,koniq10k,koniq10k/10728525673.jpg,/home/sergey/iqa-data/koniq10k/koniq10k/1024x768/10728525673.jpg,0.7629248444231678,0.603848397731781
10436,koniq10k,koniq10k/10737029565.jpg,/home/sergey/iqa-data/koniq10k/koniq10k/1024x768/10737029565.jpg,0.6931432218650969,0.4449104964733124
10445,koniq10k,koniq10k/1075190309.jpg,/home/sergey/iqa-data/koniq10k/koniq10k/1024x768/1075190309.jpg,0.4311545323991459,0.27925050258636475
10447,koniq10k,koniq10k/10765812585.jpg,/home/sergey/iqa-data/koniq10k/koniq10k/1024x768/10765812585.jpg,0.4896492860175044,0.34649601578712463
10455,koniq10k,koniq10k/10783395635.jpg,/home/sergey/iqa-data/koniq10k/koniq10k/1024x768/10783395635.jpg,0.7807936724037212,0.6137137413024902
10464,koniq10k,koniq10k/10799367156.jpg,/home/sergey/iqa-data/koniq10k/koniq10k/1024x768/10799367156.jpg,0.826494791310492,0.7200527191162109
10466,koniq10k,koniq10k/10805317444.jpg,/home/sergey/iqa-data/koniq10k/koniq10k/1024x768/10805317444.jpg,0.5862272440743352,0.5096457600593567
10473,koniq10k,koniq10k/10827568885.jpg,/home/sergey/iqa-data/koniq10k/koniq10k/1024x768/10827568885.jpg,0.8521591912200647,0.6993351578712463
10479,koniq10k,koniq10k/10847909336.jpg,/home/sergey/iqa-data/koniq10k/koniq10k/1024x768/10847909336.jpg,0.266275730014361,0.1872369349002838
10488,koniq10k,koniq10k/10862487886.jpg,/home/sergey/iqa-data/koniq10k/koniq10k/1024x768/10862487886.jpg,0.6970759161249618,0.34832894802093506
10489,koniq10k,koniq10k/10864812016.jpg,/home/sergey/iqa-data/koniq10k/koniq10k/1024x768/10864812016.jpg,0.6070657622587299,0.3865365982055664
10491,koniq10k,koniq10k/10866463396.jpg,/home/sergey/iqa-data/koniq10k/koniq10k/1024x768/10866463396.jpg,0.7330062230732416,0.6022763848304749
10492,koniq10k,koniq10k/10866561184.jpg,/home/sergey/iqa-data/koniq10k/koniq10k/1024x768/10866561184.jpg,0.8620552098292653,0.6958653330802917
10497,koniq10k,koniq10k/10882856833.jpg,/home/sergey/iqa-data/koniq10k/koniq10k/1024x768/10882856833.jpg,0.6788202755172602,0.3499498963356018
10500,koniq10k,koniq10k/10893404795.jpg,/home/sergey/iqa-data/koniq10k/koniq10k/1024x768/10893404795.jpg,0.4119195787458107,0.23315173387527466
10510,koniq10k,koniq10k/1090979049.jpg,/home/sergey/iqa-data/koniq10k/koniq10k/1024x768/1090979049.jpg,0.6211992269914709,0.48548105359077454
10525,koniq10k,koniq10k/10936496124.jpg,/home/sergey/iqa-data/koniq10k/koniq10k/1024x768/10936496124.jpg,0.6778034334844519,0.4694680869579315
10531,koniq10k,koniq10k/10967023396.jpg,/home/sergey/iqa-data/koniq10k/koniq10k/1024x768/10967023396.jpg,0.6220223848275559,0.3367270529270172
10532,koniq10k,koniq10k/10968711744.jpg,/home/sergey/iqa-data/koniq10k/koniq10k/1024x768/10968711744.jpg,0.8736237434179023,0.5826523303985596
10536,koniq10k,koniq10k/10983119996.jpg,/home/sergey/iqa-data/koniq10k/koniq10k/1024x768/10983119996.jpg,0.6139538080184274,0.36010533571243286
10547,koniq10k,koniq10k/11016485883.jpg,/home/sergey/iqa-data/koniq10k/koniq10k/1024x768/11016485883.jpg,0.7552354791229542,0.5179680585861206
10548,koniq10k,koniq10k/11018079835.jpg,/home/sergey/iqa-data/koniq10k/koniq10k/1024x768/11018079835.jpg,0.846968971669786,0.6763614416122437
10549,koniq10k,koniq10k/1101948952.jpg,/home/sergey/iqa-data/koniq10k/koniq10k/1024x768/1101948952.jpg,0.825753949258018,0.699195921421051
10550,koniq10k,koniq10k/11021514993.jpg,/home/sergey/iqa-data/koniq10k/koniq10k/1024x768/11021514993.jpg,0.7417424605074198,0.6366866230964661
10552,koniq10k,koniq10k/11023346856.jpg,/home/sergey/iqa-data/koniq10k/koniq10k/1024x768/11023346856.jpg,0.6761608425083772,0.40740838646888733
10558,koniq10k,koniq10k/11051034136.jpg,/home/sergey/iqa-data/koniq10k/koniq10k/1024x768/11051034136.jpg,0.7249171143378909,0.6238225698471069
10559,koniq10k,koniq10k/11051374673.jpg,/home/sergey/iqa-data/koniq10k/koniq10k/1024x768/11051374673.jpg,0.6764001914791764,0.58525151014328
10566,koniq10k,koniq10k/11060185873.jpg,/home/sergey/iqa-data/koniq10k/koniq10k/1024x768/11060185873.jpg,0.7157288930864814,0.451923131942749
10573,koniq10k,koniq10k/11079282234.jpg,/home/sergey/iqa-data/koniq10k/koniq10k/1024x768/11079282234.jpg,0.8143144763889288,0.7436525821685791
10574,koniq10k,koniq10k/11081975613.jpg,/home/sergey/iqa-data/koniq10k/koniq10k/1024x768/11081975613.jpg,0.7601676381419011,0.5800002217292786
10578,koniq10k,koniq10k/11097661494.jpg,/home/sergey/iqa-data/koniq10k/koniq10k/1024x768/11097661494.jpg,0.8048109143130691,0.6217239499092102
10587,koniq10k,koniq10k/11139368236.jpg,/home/sergey/iqa-data/koniq10k/koniq10k/1024x768/11139368236.jpg,0.7734235606423249,0.7079863548278809
10601,koniq10k,koniq10k/11169904264.jpg,/home/sergey/iqa-data/koniq10k/koniq10k/1024x768/11169904264.jpg,0.742094709936144,0.5329668521881104
10607,koniq10k,koniq10k/11183022383.jpg,/home/sergey/iqa-data/koniq10k/koniq10k/1024x768/11183022383.jpg,0.4768173425425698,0.3624934256076813
10611,koniq10k,koniq10k/11209188974.jpg,/home/sergey/iqa-data/koniq10k/koniq10k/1024x768/11209188974.jpg,0.7316670085937684,0.685717761516571
10616,koniq10k,koniq10k/11218793016.jpg,/home/sergey/iqa-data/koniq10k/koniq10k/1024x768/11218793016.jpg,0.664415013385812,0.5315724015235901
10622,koniq10k,koniq10k/11239106136.jpg,/home/sergey/iqa-data/koniq10k/koniq10k/1024x768/11239106136.jpg,0.5901339660471354,0.3699054718017578
10629,koniq10k,koniq10k/11252383376.jpg,/home/sergey/iqa-data/koniq10k/koniq10k/1024x768/11252383376.jpg,0.7697462900909525,0.6236541271209717
10632,koniq10k,koniq10k/11256485296.jpg,/home/sergey/iqa-data/koniq10k/koniq10k/1024x768/11256485296.jpg,0.6582096696984194,0.42735472321510315
10639,koniq10k,koniq10k/11268202995.jpg,/home/sergey/iqa-data/koniq10k/koniq10k/1024x768/11268202995.jpg,0.4667853896118157,0.2272837609052658
10643,koniq10k,koniq10k/11270280904.jpg,/home/sergey/iqa-data/koniq10k/koniq10k/1024x768/11270280904.jpg,0.3612459823565617,0.2406238615512848
10654,koniq10k,koniq10k/11295475784.jpg,/home/sergey/iqa-data/koniq10k/koniq10k/1024x768/11295475784.jpg,0.5410332439454003,0.30180707573890686
10660,koniq10k,koniq10k/11307198154.jpg,/home/sergey/iqa-data/koniq10k/koniq10k/1024x768/11307198154.jpg,0.8599808520823361,0.7044355869293213
10666,koniq10k,koniq10k/11325081573.jpg,/home/sergey/iqa-data/koniq10k/koniq10k/1024x768/11325081573.jpg,0.5325514600287222,0.43220406770706177
10667,koniq10k,koniq10k/11327123904.jpg,/home/sergey/iqa-data/koniq10k/koniq10k/1024x768/11327123904.jpg,0.78647465033722,0.49139025807380676
10680,koniq10k,koniq10k/11369797883.jpg,/home/sergey/iqa-data/koniq10k/koniq10k/1024x768/11369797883.jpg,0.8226424126376256,0.6382277011871338
10684,koniq10k,koniq10k/11378848184.jpg,/home/sergey/iqa-data/koniq10k/koniq10k/1024x768/11378848184.jpg,0.7008642913294189,0.5633763670921326
10696,koniq10k,koniq10k/11407835876.jpg,/home/sergey/iqa-data/koniq10k/koniq10k/1024x768/11407835876.jpg,0.6518739616478484,0.3916131854057312
10698,koniq10k,koniq10k/11408091114.jpg,/home/sergey/iqa-data/koniq10k/koniq10k/1024x768/11408091114.jpg,0.7623707958796528,0.5882366895675659
10703,koniq10k,koniq10k/11410690075.jpg,/home/sergey/iqa-data/koniq10k/koniq10k/1024x768/11410690075.jpg,0.7569411201531822,0.592455267906189
10707,koniq10k,koniq10k/11419816946.jpg,/home/sergey/iqa-data/koniq10k/koniq10k/1024x768/11419816946.jpg,0.8238253108569477,0.7565891742706299
10708,koniq10k,koniq10k/11424871693.jpg,/home/sergey/iqa-data/koniq10k/koniq10k/1024x768/11424871693.jpg,0.4108823998723476,0.3199778199195862
10710,koniq10k,koniq10k/11432746805.jpg,/home/sergey/iqa-data/koniq10k/koniq10k/1024x768/11432746805.jpg,0.7190530253286284,0.5405389070510864
10716,koniq10k,koniq10k/11437542656.jpg,/home/sergey/iqa-data/koniq10k/koniq10k/1024x768/11437542656.jpg,0.62696133184405,0.5354505777359009
10729,koniq10k,koniq10k/11484412296.jpg,/home/sergey/iqa-data/koniq10k/koniq10k/1024x768/11484412296.jpg,0.6672960658121018,0.5964500904083252
10734,koniq10k,koniq10k/11501016504.jpg,/home/sergey/iqa-data/koniq10k/koniq10k/1024x768/11501016504.jpg,0.6279491212473485,0.3682733178138733
10743,koniq10k,koniq10k/11515148456.jpg,/home/sergey/iqa-data/koniq10k/koniq10k/1024x768/11515148456.jpg,0.6980635313456816,0.6128601431846619
10744,koniq10k,koniq10k/11518631385.jpg,/home/sergey/iqa-data/koniq10k/koniq10k/1024x768/11518631385.jpg,0.3568424725867137,0.5719869136810303
10748,koniq10k,koniq10k/11522920033.jpg,/home/sergey/iqa-data/koniq10k/koniq10k/1024x768/11522920033.jpg,0.6372666347534705,0.42091140151023865
10756,koniq10k,koniq10k/11535275706.jpg,/home/sergey/iqa-data/koniq10k/koniq10k/1024x768/11535275706.jpg,0.8296048609169191,0.6134703755378723
10763,koniq10k,koniq10k/11555549865.jpg,/home/sergey/iqa-data/koniq10k/koniq10k/1024x768/11555549865.jpg,0.6731689803733828,0.4804149866104126
10767,koniq10k,koniq10k/117172917.jpg,/home/sergey/iqa-data/koniq10k/koniq10k/1024x768/117172917.jpg,0.7011414389753086,0.4230176508426666
10768,koniq10k,koniq10k/1172858625.jpg,/home/sergey/iqa-data/koniq10k/koniq10k/1024x768/1172858625.jpg,0.7551020856298378,0.349340558052063
10769,koniq10k,koniq10k/1194894463.jpg,/home/sergey/iqa-data/koniq10k/koniq10k/1024x768/1194894463.jpg,0.7198135357541771,0.5306797623634338
10772,koniq10k,koniq10k/120328351.jpg,/home/sergey/iqa-data/koniq10k/koniq10k/1024x768/120328351.jpg,0.4309410478968903,0.2619680166244507
10773,koniq10k,koniq10k/120459577.jpg,/home/sergey/iqa-data/koniq10k/koniq10k/1024x768/120459577.jpg,0.5672449724627798,0.3808366358280182
10774,koniq10k,koniq10k/120983206.jpg,/home/sergey/iqa-data/koniq10k/koniq10k/1024x768/120983206.jpg,0.7068697670637761,0.3855322003364563
10775,koniq10k,koniq10k/121123359.jpg,/home/sergey/iqa-data/koniq10k/koniq10k/1024x768/121123359.jpg,1.0,0.7120516300201416
10776,koniq10k,koniq10k/122346209.jpg,/home/sergey/iqa-data/koniq10k/koniq10k/1024x768/122346209.jpg,0.3612459823565617,0.2711515426635742
10777,koniq10k,koniq10k/122553631.jpg,/home/sergey/iqa-data/koniq10k/koniq10k/1024x768/122553631.jpg,0.4033701229851055,0.2866401672363281
10784,koniq10k,koniq10k/125829275.jpg,/home/sergey/iqa-data/koniq10k/koniq10k/1024x768/125829275.jpg,0.3658205022145568,0.1937573254108429
10785,koniq10k,koniq10k/1266777709.jpg,/home/sergey/iqa-data/koniq10k/koniq10k/1024x768/1266777709.jpg,0.6951281194396512,0.5600220561027527
10787,koniq10k,koniq10k/128079586.jpg,/home/sergey/iqa-data/koniq10k/koniq10k/1024x768/128079586.jpg,0.659500276893906,0.43085941672325134
10790,koniq10k,koniq10k/128715765.jpg,/home/sergey/iqa-data/koniq10k/koniq10k/1024x768/128715765.jpg,0.6262767253269127,0.3753591775894165
10794,koniq10k,koniq10k/129023751.jpg,/home/sergey/iqa-data/koniq10k/koniq10k/1024x768/129023751.jpg,0.8815416007852582,0.5670008659362793
10800,koniq10k,koniq10k/1297819816.jpg,/home/sergey/iqa-data/koniq10k/koniq10k/1024x768/1297819816.jpg,0.8093398799302599,0.5971920490264893
10804,koniq10k,koniq10k/1312413141.jpg,/home/sergey/iqa-data/koniq10k/koniq10k/1024x768/1312413141.jpg,0.2034466251795108,0.17751145362854004
10822,koniq10k,koniq10k/1352428885.jpg,/home/sergey/iqa-data/koniq10k/koniq10k/1024x768/1352428885.jpg,0.5487690304800845,0.39919304847717285
10830,koniq10k,koniq10k/1367218588.jpg,/home/sergey/iqa-data/koniq10k/koniq10k/1024x768/1367218588.jpg,0.3164599835616921,0.2451198250055313
10839,koniq10k,koniq10k/139253033.jpg,/home/sergey/iqa-data/koniq10k/koniq10k/1024x768/139253033.jpg,0.3340724549978776,0.22779318690299988
10840,koniq10k,koniq10k/1396109073.jpg,/home/sergey/iqa-data/koniq10k/koniq10k/1024x768/1396109073.jpg,0.6820906593525072,0.5736792087554932
10844,koniq10k,koniq10k/1402675396.jpg,/home/sergey/iqa-data/koniq10k/koniq10k/1024x768/1402675396.jpg,0.3090166176571134,0.18314793705940247
10846,koniq10k,koniq10k/1408118135.jpg,/home/sergey/iqa-data/koniq10k/koniq10k/1024x768/1408118135.jpg,0.4905565951520941,0.2897723913192749
10847,koniq10k,koniq10k/1408827056.jpg,/home/sergey/iqa-data/koniq10k/koniq10k/1024x768/1408827056.jpg,0.3513971409530771,0.2118358612060547
10849,koniq10k,koniq10k/1410303503.jpg,/home/sergey/iqa-data/koniq10k/koniq10k/1024x768/1410303503.jpg,0.7509573958831962,0.510797917842865
10858,koniq10k,koniq10k/1429120335.jpg,/home/sergey/iqa-data/koniq10k/koniq10k/1024x768/1429120335.jpg,0.6331003968271728,0.5742629766464233
10859,koniq10k,koniq10k/1429419760.jpg,/home/sergey/iqa-data/koniq10k/koniq10k/1024x768/1429419760.jpg,0.7689894298319389,0.51546710729599
10865,koniq10k,koniq10k/143622689.jpg,/home/sergey/iqa-data/koniq10k/koniq10k/1024x768/143622689.jpg,0.7109234311244839,0.5724533796310425
10870,koniq10k,koniq10k/145089144.jpg,/home/sergey/iqa-data/koniq10k/koniq10k/1024x768/145089144.jpg,0.1843664477903116,0.26656374335289
10881,koniq10k,koniq10k/147783170.jpg,/home/sergey/iqa-data/koniq10k/koniq10k/1024x768/147783170.jpg,0.3799664911440866,0.31015199422836304
10882,koniq10k,koniq10k/1487386722.jpg,/home/sergey/iqa-data/koniq10k/koniq10k/1024x768/1487386722.jpg,0.3076537478436009,0.19178429245948792
10890,koniq10k,koniq10k/1500316824.jpg,/home/sergey/iqa-data/koniq10k/koniq10k/1024x768/1500316824.jpg,0.7659167065581624,0.7089846134185791
10898,koniq10k,koniq10k/152780037.jpg,/home/sergey/iqa-data/koniq10k/koniq10k/1024x768/152780037.jpg,0.4540981862666887,0.29942384362220764
10899,koniq10k,koniq10k/1529757375.jpg,/home/sergey/iqa-data/koniq10k/koniq10k/1024x768/1529757375.jpg,0.7371829811032815,0.5655342936515808
10907,koniq10k,koniq10k/154603426.jpg,/home/sergey/iqa-data/koniq10k/koniq10k/1024x768/154603426.jpg,0.7248600637947962,0.5456381440162659
10908,koniq10k,koniq10k/154740129.jpg,/home/sergey/iqa-data/koniq10k/koniq10k/1024x768/154740129.jpg,0.0493375001129007,0.15666255354881287
10918,koniq10k,koniq10k/156266461.jpg,/home/sergey/iqa-data/koniq10k/koniq10k/1024x768/156266461.jpg,0.4397472836149815,0.29901427030563354
10919,koniq10k,koniq10k/156451756.jpg,/home/sergey/iqa-data/koniq10k/koniq10k/1024x768/156451756.jpg,0.5483871747634314,0.43497031927108765
10920,koniq10k,koniq10k/1565882132.jpg,/home/sergey/iqa-data/koniq10k/koniq10k/1024x768/1565882132.jpg,0.4745732384612874,0.2949012815952301
10932,koniq10k,koniq10k/16079437.jpg,/home/sergey/iqa-data/koniq10k/koniq10k/1024x768/16079437.jpg,0.5807567901289807,0.44215768575668335
10935,koniq10k,koniq10k/161483962.jpg,/home/sergey/iqa-data/koniq10k/koniq10k/1024x768/161483962.jpg,0.6101689119879647,0.37297096848487854
10938,koniq10k,koniq10k/163208499.jpg,/home/sergey/iqa-data/koniq10k/koniq10k/1024x768/163208499.jpg,0.2904772286706883,0.23023304343223572
10940,koniq10k,koniq10k/163666873.jpg,/home/sergey/iqa-data/koniq10k/koniq10k/1024x768/163666873.jpg,0.509837731167143,0.30614742636680603
10944,koniq10k,koniq10k/16523804.jpg,/home/sergey/iqa-data/koniq10k/koniq10k/1024x768/16523804.jpg,0.4498977733834975,0.2710002362728119
10953,koniq10k,koniq10k/1693839090.jpg,/home/sergey/iqa-data/koniq10k/koniq10k/1024x768/1693839090.jpg,0.2347073902909323,0.24278733134269714
10957,koniq10k,koniq10k/171857013.jpg,/home/sergey/iqa-data/koniq10k/koniq10k/1024x768/171857013.jpg,0.5395512884200245,0.3351121246814728
10969,koniq10k,koniq10k/1796317547.jpg,/home/sergey/iqa-data/koniq10k/koniq10k/1024x768/1796317547.jpg,0.8586644327429389,0.7450884580612183
10987,koniq10k,koniq10k/187499391.jpg,/home/sergey/iqa-data/koniq10k/koniq10k/1024x768/187499391.jpg,0.5138450598837175,0.28567343950271606
10988,koniq10k,koniq10k/187640892.jpg,/home/sergey/iqa-data/koniq10k/koniq10k/1024x768/187640892.jpg,0.4088080421254182,0.2284023016691208
10994,koniq10k,koniq10k/194369363.jpg,/home/sergey/iqa-data/koniq10k/koniq10k/1024x768/194369363.jpg,0.3197588274179925,0.21909566223621368
11004,koniq10k,koniq10k/1987196687.jpg,/home/sergey/iqa-data/koniq10k/koniq10k/1024x768/1987196687.jpg,0.2441249709048265,0.2636076807975769
11013,koniq10k,koniq10k/200825729.jpg,/home/sergey/iqa-data/koniq10k/koniq10k/1024x768/200825729.jpg,0.7538363575602656,0.5506300330162048
11020,koniq10k,koniq10k/203950866.jpg,/home/sergey/iqa-data/koniq10k/koniq10k/1024x768/203950866.jpg,0.8178163558386503,0.6963359117507935
11021,koniq10k,koniq10k/2041755502.jpg,/home/sergey/iqa-data/koniq10k/koniq10k/1024x768/2041755502.jpg,0.7998244774214148,0.5474163293838501
11023,koniq10k,koniq10k/2047083409.jpg,/home/sergey/iqa-data/koniq10k/koniq10k/1024x768/2047083409.jpg,0.5190034050778116,0.4245516061782837
11025,koniq10k,koniq10k/2053452455.jpg,/home/sergey/iqa-data/koniq10k/koniq10k/1024x768/2053452455.jpg,0.6751727045555355,0.6344085931777954
11028,koniq10k,koniq10k/205662428.jpg,/home/sergey/iqa-data/koniq10k/koniq10k/1024x768/205662428.jpg,0.4006677594518649,0.2355678528547287
11029,koniq10k,koniq10k/2058985902.jpg,/home/sergey/iqa-data/koniq10k/koniq10k/1024x768/2058985902.jpg,0.4353014170388572,0.3003523647785187
11035,koniq10k,koniq10k/2064478851.jpg,/home/sergey/iqa-data/koniq10k/koniq10k/1024x768/2064478851.jpg,0.4520645022010722,0.2147904932498932
11046,koniq10k,koniq10k/208949930.jpg,/home/sergey/iqa-data/koniq10k/koniq10k/1024x768/208949930.jpg,0.8197702249880322,0.6014273166656494
11047,koniq10k,koniq10k/2093280771.jpg,/home/sergey/iqa-data/koniq10k/koniq10k/1024x768/2093280771.jpg,0.4487793202489228,0.28637534379959106
11048,koniq10k,koniq10k/2093652366.jpg,/home/sergey/iqa-data/koniq10k/koniq10k/1024x768/2093652366.jpg,0.4846816658688351,0.32425063848495483
11051,koniq10k,koniq10k/2097618827.jpg,/home/sergey/iqa-data/koniq10k/koniq10k/1024x768/2097618827.jpg,0.3943818268854154,0.2885347604751587
11052,koniq10k,koniq10k/2098594651.jpg,/home/sergey/iqa-data/koniq10k/koniq10k/1024x768/2098594651.jpg,0.2166559787566491,0.12945953011512756
11053,koniq10k,koniq10k/2099199686.jpg,/home/sergey/iqa-data/koniq10k/koniq10k/1024x768/2099199686.jpg,0.7274176504059888,0.4094982445240021
11060,koniq10k,koniq10k/2114797362.jpg,/home/sergey/iqa-data/koniq10k/koniq10k/1024x768/2114797362.jpg,0.6203925323121107,0.47019046545028687
11068,koniq10k,koniq10k/2126677316.jpg,/home/sergey/iqa-data/koniq10k/koniq10k/1024x768/2126677316.jpg,0.3033169134792056,0.18472090363502502
11085,koniq10k,koniq10k/2144963177.jpg,/home/sergey/iqa-data/koniq10k/koniq10k/1024x768/2144963177.jpg,0.6628385884733137,0.4344281256198883
11087,koniq10k,koniq10k/2147067327.jpg,/home/sergey/iqa-data/koniq10k/koniq10k/1024x768/2147067327.jpg,0.7389899473432274,0.4941859543323517
11088,koniq10k,koniq10k/2147811000.jpg,/home/sergey/iqa-data/koniq10k/koniq10k/1024x768/2147811000.jpg,0.499333401931791,0.3591720461845398
11094,koniq10k,koniq10k/2154184161.jpg,/home/sergey/iqa-data/koniq10k/koniq10k/1024x768/2154184161.jpg,0.5865727464287778,0.5689874887466431
11100,koniq10k,koniq10k/2167658722.jpg,/home/sergey/iqa-data/koniq10k/koniq10k/1024x768/2167658722.jpg,0.5807784914584568,0.37769758701324463
11101,koniq10k,koniq10k/2168323029.jpg,/home/sergey/iqa-data/koniq10k/koniq10k/1024x768/2168323029.jpg,0.5831465147472138,0.32535305619239807
11105,koniq10k,koniq10k/2174764653.jpg,/home/sergey/iqa-data/koniq10k/koniq10k/1024x768/2174764653.jpg,0.8146413184709005,0.5152539610862732
11107,koniq10k,koniq10k/2181528959.jpg,/home/sergey/iqa-data/koniq10k/koniq10k/1024x768/2181528959.jpg,0.7988271900430831,0.702142596244812
11108,koniq10k,koniq10k/2182811741.jpg,/home/sergey/iqa-data/koniq10k/koniq10k/1024x768/2182811741.jpg,0.7317596138503281,0.46587255597114563
11111,koniq10k,koniq10k/218457399.jpg,/home/sergey/iqa-data/koniq10k/koniq10k/1024x768/218457399.jpg,0.4727142173288663,0.6542783975601196
11115,koniq10k,koniq10k/2190310.jpg,/home/sergey/iqa-data/koniq10k/koniq10k/1024x768/2190310.jpg,0.6625508029923308,0.3566668629646301
11120,koniq10k,koniq10k/2194214783.jpg,/home/sergey/iqa-data/koniq10k/koniq10k/1024x768/2194214783.jpg,0.846696984202967,0.6812306046485901
11137,koniq10k,koniq10k/2212296403.jpg,/home/sergey/iqa-data/koniq10k/koniq10k/1024x768/2212296403.jpg,0.6905002177860018,0.5893994569778442
11141,koniq10k,koniq10k/2217543976.jpg,/home/sergey/iqa-data/koniq10k/koniq10k/1024x768/2217543976.jpg,0.8096091837748493,0.6217050552368164
11142,koniq10k,koniq10k/2220192526.jpg,/home/sergey/iqa-data/koniq10k/koniq10k/1024x768/2220192526.jpg,0.776540870057933,0.43898922204971313
11154,koniq10k,koniq10k/223191871.jpg,/home/sergey/iqa-data/koniq10k/koniq10k/1024x768/223191871.jpg,0.444364145059417,0.44085150957107544
11157,koniq10k,koniq10k/2234060892.jpg,/home/sergey/iqa-data/koniq10k/koniq10k/1024x768/2234060892.jpg,0.2985213552470618,0.18008741736412048
11179,koniq10k,koniq10k/2261421219.jpg,/home/sergey/iqa-data/koniq10k/koniq10k/1024x768/2261421219.jpg,0.8419277782254044,0.5849389433860779
11184,koniq10k,koniq10k/2268779821.jpg,/home/sergey/iqa-data/koniq10k/koniq10k/1024x768/2268779821.jpg,0.4917213414805828,0.3424302935600281
11194,koniq10k,koniq10k/22848476.jpg,/home/sergey/iqa-data/koniq10k/koniq10k/1024x768/22848476.jpg,0.6409172555236898,0.45827358961105347
11196,koniq10k,koniq10k/2285789022.jpg,/home/sergey/iqa-data/koniq10k/koniq10k/1024x768/2285789022.jpg,0.5440541532855879,0.32567298412323
11207,koniq10k,koniq10k/2295909322.jpg,/home/sergey/iqa-data/koniq10k/koniq10k/1024x768/2295909322.jpg,0.7710710037016133,0.5561564564704895
11208,koniq10k,koniq10k/2297923850.jpg,/home/sergey/iqa-data/koniq10k/koniq10k/1024x768/2297923850.jpg,0.5835824670104867,0.45336437225341797
11209,koniq10k,koniq10k/2298149104.jpg,/home/sergey/iqa-data/koniq10k/koniq10k/1024x768/2298149104.jpg,0.7022076422718445,0.518509030342102
11214,koniq10k,koniq10k/2303343292.jpg,/home/sergey/iqa-data/koniq10k/koniq10k/1024x768/2303343292.jpg,0.6516560669265307,0.37143436074256897
11218,koniq10k,koniq10k/2306462251.jpg,/home/sergey/iqa-data/koniq10k/koniq10k/1024x768/2306462251.jpg,0.3820718756094514,0.29546940326690674
11220,koniq10k,koniq10k/2310631117.jpg,/home/sergey/iqa-data/koniq10k/koniq10k/1024x768/2310631117.jpg,0.3621349928195301,0.2083655744791031
11222,koniq10k,koniq10k/2311702728.jpg,/home/sergey/iqa-data/koniq10k/koniq10k/1024x768/2311702728.jpg,0.4383223263790449,0.268794447183609
11225,koniq10k,koniq10k/2314346258.jpg,/home/sergey/iqa-data/koniq10k/koniq10k/1024x768/2314346258.jpg,0.6042421755681692,0.43647241592407227
11229,koniq10k,koniq10k/2319588792.jpg,/home/sergey/iqa-data/koniq10k/koniq10k/1024x768/2319588792.jpg,0.737593745013564,0.6518635153770447
11247,koniq10k,koniq10k/2337030121.jpg,/home/sergey/iqa-data/koniq10k/koniq10k/1024x768/2337030121.jpg,0.8008314472014763,0.7074211239814758
11254,koniq10k,koniq10k/2344211137.jpg,/home/sergey/iqa-data/koniq10k/koniq10k/1024x768/2344211137.jpg,0.7748922929631396,0.6421099901199341
11259,koniq10k,koniq10k/2350031609.jpg,/home/sergey/iqa-data/koniq10k/koniq10k/1024x768/2350031609.jpg,0.4291100483911492,0.27472859621047974
11260,koniq10k,koniq10k/2355192446.jpg,/home/sergey/iqa-data/koniq10k/koniq10k/1024x768/2355192446.jpg,0.7174317631742578,0.653393566608429
11261,koniq10k,koniq10k/2355891811.jpg,/home/sergey/iqa-data/koniq10k/koniq10k/1024x768/2355891811.jpg,0.3819024019373193,0.2512980103492737
11274,koniq10k,koniq10k/2367261033.jpg,/home/sergey/iqa-data/koniq10k/koniq10k/1024x768/2367261033.jpg,0.2063276776058004,0.27027779817581177
11277,koniq10k,koniq10k/2371669291.jpg,/home/sergey/iqa-data/koniq10k/koniq10k/1024x768/2371669291.jpg,0.7348796320736581,0.5377750992774963
11289,koniq10k,koniq10k/240236110.jpg,/home/sergey/iqa-data/koniq10k/koniq10k/1024x768/240236110.jpg,0.8242286862088072,0.6592004299163818
11291,koniq10k,koniq10k/2405333928.jpg,/home/sergey/iqa-data/koniq10k/koniq10k/1024x768/2405333928.jpg,0.5581332536967323,0.444638729095459
11293,koniq10k,koniq10k/240689125.jpg,/home/sergey/iqa-data/koniq10k/koniq10k/1024x768/240689125.jpg,0.6393552932250706,0.32198041677474976
11295,koniq10k,koniq10k/2409675838.jpg,/home/sergey/iqa-data/koniq10k/koniq10k/1024x768/2409675838.jpg,0.3996386465980676,0.2550419867038727
11299,koniq10k,koniq10k/2415334988.jpg,/home/sergey/iqa-data/koniq10k/koniq10k/1024x768/2415334988.jpg,0.429259598358485,0.2626461386680603
11302,koniq10k,koniq10k/2416231204.jpg,/home/sergey/iqa-data/koniq10k/koniq10k/1024x768/2416231204.jpg,0.6305490575069763,0.3124952018260956
11306,koniq10k,koniq10k/2421862008.jpg,/home/sergey/iqa-data/koniq10k/koniq10k/1024x768/2421862008.jpg,0.8649923535417308,0.7038372159004211
11311,koniq10k,koniq10k/2425646672.jpg,/home/sergey/iqa-data/koniq10k/koniq10k/1024x768/2425646672.jpg,0.5839026937638702,0.45348748564720154
11320,koniq10k,koniq10k/244484608.jpg,/home/sergey/iqa-data/koniq10k/koniq10k/1024x768/244484608.jpg,0.1712312207764578,0.24255211651325226
11331,koniq10k,koniq10k/246188030.jpg,/home/sergey/iqa-data/koniq10k/koniq10k/1024x768/246188030.jpg,0.079726002416283,0.2337879240512848
11332,koniq10k,koniq10k/2464934588.jpg,/home/sergey/iqa-data/koniq10k/koniq10k/1024x768/2464934588.jpg,0.4492580181905212,0.24030157923698425
11337,koniq10k,koniq10k/2473938827.jpg,/home/sergey/iqa-data/koniq10k/koniq10k/1024x768/2473938827.jpg,0.71799201584534,0.3895088732242584
11339,koniq10k,koniq10k/2474539087.jpg,/home/sergey/iqa-data/koniq10k/koniq10k/1024x768/2474539087.jpg,0.5832371244333064,0.4369547367095947
11342,koniq10k,koniq10k/2477552466.jpg,/home/sergey/iqa-data/koniq10k/koniq10k/1024x768/2477552466.jpg,0.2437813591475623,0.2052954137325287
11343,koniq10k,koniq10k/2478250944.jpg,/home/sergey/iqa-data/koniq10k/koniq10k/1024x768/2478250944.jpg,0.6482991263762562,0.5929918885231018
11345,koniq10k,koniq10k/2481588554.jpg,/home/sergey/iqa-data/koniq10k/koniq10k/1024x768/2481588554.jpg,0.1083718951119596,0.10647597908973694
11352,koniq10k,koniq10k/2492228578.jpg,/home/sergey/iqa-data/koniq10k/koniq10k/1024x768/2492228578.jpg,0.348118538137015,0.3635842800140381
11368,koniq10k,koniq10k/2512779647.jpg,/home/sergey/iqa-data/koniq10k/koniq10k/1024x768/2512779647.jpg,0.6204205641735557,0.5021834969520569
11369,koniq10k,koniq10k/2515829883.jpg,/home/sergey/iqa-data/koniq10k/koniq10k/1024x768/2515829883.jpg,0.8027878456313124,0.6691747903823853
11370,koniq10k,koniq10k/2517368566.jpg,/home/sergey/iqa-data/koniq10k/koniq10k/1024x768/2517368566.jpg,0.4560737650732852,0.435065895318985
11372,koniq10k,koniq10k/2519235976.jpg,/home/sergey/iqa-data/koniq10k/koniq10k/1024x768/2519235976.jpg,0.3197588274179925,0.24088232219219208
11375,koniq10k,koniq10k/25239707.jpg,/home/sergey/iqa-data/koniq10k/koniq10k/1024x768/25239707.jpg,0.949300256244192,0.6761444807052612
11385,koniq10k,koniq10k/2539036531.jpg,/home/sergey/iqa-data/koniq10k/koniq10k/1024x768/2539036531.jpg,0.7714488289964511,0.6553953886032104
11386,koniq10k,koniq10k/2539083530.jpg,/home/sergey/iqa-data/koniq10k/koniq10k/1024x768/2539083530.jpg,0.5893079734014566,0.5431099534034729
11394,koniq10k,koniq10k/254969296.jpg,/home/sergey/iqa-data/koniq10k/koniq10k/1024x768/254969296.jpg,0.5798168375956788,0.5553334355354309
11399,koniq10k,koniq10k/255857546.jpg,/home/sergey/iqa-data/koniq10k/koniq10k/1024x768/255857546.jpg,0.84253184279935,0.7214449644088745
11407,koniq10k,koniq10k/2569774614.jpg,/home/sergey/iqa-data/koniq10k/koniq10k/1024x768/2569774614.jpg,0.3879162962456388,0.19459953904151917
11411,koniq10k,koniq10k/257114018.jpg,/home/sergey/iqa-data/koniq10k/koniq10k/1024x768/257114018.jpg,0.5248742288898723,0.5138185620307922
11450,koniq10k,koniq10k/2622466873.jpg,/home/sergey/iqa-data/koniq10k/koniq10k/1024x768/2622466873.jpg,0.6013642891335552,0.3327261507511139
11454,koniq10k,koniq10k/2630235144.jpg,/home/sergey/iqa-data/koniq10k/koniq10k/1024x768/2630235144.jpg,0.6225977961304482,0.580041229724884
11477,koniq10k,koniq10k/2654797164.jpg,/home/sergey/iqa-data/koniq10k/koniq10k/1024x768/2654797164.jpg,0.7479655337482046,0.6859138607978821
11481,koniq10k,koniq10k/2657101675.jpg,/home/sergey/iqa-data/koniq10k/koniq10k/1024x768/2657101675.jpg,0.6533992246970592,0.590567409992218
11492,koniq10k,koniq10k/2679224314.jpg,/home/sergey/iqa-data/koniq10k/koniq10k/1024x768/2679224314.jpg,0.1688739960640385,0.17467239499092102
11507,koniq10k,koniq10k/2696730288.jpg,/home/sergey/iqa-data/koniq10k/koniq10k/1024x768/2696730288.jpg,0.7433444397575242,0.4379982352256775
11509,koniq10k,koniq10k/2700852747.jpg,/home/sergey/iqa-data/koniq10k/koniq10k/1024x768/2700852747.jpg,0.6328386787936807,0.4387003183364868
11511,koniq10k,koniq10k/2703329173.jpg,/home/sergey/iqa-data/koniq10k/koniq10k/1024x768/2703329173.jpg,0.7348796320736581,0.5186312198638916
11512,koniq10k,koniq10k/2703740653.jpg,/home/sergey/iqa-data/koniq10k/koniq10k/1024x768/2703740653.jpg,0.6615339609595225,0.49420166015625
11513,koniq10k,koniq10k/2704389795.jpg,/home/sergey/iqa-data/koniq10k/koniq10k/1024x768/2704389795.jpg,0.836027890929126,0.6795094013214111
11522,koniq10k,koniq10k/271837545.jpg,/home/sergey/iqa-data/koniq10k/koniq10k/1024x768/271837545.jpg,0.872735071496618,0.656929075717926
11526,koniq10k,koniq10k/2722913532.jpg,/home/sergey/iqa-data/koniq10k/koniq10k/1024x768/2722913532.jpg,0.6515078985160362,0.4715360105037689
11530,koniq10k,koniq10k/272518935.jpg,/home/sergey/iqa-data/koniq10k/koniq10k/1024x768/272518935.jpg,0.6602767744462339,0.4025114178657532
11536,koniq10k,koniq10k/2730850462.jpg,/home/sergey/iqa-data/koniq10k/koniq10k/1024x768/2730850462.jpg,0.6769741642538104,0.5236790776252747
11539,koniq10k,koniq10k/2736161037.jpg,/home/sergey/iqa-data/koniq10k/koniq10k/1024x768/2736161037.jpg,0.4906094674820924,0.28059902787208557
11543,koniq10k,koniq10k/2739038267.jpg,/home/sergey/iqa-data/koniq10k/koniq10k/1024x768/2739038267.jpg,0.86320763079978,0.5714605450630188
11550,koniq10k,koniq10k/274390572.jpg,/home/sergey/iqa-data/koniq10k/koniq10k/1024x768/274390572.jpg,0.4056965055050257,0.21416440606117249
11558,koniq10k,koniq10k/2753606061.jpg,/home/sergey/iqa-data/koniq10k/koniq10k/1024x768/2753606061.jpg,0.6585394812723561,0.4144049882888794
11560,koniq10k,koniq10k/2759049308.jpg,/home/sergey/iqa-data/koniq10k/koniq10k/1024x768/2759049308.jpg,0.4856202892837362,0.310504674911499
11561,koniq10k,koniq10k/275983561.jpg,/home/sergey/iqa-data/koniq10k/koniq10k/1024x768/275983561.jpg,0.5410332439454003,0.3837595283985138
11566,koniq10k,koniq10k/2764419323.jpg,/home/sergey/iqa-data/koniq10k/koniq10k/1024x768/2764419323.jpg,0.6118358066060312,0.4251222312450409
11569,koniq10k,koniq10k/276590560.jpg,/home/sergey/iqa-data/koniq10k/koniq10k/1024x768/276590560.jpg,0.4383223263790449,0.20382289588451385
11571,koniq10k,koniq10k/2768178889.jpg,/home/sergey/iqa-data/koniq10k/koniq10k/1024x768/2768178889.jpg,0.4577549066539,0.2923647165298462
11577,koniq10k,koniq10k/2779185055.jpg,/home/sergey/iqa-data/koniq10k/koniq10k/1024x768/2779185055.jpg,0.5638424952020424,0.2898351550102234
11584,koniq10k,koniq10k/27896611.jpg,/home/sergey/iqa-data/koniq10k/koniq10k/1024x768/27896611.jpg,0.6282910483484933,0.4742213785648346
11590,koniq10k,koniq10k/2799264783.jpg,/home/sergey/iqa-data/koniq10k/koniq10k/1024x768/2799264783.jpg,0.8007760176722977,0.6568790078163147
11591,koniq10k,koniq10k/2799634889.jpg,/home/sergey/iqa-data/koniq10k/koniq10k/1024x768/2799634889.jpg,0.6930560639765729,0.40165388584136963
11595,koniq10k,koniq10k/2806740564.jpg,/home/sergey/iqa-data/koniq10k/koniq10k/1024x768/2806740564.jpg,0.7726833480223515,0.6041411757469177
11601,koniq10k,koniq10k/2809274597.jpg,/home/sergey/iqa-data/koniq10k/koniq10k/1024x768/2809274597.jpg,0.4454550289878198,0.31533652544021606
11603,koniq10k,koniq10k/2815247737.jpg,/home/sergey/iqa-data/koniq10k/koniq10k/1024x768/2815247737.jpg,0.4679272379128764,0.3736402094364166
11615,koniq10k,koniq10k/2828824744.jpg,/home/sergey/iqa-data/koniq10k/koniq10k/1024x768/2828824744.jpg,0.4398037338439425,0.2570829391479492
11616,koniq10k,koniq10k/28311109.jpg,/home/sergey/iqa-data/koniq10k/koniq10k/1024x768/28311109.jpg,0.0188897962248556,0.12453821301460266
11630,koniq10k,koniq10k/2841924891.jpg,/home/sergey/iqa-data/koniq10k/koniq10k/1024x768/2841924891.jpg,0.7404132603977388,0.451754629611969
11637,koniq10k,koniq10k/285149839.jpg,/home/sergey/iqa-data/koniq10k/koniq10k/1024x768/285149839.jpg,0.4625548005827022,0.22084154188632965
11651,koniq10k,koniq10k/2866556638.jpg,/home/sergey/iqa-data/koniq10k/koniq10k/1024x768/2866556638.jpg,0.5395512884200245,0.295271635055542
11653,koniq10k,koniq10k/2868335466.jpg,/home/sergey/iqa-data/koniq10k/koniq10k/1024x768/2868335466.jpg,0.5862272440743352,0.2998548150062561
11656,koniq10k,koniq10k/2871745051.jpg,/home/sergey/iqa-data/koniq10k/koniq10k/1024x768/2871745051.jpg,0.8979359924788354,0.70604008436203
11658,koniq10k,koniq10k/2876226509.jpg,/home/sergey/iqa-data/koniq10k/koniq10k/1024x768/2876226509.jpg,0.432366819394106,0.24562007188796997
11663,koniq10k,koniq10k/2888444557.jpg,/home/sergey/iqa-data/koniq10k/koniq10k/1024x768/2888444557.jpg,0.6650881564760658,0.5079017281532288
11664,koniq10k,koniq10k/2889093136.jpg,/home/sergey/iqa-data/koniq10k/koniq10k/1024x768/2889093136.jpg,0.7068697670637761,0.5259173512458801
11666,koniq10k,koniq10k/2889734029.jpg,/home/sergey/iqa-data/koniq10k/koniq10k/1024x768/2889734029.jpg,0.8372781589631765,0.5113924741744995
11668,koniq10k,koniq10k/2893674566.jpg,/home/sergey/iqa-data/koniq10k/koniq10k/1024x768/2893674566.jpg,0.7824062062639988,0.633418083190918
11674,koniq10k,koniq10k/290161904.jpg,/home/sergey/iqa-data/koniq10k/koniq10k/1024x768/290161904.jpg,0.7610514354227511,0.5828032493591309
11675,koniq10k,koniq10k/2902284957.jpg,/home/sergey/iqa-data/koniq10k/koniq10k/1024x768/2902284957.jpg,0.8293222251988364,0.6056827902793884
11688,koniq10k,koniq10k/2908654044.jpg,/home/sergey/iqa-data/koniq10k/koniq10k/1024x768/2908654044.jpg,0.4338764598029206,0.16601628065109253
11699,koniq10k,koniq10k/2926374384.jpg,/home/sergey/iqa-data/koniq10k/koniq10k/1024x768/2926374384.jpg,0.7583373224828456,0.5803306102752686
11700,koniq10k,koniq10k/2927008302.jpg,/home/sergey/iqa-data/koniq10k/koniq10k/1024x768/2927008302.jpg,0.6472981725002095,0.4245162010192871
11711,koniq10k,koniq10k/2939787669.jpg,/home/sergey/iqa-data/koniq10k/koniq10k/1024x768/2939787669.jpg,0.7610514354227511,0.5184592604637146
11715,koniq10k,koniq10k/2946225988.jpg,/home/sergey/iqa-data/koniq10k/koniq10k/1024x768/2946225988.jpg,0.3507159555136246,0.30818668007850647
11717,koniq10k,koniq10k/2948923084.jpg,/home/sergey/iqa-data/koniq10k/koniq10k/1024x768/2948923084.jpg,0.8389633028351565,0.7101250886917114
11718,koniq10k,koniq10k/2949029930.jpg,/home/sergey/iqa-data/koniq10k/koniq10k/1024x768/2949029930.jpg,0.3865125955146344,0.27319544553756714
11719,koniq10k,koniq10k/2951011449.jpg,/home/sergey/iqa-data/koniq10k/koniq10k/1024x768/2951011449.jpg,0.7754202686340221,0.5361416935920715
11722,koniq10k,koniq10k/2952066894.jpg,/home/sergey/iqa-data/koniq10k/koniq10k/1024x768/2952066894.jpg,0.76663475347056,0.5042915344238281
11726,koniq10k,koniq10k/2954406623.jpg,/home/sergey/iqa-data/koniq10k/koniq10k/1024x768/2954406623.jpg,0.2757278962284518,0.2778944969177246
11737,koniq10k,koniq10k/2967177700.jpg,/home/sergey/iqa-data/koniq10k/koniq10k/1024x768/2967177700.jpg,0.5747762312923924,0.432534784078598
11739,koniq10k,koniq10k/2971073872.jpg,/home/sergey/iqa-data/koniq10k/koniq10k/1024x768/2971073872.jpg,0.5295595978937275,0.3472212553024292
11740,koniq10k,koniq10k/2971372651.jpg,/home/sergey/iqa-data/koniq10k/koniq10k/1024x768/2971372651.jpg,0.7625508616562947,0.7477920055389404
11749,koniq10k,koniq10k/2982904736.jpg,/home/sergey/iqa-data/koniq10k/koniq10k/1024x768/2982904736.jpg,0.8324215277302874,0.5749329328536987
11750,koniq10k,koniq10k/298323953.jpg,/home/sergey/iqa-data/koniq10k/koniq10k/1024x768/298323953.jpg,0.6262767253269127,0.450091153383255
11751,koniq10k,koniq10k/298392087.jpg,/home/sergey/iqa-data/koniq10k/koniq10k/1024x768/298392087.jpg,0.715617875813432,0.46972793340682983
11752,koniq10k,koniq10k/2985434942.jpg,/home/sergey/iqa-data/koniq10k/koniq10k/1024x768/2985434942.jpg,0.5400163041675149,0.42073923349380493
11760,koniq10k,koniq10k/299519765.jpg,/home/sergey/iqa-data/koniq10k/koniq10k/1024x768/299519765.jpg,0.8154800075869102,0.5927784442901611
11763,koniq10k,koniq10k/3000370105.jpg,/home/sergey/iqa-data/koniq10k/koniq10k/1024x768/3000370105.jpg,0.6812897490255088,0.5662827491760254
11766,koniq10k,koniq10k/3004729679.jpg,/home/sergey/iqa-data/koniq10k/koniq10k/1024x768/3004729679.jpg,0.7743842409024814,0.5832582712173462
11767,koniq10k,koniq10k/3005225950.jpg,/home/sergey/iqa-data/koniq10k/koniq10k/1024x768/3005225950.jpg,0.8326855902440404,0.7185614109039307
11770,koniq10k,koniq10k/3006180799.jpg,/home/sergey/iqa-data/koniq10k/koniq10k/1024x768/3006180799.jpg,0.5923887027285779,0.306650310754776
11775,koniq10k,koniq10k/3011247965.jpg,/home/sergey/iqa-data/koniq10k/koniq10k/1024x768/3011247965.jpg,0.6131322801978625,0.4711746871471405
11778,koniq10k,koniq10k/3014660789.jpg,/home/sergey/iqa-data/koniq10k/koniq10k/1024x768/3014660789.jpg,0.8089760557166861,0.608190655708313
11781,koniq10k,koniq10k/3016703765.jpg,/home/sergey/iqa-data/koniq10k/koniq10k/1024x768/3016703765.jpg,0.7645805351192336,0.5844790935516357
11782,koniq10k,koniq10k/3016815898.jpg,/home/sergey/iqa-data/koniq10k/koniq10k/1024x768/3016815898.jpg,0.5248742288898723,0.24399259686470032
11783,koniq10k,koniq10k/3017896883.jpg,/home/sergey/iqa-data/koniq10k/koniq10k/1024x768/3017896883.jpg,0.2056276087919347,0.14852148294448853
11786,koniq10k,koniq10k/3020941119.jpg,/home/sergey/iqa-data/koniq10k/koniq10k/1024x768/3020941119.jpg,0.5215319282047867,0.26455679535865784
11787,koniq10k,koniq10k/3021480593.jpg,/home/sergey/iqa-data/koniq10k/koniq10k/1024x768/3021480593.jpg,0.8744625832688371,0.6909831762313843
11795,koniq10k,koniq10k/302681636.jpg,/home/sergey/iqa-data/koniq10k/koniq10k/1024x768/302681636.jpg,0.6120110057400615,0.2946138083934784
11800,koniq10k,koniq10k/3035737878.jpg,/home/sergey/iqa-data/koniq10k/koniq10k/1024x768/3035737878.jpg,0.5173784449155431,0.2853529751300812
11802,koniq10k,koniq10k/3038577350.jpg,/home/sergey/iqa-data/koniq10k/koniq10k/1024x768/3038577350.jpg,0.7998244774214148,0.5721367001533508
11809,koniq10k,koniq10k/3047954017.jpg,/home/sergey/iqa-data/koniq10k/koniq10k/1024x768/3047954017.jpg,0.8084676347002804,0.6141215562820435
11815,koniq10k,koniq10k/3051112804.jpg,/home/sergey/iqa-data/koniq10k/koniq10k/1024x768/3051112804.jpg,0.3799664911440866,0.28962722420692444
11838,koniq10k,koniq10k/3077626117.jpg,/home/sergey/iqa-data/koniq10k/koniq10k/1024x768/3077626117.jpg,0.245438601693658,0.2484675645828247
11843,koniq10k,koniq10k/3084860790.jpg,/home/sergey/iqa-data/koniq10k/koniq10k/1024x768/3084860790.jpg,0.1181059363192313,0.12719830870628357
11845,koniq10k,koniq10k/3086003946.jpg,/home/sergey/iqa-data/koniq10k/koniq10k/1024x768/3086003946.jpg,0.5203623920713437,0.36539167165756226
11853,koniq10k,koniq10k/3094978642.jpg,/home/sergey/iqa-data/koniq10k/koniq10k/1024x768/3094978642.jpg,0.3410722833891799,0.273223340511322
11855,koniq10k,koniq10k/3100238639.jpg,/home/sergey/iqa-data/koniq10k/koniq10k/1024x768/3100238639.jpg,0.6106918593191207,0.4071756899356842
11859,koniq10k,koniq10k/310467976.jpg,/home/sergey/iqa-data/koniq10k/koniq10k/1024x768/310467976.jpg,0.8582836502893932,0.7282292246818542
11861,koniq10k,koniq10k/3105967281.jpg,/home/sergey/iqa-data/koniq10k/koniq10k/1024x768/3105967281.jpg,0.5896592846405148,0.48318493366241455
11862,koniq10k,koniq10k/3106852276.jpg,/home/sergey/iqa-data/koniq10k/koniq10k/1024x768/3106852276.jpg,0.7890613004326335,0.6012824773788452
11864,koniq10k,koniq10k/3107928091.jpg,/home/sergey/iqa-data/koniq10k/koniq10k/1024x768/3107928091.jpg,0.5363810435615122,0.3128654658794403
11866,koniq10k,koniq10k/3108925603.jpg,/home/sergey/iqa-data/koniq10k/koniq10k/1024x768/3108925603.jpg,0.7850076363719257,0.6653926372528076
11870,koniq10k,koniq10k/3112707699.jpg,/home/sergey/iqa-data/koniq10k/koniq10k/1024x768/3112707699.jpg,0.3487722696590842,0.24755437672138214
11876,koniq10k,koniq10k/3116503568.jpg,/home/sergey/iqa-data/koniq10k/koniq10k/1024x768/3116503568.jpg,0.4667853896118157,0.35859939455986023
11879,koniq10k,koniq10k/3118054377.jpg,/home/sergey/iqa-data/koniq10k/koniq10k/1024x768/3118054377.jpg,0.6921927075336209,0.3865252137184143
11880,koniq10k,koniq10k/3118439925.jpg,/home/sergey/iqa-data/koniq10k/koniq10k/1024x768/3118439925.jpg,0.7011414389753086,0.36160290241241455
11884,koniq10k,koniq10k/3121612010.jpg,/home/sergey/iqa-data/koniq10k/koniq10k/1024x768/3121612010.jpg,0.6040206153281751,0.4471264183521271
11885,koniq10k,koniq10k/3124199543.jpg,/home/sergey/iqa-data/koniq10k/koniq10k/1024x768/3124199543.jpg,0.2434313247406309,0.24855707585811615
11894,koniq10k,koniq10k/3130276162.jpg,/home/sergey/iqa-data/koniq10k/koniq10k/1024x768/3130276162.jpg,0.4528057515333991,0.27118781208992004
11906,koniq10k,koniq10k/3138790639.jpg,/home/sergey/iqa-data/koniq10k/koniq10k/1024x768/3138790639.jpg,0.7796571104373874,0.36176490783691406
11908,koniq10k,koniq10k/3141860810.jpg,/home/sergey/iqa-data/koniq10k/koniq10k/1024x768/3141860810.jpg,0.7802550647145422,0.6435286402702332
11909,koniq10k,koniq10k/3142311257.jpg,/home/sergey/iqa-data/koniq10k/koniq10k/1024x768/3142311257.jpg,0.6605461715562242,0.4260558485984802
11917,koniq10k,koniq10k/3147927973.jpg,/home/sergey/iqa-data/koniq10k/koniq10k/1024x768/3147927973.jpg,0.6066618064918472,0.4277489185333252
11921,koniq10k,koniq10k/3152357796.jpg,/home/sergey/iqa-data/koniq10k/koniq10k/1024x768/3152357796.jpg,0.5952697551548675,0.4878309369087219
11929,koniq10k,koniq10k/3158477442.jpg,/home/sergey/iqa-data/koniq10k/koniq10k/1024x768/3158477442.jpg,0.5567356789532478,0.32633697986602783
11931,koniq10k,koniq10k/3161274755.jpg,/home/sergey/iqa-data/koniq10k/koniq10k/1024x768/3161274755.jpg,0.7417424605074198,0.6389500498771667
11933,koniq10k,koniq10k/3164597811.jpg,/home/sergey/iqa-data/koniq10k/koniq10k/1024x768/3164597811.jpg,0.7419818094782188,0.5588969588279724
11937,koniq10k,koniq10k/3166870228.jpg,/home/sergey/iqa-data/koniq10k/koniq10k/1024x768/3166870228.jpg,0.2600886753080168,0.22089239954948425
11938,koniq10k,koniq10k/3168536494.jpg,/home/sergey/iqa-data/koniq10k/koniq10k/1024x768/3168536494.jpg,0.5630345836682707,0.5643222332000732
11960,koniq10k,koniq10k/3189407345.jpg,/home/sergey/iqa-data/koniq10k/koniq10k/1024x768/3189407345.jpg,0.3891863111927374,0.3610437512397766
11962,koniq10k,koniq10k/3191275443.jpg,/home/sergey/iqa-data/koniq10k/koniq10k/1024x768/3191275443.jpg,0.2317994121410307,0.27282264828681946
11963,koniq10k,koniq10k/3193120688.jpg,/home/sergey/iqa-data/koniq10k/koniq10k/1024x768/3193120688.jpg,0.6528908036806536,0.35984179377555847
11966,koniq10k,koniq10k/3194756721.jpg,/home/sergey/iqa-data/koniq10k/koniq10k/1024x768/3194756721.jpg,0.4981862178910062,0.43847358226776123
11975,koniq10k,koniq10k/3206140446.jpg,/home/sergey/iqa-data/koniq10k/koniq10k/1024x768/3206140446.jpg,0.6381465942049382,0.568337082862854
11978,koniq10k,koniq10k/3207112247.jpg,/home/sergey/iqa-data/koniq10k/koniq10k/1024x768/3207112247.jpg,0.6368392258770419,0.5064114332199097
11979,koniq10k,koniq10k/3207463467.jpg,/home/sergey/iqa-data/koniq10k/koniq10k/1024x768/3207463467.jpg,0.7710710037016133,0.5133927464485168
11980,koniq10k,koniq10k/3207613793.jpg,/home/sergey/iqa-data/koniq10k/koniq10k/1024x768/3207613793.jpg,0.3801062977859082,0.225702166557312
11984,koniq10k,koniq10k/320987228.jpg,/home/sergey/iqa-data/koniq10k/koniq10k/1024x768/320987228.jpg,0.9384381025666262,0.5731168985366821
12003,koniq10k,koniq10k/323541643.jpg,/home/sergey/iqa-data/koniq10k/koniq10k/1024x768/323541643.jpg,0.2478053084041138,0.12793800234794617
12009,koniq10k,koniq10k/324339500.jpg,/home/sergey/iqa-data/koniq10k/koniq10k/1024x768/324339500.jpg,0.4318729246924537,0.2795106768608093
12017,koniq10k,koniq10k/3248976854.jpg,/home/sergey/iqa-data/koniq10k/koniq10k/1024x768/3248976854.jpg,0.8166435942884002,0.6078049540519714
12020,koniq10k,koniq10k/3251401307.jpg,/home/sergey/iqa-data/koniq10k/koniq10k/1024x768/3251401307.jpg,0.5769850560929711,0.3573319911956787
12035,koniq10k,koniq10k/3259319485.jpg,/home/sergey/iqa-data/koniq10k/koniq10k/1024x768/3259319485.jpg,0.7625508616562947,0.5771260857582092
12040,koniq10k,koniq10k/3261536707.jpg,/home/sergey/iqa-data/koniq10k/koniq10k/1024x768/3261536707.jpg,0.354447667051502,0.23662304878234863
12041,koniq10k,koniq10k/326195053.jpg,/home/sergey/iqa-data/koniq10k/koniq10k/1024x768/326195053.jpg,0.5520539687605263,0.567555844783783
12042,koniq10k,koniq10k/326299244.jpg,/home/sergey/iqa-data/koniq10k/koniq10k/1024x768/326299244.jpg,0.4624896011005399,0.34661442041397095
12043,koniq10k,koniq10k/3265420201.jpg,/home/sergey/iqa-data/koniq10k/koniq10k/1024x768/3265420201.jpg,0.749342319863422,0.589401364326477
12044,koniq10k,koniq10k/3265568572.jpg,/home/sergey/iqa-data/koniq10k/koniq10k/1024x768/3265568572.jpg,0.7689894298319389,0.5131723284721375
12045,koniq10k,koniq10k/3272637437.jpg,/home/sergey/iqa-data/koniq10k/koniq10k/1024x768/3272637437.jpg,0.7773196528085119,0.626958429813385
12051,koniq10k,koniq10k/3277170769.jpg,/home/sergey/iqa-data/koniq10k/koniq10k/1024x768/3277170769.jpg,0.6411971203033631,0.4714491069316864
12052,koniq10k,koniq10k/3277186380.jpg,/home/sergey/iqa-data/koniq10k/koniq10k/1024x768/3277186380.jpg,0.5872028083612559,0.24749435484409332
12059,koniq10k,koniq10k/3288428899.jpg,/home/sergey/iqa-data/koniq10k/koniq10k/1024x768/3288428899.jpg,0.3671727187763574,0.2541004419326782
12070,koniq10k,koniq10k/3301567767.jpg,/home/sergey/iqa-data/koniq10k/koniq10k/1024x768/3301567767.jpg,0.5312692333994393,0.29124021530151367
12071,koniq10k,koniq10k/3301587792.jpg,/home/sergey/iqa-data/koniq10k/koniq10k/1024x768/3301587792.jpg,0.4827440789623655,0.32581445574760437
12072,koniq10k,koniq10k/3302975736.jpg,/home/sergey/iqa-data/koniq10k/koniq10k/1024x768/3302975736.jpg,0.6409172555236898,0.4770160913467407
12087,koniq10k,koniq10k/3310204675.jpg,/home/sergey/iqa-data/koniq10k/koniq10k/1024x768/3310204675.jpg,0.339060057528477,0.2671559453010559
12088,koniq10k,koniq10k/3310575214.jpg,/home/sergey/iqa-data/koniq10k/koniq10k/1024x768/3310575214.jpg,0.3666497714451981,0.29206305742263794
12090,koniq10k,koniq10k/3312331811.jpg,/home/sergey/iqa-data/koniq10k/koniq10k/1024x768/3312331811.jpg,0.1980553488570476,0.2317255288362503
12106,koniq10k,koniq10k/3329470769.jpg,/home/sergey/iqa-data/koniq10k/koniq10k/1024x768/3329470769.jpg,0.5979950750175741,0.3871920704841614
12107,koniq10k,koniq10k/3330470420.jpg,/home/sergey/iqa-data/koniq10k/koniq10k/1024x768/3330470420.jpg,0.6015402810238494,0.431270569562912
12111,koniq10k,koniq10k/3332902834.jpg,/home/sergey/iqa-data/koniq10k/koniq10k/1024x768/3332902834.jpg,0.7035150105997409,0.4267430901527405
12113,koniq10k,koniq10k/3335618194.jpg,/home/sergey/iqa-data/koniq10k/koniq10k/1024x768/3335618194.jpg,0.808714582051108,0.6802072525024414
12116,koniq10k,koniq10k/3341085556.jpg,/home/sergey/iqa-data/koniq10k/koniq10k/1024x768/3341085556.jpg,0.2252273815222585,0.20025810599327087
12117,koniq10k,koniq10k/3342346685.jpg,/home/sergey/iqa-data/koniq10k/koniq10k/1024x768/3342346685.jpg,0.4975609200118544,0.33571818470954895
12123,koniq10k,koniq10k/3350005307.jpg,/home/sergey/iqa-data/koniq10k/koniq10k/1024x768/3350005307.jpg,0.1438789196089334,0.16005700826644897
12127,koniq10k,koniq10k/3355200103.jpg,/home/sergey/iqa-data/koniq10k/koniq10k/1024x768/3355200103.jpg,0.7930602673770808,0.5805413126945496
12128,koniq10k,koniq10k/3355209894.jpg,/home/sergey/iqa-data/koniq10k/koniq10k/1024x768/3355209894.jpg,0.6628385884733137,0.5621228218078613
12131,koniq10k,koniq10k/3356044640.jpg,/home/sergey/iqa-data/koniq10k/koniq10k/1024x768/3356044640.jpg,0.6913921406501591,0.5102242827415466
12133,koniq10k,koniq10k/3357164852.jpg,/home/sergey/iqa-data/koniq10k/koniq10k/1024x768/3357164852.jpg,0.5652005186668952,0.361910343170166
12136,koniq10k,koniq10k/3358682007.jpg,/home/sergey/iqa-data/koniq10k/koniq10k/1024x768/3358682007.jpg,0.7434341697379233,0.6895796060562134
12137,koniq10k,koniq10k/3358754066.jpg,/home/sergey/iqa-data/koniq10k/koniq10k/1024x768/3358754066.jpg,0.4426826955210118,0.2898337244987488
12139,koniq10k,koniq10k/336052627.jpg,/home/sergey/iqa-data/koniq10k/koniq10k/1024x768/336052627.jpg,0.4708906061227742,0.31137189269065857
12140,koniq10k,koniq10k/3361988100.jpg,/home/sergey/iqa-data/koniq10k/koniq10k/1024x768/3361988100.jpg,0.7479655337482046,0.5931859016418457
12143,koniq10k,koniq10k/3364722083.jpg,/home/sergey/iqa-data/koniq10k/koniq10k/1024x768/3364722083.jpg,0.5130750241695535,0.3615361452102661
12144,koniq10k,koniq10k/3364868711.jpg,/home/sergey/iqa-data/koniq10k/koniq10k/1024x768/3364868711.jpg,0.2782141313491365,0.21589651703834534
12152,koniq10k,koniq10k/3368873733.jpg,/home/sergey/iqa-data/koniq10k/koniq10k/1024x768/3368873733.jpg,0.6738120909257644,0.3836258351802826
12161,koniq10k,koniq10k/3376076568.jpg,/home/sergey/iqa-data/koniq10k/koniq10k/1024x768/3376076568.jpg,0.6288301226070498,0.40660417079925537
12165,koniq10k,koniq10k/3379476157.jpg,/home/sergey/iqa-data/koniq10k/koniq10k/1024x768/3379476157.jpg,0.7186114146878977,0.38686347007751465
12166,koniq10k,koniq10k/3381345467.jpg,/home/sergey/iqa-data/koniq10k/koniq10k/1024x768/3381345467.jpg,0.4847935111822952,0.34621042013168335
12169,koniq10k,koniq10k/3383593963.jpg,/home/sergey/iqa-data/koniq10k/koniq10k/1024x768/3383593963.jpg,0.5774293920536148,0.39856570959091187
12172,koniq10k,koniq10k/3385580051.jpg,/home/sergey/iqa-data/koniq10k/koniq10k/1024x768/3385580051.jpg,0.451488931239103,0.554581880569458
12173,koniq10k,koniq10k/3385696346.jpg,/home/sergey/iqa-data/koniq10k/koniq10k/1024x768/3385696346.jpg,0.6764001914791764,0.3912089467048645
12175,koniq10k,koniq10k/3386943260.jpg,/home/sergey/iqa-data/koniq10k/koniq10k/1024x768/3386943260.jpg,0.4973139726610268,0.25053369998931885
12178,koniq10k,koniq10k/3388708914.jpg,/home/sergey/iqa-data/koniq10k/koniq10k/1024x768/3388708914.jpg,0.7815213208308686,0.6143537163734436
12193,koniq10k,koniq10k/3411974393.jpg,/home/sergey/iqa-data/koniq10k/koniq10k/1024x768/3411974393.jpg,0.5531440967056077,0.3104870617389679
12202,koniq10k,koniq10k/3420154563.jpg,/home/sergey/iqa-data/koniq10k/koniq10k/1024x768/3420154563.jpg,0.5755695858615925,0.3253503441810608
12212,koniq10k,koniq10k/3431105203.jpg,/home/sergey/iqa-data/koniq10k/koniq10k/1024x768/3431105203.jpg,0.7191550094853116,0.551149308681488
12216,koniq10k,koniq10k/3435545140.jpg,/home/sergey/iqa-data/koniq10k/koniq10k/1024x768/3435545140.jpg,0.5248742288898723,0.352304607629776
12217,koniq10k,koniq10k/3437594883.jpg,/home/sergey/iqa-data/koniq10k/koniq10k/1024x768/3437594883.jpg,0.3626584288865107,0.33341464400291443
12223,koniq10k,koniq10k/344443695.jpg,/home/sergey/iqa-data/koniq10k/koniq10k/1024x768/344443695.jpg,0.5453798760895532,0.5512038469314575
12226,koniq10k,koniq10k/344636344.jpg,/home/sergey/iqa-data/koniq10k/koniq10k/1024x768/344636344.jpg,0.7479655337482046,0.48350733518600464
12227,koniq10k,koniq10k/3446366493.jpg,/home/sergey/iqa-data/koniq10k/koniq10k/1024x768/3446366493.jpg,0.742094709936144,0.6754376888275146
12230,koniq10k,koniq10k/3450351361.jpg,/home/sergey/iqa-data/koniq10k/koniq10k/1024x768/3450351361.jpg,0.8733332713659611,0.6864553689956665
12247,koniq10k,koniq10k/346617779.jpg,/home/sergey/iqa-data/koniq10k/koniq10k/1024x768/346617779.jpg,0.2372335127241776,0.18064194917678833
12248,koniq10k,koniq10k/3466610103.jpg,/home/sergey/iqa-data/koniq10k/koniq10k/1024x768/3466610103.jpg,0.7890613004326335,0.5905875563621521
12249,koniq10k,koniq10k/3467784087.jpg,/home/sergey/iqa-data/koniq10k/koniq10k/1024x768/3467784087.jpg,0.7450301218421743,0.5361339449882507
12250,koniq10k,koniq10k/3468424403.jpg,/home/sergey/iqa-data/koniq10k/koniq10k/1024x768/3468424403.jpg,0.5895600330736752,0.4081573784351349
12269,koniq10k,koniq10k/3485554199.jpg,/home/sergey/iqa-data/koniq10k/koniq10k/1024x768/3485554199.jpg,0.5488271900430823,0.36582326889038086
12281,koniq10k,koniq10k/3494678423.jpg,/home/sergey/iqa-data/koniq10k/koniq10k/1024x768/3494678423.jpg,0.5301579703207271,0.34120821952819824
12283,koniq10k,koniq10k/3497202348.jpg,/home/sergey/iqa-data/koniq10k/koniq10k/1024x768/3497202348.jpg,0.6342747726184761,0.3746494948863983
12285,koniq10k,koniq10k/3499629801.jpg,/home/sergey/iqa-data/koniq10k/koniq10k/1024x768/3499629801.jpg,0.6921927075336209,0.5211941599845886
12286,koniq10k,koniq10k/35002160.jpg,/home/sergey/iqa-data/koniq10k/koniq10k/1024x768/35002160.jpg,0.7626425932783568,0.657904863357544
12287,koniq10k,koniq10k/3501996576.jpg,/home/sergey/iqa-data/koniq10k/koniq10k/1024x768/3501996576.jpg,0.7659167065581624,0.5757333636283875
12301,koniq10k,koniq10k/352331466.jpg,/home/sergey/iqa-data/koniq10k/koniq10k/1024x768/352331466.jpg,0.429519207754906,0.4834747910499573
12302,koniq10k,koniq10k/3524216401.jpg,/home/sergey/iqa-data/koniq10k/koniq10k/1024x768/3524216401.jpg,0.7853039731929151,0.6913243532180786
12315,koniq10k,koniq10k/3534610078.jpg,/home/sergey/iqa-data/koniq10k/koniq10k/1024x768/3534610078.jpg,0.825753949258018,0.7475026249885559
12320,koniq10k,koniq10k/3537658496.jpg,/home/sergey/iqa-data/koniq10k/koniq10k/1024x768/3537658496.jpg,0.8240988765875965,0.6682698726654053
12327,koniq10k,koniq10k/3545446713.jpg,/home/sergey/iqa-data/koniq10k/koniq10k/1024x768/3545446713.jpg,0.6865911875661497,0.5211161375045776
12335,koniq10k,koniq10k/3552766173.jpg,/home/sergey/iqa-data/koniq10k/koniq10k/1024x768/3552766173.jpg,0.8265241315897978,0.6290121674537659
12336,koniq10k,koniq10k/3552877026.jpg,/home/sergey/iqa-data/koniq10k/koniq10k/1024x768/3552877026.jpg,0.767412637625658,0.6455091238021851
12352,koniq10k,koniq10k/3567892894.jpg,/home/sergey/iqa-data/koniq10k/koniq10k/1024x768/3567892894.jpg,0.7266118510592369,0.5950943827629089
12356,koniq10k,koniq10k/3574423584.jpg,/home/sergey/iqa-data/koniq10k/koniq10k/1024x768/3574423584.jpg,0.6608996007922661,0.4585319757461548
12365,koniq10k,koniq10k/3579701723.jpg,/home/sergey/iqa-data/koniq10k/koniq10k/1024x768/3579701723.jpg,0.2384157293995195,0.23098038136959076
12379,koniq10k,koniq10k/3592827455.jpg,/home/sergey/iqa-data/koniq10k/koniq10k/1024x768/3592827455.jpg,0.6786491238879758,0.42355936765670776
12395,koniq10k,koniq10k/3606644176.jpg,/home/sergey/iqa-data/koniq10k/koniq10k/1024x768/3606644176.jpg,0.7300673142503702,0.48808062076568604
12398,koniq10k,koniq10k/3608691305.jpg,/home/sergey/iqa-data/koniq10k/koniq10k/1024x768/3608691305.jpg,0.6393552932250706,0.539002537727356
12403,koniq10k,koniq10k/3612122165.jpg,/home/sergey/iqa-data/koniq10k/koniq10k/1024x768/3612122165.jpg,0.6709323455734382,0.4523945748806
12409,koniq10k,koniq10k/3615562.jpg,/home/sergey/iqa-data/koniq10k/koniq10k/1024x768/3615562.jpg,0.2665579811591722,0.21762020885944366
12411,koniq10k,koniq10k/3618474326.jpg,/home/sergey/iqa-data/koniq10k/koniq10k/1024x768/3618474326.jpg,0.7434341697379233,0.6085896492004395
12412,koniq10k,koniq10k/3618795157.jpg,/home/sergey/iqa-data/koniq10k/koniq10k/1024x768/3618795157.jpg,0.8946522601381383,0.6855236887931824
12418,koniq10k,koniq10k/362290262.jpg,/home/sergey/iqa-data/koniq10k/koniq10k/1024x768/362290262.jpg,0.7977501196744853,0.6418182253837585
12420,koniq10k,koniq10k/3628043.jpg,/home/sergey/iqa-data/koniq10k/koniq10k/1024x768/3628043.jpg,0.7922121554143385,0.6912111639976501
12421,koniq10k,koniq10k/3628605791.jpg,/home/sergey/iqa-data/koniq10k/koniq10k/1024x768/3628605791.jpg,0.5620994081937841,0.3028234839439392
12429,koniq10k,koniq10k/3638870308.jpg,/home/sergey/iqa-data/koniq10k/koniq10k/1024x768/3638870308.jpg,0.6135350681098852,0.311767041683197
12435,koniq10k,koniq10k/3645413545.jpg,/home/sergey/iqa-data/koniq10k/koniq10k/1024x768/3645413545.jpg,0.3650071804691235,0.24960950016975403
12444,koniq10k,koniq10k/3653350159.jpg,/home/sergey/iqa-data/koniq10k/koniq10k/1024x768/3653350159.jpg,0.802129319362444,0.720488429069519
12452,koniq10k,koniq10k/3661422978.jpg,/home/sergey/iqa-data/koniq10k/koniq10k/1024x768/3661422978.jpg,0.3760628234060477,0.20838011801242828
12455,koniq10k,koniq10k/3662997757.jpg,/home/sergey/iqa-data/koniq10k/koniq10k/1024x768/3662997757.jpg,0.7980206880762581,0.6070262789726257
12471,koniq10k,koniq10k/3677460940.jpg,/home/sergey/iqa-data/koniq10k/koniq10k/1024x768/3677460940.jpg,0.578245354454065,0.3459131419658661
12474,koniq10k,koniq10k/3683418770.jpg,/home/sergey/iqa-data/koniq10k/koniq10k/1024x768/3683418770.jpg,0.6305490575069763,0.5807248950004578
12475,koniq10k,koniq10k/3686287517.jpg,/home/sergey/iqa-data/koniq10k/koniq10k/1024x768/3686287517.jpg,0.5246126575319081,0.41378894448280334
12478,koniq10k,koniq10k/3688594216.jpg,/home/sergey/iqa-data/koniq10k/koniq10k/1024x768/3688594216.jpg,0.633875857667144,0.5042831301689148
12479,koniq10k,koniq10k/368909912.jpg,/home/sergey/iqa-data/koniq10k/koniq10k/1024x768/368909912.jpg,0.6615339609595225,0.38978391885757446
12482,koniq10k,koniq10k/3691978983.jpg,/home/sergey/iqa-data/koniq10k/koniq10k/1024x768/3691978983.jpg,0.8340614499435312,0.6778423190116882
12483,koniq10k,koniq10k/3693087386.jpg,/home/sergey/iqa-data/koniq10k/koniq10k/1024x768/3693087386.jpg,0.4768173425425698,0.24304255843162537
12492,koniq10k,koniq10k/3702671816.jpg,/home/sergey/iqa-data/koniq10k/koniq10k/1024x768/3702671816.jpg,0.7319716539237567,0.47329068183898926
12494,koniq10k,koniq10k/3705698114.jpg,/home/sergey/iqa-data/koniq10k/koniq10k/1024x768/3705698114.jpg,0.558832915645914,0.3865678310394287
12499,koniq10k,koniq10k/3708130060.jpg,/home/sergey/iqa-data/koniq10k/koniq10k/1024x768/3708130060.jpg,0.5568282842098075,0.2878175973892212
12500,koniq10k,koniq10k/3708879448.jpg,/home/sergey/iqa-data/koniq10k/koniq10k/1024x768/3708879448.jpg,0.6909720411964614,0.5723637342453003
12504,koniq10k,koniq10k/3713010621.jpg,/home/sergey/iqa-data/koniq10k/koniq10k/1024x768/3713010621.jpg,0.457359755051167,0.3902408480644226
12518,koniq10k,koniq10k/3722623767.jpg,/home/sergey/iqa-data/koniq10k/koniq10k/1024x768/3722623767.jpg,0.5483575241381188,0.21083028614521027
12534,koniq10k,koniq10k/3736907392.jpg,/home/sergey/iqa-data/koniq10k/koniq10k/1024x768/3736907392.jpg,0.7198135357541771,0.3458362817764282
12535,koniq10k,koniq10k/3737792738.jpg,/home/sergey/iqa-data/koniq10k/koniq10k/1024x768/3737792738.jpg,0.3560315940641462,0.24371303617954254
12538,koniq10k,koniq10k/3740923361.jpg,/home/sergey/iqa-data/koniq10k/koniq10k/1024x768/3740923361.jpg,0.3774098089560029,0.20268544554710388
12540,koniq10k,koniq10k/3741472599.jpg,/home/sergey/iqa-data/koniq10k/koniq10k/1024x768/3741472599.jpg,0.6780273253081904,0.6280351877212524
12541,koniq10k,koniq10k/3742811862.jpg,/home/sergey/iqa-data/koniq10k/koniq10k/1024x768/3742811862.jpg,0.6041303503526996,0.25496670603752136
12543,koniq10k,koniq10k/374612387.jpg,/home/sergey/iqa-data/koniq10k/koniq10k/1024x768/374612387.jpg,0.7180469123982754,0.5048980712890625
12544,koniq10k,koniq10k/3749654443.jpg,/home/sergey/iqa-data/koniq10k/koniq10k/1024x768/3749654443.jpg,0.3908796644555366,0.27975666522979736
12546,koniq10k,koniq10k/3750653207.jpg,/home/sergey/iqa-data/koniq10k/koniq10k/1024x768/3750653207.jpg,0.4962139344618992,0.3252373933792114
12547,koniq10k,koniq10k/375084308.jpg,/home/sergey/iqa-data/koniq10k/koniq10k/1024x768/375084308.jpg,0.6632454772523692,0.5226947069168091
12550,koniq10k,koniq10k/375446021.jpg,/home/sergey/iqa-data/koniq10k/koniq10k/1024x768/375446021.jpg,0.5284131834307887,0.33825406432151794
12557,koniq10k,koniq10k/3758613590.jpg,/home/sergey/iqa-data/koniq10k/koniq10k/1024x768/3758613590.jpg,0.6564497507954842,0.4560043513774872
12558,koniq10k,koniq10k/3758636614.jpg,/home/sergey/iqa-data/koniq10k/koniq10k/1024x768/3758636614.jpg,0.4154581890199832,0.3588993549346924
12559,koniq10k,koniq10k/3758843972.jpg,/home/sergey/iqa-data/koniq10k/koniq10k/1024x768/3758843972.jpg,0.7098051789698064,0.6239234209060669
12562,koniq10k,koniq10k/3761038439.jpg,/home/sergey/iqa-data/koniq10k/koniq10k/1024x768/3761038439.jpg,0.5923887027285779,0.3481196165084839
12564,koniq10k,koniq10k/3761272199.jpg,/home/sergey/iqa-data/koniq10k/koniq10k/1024x768/3761272199.jpg,0.6664729079760198,0.4627448320388794
12569,koniq10k,koniq10k/3767341492.jpg,/home/sergey/iqa-data/koniq10k/koniq10k/1024x768/3767341492.jpg,0.3983027551199357,0.23418013751506805
12576,koniq10k,koniq10k/3775862144.jpg,/home/sergey/iqa-data/koniq10k/koniq10k/1024x768/3775862144.jpg,0.7734235606423249,0.5592768788337708
12585,koniq10k,koniq10k/3784715028.jpg,/home/sergey/iqa-data/koniq10k/koniq10k/1024x768/3784715028.jpg,0.6980635313456816,0.49214673042297363
12589,koniq10k,koniq10k/3788379941.jpg,/home/sergey/iqa-data/koniq10k/koniq10k/1024x768/3788379941.jpg,0.8222499665773962,0.7084134817123413
12590,koniq10k,koniq10k/3788909806.jpg,/home/sergey/iqa-data/koniq10k/koniq10k/1024x768/3788909806.jpg,0.6900055378781481,0.6399086713790894
12592,koniq10k,koniq10k/3791999774.jpg,/home/sergey/iqa-data/koniq10k/koniq10k/1024x768/3791999774.jpg,0.2470081378650062,0.17528638243675232
12593,koniq10k,koniq10k/3792338234.jpg,/home/sergey/iqa-data/koniq10k/koniq10k/1024x768/3792338234.jpg,0.6319900778972111,0.4548826217651367
12595,koniq10k,koniq10k/379323686.jpg,/home/sergey/iqa-data/koniq10k/koniq10k/1024x768/379323686.jpg,0.7803131916829773,0.42213279008865356
12601,koniq10k,koniq10k/3796455854.jpg,/home/sergey/iqa-data/koniq10k/koniq10k/1024x768/3796455854.jpg,0.6656013290907558,0.3884122371673584
12604,koniq10k,koniq10k/3800600451.jpg,/home/sergey/iqa-data/koniq10k/koniq10k/1024x768/3800600451.jpg,0.8865703468384193,0.6331778764724731
12606,koniq10k,koniq10k/3804031946.jpg,/home/sergey/iqa-data/koniq10k/koniq10k/1024x768/3804031946.jpg,0.7937234252245651,0.5693440437316895
12617,koniq10k,koniq10k/3814668128.jpg,/home/sergey/iqa-data/koniq10k/koniq10k/1024x768/3814668128.jpg,0.6262557679845524,0.6078194975852966
12627,koniq10k,koniq10k/3822808828.jpg,/home/sergey/iqa-data/koniq10k/koniq10k/1024x768/3822808828.jpg,0.8642977587448613,0.5815773606300354
12630,koniq10k,koniq10k/3824413541.jpg,/home/sergey/iqa-data/koniq10k/koniq10k/1024x768/3824413541.jpg,0.7989303577029113,0.7285438179969788
12631,koniq10k,koniq10k/3824485636.jpg,/home/sergey/iqa-data/koniq10k/koniq10k/1024x768/3824485636.jpg,0.5400450960303859,0.4687535762786865
12632,koniq10k,koniq10k/3825250471.jpg,/home/sergey/iqa-data/koniq10k/koniq10k/1024x768/3825250471.jpg,0.8488023686683319,0.7125874757766724
12638,koniq10k,koniq10k/3827560087.jpg,/home/sergey/iqa-data/koniq10k/koniq10k/1024x768/3827560087.jpg,0.8215109447756657,0.5849326848983765
12639,koniq10k,koniq10k/382774042.jpg,/home/sergey/iqa-data/koniq10k/koniq10k/1024x768/382774042.jpg,0.2117541258650237,0.2798061966896057
12654,koniq10k,koniq10k/3843859642.jpg,/home/sergey/iqa-data/koniq10k/koniq10k/1024x768/3843859642.jpg,0.7009989432517122,0.5728177428245544
12667,koniq10k,koniq10k/3850577376.jpg,/home/sergey/iqa-data/koniq10k/koniq10k/1024x768/3850577376.jpg,0.4768173425425698,0.4093341529369354
12669,koniq10k,koniq10k/3851941327.jpg,/home/sergey/iqa-data/koniq10k/koniq10k/1024x768/3851941327.jpg,0.6050888521995672,0.5239794254302979
12672,koniq10k,koniq10k/3855419676.jpg,/home/sergey/iqa-data/koniq10k/koniq10k/1024x768/3855419676.jpg,0.8630923887027285,0.5661265254020691
12676,koniq10k,koniq10k/3860253466.jpg,/home/sergey/iqa-data/koniq10k/koniq10k/1024x768/3860253466.jpg,0.6578947368421038,0.4389991760253906
12678,koniq10k,koniq10k/3861043546.jpg,/home/sergey/iqa-data/koniq10k/koniq10k/1024x768/3861043546.jpg,0.7748922929631396,0.6891593933105469
12688,koniq10k,koniq10k/3870457394.jpg,/home/sergey/iqa-data/koniq10k/koniq10k/1024x768/3870457394.jpg,0.7083641585795716,0.596795916557312
12689,koniq10k,koniq10k/3871801313.jpg,/home/sergey/iqa-data/koniq10k/koniq10k/1024x768/3871801313.jpg,0.5524240121914252,0.47953981161117554
12695,koniq10k,koniq10k/3874382715.jpg,/home/sergey/iqa-data/koniq10k/koniq10k/1024x768/3874382715.jpg,0.3629521640531677,0.27046090364456177
12699,koniq10k,koniq10k/3880140639.jpg,/home/sergey/iqa-data/koniq10k/koniq10k/1024x768/3880140639.jpg,0.3790261916159455,0.25695979595184326
12701,koniq10k,koniq10k/3881103730.jpg,/home/sergey/iqa-data/koniq10k/koniq10k/1024x768/3881103730.jpg,0.900661312341542,0.666018545627594
12708,koniq10k,koniq10k/3890421755.jpg,/home/sergey/iqa-data/koniq10k/koniq10k/1024x768/3890421755.jpg,0.659500276893906,0.49146997928619385
12712,koniq10k,koniq10k/3892332557.jpg,/home/sergey/iqa-data/koniq10k/koniq10k/1024x768/3892332557.jpg,0.5834131163236006,0.3985229730606079
12719,koniq10k,koniq10k/3900966844.jpg,/home/sergey/iqa-data/koniq10k/koniq10k/1024x768/3900966844.jpg,0.3968850743676298,0.2535794675350189
12721,koniq10k,koniq10k/3902626347.jpg,/home/sergey/iqa-data/koniq10k/koniq10k/1024x768/3902626347.jpg,0.2261635960806061,0.1504959762096405
12735,koniq10k,koniq10k/3916850615.jpg,/home/sergey/iqa-data/koniq10k/koniq10k/1024x768/3916850615.jpg,0.721546826593928,0.5911652445793152
12736,koniq10k,koniq10k/3916915691.jpg,/home/sergey/iqa-data/koniq10k/koniq10k/1024x768/3916915691.jpg,0.5491729163342367,0.2394641786813736
12743,koniq10k,koniq10k/3921589638.jpg,/home/sergey/iqa-data/koniq10k/koniq10k/1024x768/3921589638.jpg,0.7898516036381029,0.5514641404151917
12747,koniq10k,koniq10k/3923541475.jpg,/home/sergey/iqa-data/koniq10k/koniq10k/1024x768/3923541475.jpg,0.5982595265406386,0.3593759536743164
12753,koniq10k,koniq10k/3930941584.jpg,/home/sergey/iqa-data/koniq10k/koniq10k/1024x768/3930941584.jpg,0.4154581890199832,0.2387176752090454
12758,koniq10k,koniq10k/3934165977.jpg,/home/sergey/iqa-data/koniq10k/koniq10k/1024x768/3934165977.jpg,0.6073480134035409,0.40364283323287964
12761,koniq10k,koniq10k/3935177366.jpg,/home/sergey/iqa-data/koniq10k/koniq10k/1024x768/3935177366.jpg,0.2208168538855867,0.2599963843822479
12767,koniq10k,koniq10k/3940357186.jpg,/home/sergey/iqa-data/koniq10k/koniq10k/1024x768/3940357186.jpg,0.4836359664818472,0.2594563364982605
12772,koniq10k,koniq10k/3945869834.jpg,/home/sergey/iqa-data/koniq10k/koniq10k/1024x768/3945869834.jpg,0.8755105033228537,0.719886302947998
12774,koniq10k,koniq10k/3947046278.jpg,/home/sergey/iqa-data/koniq10k/koniq10k/1024x768/3947046278.jpg,0.7287036403838705,0.6471841931343079
12776,koniq10k,koniq10k/3948277105.jpg,/home/sergey/iqa-data/koniq10k/koniq10k/1024x768/3948277105.jpg,0.6301924186772712,0.2819632291793823
12777,koniq10k,koniq10k/3948522988.jpg,/home/sergey/iqa-data/koniq10k/koniq10k/1024x768/3948522988.jpg,0.5325514600287222,0.4773600697517395
12780,koniq10k,koniq10k/3949472497.jpg,/home/sergey/iqa-data/koniq10k/koniq10k/1024x768/3949472497.jpg,0.734630376803666,0.6963601112365723
12785,koniq10k,koniq10k/395315549.jpg,/home/sergey/iqa-data/koniq10k/koniq10k/1024x768/395315549.jpg,0.5575580689182146,0.2990149259567261
12786,koniq10k,koniq10k/39540491.jpg,/home/sergey/iqa-data/koniq10k/koniq10k/1024x768/39540491.jpg,0.8337508891702421,0.523550271987915
12787,koniq10k,koniq10k/3954258141.jpg,/home/sergey/iqa-data/koniq10k/koniq10k/1024x768/3954258141.jpg,0.6971038774533261,0.5643113851547241
12790,koniq10k,koniq10k/3957754780.jpg,/home/sergey/iqa-data/koniq10k/koniq10k/1024x768/3957754780.jpg,0.4498977733834975,0.34140294790267944
12794,koniq10k,koniq10k/3961390501.jpg,/home/sergey/iqa-data/koniq10k/koniq10k/1024x768/3961390501.jpg,0.8296048609169191,0.6900701522827148
12808,koniq10k,koniq10k/3971799391.jpg,/home/sergey/iqa-data/koniq10k/koniq10k/1024x768/3971799391.jpg,0.6286396148108204,0.45316681265830994
12812,koniq10k,koniq10k/3975469304.jpg,/home/sergey/iqa-data/koniq10k/koniq10k/1024x768/3975469304.jpg,0.8793750900463366,0.7469300031661987
12818,koniq10k,koniq10k/3980206588.jpg,/home/sergey/iqa-data/koniq10k/koniq10k/1024x768/3980206588.jpg,0.6657740003793442,0.3365887403488159
12820,koniq10k,koniq10k/3980401611.jpg,/home/sergey/iqa-data/koniq10k/koniq10k/1024x768/3980401611.jpg,0.4877014893321938,0.30131781101226807
12827,koniq10k,koniq10k/3985602874.jpg,/home/sergey/iqa-data/koniq10k/koniq10k/1024x768/3985602874.jpg,0.7419818094782188,0.574838399887085
12836,koniq10k,koniq10k/3995400927.jpg,/home/sergey/iqa-data/koniq10k/koniq10k/1024x768/3995400927.jpg,0.6709323455734382,0.32985222339630127
12847,koniq10k,koniq10k/4005164524.jpg,/home/sergey/iqa-data/koniq10k/koniq10k/1024x768/4005164524.jpg,0.4661234485677199,0.22544576227664948
12852,koniq10k,koniq10k/4010451143.jpg,/home/sergey/iqa-data/koniq10k/koniq10k/1024x768/4010451143.jpg,0.7883002677162564,0.6954376101493835
12855,koniq10k,koniq10k/4016051317.jpg,/home/sergey/iqa-data/koniq10k/koniq10k/1024x768/4016051317.jpg,0.3701360869862551,0.2591470777988434
12858,koniq10k,koniq10k/4016639569.jpg,/home/sergey/iqa-data/koniq10k/koniq10k/1024x768/4016639569.jpg,0.7670157579546902,0.7030418515205383
12859,koniq10k,koniq10k/4017312321.jpg,/home/sergey/iqa-data/koniq10k/koniq10k/1024x768/4017312321.jpg,0.334665467504145,0.29129883646965027
12867,koniq10k,koniq10k/4026925102.jpg,/home/sergey/iqa-data/koniq10k/koniq10k/1024x768/4026925102.jpg,0.7145237850243592,0.3967236280441284
12871,koniq10k,koniq10k/4033495510.jpg,/home/sergey/iqa-data/koniq10k/koniq10k/1024x768/4033495510.jpg,0.3306706692376177,0.22625195980072021
12873,koniq10k,koniq10k/4034290606.jpg,/home/sergey/iqa-data/koniq10k/koniq10k/1024x768/4034290606.jpg,0.6618696175528784,0.5232633948326111
12886,koniq10k,koniq10k/4042245241.jpg,/home/sergey/iqa-data/koniq10k/koniq10k/1024x768/4042245241.jpg,0.4464493745154755,0.3299124240875244
12895,koniq10k,koniq10k/4047293612.jpg,/home/sergey/iqa-data/koniq10k/koniq10k/1024x768/4047293612.jpg,0.7261556976239565,0.5230301022529602
12897,koniq10k,koniq10k/4049047636.jpg,/home/sergey/iqa-data/koniq10k/koniq10k/1024x768/4049047636.jpg,0.2006684674827321,0.21485646069049835
12905,koniq10k,koniq10k/4062759482.jpg,/home/sergey/iqa-data/koniq10k/koniq10k/1024x768/4062759482.jpg,0.3506889831088018,0.2018883228302002
12920,koniq10k,koniq10k/4080731983.jpg,/home/sergey/iqa-data/koniq10k/koniq10k/1024x768/4080731983.jpg,0.7203397413241595,0.47967833280563354
12922,koniq10k,koniq10k/4081293153.jpg,/home/sergey/iqa-data/koniq10k/koniq10k/1024x768/4081293153.jpg,0.6664729079760198,0.4056795537471771
12927,koniq10k,koniq10k/4086204414.jpg,/home/sergey/iqa-data/koniq10k/koniq10k/1024x768/4086204414.jpg,0.296638687324931,0.21067018806934357
12934,koniq10k,koniq10k/409280416.jpg,/home/sergey/iqa-data/koniq10k/koniq10k/1024x768/409280416.jpg,0.5376487066290783,0.3823200464248657
12936,koniq10k,koniq10k/4094774604.jpg,/home/sergey/iqa-data/koniq10k/koniq10k/1024x768/4094774604.jpg,0.4336368343412046,0.24489738047122955
12946,koniq10k,koniq10k/4100631766.jpg,/home/sergey/iqa-data/koniq10k/koniq10k/1024x768/4100631766.jpg,0.4764687109884647,0.28288137912750244
12947,koniq10k,koniq10k/4103115026.jpg,/home/sergey/iqa-data/koniq10k/koniq10k/1024x768/4103115026.jpg,0.1313155489795026,0.15898096561431885
12948,koniq10k,koniq10k/4103158795.jpg,/home/sergey/iqa-data/koniq10k/koniq10k/1024x768/4103158795.jpg,0.7909343727917213,0.47910577058792114
12951,koniq10k,koniq10k/4107362083.jpg,/home/sergey/iqa-data/koniq10k/koniq10k/1024x768/4107362083.jpg,0.8975586404978456,0.6700121760368347
12953,koniq10k,koniq10k/4109408743.jpg,/home/sergey/iqa-data/koniq10k/koniq10k/1024x768/4109408743.jpg,0.8192109984207434,0.6754519939422607
12956,koniq10k,koniq10k/411090819.jpg,/home/sergey/iqa-data/koniq10k/koniq10k/1024x768/411090819.jpg,0.1826517022214409,0.15577957034111023
12962,koniq10k,koniq10k/4114743309.jpg,/home/sergey/iqa-data/koniq10k/koniq10k/1024x768/4114743309.jpg,0.8211781601103826,0.6758039593696594
12966,koniq10k,koniq10k/4124391067.jpg,/home/sergey/iqa-data/koniq10k/koniq10k/1024x768/4124391067.jpg,0.2335808762328629,0.16405025124549866
12975,koniq10k,koniq10k/4132558989.jpg,/home/sergey/iqa-data/koniq10k/koniq10k/1024x768/4132558989.jpg,0.831737673528004,0.6498802304267883
12979,koniq10k,koniq10k/4137012282.jpg,/home/sergey/iqa-data/koniq10k/koniq10k/1024x768/4137012282.jpg,0.5183044974811359,0.2964766025543213
12982,koniq10k,koniq10k/4139991387.jpg,/home/sergey/iqa-data/koniq10k/koniq10k/1024x768/4139991387.jpg,0.6282910483484933,0.40045395493507385
12984,koniq10k,koniq10k/4142709624.jpg,/home/sergey/iqa-data/koniq10k/koniq10k/1024x768/4142709624.jpg,0.827221655211035,0.5599309206008911
12992,koniq10k,koniq10k/414892775.jpg,/home/sergey/iqa-data/koniq10k/koniq10k/1024x768/414892775.jpg,0.6800774620305489,0.645633339881897
12993,koniq10k,koniq10k/4149241552.jpg,/home/sergey/iqa-data/koniq10k/koniq10k/1024x768/4149241552.jpg,0.7265558781033022,0.4708399474620819
12999,koniq10k,koniq10k/4154530402.jpg,/home/sergey/iqa-data/koniq10k/koniq10k/1024x768/4154530402.jpg,0.5861656294877928,0.551619827747345
13001,koniq10k,koniq10k/4156345687.jpg,/home/sergey/iqa-data/koniq10k/koniq10k/1024x768/4156345687.jpg,0.7968611092115169,0.7026796936988831
13005,koniq10k,koniq10k/4157144630.jpg,/home/sergey/iqa-data/koniq10k/koniq10k/1024x768/4157144630.jpg,0.5396037064897751,0.402548611164093
13014,koniq10k,koniq10k/4167140049.jpg,/home/sergey/iqa-data/koniq10k/koniq10k/1024x768/4167140049.jpg,0.6732886548587838,0.32522764801979065
13015,koniq10k,koniq10k/4167190092.jpg,/home/sergey/iqa-data/koniq10k/koniq10k/1024x768/4167190092.jpg,0.4004621448352071,0.2786717414855957
13021,koniq10k,koniq10k/4170535749.jpg,/home/sergey/iqa-data/koniq10k/koniq10k/1024x768/4170535749.jpg,0.5772841560276427,0.3745272159576416
13024,koniq10k,koniq10k/4172609703.jpg,/home/sergey/iqa-data/koniq10k/koniq10k/1024x768/4172609703.jpg,0.4141825144697334,0.3080696165561676
13027,koniq10k,koniq10k/4174114328.jpg,/home/sergey/iqa-data/koniq10k/koniq10k/1024x768/4174114328.jpg,0.7510770703685972,0.6091750860214233
13030,koniq10k,koniq10k/4176378029.jpg,/home/sergey/iqa-data/koniq10k/koniq10k/1024x768/4176378029.jpg,0.5146002872187645,0.3298267722129822
13041,koniq10k,koniq10k/4183330908.jpg,/home/sergey/iqa-data/koniq10k/koniq10k/1024x768/4183330908.jpg,0.742094709936144,0.5803879499435425
13045,koniq10k,koniq10k/4186428624.jpg,/home/sergey/iqa-data/koniq10k/koniq10k/1024x768/4186428624.jpg,0.7168501675442794,0.5506682395935059
13047,koniq10k,koniq10k/4187182991.jpg,/home/sergey/iqa-data/koniq10k/koniq10k/1024x768/4187182991.jpg,0.5290565414285526,0.345190167427063
13051,koniq10k,koniq10k/4193696727.jpg,/home/sergey/iqa-data/koniq10k/koniq10k/1024x768/4193696727.jpg,0.5952697551548675,0.38478055596351624
13060,koniq10k,koniq10k/4199130600.jpg,/home/sergey/iqa-data/koniq10k/koniq10k/1024x768/4199130600.jpg,0.8089760557166861,0.663695216178894
13061,koniq10k,koniq10k/4201007649.jpg,/home/sergey/iqa-data/koniq10k/koniq10k/1024x768/4201007649.jpg,0.6812897490255088,0.47153255343437195
13068,koniq10k,koniq10k/4210559322.jpg,/home/sergey/iqa-data/koniq10k/koniq10k/1024x768/4210559322.jpg,0.3526005595056675,0.1902393400669098
13074,koniq10k,koniq10k/4214550696.jpg,/home/sergey/iqa-data/koniq10k/koniq10k/1024x768/4214550696.jpg,0.6372396810405411,0.5123873949050903
13076,koniq10k,koniq10k/4214814193.jpg,/home/sergey/iqa-data/koniq10k/koniq10k/1024x768/4214814193.jpg,0.7838678793681201,0.6413707137107849
13079,koniq10k,koniq10k/4216117221.jpg,/home/sergey/iqa-data/koniq10k/koniq10k/1024x768/4216117221.jpg,0.3212845219419019,0.2082422375679016
13081,koniq10k,koniq10k/4217243298.jpg,/home/sergey/iqa-data/koniq10k/koniq10k/1024x768/4217243298.jpg,0.6262767253269127,0.5911633372306824
13086,koniq10k,koniq10k/4223697086.jpg,/home/sergey/iqa-data/koniq10k/koniq10k/1024x768/4223697086.jpg,0.7079600629145859,0.4987165331840515
13088,koniq10k,koniq10k/4228738752.jpg,/home/sergey/iqa-data/koniq10k/koniq10k/1024x768/4228738752.jpg,0.7731541635323346,0.5574797987937927
13094,koniq10k,koniq10k/4234199993.jpg,/home/sergey/iqa-data/koniq10k/koniq10k/1024x768/4234199993.jpg,0.7041623483154932,0.5737870335578918
13099,koniq10k,koniq10k/4239274380.jpg,/home/sergey/iqa-data/koniq10k/koniq10k/1024x768/4239274380.jpg,0.3039469868235772,0.1530539095401764
13105,koniq10k,koniq10k/4243451745.jpg,/home/sergey/iqa-data/koniq10k/koniq10k/1024x768/4243451745.jpg,0.8113486871265702,0.6823227405548096
13107,koniq10k,koniq10k/4243875190.jpg,/home/sergey/iqa-data/koniq10k/koniq10k/1024x768/4243875190.jpg,0.7895553796643413,0.6268049478530884
13109,koniq10k,koniq10k/4244935320.jpg,/home/sergey/iqa-data/koniq10k/koniq10k/1024x768/4244935320.jpg,0.7203397413241595,0.6249347925186157
13113,koniq10k,koniq10k/4246970583.jpg,/home/sergey/iqa-data/koniq10k/koniq10k/1024x768/4246970583.jpg,0.3219467347879191,0.20774051547050476
13116,koniq10k,koniq10k/42490373.jpg,/home/sergey/iqa-data/koniq10k/koniq10k/1024x768/42490373.jpg,0.6890578016145612,0.5725234150886536
13117,koniq10k,koniq10k/4250403356.jpg,/home/sergey/iqa-data/koniq10k/koniq10k/1024x768/4250403356.jpg,0.3546203383400905,0.2988560199737549
13119,koniq10k,koniq10k/4252517673.jpg,/home/sergey/iqa-data/koniq10k/koniq10k/1024x768/4252517673.jpg,0.6931432218650969,0.44847890734672546
13121,koniq10k,koniq10k/4253075090.jpg,/home/sergey/iqa-data/koniq10k/koniq10k/1024x768/4253075090.jpg,0.8271682840854679,0.6101365089416504
13122,koniq10k,koniq10k/4254945684.jpg,/home/sergey/iqa-data/koniq10k/koniq10k/1024x768/4254945684.jpg,0.2259834558412336,0.26804935932159424
13127,koniq10k,koniq10k/4258180825.jpg,/home/sergey/iqa-data/koniq10k/koniq10k/1024x768/4258180825.jpg,0.6933034039304966,0.5627138018608093
13129,koniq10k,koniq10k/4258644297.jpg,/home/sergey/iqa-data/koniq10k/koniq10k/1024x768/4258644297.jpg,0.768132900732229,0.6871336102485657
13132,koniq10k,koniq10k/425916994.jpg,/home/sergey/iqa-data/koniq10k/koniq10k/1024x768/425916994.jpg,0.417011184124636,0.3287668228149414
13133,koniq10k,koniq10k/4259335567.jpg,/home/sergey/iqa-data/koniq10k/koniq10k/1024x768/4259335567.jpg,0.4383522363725102,0.34713077545166016
13134,koniq10k,koniq10k/4260146768.jpg,/home/sergey/iqa-data/koniq10k/koniq10k/1024x768/4260146768.jpg,0.7510160598466296,0.6609659194946289
13147,koniq10k,koniq10k/427196028.jpg,/home/sergey/iqa-data/koniq10k/koniq10k/1024x768/427196028.jpg,0.4226685234344381,0.2212277352809906
13151,koniq10k,koniq10k/4277539505.jpg,/home/sergey/iqa-data/koniq10k/koniq10k/1024x768/4277539505.jpg,0.7079600629145859,0.46855416893959045
13159,koniq10k,koniq10k/4285776519.jpg,/home/sergey/iqa-data/koniq10k/koniq10k/1024x768/4285776519.jpg,0.3265486807921266,0.20958662033081055
13175,koniq10k,koniq10k/4297818651.jpg,/home/sergey/iqa-data/koniq10k/koniq10k/1024x768/4297818651.jpg,0.439133913962974,0.2888258099555969
13176,koniq10k,koniq10k/4298067776.jpg,/home/sergey/iqa-data/koniq10k/koniq10k/1024x768/4298067776.jpg,0.7645805351192336,0.5284627079963684
13177,koniq10k,koniq10k/4298186333.jpg,/home/sergey/iqa-data/koniq10k/koniq10k/1024x768/4298186333.jpg,0.7577766852539465,0.5468239784240723
13183,koniq10k,koniq10k/4300400521.jpg,/home/sergey/iqa-data/koniq10k/koniq10k/1024x768/4300400521.jpg,0.4999668229149372,0.33366286754608154
13184,koniq10k,koniq10k/430051470.jpg,/home/sergey/iqa-data/koniq10k/koniq10k/1024x768/430051470.jpg,0.6475577917426307,0.6041520833969116
13185,koniq10k,koniq10k/4302524395.jpg,/home/sergey/iqa-data/koniq10k/koniq10k/1024x768/4302524395.jpg,0.4501470286534896,0.21738407015800476
13187,koniq10k,koniq10k/4305975001.jpg,/home/sergey/iqa-data/koniq10k/koniq10k/1024x768/4305975001.jpg,0.8303297384056538,0.679287850856781
13191,koniq10k,koniq10k/430961914.jpg,/home/sergey/iqa-data/koniq10k/koniq10k/1024x768/430961914.jpg,0.7689085686931536,0.5674023032188416
13192,koniq10k,koniq10k/4310499723.jpg,/home/sergey/iqa-data/koniq10k/koniq10k/1024x768/4310499723.jpg,0.5689054074803315,0.26678603887557983
13194,koniq10k,koniq10k/4312794040.jpg,/home/sergey/iqa-data/koniq10k/koniq10k/1024x768/4312794040.jpg,0.6903444852224155,0.3777778744697571
13205,koniq10k,koniq10k/4321643395.jpg,/home/sergey/iqa-data/koniq10k/koniq10k/1024x768/4321643395.jpg,0.6479518566641594,0.4989842474460602
13214,koniq10k,koniq10k/4330138497.jpg,/home/sergey/iqa-data/koniq10k/koniq10k/1024x768/4330138497.jpg,0.8330924790230957,0.750780463218689
13228,koniq10k,koniq10k/4340329166.jpg,/home/sergey/iqa-data/koniq10k/koniq10k/1024x768/4340329166.jpg,0.806673771868819,0.5750806927680969
13233,koniq10k,koniq10k/4344642946.jpg,/home/sergey/iqa-data/koniq10k/koniq10k/1024x768/4344642946.jpg,0.8146413184709005,0.6807346343994141
13241,koniq10k,koniq10k/4347235307.jpg,/home/sergey/iqa-data/koniq10k/koniq10k/1024x768/4347235307.jpg,0.8729826301032606,0.5068051815032959
13242,koniq10k,koniq10k/4347675881.jpg,/home/sergey/iqa-data/koniq10k/koniq10k/1024x768/4347675881.jpg,0.5593458359633464,0.2287958711385727
13243,koniq10k,koniq10k/434815119.jpg,/home/sergey/iqa-data/koniq10k/koniq10k/1024x768/434815119.jpg,0.2516013585903462,0.17806583642959595
13248,koniq10k,koniq10k/4353658003.jpg,/home/sergey/iqa-data/koniq10k/koniq10k/1024x768/4353658003.jpg,0.1454588972540123,0.18510866165161133
13255,koniq10k,koniq10k/4359682859.jpg,/home/sergey/iqa-data/koniq10k/koniq10k/1024x768/4359682859.jpg,0.8768720508787513,0.6825896501541138
13268,koniq10k,koniq10k/4371356797.jpg,/home/sergey/iqa-data/koniq10k/koniq10k/1024x768/4371356797.jpg,0.5531440967056077,0.4030897915363312
13276,koniq10k,koniq10k/4376675146.jpg,/home/sergey/iqa-data/koniq10k/koniq10k/1024x768/4376675146.jpg,0.4098851124940161,0.4673699736595154
13287,koniq10k,koniq10k/4391517237.jpg,/home/sergey/iqa-data/koniq10k/koniq10k/1024x768/4391517237.jpg,0.6228939637128171,0.5019041299819946
13301,koniq10k,koniq10k/4404389524.jpg,/home/sergey/iqa-data/koniq10k/koniq10k/1024x768/4404389524.jpg,0.4661659907692582,0.3008244037628174
13304,koniq10k,koniq10k/4406684120.jpg,/home/sergey/iqa-data/koniq10k/koniq10k/1024x768/4406684120.jpg,0.6305490575069763,0.457111120223999
13307,koniq10k,koniq10k/4407839974.jpg,/home/sergey/iqa-data/koniq10k/koniq10k/1024x768/4407839974.jpg,0.6901798536551992,0.5772303938865662
13314,koniq10k,koniq10k/4411449023.jpg,/home/sergey/iqa-data/koniq10k/koniq10k/1024x768/4411449023.jpg,0.714283951774884,0.6779764890670776
13317,koniq10k,koniq10k/4414969933.jpg,/home/sergey/iqa-data/koniq10k/koniq10k/1024x768/4414969933.jpg,0.7014528729279051,0.717568576335907
13319,koniq10k,koniq10k/4418637804.jpg,/home/sergey/iqa-data/koniq10k/koniq10k/1024x768/4418637804.jpg,0.7494195228231542,0.6904205083847046
13321,koniq10k,koniq10k/4420983663.jpg,/home/sergey/iqa-data/koniq10k/koniq10k/1024x768/4420983663.jpg,0.3345756684674815,0.2765946686267853
13322,koniq10k,koniq10k/4422544352.jpg,/home/sergey/iqa-data/koniq10k/koniq10k/1024x768/4422544352.jpg,0.7168501675442794,0.5206207633018494
13325,koniq10k,koniq10k/4423467099.jpg,/home/sergey/iqa-data/koniq10k/koniq10k/1024x768/4423467099.jpg,0.6012788073582712,0.4124494791030884
13331,koniq10k,koniq10k/4426149096.jpg,/home/sergey/iqa-data/koniq10k/koniq10k/1024x768/4426149096.jpg,0.7065529959947775,0.4463370144367218
13332,koniq10k,koniq10k/4428546636.jpg,/home/sergey/iqa-data/koniq10k/koniq10k/1024x768/4428546636.jpg,0.5625179511728096,0.47486135363578796
13340,koniq10k,koniq10k/4432502474.jpg,/home/sergey/iqa-data/koniq10k/koniq10k/1024x768/4432502474.jpg,0.6755683945608545,0.5861158967018127
13341,koniq10k,koniq10k/4433497740.jpg,/home/sergey/iqa-data/koniq10k/koniq10k/1024x768/4433497740.jpg,0.6717023812876022,0.3777850866317749
13347,koniq10k,koniq10k/443706084.jpg,/home/sergey/iqa-data/koniq10k/koniq10k/1024x768/443706084.jpg,0.6808539595828768,0.5490677356719971
13356,koniq10k,koniq10k/4442175074.jpg,/home/sergey/iqa-data/koniq10k/koniq10k/1024x768/4442175074.jpg,0.9213225740272182,0.6528487801551819
13367,koniq10k,koniq10k/4459598484.jpg,/home/sergey/iqa-data/koniq10k/koniq10k/1024x768/4459598484.jpg,0.7185320792309796,0.5562006235122681
13376,koniq10k,koniq10k/4468108530.jpg,/home/sergey/iqa-data/koniq10k/koniq10k/1024x768/4468108530.jpg,0.6552178075634282,0.39690345525741577
13378,koniq10k,koniq10k/4469938423.jpg,/home/sergey/iqa-data/koniq10k/koniq10k/1024x768/4469938423.jpg,0.6039129124337363,0.36975789070129395
13386,koniq10k,koniq10k/4478081768.jpg,/home/sergey/iqa-data/koniq10k/koniq10k/1024x768/4478081768.jpg,0.5027764480612729,0.33859074115753174
13389,koniq10k,koniq10k/4480082097.jpg,/home/sergey/iqa-data/koniq10k/koniq10k/1024x768/4480082097.jpg,0.8441403020148834,0.7039752006530762
13392,koniq10k,koniq10k/4483151821.jpg,/home/sergey/iqa-data/koniq10k/koniq10k/1024x768/4483151821.jpg,0.388942077549067,0.240120530128479
13397,koniq10k,koniq10k/4489064763.jpg,/home/sergey/iqa-data/koniq10k/koniq10k/1024x768/4489064763.jpg,0.6778034334844519,0.4039188027381897
13403,koniq10k,koniq10k/4493244545.jpg,/home/sergey/iqa-data/koniq10k/koniq10k/1024x768/4493244545.jpg,0.8286350016843078,0.606306791305542
13405,koniq10k,koniq10k/4495516735.jpg,/home/sergey/iqa-data/koniq10k/koniq10k/1024x768/4495516735.jpg,0.7065735328347261,0.6032471656799316
13408,koniq10k,koniq10k/4496338663.jpg,/home/sergey/iqa-data/koniq10k/koniq10k/1024x768/4496338663.jpg,0.4554810914313063,0.2846370339393616
13412,koniq10k,koniq10k/450063799.jpg,/home/sergey/iqa-data/koniq10k/koniq10k/1024x768/450063799.jpg,0.6533992246970592,0.6774064302444458
13418,koniq10k,koniq10k/450407660.jpg,/home/sergey/iqa-data/koniq10k/koniq10k/1024x768/450407660.jpg,0.6662217750768754,0.4864610433578491
13420,koniq10k,koniq10k/4504355317.jpg,/home/sergey/iqa-data/koniq10k/koniq10k/1024x768/4504355317.jpg,0.8791381559804389,0.6904821991920471
13422,koniq10k,koniq10k/4506321902.jpg,/home/sergey/iqa-data/koniq10k/koniq10k/1024x768/4506321902.jpg,0.702588958034148,0.40110480785369873
13426,koniq10k,koniq10k/4511318356.jpg,/home/sergey/iqa-data/koniq10k/koniq10k/1024x768/4511318356.jpg,0.7510770703685972,0.5574524402618408
13430,koniq10k,koniq10k/4513142635.jpg,/home/sergey/iqa-data/koniq10k/koniq10k/1024x768/4513142635.jpg,0.4691595296437237,0.29647737741470337
13442,koniq10k,koniq10k/4524543534.jpg,/home/sergey/iqa-data/koniq10k/koniq10k/1024x768/4524543534.jpg,0.6657740003793442,0.6263912916183472
13445,koniq10k,koniq10k/4525459727.jpg,/home/sergey/iqa-data/koniq10k/koniq10k/1024x768/4525459727.jpg,0.821350831398971,0.5169218182563782
13461,koniq10k,koniq10k/4535634069.jpg,/home/sergey/iqa-data/koniq10k/koniq10k/1024x768/4535634069.jpg,0.6970494799599644,0.5836288928985596
13466,koniq10k,koniq10k/4539567531.jpg,/home/sergey/iqa-data/koniq10k/koniq10k/1024x768/4539567531.jpg,0.5410332439454003,0.2433885931968689
13479,koniq10k,koniq10k/4550104555.jpg,/home/sergey/iqa-data/koniq10k/koniq10k/1024x768/4550104555.jpg,0.7527771883158211,0.6015886068344116
13483,koniq10k,koniq10k/4555936051.jpg,/home/sergey/iqa-data/koniq10k/koniq10k/1024x768/4555936051.jpg,0.825753949258018,0.5644704699516296
13484,koniq10k,koniq10k/4556815018.jpg,/home/sergey/iqa-data/koniq10k/koniq10k/1024x768/4556815018.jpg,0.7113592205671159,0.46518921852111816
13487,koniq10k,koniq10k/4562682674.jpg,/home/sergey/iqa-data/koniq10k/koniq10k/1024x768/4562682674.jpg,0.4339832020540484,0.33993464708328247
13489,koniq10k,koniq10k/4563172093.jpg,/home/sergey/iqa-data/koniq10k/koniq10k/1024x768/4563172093.jpg,0.784109646005291,0.5548367500305176
13491,koniq10k,koniq10k/4565000392.jpg,/home/sergey/iqa-data/koniq10k/koniq10k/1024x768/4565000392.jpg,0.6608425083772138,0.5232556462287903
13504,koniq10k,koniq10k/4573273622.jpg,/home/sergey/iqa-data/koniq10k/koniq10k/1024x768/4573273622.jpg,0.7618288157202494,0.5591245889663696
13516,koniq10k,koniq10k/4580698398.jpg,/home/sergey/iqa-data/koniq10k/koniq10k/1024x768/4580698398.jpg,0.3781036335883367,0.2174798548221588
13522,koniq10k,koniq10k/4585460509.jpg,/home/sergey/iqa-data/koniq10k/koniq10k/1024x768/4585460509.jpg,0.6535081720577166,0.5648890733718872
13524,koniq10k,koniq10k/4586793310.jpg,/home/sergey/iqa-data/koniq10k/koniq10k/1024x768/4586793310.jpg,0.5462918639079472,0.40785932540893555
13529,koniq10k,koniq10k/4591422965.jpg,/home/sergey/iqa-data/koniq10k/koniq10k/1024x768/4591422965.jpg,0.8129150845622236,0.6767606735229492
13534,koniq10k,koniq10k/4596719098.jpg,/home/sergey/iqa-data/koniq10k/koniq10k/1024x768/4596719098.jpg,0.5923887027285779,0.31360557675361633
13543,koniq10k,koniq10k/460148364.jpg,/home/sergey/iqa-data/koniq10k/koniq10k/1024x768/460148364.jpg,0.4953087601723308,0.29009824991226196
13554,koniq10k,koniq10k/4605755313.jpg,/home/sergey/iqa-data/koniq10k/koniq10k/1024x768/4605755313.jpg,0.5301579703207271,0.5176210403442383
13561,koniq10k,koniq10k/4611014636.jpg,/home/sergey/iqa-data/koniq10k/koniq10k/1024x768/4611014636.jpg,0.823688770085192,0.6684525609016418
13562,koniq10k,koniq10k/46116416.jpg,/home/sergey/iqa-data/koniq10k/koniq10k/1024x768/46116416.jpg,0.7645805351192336,0.650153636932373
13569,koniq10k,koniq10k/4617763829.jpg,/home/sergey/iqa-data/koniq10k/koniq10k/1024x768/4617763829.jpg,0.739322376469336,0.6539275646209717
13574,koniq10k,koniq10k/4623510365.jpg,/home/sergey/iqa-data/koniq10k/koniq10k/1024x768/4623510365.jpg,0.7294104988559542,0.6612548232078552
13580,koniq10k,koniq10k/4630540392.jpg,/home/sergey/iqa-data/koniq10k/koniq10k/1024x768/4630540392.jpg,0.7623707958796528,0.5985875129699707
13587,koniq10k,koniq10k/463426919.jpg,/home/sergey/iqa-data/koniq10k/koniq10k/1024x768/463426919.jpg,0.3907150328883202,0.26350846886634827
13589,koniq10k,koniq10k/463525569.jpg,/home/sergey/iqa-data/koniq10k/koniq10k/1024x768/463525569.jpg,0.7463940506065908,0.6531475782394409
13593,koniq10k,koniq10k/4638196012.jpg,/home/sergey/iqa-data/koniq10k/koniq10k/1024x768/4638196012.jpg,0.8293222251988364,0.6251876354217529
13596,koniq10k,koniq10k/4639008494.jpg,/home/sergey/iqa-data/koniq10k/koniq10k/1024x768/4639008494.jpg,0.401383484447057,0.3746234178543091
13608,koniq10k,koniq10k/4651402324.jpg,/home/sergey/iqa-data/koniq10k/koniq10k/1024x768/4651402324.jpg,0.7754202686340221,0.6683918833732605
13609,koniq10k,koniq10k/4655744443.jpg,/home/sergey/iqa-data/koniq10k/koniq10k/1024x768/4655744443.jpg,0.7597071813723265,0.5688283443450928
13611,koniq10k,koniq10k/4656808355.jpg,/home/sergey/iqa-data/koniq10k/koniq10k/1024x768/4656808355.jpg,0.6372666347534705,0.48715364933013916
13614,koniq10k,koniq10k/4663774613.jpg,/home/sergey/iqa-data/koniq10k/koniq10k/1024x768/4663774613.jpg,0.8133950421209465,0.6054507493972778
13623,koniq10k,koniq10k/4669146975.jpg,/home/sergey/iqa-data/koniq10k/koniq10k/1024x768/4669146975.jpg,0.446989795233599,0.2390030473470688
13626,koniq10k,koniq10k/4670590256.jpg,/home/sergey/iqa-data/koniq10k/koniq10k/1024x768/4670590256.jpg,0.6586529085332328,0.41899821162223816
13635,koniq10k,koniq10k/4674618399.jpg,/home/sergey/iqa-data/koniq10k/koniq10k/1024x768/4674618399.jpg,0.635604489122919,0.3136383891105652
13645,koniq10k,koniq10k/4682349014.jpg,/home/sergey/iqa-data/koniq10k/koniq10k/1024x768/4682349014.jpg,0.5449748113702162,0.3060082793235779
13656,koniq10k,koniq10k/4688942670.jpg,/home/sergey/iqa-data/koniq10k/koniq10k/1024x768/4688942670.jpg,0.7127405908758367,0.36403554677963257
13666,koniq10k,koniq10k/4694563082.jpg,/home/sergey/iqa-data/koniq10k/koniq10k/1024x768/4694563082.jpg,0.8037383599627886,0.5028250217437744
13673,koniq10k,koniq10k/469890496.jpg,/home/sergey/iqa-data/koniq10k/koniq10k/1024x768/469890496.jpg,0.6312829104834845,0.4440367519855499
13689,koniq10k,koniq10k/4708680413.jpg,/home/sergey/iqa-data/koniq10k/koniq10k/1024x768/4708680413.jpg,0.6510969408491921,0.4527554214000702
13692,koniq10k,koniq10k/4711101546.jpg,/home/sergey/iqa-data/koniq10k/koniq10k/1024x768/4711101546.jpg,0.6830159829341856,0.3975137770175934
13695,koniq10k,koniq10k/4713092038.jpg,/home/sergey/iqa-data/koniq10k/koniq10k/1024x768/4713092038.jpg,0.825753949258018,0.5690039396286011
13697,koniq10k,koniq10k/4714961173.jpg,/home/sergey/iqa-data/koniq10k/koniq10k/1024x768/4714961173.jpg,0.7047497473538634,0.5331875681877136
13706,koniq10k,koniq10k/4725670933.jpg,/home/sergey/iqa-data/koniq10k/koniq10k/1024x768/4725670933.jpg,0.6812897490255088,0.5244112610816956
13708,koniq10k,koniq10k/4726274782.jpg,/home/sergey/iqa-data/koniq10k/koniq10k/1024x768/4726274782.jpg,0.2621291140728787,0.1299595832824707
13710,koniq10k,koniq10k/4728497082.jpg,/home/sergey/iqa-data/koniq10k/koniq10k/1024x768/4728497082.jpg,0.7697753698724529,0.5114079713821411
13719,koniq10k,koniq10k/4732496293.jpg,/home/sergey/iqa-data/koniq10k/koniq10k/1024x768/4732496293.jpg,0.5578160736131057,0.3795914053916931
13724,koniq10k,koniq10k/4737751146.jpg,/home/sergey/iqa-data/koniq10k/koniq10k/1024x768/4737751146.jpg,0.7587480863931277,0.4497890770435333
13727,koniq10k,koniq10k/4738960229.jpg,/home/sergey/iqa-data/koniq10k/koniq10k/1024x768/4738960229.jpg,0.3503802989202688,0.17199000716209412
13730,koniq10k,koniq10k/474070389.jpg,/home/sergey/iqa-data/koniq10k/koniq10k/1024x768/474070389.jpg,0.8749670284581034,0.710677444934845
13733,koniq10k,koniq10k/4743492963.jpg,/home/sergey/iqa-data/koniq10k/koniq10k/1024x768/4743492963.jpg,0.4585926280516987,0.2909781336784363
13734,koniq10k,koniq10k/4743830608.jpg,/home/sergey/iqa-data/koniq10k/koniq10k/1024x768/4743830608.jpg,0.7218286261369075,0.48120030760765076
13749,koniq10k,koniq10k/4764407251.jpg,/home/sergey/iqa-data/koniq10k/koniq10k/1024x768/4764407251.jpg,0.6039129124337363,0.45514535903930664
13752,koniq10k,koniq10k/4765706226.jpg,/home/sergey/iqa-data/koniq10k/koniq10k/1024x768/4765706226.jpg,0.8049590262999482,0.6322242021560669
13756,koniq10k,koniq10k/4769301151.jpg,/home/sergey/iqa-data/koniq10k/koniq10k/1024x768/4769301151.jpg,0.3688414115547444,0.31248924136161804
13759,koniq10k,koniq10k/4770545465.jpg,/home/sergey/iqa-data/koniq10k/koniq10k/1024x768/4770545465.jpg,0.8027055298477043,0.5848842859268188
13761,koniq10k,koniq10k/4771924563.jpg,/home/sergey/iqa-data/koniq10k/koniq10k/1024x768/4771924563.jpg,0.6110579224509332,0.43705329298973083
13764,koniq10k,koniq10k/4773302631.jpg,/home/sergey/iqa-data/koniq10k/koniq10k/1024x768/4773302631.jpg,0.6671852561034,0.3804248571395874
13769,koniq10k,koniq10k/4778495597.jpg,/home/sergey/iqa-data/koniq10k/koniq10k/1024x768/4778495597.jpg,0.5952966808784764,0.3670768141746521
13770,koniq10k,koniq10k/477928479.jpg,/home/sergey/iqa-data/koniq10k/koniq10k/1024x768/477928479.jpg,0.5067500801489653,0.2894109785556793
13771,koniq10k,koniq10k/477939756.jpg,/home/sergey/iqa-data/koniq10k/koniq10k/1024x768/477939756.jpg,0.8068732658818484,0.7225069999694824
13784,koniq10k,koniq10k/4787556835.jpg,/home/sergey/iqa-data/koniq10k/koniq10k/1024x768/4787556835.jpg,0.7377876102235568,0.6081287264823914
13792,koniq10k,koniq10k/4795531186.jpg,/home/sergey/iqa-data/koniq10k/koniq10k/1024x768/4795531186.jpg,0.737593745013564,0.5029703974723816
13794,koniq10k,koniq10k/4800263969.jpg,/home/sergey/iqa-data/koniq10k/koniq10k/1024x768/4800263969.jpg,0.5984305214089533,0.5056268572807312
13795,koniq10k,koniq10k/4801184295.jpg,/home/sergey/iqa-data/koniq10k/koniq10k/1024x768/4801184295.jpg,0.7854192152899666,0.7150734066963196
13797,koniq10k,koniq10k/4803889024.jpg,/home/sergey/iqa-data/koniq10k/koniq10k/1024x768/4803889024.jpg,0.5895076503022882,0.5637431740760803
13798,koniq10k,koniq10k/4804088480.jpg,/home/sergey/iqa-data/koniq10k/koniq10k/1024x768/4804088480.jpg,0.7055354889246691,0.5606032609939575
13809,koniq10k,koniq10k/4808255488.jpg,/home/sergey/iqa-data/koniq10k/koniq10k/1024x768/4808255488.jpg,0.7998244774214148,0.563559889793396
13820,koniq10k,koniq10k/4824776407.jpg,/home/sergey/iqa-data/koniq10k/koniq10k/1024x768/4824776407.jpg,0.8057512138412104,0.6238428354263306
13821,koniq10k,koniq10k/4826544292.jpg,/home/sergey/iqa-data/koniq10k/koniq10k/1024x768/4826544292.jpg,0.4299279411328613,0.2616250514984131
13822,koniq10k,koniq10k/4828138245.jpg,/home/sergey/iqa-data/koniq10k/koniq10k/1024x768/4828138245.jpg,0.4017720449027296,0.3821062743663788
13826,koniq10k,koniq10k/4831070004.jpg,/home/sergey/iqa-data/koniq10k/koniq10k/1024x768/4831070004.jpg,0.1136907611297255,0.2949067950248718
13828,koniq10k,koniq10k/4835256174.jpg,/home/sergey/iqa-data/koniq10k/koniq10k/1024x768/4835256174.jpg,0.8802785395686341,0.6742644309997559
13834,koniq10k,koniq10k/4840518597.jpg,/home/sergey/iqa-data/koniq10k/koniq10k/1024x768/4840518597.jpg,0.6324381839811556,0.37027978897094727
13843,koniq10k,koniq10k/4846003639.jpg,/home/sergey/iqa-data/koniq10k/koniq10k/1024x768/4846003639.jpg,0.6073240785064621,0.2858603596687317
13851,koniq10k,koniq10k/4851467262.jpg,/home/sergey/iqa-data/koniq10k/koniq10k/1024x768/4851467262.jpg,0.7355193872666345,0.47809842228889465
13852,koniq10k,koniq10k/485174290.jpg,/home/sergey/iqa-data/koniq10k/koniq10k/1024x768/485174290.jpg,0.7629248444231678,0.4817863702774048
13861,koniq10k,koniq10k/4858527470.jpg,/home/sergey/iqa-data/koniq10k/koniq10k/1024x768/4858527470.jpg,0.5347676542027887,0.3871006965637207
13865,koniq10k,koniq10k/4862615903.jpg,/home/sergey/iqa-data/koniq10k/koniq10k/1024x768/4862615903.jpg,0.7192668950164283,0.4335728585720062
13869,koniq10k,koniq10k/4867071134.jpg,/home/sergey/iqa-data/koniq10k/koniq10k/1024x768/4867071134.jpg,0.7150550502632839,0.5080177783966064
13870,koniq10k,koniq10k/4867659714.jpg,/home/sergey/iqa-data/koniq10k/koniq10k/1024x768/4867659714.jpg,0.6592722001762688,0.6221495270729065
13872,koniq10k,koniq10k/4868050690.jpg,/home/sergey/iqa-data/koniq10k/koniq10k/1024x768/4868050690.jpg,0.8306595250108905,0.7269561290740967
13877,koniq10k,koniq10k/4871407891.jpg,/home/sergey/iqa-data/koniq10k/koniq10k/1024x768/4871407891.jpg,0.6637542215449213,0.42745715379714966
13885,koniq10k,koniq10k/487860600.jpg,/home/sergey/iqa-data/koniq10k/koniq10k/1024x768/487860600.jpg,0.1423271558503721,0.18700912594795227
13890,koniq10k,koniq10k/4882465125.jpg,/home/sergey/iqa-data/koniq10k/koniq10k/1024x768/4882465125.jpg,0.3554551802583195,0.25987374782562256
13891,koniq10k,koniq10k/4882952027.jpg,/home/sergey/iqa-data/koniq10k/koniq10k/1024x768/4882952027.jpg,0.6355189133082769,0.5372036695480347
13895,koniq10k,koniq10k/4885160336.jpg,/home/sergey/iqa-data/koniq10k/koniq10k/1024x768/4885160336.jpg,0.8176046866807984,0.5782621502876282
13897,koniq10k,koniq10k/4885928195.jpg,/home/sergey/iqa-data/koniq10k/koniq10k/1024x768/4885928195.jpg,0.5805352298889866,0.29426518082618713
13898,koniq10k,koniq10k/4886153819.jpg,/home/sergey/iqa-data/koniq10k/koniq10k/1024x768/4886153819.jpg,0.6900055378781481,0.51969975233078
13899,koniq10k,koniq10k/4886277173.jpg,/home/sergey/iqa-data/koniq10k/koniq10k/1024x768/4886277173.jpg,0.3114441340911946,0.16130954027175903
13905,koniq10k,koniq10k/4889658118.jpg,/home/sergey/iqa-data/koniq10k/koniq10k/1024x768/4889658118.jpg,0.7641714536460815,0.6968146562576294
13908,koniq10k,koniq10k/4890155523.jpg,/home/sergey/iqa-data/koniq10k/koniq10k/1024x768/4890155523.jpg,0.7778021862725155,0.6548951268196106
13913,koniq10k,koniq10k/4895451556.jpg,/home/sergey/iqa-data/koniq10k/koniq10k/1024x768/4895451556.jpg,0.8530850141668722,0.6785882711410522
13919,koniq10k,koniq10k/4902129359.jpg,/home/sergey/iqa-data/koniq10k/koniq10k/1024x768/4902129359.jpg,0.8357663195711618,0.6640862822532654
13926,koniq10k,koniq10k/4906359700.jpg,/home/sergey/iqa-data/koniq10k/koniq10k/1024x768/4906359700.jpg,0.8310405406033466,0.6331594586372375
13928,koniq10k,koniq10k/4906735319.jpg,/home/sergey/iqa-data/koniq10k/koniq10k/1024x768/4906735319.jpg,0.8438260053865614,0.7064189910888672
13936,koniq10k,koniq10k/4911877298.jpg,/home/sergey/iqa-data/koniq10k/koniq10k/1024x768/4911877298.jpg,0.6289950159096667,0.6023352146148682
13938,koniq10k,koniq10k/4912317009.jpg,/home/sergey/iqa-data/koniq10k/koniq10k/1024x768/4912317009.jpg,0.8287458113930096,0.6539121866226196
13942,koniq10k,koniq10k/4918086314.jpg,/home/sergey/iqa-data/koniq10k/koniq10k/1024x768/4918086314.jpg,0.7436035665233568,0.6443807482719421
13946,koniq10k,koniq10k/4920401436.jpg,/home/sergey/iqa-data/koniq10k/koniq10k/1024x768/4920401436.jpg,0.4754136418115653,0.22765371203422546
13947,koniq10k,koniq10k/4920539113.jpg,/home/sergey/iqa-data/koniq10k/koniq10k/1024x768/4920539113.jpg,0.8166435942884002,0.6785649061203003
13961,koniq10k,koniq10k/4925344781.jpg,/home/sergey/iqa-data/koniq10k/koniq10k/1024x768/4925344781.jpg,0.808714582051108,0.7099738121032715
13964,koniq10k,koniq10k/492751146.jpg,/home/sergey/iqa-data/koniq10k/koniq10k/1024x768/492751146.jpg,0.6110579224509332,0.47275176644325256
13966,koniq10k,koniq10k/493128717.jpg,/home/sergey/iqa-data/koniq10k/koniq10k/1024x768/493128717.jpg,0.7338221854736919,0.5639317035675049
13968,koniq10k,koniq10k/4932130784.jpg,/home/sergey/iqa-data/koniq10k/koniq10k/1024x768/4932130784.jpg,0.715137395092688,0.5020782351493835
13971,koniq10k,koniq10k/4935990245.jpg,/home/sergey/iqa-data/koniq10k/koniq10k/1024x768/4935990245.jpg,0.6359502154140735,0.5697710514068604
13979,koniq10k,koniq10k/4941401132.jpg,/home/sergey/iqa-data/koniq10k/koniq10k/1024x768/4941401132.jpg,0.8650185780391633,0.6080261468887329
13984,koniq10k,koniq10k/49445241.jpg,/home/sergey/iqa-data/koniq10k/koniq10k/1024x768/49445241.jpg,0.541005529180811,0.4002605080604553
13986,koniq10k,koniq10k/4945508144.jpg,/home/sergey/iqa-data/koniq10k/koniq10k/1024x768/4945508144.jpg,0.571840819386362,0.39120247960090637
13992,koniq10k,koniq10k/4949714700.jpg,/home/sergey/iqa-data/koniq10k/koniq10k/1024x768/4949714700.jpg,0.6663262065794905,0.4822511672973633
14003,koniq10k,koniq10k/4958359048.jpg,/home/sergey/iqa-data/koniq10k/koniq10k/1024x768/4958359048.jpg,0.7047497473538634,0.6335137486457825
14004,koniq10k,koniq10k/4958737471.jpg,/home/sergey/iqa-data/koniq10k/koniq10k/1024x768/4958737471.jpg,0.6961065900749948,0.5195286870002747
14010,koniq10k,koniq10k/4961486371.jpg,/home/sergey/iqa-data/koniq10k/koniq10k/1024x768/4961486371.jpg,0.6989097762194929,0.6893844604492188
14016,koniq10k,koniq10k/4965946284.jpg,/home/sergey/iqa-data/koniq10k/koniq10k/1024x768/4965946284.jpg,0.5575394925801814,0.2949339747428894
14017,koniq10k,koniq10k/4966132108.jpg,/home/sergey/iqa-data/koniq10k/koniq10k/1024x768/4966132108.jpg,0.5983154391483735,0.45719215273857117
14020,koniq10k,koniq10k/4968475623.jpg,/home/sergey/iqa-data/koniq10k/koniq10k/1024x768/4968475623.jpg,0.630268278976834,0.4246428906917572
14021,koniq10k,koniq10k/4969822064.jpg,/home/sergey/iqa-data/koniq10k/koniq10k/1024x768/4969822064.jpg,0.6231959959997914,0.3517584800720215
14023,koniq10k,koniq10k/4972378781.jpg,/home/sergey/iqa-data/koniq10k/koniq10k/1024x768/4972378781.jpg,0.8242862433050014,0.6441951394081116
14024,koniq10k,koniq10k/4972553952.jpg,/home/sergey/iqa-data/koniq10k/koniq10k/1024x768/4972553952.jpg,0.710511852206443,0.4745660424232483
14029,koniq10k,koniq10k/4975653682.jpg,/home/sergey/iqa-data/koniq10k/koniq10k/1024x768/4975653682.jpg,0.8075790858211461,0.7352997064590454
14036,koniq10k,koniq10k/4978032841.jpg,/home/sergey/iqa-data/koniq10k/koniq10k/1024x768/4978032841.jpg,0.2812350406893242,0.23770275712013245
14039,koniq10k,koniq10k/4980059014.jpg,/home/sergey/iqa-data/koniq10k/koniq10k/1024x768/4980059014.jpg,0.640258496888462,0.3374807834625244
14042,koniq10k,koniq10k/4981184708.jpg,/home/sergey/iqa-data/koniq10k/koniq10k/1024x768/4981184708.jpg,0.5982595265406386,0.35515841841697693
14047,koniq10k,koniq10k/4984086049.jpg,/home/sergey/iqa-data/koniq10k/koniq10k/1024x768/4984086049.jpg,0.2629318840987813,0.33498209714889526
14050,koniq10k,koniq10k/4985465789.jpg,/home/sergey/iqa-data/koniq10k/koniq10k/1024x768/4985465789.jpg,0.6683957041427482,0.5657651424407959
14060,koniq10k,koniq10k/4989044190.jpg,/home/sergey/iqa-data/koniq10k/koniq10k/1024x768/4989044190.jpg,0.7423081944383997,0.4673740267753601
14063,koniq10k,koniq10k/4991407708.jpg,/home/sergey/iqa-data/koniq10k/koniq10k/1024x768/4991407708.jpg,0.7779390516510692,0.6861103773117065
14064,koniq10k,koniq10k/4991538106.jpg,/home/sergey/iqa-data/koniq10k/koniq10k/1024x768/4991538106.jpg,0.6717023812876022,0.5557056665420532
14075,koniq10k,koniq10k/5000010668.jpg,/home/sergey/iqa-data/koniq10k/koniq10k/1024x768/5000010668.jpg,0.6405052484047506,0.36517155170440674
14077,koniq10k,koniq10k/500101169.jpg,/home/sergey/iqa-data/koniq10k/koniq10k/1024x768/500101169.jpg,0.8249987219229711,0.5680771470069885
14078,koniq10k,koniq10k/5001067426.jpg,/home/sergey/iqa-data/koniq10k/koniq10k/1024x768/5001067426.jpg,0.7633830575429428,0.654875636100769
14080,koniq10k,koniq10k/5001626870.jpg,/home/sergey/iqa-data/koniq10k/koniq10k/1024x768/5001626870.jpg,0.2114435650917348,0.3304236829280853
14089,koniq10k,koniq10k/5005908077.jpg,/home/sergey/iqa-data/koniq10k/koniq10k/1024x768/5005908077.jpg,0.7391592980301135,0.48514091968536377
14092,koniq10k,koniq10k/5008940426.jpg,/home/sergey/iqa-data/koniq10k/koniq10k/1024x768/5008940426.jpg,0.6479518566641594,0.5200887322425842
14095,koniq10k,koniq10k/5013129486.jpg,/home/sergey/iqa-data/koniq10k/koniq10k/1024x768/5013129486.jpg,0.7240306366682611,0.5879141092300415
14099,koniq10k,koniq10k/5014551340.jpg,/home/sergey/iqa-data/koniq10k/koniq10k/1024x768/5014551340.jpg,0.7968611092115169,0.6327697038650513
14100,koniq10k,koniq10k/5016016369.jpg,/home/sergey/iqa-data/koniq10k/koniq10k/1024x768/5016016369.jpg,0.7581434572728528,0.6085395216941833
14107,koniq10k,koniq10k/5017267795.jpg,/home/sergey/iqa-data/koniq10k/koniq10k/1024x768/5017267795.jpg,0.6597279280952818,0.6324567794799805
14108,koniq10k,koniq10k/5017618497.jpg,/home/sergey/iqa-data/koniq10k/koniq10k/1024x768/5017618497.jpg,0.7493928441245307,0.6458781361579895
14110,koniq10k,koniq10k/5021524796.jpg,/home/sergey/iqa-data/koniq10k/koniq10k/1024x768/5021524796.jpg,0.7270224988032556,0.6495136022567749
14113,koniq10k,koniq10k/5022993325.jpg,/home/sergey/iqa-data/koniq10k/koniq10k/1024x768/5022993325.jpg,0.7479655337482046,0.6343135833740234
14116,koniq10k,koniq10k/5024762120.jpg,/home/sergey/iqa-data/koniq10k/koniq10k/1024x768/5024762120.jpg,0.8444231689803734,0.5645589828491211
14117,koniq10k,koniq10k/5025588176.jpg,/home/sergey/iqa-data/koniq10k/koniq10k/1024x768/5025588176.jpg,0.7722298101457623,0.7390913367271423
14119,koniq10k,koniq10k/5027216651.jpg,/home/sergey/iqa-data/koniq10k/koniq10k/1024x768/5027216651.jpg,0.7261556976239565,0.44287174940109253
14131,koniq10k,koniq10k/5036248276.jpg,/home/sergey/iqa-data/koniq10k/koniq10k/1024x768/5036248276.jpg,0.7002142291778254,0.5898399949073792
14135,koniq10k,koniq10k/5037503230.jpg,/home/sergey/iqa-data/koniq10k/koniq10k/1024x768/5037503230.jpg,0.6738120909257644,0.5903409719467163
14136,koniq10k,koniq10k/5038562159.jpg,/home/sergey/iqa-data/koniq10k/koniq10k/1024x768/5038562159.jpg,0.8037383599627886,0.6023884415626526
14140,koniq10k,koniq10k/5040853192.jpg,/home/sergey/iqa-data/koniq10k/koniq10k/1024x768/5040853192.jpg,0.2486379903804515,0.2406269907951355
14144,koniq10k,koniq10k/5047082376.jpg,/home/sergey/iqa-data/koniq10k/koniq10k/1024x768/5047082376.jpg,0.7052581683702694,0.4669265151023865
14150,koniq10k,koniq10k/5056738651.jpg,/home/sergey/iqa-data/koniq10k/koniq10k/1024x768/5056738651.jpg,0.7831904766205726,0.5571419596672058
14158,koniq10k,koniq10k/5062026548.jpg,/home/sergey/iqa-data/koniq10k/koniq10k/1024x768/5062026548.jpg,0.4412569240237961,0.24374918639659882
14161,koniq10k,koniq10k/5063711541.jpg,/home/sergey/iqa-data/koniq10k/koniq10k/1024x768/5063711541.jpg,0.6152256687498062,0.3758259415626526
14163,koniq10k,koniq10k/5064176245.jpg,/home/sergey/iqa-data/koniq10k/koniq10k/1024x768/5064176245.jpg,0.8582287246650291,0.7565200924873352
14169,koniq10k,koniq10k/5065354809.jpg,/home/sergey/iqa-data/koniq10k/koniq10k/1024x768/5065354809.jpg,0.7178149851009906,0.6526726484298706
14182,koniq10k,koniq10k/5075275205.jpg,/home/sergey/iqa-data/koniq10k/koniq10k/1024x768/5075275205.jpg,0.7972315302377523,0.6079890727996826
14183,koniq10k,koniq10k/5076506.jpg,/home/sergey/iqa-data/koniq10k/koniq10k/1024x768/5076506.jpg,0.8192109984207434,0.515920102596283
14184,koniq10k,koniq10k/5077869968.jpg,/home/sergey/iqa-data/koniq10k/koniq10k/1024x768/5077869968.jpg,0.4569792386929752,0.3373510539531708
14187,koniq10k,koniq10k/5079448176.jpg,/home/sergey/iqa-data/koniq10k/koniq10k/1024x768/5079448176.jpg,0.7710139531585185,0.5292169451713562
14188,koniq10k,koniq10k/5081374671.jpg,/home/sergey/iqa-data/koniq10k/koniq10k/1024x768/5081374671.jpg,0.4655105104407275,0.2612644135951996
14192,koniq10k,koniq10k/5083127743.jpg,/home/sergey/iqa-data/koniq10k/koniq10k/1024x768/5083127743.jpg,0.7937234252245651,0.6191725730895996
14210,koniq10k,koniq10k/5097621606.jpg,/home/sergey/iqa-data/koniq10k/koniq10k/1024x768/5097621606.jpg,0.6919578745811391,0.5860638618469238
14219,koniq10k,koniq10k/5106008666.jpg,/home/sergey/iqa-data/koniq10k/koniq10k/1024x768/5106008666.jpg,0.7041623483154932,0.6166020631790161
14224,koniq10k,koniq10k/5114869072.jpg,/home/sergey/iqa-data/koniq10k/koniq10k/1024x768/5114869072.jpg,0.8125445956808799,0.63716721534729
14225,koniq10k,koniq10k/5115371206.jpg,/home/sergey/iqa-data/koniq10k/koniq10k/1024x768/5115371206.jpg,0.6533992246970592,0.4507346451282501
14227,koniq10k,koniq10k/5116959473.jpg,/home/sergey/iqa-data/koniq10k/koniq10k/1024x768/5116959473.jpg,0.8683174218954636,0.7101075649261475
14231,koniq10k,koniq10k/5119374431.jpg,/home/sergey/iqa-data/koniq10k/koniq10k/1024x768/5119374431.jpg,0.5618834417443387,0.2048647552728653
14237,koniq10k,koniq10k/5122879673.jpg,/home/sergey/iqa-data/koniq10k/koniq10k/1024x768/5122879673.jpg,0.6098365716279752,0.20615968108177185
14239,koniq10k,koniq10k/5124446081.jpg,/home/sergey/iqa-data/koniq10k/koniq10k/1024x768/5124446081.jpg,0.7156760027818673,0.47166556119918823
14243,koniq10k,koniq10k/5128108683.jpg,/home/sergey/iqa-data/koniq10k/koniq10k/1024x768/5128108683.jpg,0.7479655337482046,0.5313304662704468
14245,koniq10k,koniq10k/5129080312.jpg,/home/sergey/iqa-data/koniq10k/koniq10k/1024x768/5129080312.jpg,0.3176764605677962,0.3663052022457123
14247,koniq10k,koniq10k/5129204001.jpg,/home/sergey/iqa-data/koniq10k/koniq10k/1024x768/5129204001.jpg,0.5923887027285779,0.3781719505786896
14252,koniq10k,koniq10k/5131861392.jpg,/home/sergey/iqa-data/koniq10k/koniq10k/1024x768/5131861392.jpg,0.7087078287245592,0.537498950958252
14254,koniq10k,koniq10k/5133576528.jpg,/home/sergey/iqa-data/koniq10k/koniq10k/1024x768/5133576528.jpg,0.4248444231689792,0.2188750058412552
14267,koniq10k,koniq10k/5139553196.jpg,/home/sergey/iqa-data/koniq10k/koniq10k/1024x768/5139553196.jpg,0.7988551513714475,0.6546364426612854
14272,koniq10k,koniq10k/5142391146.jpg,/home/sergey/iqa-data/koniq10k/koniq10k/1024x768/5142391146.jpg,0.5318866017765022,0.4227619767189026
14277,koniq10k,koniq10k/5144938786.jpg,/home/sergey/iqa-data/koniq10k/koniq10k/1024x768/5144938786.jpg,0.8142297395528596,0.6022576093673706
14300,koniq10k,koniq10k/5166352802.jpg,/home/sergey/iqa-data/koniq10k/koniq10k/1024x768/5166352802.jpg,0.5656489348970796,0.44418907165527344
14301,koniq10k,koniq10k/5166736586.jpg,/home/sergey/iqa-data/koniq10k/koniq10k/1024x768/5166736586.jpg,0.8671009448893595,0.6300979852676392
14305,koniq10k,koniq10k/5168834860.jpg,/home/sergey/iqa-data/koniq10k/koniq10k/1024x768/5168834860.jpg,0.9629444275207796,0.752265214920044
14307,koniq10k,koniq10k/5170785709.jpg,/home/sergey/iqa-data/koniq10k/koniq10k/1024x768/5170785709.jpg,0.6808539595828768,0.4070907533168793
14308,koniq10k,koniq10k/5170858607.jpg,/home/sergey/iqa-data/koniq10k/koniq10k/1024x768/5170858607.jpg,0.698120529635121,0.4779850244522095
14311,koniq10k,koniq10k/5172112194.jpg,/home/sergey/iqa-data/koniq10k/koniq10k/1024x768/5172112194.jpg,0.4235456303041762,0.20180723071098328
14316,koniq10k,koniq10k/5174677992.jpg,/home/sergey/iqa-data/koniq10k/koniq10k/1024x768/5174677992.jpg,0.5342291397305857,0.3262149691581726
14318,koniq10k,koniq10k/5175429795.jpg,/home/sergey/iqa-data/koniq10k/koniq10k/1024x768/5175429795.jpg,0.7998244774214148,0.7250115275382996
14323,koniq10k,koniq10k/5177309012.jpg,/home/sergey/iqa-data/koniq10k/koniq10k/1024x768/5177309012.jpg,0.7705948909874224,0.6540688276290894
14329,koniq10k,koniq10k/5182390374.jpg,/home/sergey/iqa-data/koniq10k/koniq10k/1024x768/5182390374.jpg,0.5550502632838674,0.35047435760498047
14331,koniq10k,koniq10k/5183838812.jpg,/home/sergey/iqa-data/koniq10k/koniq10k/1024x768/5183838812.jpg,0.4528057515333991,0.3670191168785095
14338,koniq10k,koniq10k/5188165911.jpg,/home/sergey/iqa-data/koniq10k/koniq10k/1024x768/5188165911.jpg,0.8395668454700425,0.7452176809310913
14341,koniq10k,koniq10k/5189402195.jpg,/home/sergey/iqa-data/koniq10k/koniq10k/1024x768/5189402195.jpg,0.5355433221637135,0.19678464531898499
14343,koniq10k,koniq10k/5189916555.jpg,/home/sergey/iqa-data/koniq10k/koniq10k/1024x768/5189916555.jpg,0.5710350200396102,0.3542020320892334
14345,koniq10k,koniq10k/5190675640.jpg,/home/sergey/iqa-data/koniq10k/koniq10k/1024x768/5190675640.jpg,0.7903955785717405,0.5057733654975891
14348,koniq10k,koniq10k/5192151844.jpg,/home/sergey/iqa-data/koniq10k/koniq10k/1024x768/5192151844.jpg,0.7652518483059423,0.5643799304962158
14367,koniq10k,koniq10k/5204782737.jpg,/home/sergey/iqa-data/koniq10k/koniq10k/1024x768/5204782737.jpg,0.5100244980711288,0.24607889354228973
14373,koniq10k,koniq10k/5209744209.jpg,/home/sergey/iqa-data/koniq10k/koniq10k/1024x768/5209744209.jpg,0.6021888180683981,0.6312421560287476
14381,koniq10k,koniq10k/5215794269.jpg,/home/sergey/iqa-data/koniq10k/koniq10k/1024x768/5215794269.jpg,0.7827059911603533,0.6439916491508484
14388,koniq10k,koniq10k/5217753146.jpg,/home/sergey/iqa-data/koniq10k/koniq10k/1024x768/5217753146.jpg,0.6780273253081904,0.45988819003105164
14398,koniq10k,koniq10k/5223615087.jpg,/home/sergey/iqa-data/koniq10k/koniq10k/1024x768/5223615087.jpg,0.8287458113930096,0.6421328186988831
14407,koniq10k,koniq10k/5228772358.jpg,/home/sergey/iqa-data/koniq10k/koniq10k/1024x768/5228772358.jpg,0.7244822384999583,0.6575062274932861
14413,koniq10k,koniq10k/5231773522.jpg,/home/sergey/iqa-data/koniq10k/koniq10k/1024x768/5231773522.jpg,0.2412703501521714,0.29095587134361267
14421,koniq10k,koniq10k/5235352004.jpg,/home/sergey/iqa-data/koniq10k/koniq10k/1024x768/5235352004.jpg,0.4715523291210997,0.33579617738723755
14425,koniq10k,koniq10k/5238246589.jpg,/home/sergey/iqa-data/koniq10k/koniq10k/1024x768/5238246589.jpg,0.7926361089914629,0.6523916721343994
14428,koniq10k,koniq10k/5240740919.jpg,/home/sergey/iqa-data/koniq10k/koniq10k/1024x768/5240740919.jpg,0.6628385884733137,0.47552987933158875
14429,koniq10k,koniq10k/5241841036.jpg,/home/sergey/iqa-data/koniq10k/koniq10k/1024x768/5241841036.jpg,0.8535355262258072,0.6714726686477661
14431,koniq10k,koniq10k/5243954323.jpg,/home/sergey/iqa-data/koniq10k/koniq10k/1024x768/5243954323.jpg,0.5212097604320167,0.24137736856937408
14437,koniq10k,koniq10k/5248577035.jpg,/home/sergey/iqa-data/koniq10k/koniq10k/1024x768/5248577035.jpg,0.4825697631853113,0.28617483377456665
14439,koniq10k,koniq10k/5250131819.jpg,/home/sergey/iqa-data/koniq10k/koniq10k/1024x768/5250131819.jpg,0.4056965055050257,0.3164965510368347
14444,koniq10k,koniq10k/525227728.jpg,/home/sergey/iqa-data/koniq10k/koniq10k/1024x768/525227728.jpg,0.8430402638157557,0.5618876814842224
14445,koniq10k,koniq10k/5252606224.jpg,/home/sergey/iqa-data/koniq10k/koniq10k/1024x768/5252606224.jpg,0.6783263808156111,0.6763086318969727
14448,koniq10k,koniq10k/5254718076.jpg,/home/sergey/iqa-data/koniq10k/koniq10k/1024x768/5254718076.jpg,0.470367658791615,0.2804294228553772
14456,koniq10k,koniq10k/526016794.jpg,/home/sergey/iqa-data/koniq10k/koniq10k/1024x768/526016794.jpg,0.4935174456319939,0.35312366485595703
14469,koniq10k,koniq10k/5269040313.jpg,/home/sergey/iqa-data/koniq10k/koniq10k/1024x768/5269040313.jpg,0.1330666301944403,0.15143948793411255
14477,koniq10k,koniq10k/5275524338.jpg,/home/sergey/iqa-data/koniq10k/koniq10k/1024x768/5275524338.jpg,0.7968611092115169,0.5885411500930786
14481,koniq10k,koniq10k/5276700957.jpg,/home/sergey/iqa-data/koniq10k/koniq10k/1024x768/5276700957.jpg,0.4729279217670792,0.19812831282615662
14482,koniq10k,koniq10k/5277411499.jpg,/home/sergey/iqa-data/koniq10k/koniq10k/1024x768/5277411499.jpg,0.4056965055050257,0.2675711512565613
14485,koniq10k,koniq10k/5279252148.jpg,/home/sergey/iqa-data/koniq10k/koniq10k/1024x768/5279252148.jpg,0.5684538056486342,0.384776771068573
14488,koniq10k,koniq10k/5286481593.jpg,/home/sergey/iqa-data/koniq10k/koniq10k/1024x768/5286481593.jpg,0.7330062230732416,0.615664541721344
14491,koniq10k,koniq10k/5288273177.jpg,/home/sergey/iqa-data/koniq10k/koniq10k/1024x768/5288273177.jpg,0.6372666347534705,0.42127376794815063
14497,koniq10k,koniq10k/5289896585.jpg,/home/sergey/iqa-data/koniq10k/koniq10k/1024x768/5289896585.jpg,0.8116779502610029,0.5776467323303223
14498,koniq10k,koniq10k/5290105717.jpg,/home/sergey/iqa-data/koniq10k/koniq10k/1024x768/5290105717.jpg,0.1794558054428387,0.12477448582649231
14500,koniq10k,koniq10k/5291504812.jpg,/home/sergey/iqa-data/koniq10k/koniq10k/1024x768/5291504812.jpg,0.6687094122853745,0.4487857222557068
14514,koniq10k,koniq10k/5300926101.jpg,/home/sergey/iqa-data/koniq10k/koniq10k/1024x768/5300926101.jpg,0.66541456218677,0.397723525762558
14522,koniq10k,koniq10k/53065971.jpg,/home/sergey/iqa-data/koniq10k/koniq10k/1024x768/53065971.jpg,0.2489455097229866,0.23277069628238678
14527,koniq10k,koniq10k/5308844734.jpg,/home/sergey/iqa-data/koniq10k/koniq10k/1024x768/5308844734.jpg,0.8294581595203896,0.6420717239379883
14545,koniq10k,koniq10k/531889120.jpg,/home/sergey/iqa-data/koniq10k/koniq10k/1024x768/531889120.jpg,0.7890613004326335,0.6209967732429504
14549,koniq10k,koniq10k/5321706893.jpg,/home/sergey/iqa-data/koniq10k/koniq10k/1024x768/5321706893.jpg,0.6150180599677955,0.2785031199455261
14561,koniq10k,koniq10k/5329486988.jpg,/home/sergey/iqa-data/koniq10k/koniq10k/1024x768/5329486988.jpg,0.7748922929631396,0.6389849185943604
14562,koniq10k,koniq10k/5329734345.jpg,/home/sergey/iqa-data/koniq10k/koniq10k/1024x768/5329734345.jpg,0.6605461715562242,0.4738827645778656
14563,koniq10k,koniq10k/5333075930.jpg,/home/sergey/iqa-data/koniq10k/koniq10k/1024x768/5333075930.jpg,0.7876223730277183,0.6963515877723694
14566,koniq10k,koniq10k/5335866018.jpg,/home/sergey/iqa-data/koniq10k/koniq10k/1024x768/5335866018.jpg,0.6243764623774741,0.532772958278656
14569,koniq10k,koniq10k/5338193826.jpg,/home/sergey/iqa-data/koniq10k/koniq10k/1024x768/5338193826.jpg,0.5923887027285779,0.34434595704078674
14573,koniq10k,koniq10k/5342778275.jpg,/home/sergey/iqa-data/koniq10k/koniq10k/1024x768/5342778275.jpg,0.5954392288270027,0.5476641058921814
14578,koniq10k,koniq10k/5347056182.jpg,/home/sergey/iqa-data/koniq10k/koniq10k/1024x768/5347056182.jpg,0.1927697838350254,0.21846820414066315
14592,koniq10k,koniq10k/535787632.jpg,/home/sergey/iqa-data/koniq10k/koniq10k/1024x768/535787632.jpg,0.4446692874170145,0.22239026427268982
14595,koniq10k,koniq10k/5359127660.jpg,/home/sergey/iqa-data/koniq10k/koniq10k/1024x768/5359127660.jpg,0.7402637104304028,0.5505260229110718
14597,koniq10k,koniq10k/5359786621.jpg,/home/sergey/iqa-data/koniq10k/koniq10k/1024x768/5359786621.jpg,0.7683948145891671,0.578182578086853
14598,koniq10k,koniq10k/5360175600.jpg,/home/sergey/iqa-data/koniq10k/koniq10k/1024x768/5360175600.jpg,0.8328256233952729,0.6409136056900024
14599,koniq10k,koniq10k/5360940013.jpg,/home/sergey/iqa-data/koniq10k/koniq10k/1024x768/5360940013.jpg,0.3957161050245223,0.3182550072669983
14601,koniq10k,koniq10k/5362095529.jpg,/home/sergey/iqa-data/koniq10k/koniq10k/1024x768/5362095529.jpg,0.8333802645040788,0.5751678943634033
14604,koniq10k,koniq10k/5363058682.jpg,/home/sergey/iqa-data/koniq10k/koniq10k/1024x768/5363058682.jpg,0.195297362602291,0.18559426069259644
14608,koniq10k,koniq10k/5364140480.jpg,/home/sergey/iqa-data/koniq10k/koniq10k/1024x768/5364140480.jpg,0.7199617041646719,0.5660678148269653
14609,koniq10k,koniq10k/5364427287.jpg,/home/sergey/iqa-data/koniq10k/koniq10k/1024x768/5364427287.jpg,0.7861258885266031,0.6769229173660278
14616,koniq10k,koniq10k/5370690667.jpg,/home/sergey/iqa-data/koniq10k/koniq10k/1024x768/5370690667.jpg,0.7389899473432274,0.5745290517807007
14619,koniq10k,koniq10k/537232636.jpg,/home/sergey/iqa-data/koniq10k/koniq10k/1024x768/537232636.jpg,0.4457874581139284,0.3412836492061615
14621,koniq10k,koniq10k/5376223041.jpg,/home/sergey/iqa-data/koniq10k/koniq10k/1024x768/5376223041.jpg,0.7850076363719257,0.3828476071357727
14622,koniq10k,koniq10k/5376228237.jpg,/home/sergey/iqa-data/koniq10k/koniq10k/1024x768/5376228237.jpg,0.3359980852082329,0.18349072337150574
14625,koniq10k,koniq10k/5378725814.jpg,/home/sergey/iqa-data/koniq10k/koniq10k/1024x768/5378725814.jpg,0.6235040689325033,0.5910192728042603
14626,koniq10k,koniq10k/5378902324.jpg,/home/sergey/iqa-data/koniq10k/koniq10k/1024x768/5378902324.jpg,0.7752805498814201,0.5692017078399658
14636,koniq10k,koniq10k/5387093344.jpg,/home/sergey/iqa-data/koniq10k/koniq10k/1024x768/5387093344.jpg,0.6580449800396141,0.5296525955200195
14644,koniq10k,koniq10k/5395790450.jpg,/home/sergey/iqa-data/koniq10k/koniq10k/1024x768/5395790450.jpg,0.3590234561991376,0.288382887840271
14646,koniq10k,koniq10k/5396644364.jpg,/home/sergey/iqa-data/koniq10k/koniq10k/1024x768/5396644364.jpg,0.7834909518550496,0.6482173204421997
14651,koniq10k,koniq10k/5399180378.jpg,/home/sergey/iqa-data/koniq10k/koniq10k/1024x768/5399180378.jpg,0.734630376803666,0.6801367998123169
14652,koniq10k,koniq10k/5399186343.jpg,/home/sergey/iqa-data/koniq10k/koniq10k/1024x768/5399186343.jpg,0.6592722001762688,0.4527100920677185
14658,koniq10k,koniq10k/5402750878.jpg,/home/sergey/iqa-data/koniq10k/koniq10k/1024x768/5402750878.jpg,0.3767376498300862,0.25502654910087585
14664,koniq10k,koniq10k/5407907045.jpg,/home/sergey/iqa-data/koniq10k/koniq10k/1024x768/5407907045.jpg,0.5523392214760002,0.32509884238243103
14665,koniq10k,koniq10k/5407931669.jpg,/home/sergey/iqa-data/koniq10k/koniq10k/1024x768/5407931669.jpg,0.7726833480223515,0.7078879475593567
14667,koniq10k,koniq10k/5408602889.jpg,/home/sergey/iqa-data/koniq10k/koniq10k/1024x768/5408602889.jpg,0.8007505299870076,0.5139542818069458
14676,koniq10k,koniq10k/5414221487.jpg,/home/sergey/iqa-data/koniq10k/koniq10k/1024x768/5414221487.jpg,0.8181276340119576,0.6983776092529297
14687,koniq10k,koniq10k/5421157000.jpg,/home/sergey/iqa-data/koniq10k/koniq10k/1024x768/5421157000.jpg,0.5618834417443387,0.44275787472724915
14689,koniq10k,koniq10k/5422446412.jpg,/home/sergey/iqa-data/koniq10k/koniq10k/1024x768/5422446412.jpg,0.827221655211035,0.6843449473381042
14695,koniq10k,koniq10k/5426014939.jpg,/home/sergey/iqa-data/koniq10k/koniq10k/1024x768/5426014939.jpg,0.5737194830062227,0.38374102115631104
14697,koniq10k,koniq10k/5427956048.jpg,/home/sergey/iqa-data/koniq10k/koniq10k/1024x768/5427956048.jpg,0.7150550502632839,0.6318368911743164
14701,koniq10k,koniq10k/5432792987.jpg,/home/sergey/iqa-data/koniq10k/koniq10k/1024x768/5432792987.jpg,0.354447667051502,0.17705711722373962
14702,koniq10k,koniq10k/5433364879.jpg,/home/sergey/iqa-data/koniq10k/koniq10k/1024x768/5433364879.jpg,0.3244508270836654,0.2202739417552948
14705,koniq10k,koniq10k/5434982423.jpg,/home/sergey/iqa-data/koniq10k/koniq10k/1024x768/5434982423.jpg,0.3993371605874349,0.2886890172958374
14709,koniq10k,koniq10k/5436442410.jpg,/home/sergey/iqa-data/koniq10k/koniq10k/1024x768/5436442410.jpg,0.7636659478878001,0.5460298657417297
14711,koniq10k,koniq10k/5437565452.jpg,/home/sergey/iqa-data/koniq10k/koniq10k/1024x768/5437565452.jpg,0.7020333264947903,0.5632689595222473
14719,koniq10k,koniq10k/5443343893.jpg,/home/sergey/iqa-data/koniq10k/koniq10k/1024x768/5443343893.jpg,0.6724876652337332,0.5160608291625977
14726,koniq10k,koniq10k/5446650089.jpg,/home/sergey/iqa-data/koniq10k/koniq10k/1024x768/5446650089.jpg,0.679995073593998,0.5014879703521729
14730,koniq10k,koniq10k/5447858710.jpg,/home/sergey/iqa-data/koniq10k/koniq10k/1024x768/5447858710.jpg,0.7156760027818673,0.6359593272209167
14732,koniq10k,koniq10k/5449529114.jpg,/home/sergey/iqa-data/koniq10k/koniq10k/1024x768/5449529114.jpg,0.813840408143902,0.6730327010154724
14739,koniq10k,koniq10k/5454884110.jpg,/home/sergey/iqa-data/koniq10k/koniq10k/1024x768/5454884110.jpg,0.8679819462490611,0.6825979948043823
14743,koniq10k,koniq10k/5456373866.jpg,/home/sergey/iqa-data/koniq10k/koniq10k/1024x768/5456373866.jpg,0.3801062977859082,0.3144291639328003
14749,koniq10k,koniq10k/5459749774.jpg,/home/sergey/iqa-data/koniq10k/koniq10k/1024x768/5459749774.jpg,0.539731929152704,0.3167380392551422
14751,koniq10k,koniq10k/5461710344.jpg,/home/sergey/iqa-data/koniq10k/koniq10k/1024x768/5461710344.jpg,0.5659699955743012,0.262104332447052
14763,koniq10k,koniq10k/5468577486.jpg,/home/sergey/iqa-data/koniq10k/koniq10k/1024x768/5468577486.jpg,0.4928195308760167,0.1795966923236847
14776,koniq10k,koniq10k/5478757587.jpg,/home/sergey/iqa-data/koniq10k/koniq10k/1024x768/5478757587.jpg,0.7621088820227176,0.7014209032058716
14778,koniq10k,koniq10k/5479751565.jpg,/home/sergey/iqa-data/koniq10k/koniq10k/1024x768/5479751565.jpg,0.7386309238870272,0.5996886491775513
14782,koniq10k,koniq10k/5480545191.jpg,/home/sergey/iqa-data/koniq10k/koniq10k/1024x768/5480545191.jpg,0.3229074061410095,0.23629504442214966
14783,koniq10k,koniq10k/5480693901.jpg,/home/sergey/iqa-data/koniq10k/koniq10k/1024x768/5480693901.jpg,0.8067971085035255,0.6804803013801575
14791,koniq10k,koniq10k/5483273817.jpg,/home/sergey/iqa-data/koniq10k/koniq10k/1024x768/5483273817.jpg,0.6076413332206991,0.3109630346298218
14801,koniq10k,koniq10k/5487306011.jpg,/home/sergey/iqa-data/koniq10k/koniq10k/1024x768/5487306011.jpg,0.621559358544758,0.49292707443237305
14806,koniq10k,koniq10k/5490633123.jpg,/home/sergey/iqa-data/koniq10k/koniq10k/1024x768/5490633123.jpg,0.6461334261717209,0.45575645565986633
14809,koniq10k,koniq10k/5492904052.jpg,/home/sergey/iqa-data/koniq10k/koniq10k/1024x768/5492904052.jpg,0.5177118238391569,0.34125685691833496
14811,koniq10k,koniq10k/5494503911.jpg,/home/sergey/iqa-data/koniq10k/koniq10k/1024x768/5494503911.jpg,0.8326855902440404,0.6949325203895569
14813,koniq10k,koniq10k/5494859211.jpg,/home/sergey/iqa-data/koniq10k/koniq10k/1024x768/5494859211.jpg,0.3182037926147804,0.2944924235343933
14822,koniq10k,koniq10k/5500159889.jpg,/home/sergey/iqa-data/koniq10k/koniq10k/1024x768/5500159889.jpg,0.3899877769360548,0.5198684930801392
14831,koniq10k,koniq10k/5505953336.jpg,/home/sergey/iqa-data/koniq10k/koniq10k/1024x768/5505953336.jpg,0.202745828643387,0.27073267102241516
14833,koniq10k,koniq10k/5506716444.jpg,/home/sergey/iqa-data/koniq10k/koniq10k/1024x768/5506716444.jpg,0.6845823803698394,0.6605576276779175
14840,koniq10k,koniq10k/5511925995.jpg,/home/sergey/iqa-data/koniq10k/koniq10k/1024x768/5511925995.jpg,0.8407407082094506,0.5608487725257874
14845,koniq10k,koniq10k/5513962677.jpg,/home/sergey/iqa-data/koniq10k/koniq10k/1024x768/5513962677.jpg,0.737593745013564,0.3691585063934326
14846,koniq10k,koniq10k/5514669907.jpg,/home/sergey/iqa-data/koniq10k/koniq10k/1024x768/5514669907.jpg,0.8430402638157557,0.687863290309906
14848,koniq10k,koniq10k/5517184431.jpg,/home/sergey/iqa-data/koniq10k/koniq10k/1024x768/5517184431.jpg,0.7157288930864814,0.4284588396549225
14861,koniq10k,koniq10k/5527632049.jpg,/home/sergey/iqa-data/koniq10k/koniq10k/1024x768/5527632049.jpg,0.7636438190447549,0.6145879626274109
14869,koniq10k,koniq10k/5530579735.jpg,/home/sergey/iqa-data/koniq10k/koniq10k/1024x768/5530579735.jpg,0.4462817657710167,0.2550339996814728
14875,koniq10k,koniq10k/5533853499.jpg,/home/sergey/iqa-data/koniq10k/koniq10k/1024x768/5533853499.jpg,0.6609895101073106,0.5666435956954956
14880,koniq10k,koniq10k/5536150022.jpg,/home/sergey/iqa-data/koniq10k/koniq10k/1024x768/5536150022.jpg,0.2385276753113887,0.23622481524944305
14888,koniq10k,koniq10k/5538859369.jpg,/home/sergey/iqa-data/koniq10k/koniq10k/1024x768/5538859369.jpg,0.7449736716132134,0.5805021524429321
14901,koniq10k,koniq10k/5546979604.jpg,/home/sergey/iqa-data/koniq10k/koniq10k/1024x768/5546979604.jpg,0.7714488289964511,0.5530825853347778
14904,koniq10k,koniq10k/5551470289.jpg,/home/sergey/iqa-data/koniq10k/koniq10k/1024x768/5551470289.jpg,0.6217428217888851,0.36166679859161377
14905,koniq10k,koniq10k/5552453199.jpg,/home/sergey/iqa-data/koniq10k/koniq10k/1024x768/5552453199.jpg,0.6980096705767639,0.6366861462593079
14911,koniq10k,koniq10k/5554808879.jpg,/home/sergey/iqa-data/koniq10k/koniq10k/1024x768/5554808879.jpg,0.8595111861773723,0.6957567930221558
14917,koniq10k,koniq10k/5561303733.jpg,/home/sergey/iqa-data/koniq10k/koniq10k/1024x768/5561303733.jpg,0.3790261916159455,0.28649452328681946
14922,koniq10k,koniq10k/5562990409.jpg,/home/sergey/iqa-data/koniq10k/koniq10k/1024x768/5562990409.jpg,0.7978675361507277,0.6296258568763733
14930,koniq10k,koniq10k/5566203819.jpg,/home/sergey/iqa-data/koniq10k/koniq10k/1024x768/5566203819.jpg,0.4321907777182706,0.3154640197753906
14932,koniq10k,koniq10k/5568534829.jpg,/home/sergey/iqa-data/koniq10k/koniq10k/1024x768/5568534829.jpg,0.6469207878282401,0.3476148247718811
14934,koniq10k,koniq10k/5569562301.jpg,/home/sergey/iqa-data/koniq10k/koniq10k/1024x768/5569562301.jpg,0.4248444231689792,0.3142460286617279
14938,koniq10k,koniq10k/5571768533.jpg,/home/sergey/iqa-data/koniq10k/koniq10k/1024x768/5571768533.jpg,0.5978958471894503,0.35852867364883423
14941,koniq10k,koniq10k/5572898913.jpg,/home/sergey/iqa-data/koniq10k/koniq10k/1024x768/5572898913.jpg,0.2401392740048954,0.18130776286125183
14951,koniq10k,koniq10k/5577977748.jpg,/home/sergey/iqa-data/koniq10k/koniq10k/1024x768/5577977748.jpg,0.289721049654032,0.2247299700975418
14955,koniq10k,koniq10k/5581852297.jpg,/home/sergey/iqa-data/koniq10k/koniq10k/1024x768/5581852297.jpg,0.3364866255374147,0.22933930158615112
14958,koniq10k,koniq10k/5586376319.jpg,/home/sergey/iqa-data/koniq10k/koniq10k/1024x768/5586376319.jpg,0.6558277988725032,0.42068910598754883
14977,koniq10k,koniq10k/5594349841.jpg,/home/sergey/iqa-data/koniq10k/koniq10k/1024x768/5594349841.jpg,0.7731541635323346,0.691093385219574
14984,koniq10k,koniq10k/5597328203.jpg,/home/sergey/iqa-data/koniq10k/koniq10k/1024x768/5597328203.jpg,0.5318866017765022,0.309093177318573
14990,koniq10k,koniq10k/5601711871.jpg,/home/sergey/iqa-data/koniq10k/koniq10k/1024x768/5601711871.jpg,0.8222499665773962,0.6100677251815796
15000,koniq10k,koniq10k/5606693622.jpg,/home/sergey/iqa-data/koniq10k/koniq10k/1024x768/5606693622.jpg,0.6770006634585494,0.5167136192321777
15001,koniq10k,koniq10k/5607542951.jpg,/home/sergey/iqa-data/koniq10k/koniq10k/1024x768/5607542951.jpg,0.5255052052808871,0.26556891202926636
15004,koniq10k,koniq10k/5611311337.jpg,/home/sergey/iqa-data/koniq10k/koniq10k/1024x768/5611311337.jpg,0.340502404887277,0.1808326244354248
15012,koniq10k,koniq10k/5617741019.jpg,/home/sergey/iqa-data/koniq10k/koniq10k/1024x768/5617741019.jpg,0.7857269005005412,0.5739415287971497
15013,koniq10k,koniq10k/5617865491.jpg,/home/sergey/iqa-data/koniq10k/koniq10k/1024x768/5617865491.jpg,0.5833259747080181,0.33642202615737915
15018,koniq10k,koniq10k/5622280405.jpg,/home/sergey/iqa-data/koniq10k/koniq10k/1024x768/5622280405.jpg,0.3935960853146099,0.2276824414730072
15021,koniq10k,koniq10k/5625316207.jpg,/home/sergey/iqa-data/koniq10k/koniq10k/1024x768/5625316207.jpg,0.6864584145078875,0.4254821836948395
15026,koniq10k,koniq10k/5627914510.jpg,/home/sergey/iqa-data/koniq10k/koniq10k/1024x768/5627914510.jpg,0.7435204814333596,0.673289954662323
15032,koniq10k,koniq10k/5629171325.jpg,/home/sergey/iqa-data/koniq10k/koniq10k/1024x768/5629171325.jpg,0.710511852206443,0.5953519940376282
15033,koniq10k,koniq10k/562942809.jpg,/home/sergey/iqa-data/koniq10k/koniq10k/1024x768/562942809.jpg,0.2175342909805002,0.21583518385887146
15038,koniq10k,koniq10k/5631740117.jpg,/home/sergey/iqa-data/koniq10k/koniq10k/1024x768/5631740117.jpg,0.8717919910903569,0.603858470916748
15039,koniq10k,koniq10k/5632060967.jpg,/home/sergey/iqa-data/koniq10k/koniq10k/1024x768/5632060967.jpg,0.710511852206443,0.43734508752822876
15041,koniq10k,koniq10k/563363297.jpg,/home/sergey/iqa-data/koniq10k/koniq10k/1024x768/563363297.jpg,0.481262394857415,0.38645946979522705
15042,koniq10k,koniq10k/5634507491.jpg,/home/sergey/iqa-data/koniq10k/koniq10k/1024x768/5634507491.jpg,0.5531168813061477,0.3727180063724518
15058,koniq10k,koniq10k/5645356042.jpg,/home/sergey/iqa-data/koniq10k/koniq10k/1024x768/5645356042.jpg,0.7662686903387476,0.644756555557251
15059,koniq10k,koniq10k/5645503965.jpg,/home/sergey/iqa-data/koniq10k/koniq10k/1024x768/5645503965.jpg,0.5832371244333064,0.5438972115516663
15061,koniq10k,koniq10k/5645669819.jpg,/home/sergey/iqa-data/koniq10k/koniq10k/1024x768/5645669819.jpg,0.5894532908225474,0.5466383695602417
15067,koniq10k,koniq10k/5647243489.jpg,/home/sergey/iqa-data/koniq10k/koniq10k/1024x768/5647243489.jpg,0.629357454654034,0.4098595380783081
15070,koniq10k,koniq10k/5649238461.jpg,/home/sergey/iqa-data/koniq10k/koniq10k/1024x768/5649238461.jpg,0.5168659692239053,0.2505258023738861
15071,koniq10k,koniq10k/5650073370.jpg,/home/sergey/iqa-data/koniq10k/koniq10k/1024x768/5650073370.jpg,0.8616562948779335,0.5814878344535828
15072,koniq10k,koniq10k/5650628470.jpg,/home/sergey/iqa-data/koniq10k/koniq10k/1024x768/5650628470.jpg,0.6148141918845594,0.5779730081558228
15075,koniq10k,koniq10k/5651646348.jpg,/home/sergey/iqa-data/koniq10k/koniq10k/1024x768/5651646348.jpg,0.7389899473432274,0.4843890070915222
15079,koniq10k,koniq10k/5656494008.jpg,/home/sergey/iqa-data/koniq10k/koniq10k/1024x768/5656494008.jpg,0.7879710045818233,0.6928881406784058
15081,koniq10k,koniq10k/5657214180.jpg,/home/sergey/iqa-data/koniq10k/koniq10k/1024x768/5657214180.jpg,0.8030157970320735,0.7118669152259827
15092,koniq10k,koniq10k/5664036497.jpg,/home/sergey/iqa-data/koniq10k/koniq10k/1024x768/5664036497.jpg,0.8227620871230268,0.6076011657714844
15094,koniq10k,koniq10k/5664632199.jpg,/home/sergey/iqa-data/koniq10k/koniq10k/1024x768/5664632199.jpg,0.6240802794177606,0.4849294126033783
15097,koniq10k,koniq10k/5666081630.jpg,/home/sergey/iqa-data/koniq10k/koniq10k/1024x768/5666081630.jpg,0.7705948909874224,0.6625620126724243
15102,koniq10k,koniq10k/5669648365.jpg,/home/sergey/iqa-data/koniq10k/koniq10k/1024x768/5669648365.jpg,0.6495393753480342,0.584301233291626
15109,koniq10k,koniq10k/5673447503.jpg,/home/sergey/iqa-data/koniq10k/koniq10k/1024x768/5673447503.jpg,0.6608425083772138,0.4807450771331787
15119,koniq10k,koniq10k/5679420644.jpg,/home/sergey/iqa-data/koniq10k/koniq10k/1024x768/5679420644.jpg,0.7807936724037212,0.5597268342971802
15120,koniq10k,koniq10k/5679431462.jpg,/home/sergey/iqa-data/koniq10k/koniq10k/1024x768/5679431462.jpg,0.825753949258018,0.5974153280258179
15123,koniq10k,koniq10k/5680571645.jpg,/home/sergey/iqa-data/koniq10k/koniq10k/1024x768/5680571645.jpg,0.3265486807921266,0.40973684191703796
15126,koniq10k,koniq10k/5681342957.jpg,/home/sergey/iqa-data/koniq10k/koniq10k/1024x768/5681342957.jpg,0.8089760557166861,0.683868408203125
15130,koniq10k,koniq10k/5682574149.jpg,/home/sergey/iqa-data/koniq10k/koniq10k/1024x768/5682574149.jpg,0.5483871747634314,0.26304084062576294
15137,koniq10k,koniq10k/5684960466.jpg,/home/sergey/iqa-data/koniq10k/koniq10k/1024x768/5684960466.jpg,0.2812350406893242,0.4204694330692291
15138,koniq10k,koniq10k/5685134916.jpg,/home/sergey/iqa-data/koniq10k/koniq10k/1024x768/5685134916.jpg,0.6888463379607466,0.47685298323631287
15146,koniq10k,koniq10k/5691962850.jpg,/home/sergey/iqa-data/koniq10k/koniq10k/1024x768/5691962850.jpg,0.8618699993161464,0.6659259796142578
15150,koniq10k,koniq10k/5692969991.jpg,/home/sergey/iqa-data/koniq10k/koniq10k/1024x768/5692969991.jpg,0.810794638583055,0.5767574310302734
15151,koniq10k,koniq10k/5693602630.jpg,/home/sergey/iqa-data/koniq10k/koniq10k/1024x768/5693602630.jpg,0.5083772139779794,0.27846166491508484
15163,koniq10k,koniq10k/570171486.jpg,/home/sergey/iqa-data/koniq10k/koniq10k/1024x768/570171486.jpg,0.7290636757738581,0.474017471075058
15166,koniq10k,koniq10k/5706720351.jpg,/home/sergey/iqa-data/koniq10k/koniq10k/1024x768/5706720351.jpg,0.3321510944775646,0.20364774763584137
15168,koniq10k,koniq10k/5707035849.jpg,/home/sergey/iqa-data/koniq10k/koniq10k/1024x768/5707035849.jpg,0.7060274314733495,0.558460533618927
15177,koniq10k,koniq10k/5714331882.jpg,/home/sergey/iqa-data/koniq10k/koniq10k/1024x768/5714331882.jpg,0.6769741642538104,0.5696451663970947
15180,koniq10k,koniq10k/5717976598.jpg,/home/sergey/iqa-data/koniq10k/koniq10k/1024x768/5717976598.jpg,0.4226685234344381,0.2854149341583252
15190,koniq10k,koniq10k/5725492383.jpg,/home/sergey/iqa-data/koniq10k/koniq10k/1024x768/5725492383.jpg,0.6903898561267681,0.37444204092025757
15191,koniq10k,koniq10k/5726241150.jpg,/home/sergey/iqa-data/koniq10k/koniq10k/1024x768/5726241150.jpg,0.8561284734094697,0.6071431636810303
15201,koniq10k,koniq10k/5734560437.jpg,/home/sergey/iqa-data/koniq10k/koniq10k/1024x768/5734560437.jpg,0.6173921219995885,0.3598121702671051
15210,koniq10k,koniq10k/5743028880.jpg,/home/sergey/iqa-data/koniq10k/koniq10k/1024x768/5743028880.jpg,0.6739532549136258,0.6934691667556763
15217,koniq10k,koniq10k/5748824865.jpg,/home/sergey/iqa-data/koniq10k/koniq10k/1024x768/5748824865.jpg,0.4557137296832977,0.27584409713745117
15220,koniq10k,koniq10k/57501165.jpg,/home/sergey/iqa-data/koniq10k/koniq10k/1024x768/57501165.jpg,0.5747762312923924,0.3259371519088745
15229,koniq10k,koniq10k/5761420767.jpg,/home/sergey/iqa-data/koniq10k/koniq10k/1024x768/5761420767.jpg,0.5923887027285779,0.3283170759677887
15230,koniq10k,koniq10k/5761873238.jpg,/home/sergey/iqa-data/koniq10k/koniq10k/1024x768/5761873238.jpg,0.4808430502994102,0.31298112869262695
15231,koniq10k,koniq10k/5762320263.jpg,/home/sergey/iqa-data/koniq10k/koniq10k/1024x768/5762320263.jpg,0.3917382103855084,0.1899631917476654
15232,koniq10k,koniq10k/5763062464.jpg,/home/sergey/iqa-data/koniq10k/koniq10k/1024x768/5763062464.jpg,0.7930391950716474,0.6266951560974121
15246,koniq10k,koniq10k/5777168643.jpg,/home/sergey/iqa-data/koniq10k/koniq10k/1024x768/5777168643.jpg,0.7521703129649504,0.5496984720230103
15247,koniq10k,koniq10k/5777912776.jpg,/home/sergey/iqa-data/koniq10k/koniq10k/1024x768/5777912776.jpg,0.7906728991261401,0.7141716480255127
15250,koniq10k,koniq10k/5782679543.jpg,/home/sergey/iqa-data/koniq10k/koniq10k/1024x768/5782679543.jpg,0.6522259454284335,0.5591684579849243
15255,koniq10k,koniq10k/5784673341.jpg,/home/sergey/iqa-data/koniq10k/koniq10k/1024x768/5784673341.jpg,0.7309935158187925,0.5754798650741577
15270,koniq10k,koniq10k/5796436033.jpg,/home/sergey/iqa-data/koniq10k/koniq10k/1024x768/5796436033.jpg,0.6970759161249618,0.49830925464630127
15276,koniq10k,koniq10k/5799422140.jpg,/home/sergey/iqa-data/koniq10k/koniq10k/1024x768/5799422140.jpg,0.5005242882217491,0.5480878353118896
15277,koniq10k,koniq10k/5802112389.jpg,/home/sergey/iqa-data/koniq10k/koniq10k/1024x768/5802112389.jpg,0.7436035665233568,0.4729759693145752
15284,koniq10k,koniq10k/5805622077.jpg,/home/sergey/iqa-data/koniq10k/koniq10k/1024x768/5805622077.jpg,0.6564497507954842,0.3674370050430298
15292,koniq10k,koniq10k/5812840397.jpg,/home/sergey/iqa-data/koniq10k/koniq10k/1024x768/5812840397.jpg,0.784081583806333,0.536050021648407
15293,koniq10k,koniq10k/5813122725.jpg,/home/sergey/iqa-data/koniq10k/koniq10k/1024x768/5813122725.jpg,0.7536228730580099,0.5499320030212402
15296,koniq10k,koniq10k/5817880168.jpg,/home/sergey/iqa-data/koniq10k/koniq10k/1024x768/5817880168.jpg,0.7373923510575512,0.43695834279060364
15309,koniq10k,koniq10k/5827032065.jpg,/home/sergey/iqa-data/koniq10k/koniq10k/1024x768/5827032065.jpg,0.4863135906697417,0.4113495647907257
15315,koniq10k,koniq10k/5830228003.jpg,/home/sergey/iqa-data/koniq10k/koniq10k/1024x768/5830228003.jpg,0.6869550117797232,0.5167828798294067
15318,koniq10k,koniq10k/5831366691.jpg,/home/sergey/iqa-data/koniq10k/koniq10k/1024x768/5831366691.jpg,0.6557718561069433,0.4610278308391571
15322,koniq10k,koniq10k/5835525141.jpg,/home/sergey/iqa-data/koniq10k/koniq10k/1024x768/5835525141.jpg,0.7746807471556166,0.6076145172119141
15324,koniq10k,koniq10k/5837969940.jpg,/home/sergey/iqa-data/koniq10k/koniq10k/1024x768/5837969940.jpg,0.7928434657730973,0.4999788701534271
15328,koniq10k,koniq10k/5839623776.jpg,/home/sergey/iqa-data/koniq10k/koniq10k/1024x768/5839623776.jpg,0.6014514307491376,0.3839723765850067
15329,koniq10k,koniq10k/5839793009.jpg,/home/sergey/iqa-data/koniq10k/koniq10k/1024x768/5839793009.jpg,0.6936371165667492,0.39136719703674316
15330,koniq10k,koniq10k/5842574442.jpg,/home/sergey/iqa-data/koniq10k/koniq10k/1024x768/5842574442.jpg,0.8552078153248415,0.7056198120117188
15332,koniq10k,koniq10k/5842931891.jpg,/home/sergey/iqa-data/koniq10k/koniq10k/1024x768/5842931891.jpg,0.7679902743744921,0.6020458340644836
15336,koniq10k,koniq10k/58449294.jpg,/home/sergey/iqa-data/koniq10k/koniq10k/1024x768/58449294.jpg,0.5467147706861181,0.33439192175865173
15337,koniq10k,koniq10k/5846011911.jpg,/home/sergey/iqa-data/koniq10k/koniq10k/1024x768/5846011911.jpg,0.3957161050245223,0.3227536678314209
15339,koniq10k,koniq10k/5847384440.jpg,/home/sergey/iqa-data/koniq10k/koniq10k/1024x768/5847384440.jpg,0.735351196097965,0.6193259954452515
15344,koniq10k,koniq10k/5849249346.jpg,/home/sergey/iqa-data/koniq10k/koniq10k/1024x768/5849249346.jpg,0.8561284734094697,0.6892460584640503
15349,koniq10k,koniq10k/5854130158.jpg,/home/sergey/iqa-data/koniq10k/koniq10k/1024x768/5854130158.jpg,0.6377023428313802,0.5398370027542114
15350,koniq10k,koniq10k/5856115357.jpg,/home/sergey/iqa-data/koniq10k/koniq10k/1024x768/5856115357.jpg,0.5689054074803315,0.3208829164505005
15359,koniq10k,koniq10k/5866763424.jpg,/home/sergey/iqa-data/koniq10k/koniq10k/1024x768/5866763424.jpg,0.76663475347056,0.667243242263794
15366,koniq10k,koniq10k/5870955720.jpg,/home/sergey/iqa-data/koniq10k/koniq10k/1024x768/5870955720.jpg,0.8333802645040788,0.6917823553085327
15368,koniq10k,koniq10k/5871213191.jpg,/home/sergey/iqa-data/koniq10k/koniq10k/1024x768/5871213191.jpg,0.8434951668304319,0.6186707019805908
15370,koniq10k,koniq10k/5871779223.jpg,/home/sergey/iqa-data/koniq10k/koniq10k/1024x768/5871779223.jpg,0.5267547271421729,0.3009146451950073
15375,koniq10k,koniq10k/5876691783.jpg,/home/sergey/iqa-data/koniq10k/koniq10k/1024x768/5876691783.jpg,0.8586644327429389,0.5938624739646912
15394,koniq10k,koniq10k/5886709832.jpg,/home/sergey/iqa-data/koniq10k/koniq10k/1024x768/5886709832.jpg,0.7743842409024814,0.42289745807647705
15395,koniq10k,koniq10k/5887130142.jpg,/home/sergey/iqa-data/koniq10k/koniq10k/1024x768/5887130142.jpg,0.3081617999042591,0.2370508462190628
15397,koniq10k,koniq10k/5887936508.jpg,/home/sergey/iqa-data/koniq10k/koniq10k/1024x768/5887936508.jpg,0.7408289818665718,0.4555473029613495
15398,koniq10k,koniq10k/5888106239.jpg,/home/sergey/iqa-data/koniq10k/koniq10k/1024x768/5888106239.jpg,0.7802550647145422,0.6566309928894043
15400,koniq10k,koniq10k/5890294263.jpg,/home/sergey/iqa-data/koniq10k/koniq10k/1024x768/5890294263.jpg,0.6833864718155297,0.41826942563056946
15409,koniq10k,koniq10k/5893291303.jpg,/home/sergey/iqa-data/koniq10k/koniq10k/1024x768/5893291303.jpg,0.7198135357541771,0.38607513904571533
15410,koniq10k,koniq10k/5893652818.jpg,/home/sergey/iqa-data/koniq10k/koniq10k/1024x768/5893652818.jpg,0.1990435073204636,0.1933814287185669
15414,koniq10k,koniq10k/5895477446.jpg,/home/sergey/iqa-data/koniq10k/koniq10k/1024x768/5895477446.jpg,0.8491659966444662,0.5881843566894531
15415,koniq10k,koniq10k/5896106502.jpg,/home/sergey/iqa-data/koniq10k/koniq10k/1024x768/5896106502.jpg,0.8209351978547544,0.5886420607566833
15417,koniq10k,koniq10k/5897660924.jpg,/home/sergey/iqa-data/koniq10k/koniq10k/1024x768/5897660924.jpg,0.5953241146346083,0.4740194082260132
15422,koniq10k,koniq10k/5901488995.jpg,/home/sergey/iqa-data/koniq10k/koniq10k/1024x768/5901488995.jpg,0.4343809837242693,0.21775779128074646
15425,koniq10k,koniq10k/5902359095.jpg,/home/sergey/iqa-data/koniq10k/koniq10k/1024x768/5902359095.jpg,0.7536228730580099,0.521973192691803
15427,koniq10k,koniq10k/5903878980.jpg,/home/sergey/iqa-data/koniq10k/koniq10k/1024x768/5903878980.jpg,0.7275362529072421,0.6050379872322083
15429,koniq10k,koniq10k/5904145977.jpg,/home/sergey/iqa-data/koniq10k/koniq10k/1024x768/5904145977.jpg,0.8164193393968406,0.7115752696990967
15431,koniq10k,koniq10k/5904230612.jpg,/home/sergey/iqa-data/koniq10k/koniq10k/1024x768/5904230612.jpg,0.7814072824720502,0.6152921915054321
15437,koniq10k,koniq10k/5906582267.jpg,/home/sergey/iqa-data/koniq10k/koniq10k/1024x768/5906582267.jpg,0.7755913261722501,0.6246687173843384
15438,koniq10k,koniq10k/5906624117.jpg,/home/sergey/iqa-data/koniq10k/koniq10k/1024x768/5906624117.jpg,0.7479655337482046,0.686098039150238
15439,koniq10k,koniq10k/5906952351.jpg,/home/sergey/iqa-data/koniq10k/koniq10k/1024x768/5906952351.jpg,0.8715546051189355,0.738289475440979
15450,koniq10k,koniq10k/5913086401.jpg,/home/sergey/iqa-data/koniq10k/koniq10k/1024x768/5913086401.jpg,0.2963395873902594,0.21972545981407166
15453,koniq10k,koniq10k/5914304035.jpg,/home/sergey/iqa-data/koniq10k/koniq10k/1024x768/5914304035.jpg,0.644247646401788,0.499236524105072
15454,koniq10k,koniq10k/5914413530.jpg,/home/sergey/iqa-data/koniq10k/koniq10k/1024x768/5914413530.jpg,0.7422034288956254,0.564885139465332
15456,koniq10k,koniq10k/5914426709.jpg,/home/sergey/iqa-data/koniq10k/koniq10k/1024x768/5914426709.jpg,0.7327129032560836,0.6121244430541992
15461,koniq10k,koniq10k/5916873718.jpg,/home/sergey/iqa-data/koniq10k/koniq10k/1024x768/5916873718.jpg,0.5454221122320853,0.4629606008529663
15467,koniq10k,koniq10k/5920883206.jpg,/home/sergey/iqa-data/koniq10k/koniq10k/1024x768/5920883206.jpg,0.6656013290907558,0.5320413112640381
15469,koniq10k,koniq10k/5921674068.jpg,/home/sergey/iqa-data/koniq10k/koniq10k/1024x768/5921674068.jpg,0.6931432218650969,0.41190028190612793
15478,koniq10k,koniq10k/5925658885.jpg,/home/sergey/iqa-data/koniq10k/koniq10k/1024x768/5925658885.jpg,0.6052462920690439,0.3997935652732849
15479,koniq10k,koniq10k/5926348208.jpg,/home/sergey/iqa-data/koniq10k/koniq10k/1024x768/5926348208.jpg,0.6588487082126908,0.5940424799919128
15487,koniq10k,koniq10k/5932756634.jpg,/home/sergey/iqa-data/koniq10k/koniq10k/1024x768/5932756634.jpg,0.7198135357541771,0.49349457025527954
15496,koniq10k,koniq10k/5936466945.jpg,/home/sergey/iqa-data/koniq10k/koniq10k/1024x768/5936466945.jpg,0.5754166847991655,0.36560001969337463
15497,koniq10k,koniq10k/5936518143.jpg,/home/sergey/iqa-data/koniq10k/koniq10k/1024x768/5936518143.jpg,0.7196788371991819,0.4720039665699005
15503,koniq10k,koniq10k/5941719690.jpg,/home/sergey/iqa-data/koniq10k/koniq10k/1024x768/5941719690.jpg,0.7464550790781109,0.572333574295044
15504,koniq10k,koniq10k/5941759615.jpg,/home/sergey/iqa-data/koniq10k/koniq10k/1024x768/5941759615.jpg,0.3760628234060477,0.20800766348838806
15505,koniq10k,koniq10k/5942438965.jpg,/home/sergey/iqa-data/koniq10k/koniq10k/1024x768/5942438965.jpg,0.561828968064007,0.45620453357696533
15511,koniq10k,koniq10k/5948128813.jpg,/home/sergey/iqa-data/koniq10k/koniq10k/1024x768/5948128813.jpg,0.7732919946118652,0.48004698753356934
15520,koniq10k,koniq10k/5952914370.jpg,/home/sergey/iqa-data/koniq10k/koniq10k/1024x768/5952914370.jpg,0.9439923408329344,0.751377284526825
15521,koniq10k,koniq10k/5952945336.jpg,/home/sergey/iqa-data/koniq10k/koniq10k/1024x768/5952945336.jpg,0.7493671268204523,0.6801170110702515
15524,koniq10k,koniq10k/5955805991.jpg,/home/sergey/iqa-data/koniq10k/koniq10k/1024x768/5955805991.jpg,0.8315160541105973,0.5926644802093506
15527,koniq10k,koniq10k/5956532834.jpg,/home/sergey/iqa-data/koniq10k/koniq10k/1024x768/5956532834.jpg,0.2072975368384117,0.19366493821144104
15534,koniq10k,koniq10k/5959274849.jpg,/home/sergey/iqa-data/koniq10k/koniq10k/1024x768/5959274849.jpg,0.5381509084281589,0.3848147690296173
15535,koniq10k,koniq10k/5959668491.jpg,/home/sergey/iqa-data/koniq10k/koniq10k/1024x768/5959668491.jpg,0.8038523565416639,0.6162111759185791
15544,koniq10k,koniq10k/5965102816.jpg,/home/sergey/iqa-data/koniq10k/koniq10k/1024x768/5965102816.jpg,0.8027878456313124,0.6865226626396179
15550,koniq10k,koniq10k/5966712198.jpg,/home/sergey/iqa-data/koniq10k/koniq10k/1024x768/5966712198.jpg,0.648692698716633,0.5259450078010559
15555,koniq10k,koniq10k/5968485889.jpg,/home/sergey/iqa-data/koniq10k/koniq10k/1024x768/5968485889.jpg,0.8837416771835165,0.6457608342170715
15557,koniq10k,koniq10k/5969471767.jpg,/home/sergey/iqa-data/koniq10k/koniq10k/1024x768/5969471767.jpg,0.5492584921488789,0.41903191804885864
15559,koniq10k,koniq10k/5971260303.jpg,/home/sergey/iqa-data/koniq10k/koniq10k/1024x768/5971260303.jpg,0.6489620958266233,0.49569830298423767
15565,koniq10k,koniq10k/5974147290.jpg,/home/sergey/iqa-data/koniq10k/koniq10k/1024x768/5974147290.jpg,0.2393489707994261,0.24345999956130981
15573,koniq10k,koniq10k/5979005595.jpg,/home/sergey/iqa-data/koniq10k/koniq10k/1024x768/5979005595.jpg,0.8324215277302874,0.7150753736495972
15578,koniq10k,koniq10k/5982393408.jpg,/home/sergey/iqa-data/koniq10k/koniq10k/1024x768/5982393408.jpg,0.9035423647678316,0.7597783803939819
15579,koniq10k,koniq10k/5984121563.jpg,/home/sergey/iqa-data/koniq10k/koniq10k/1024x768/5984121563.jpg,0.20920873003209,0.1392308473587036
15590,koniq10k,koniq10k/5993869890.jpg,/home/sergey/iqa-data/koniq10k/koniq10k/1024x768/5993869890.jpg,0.8679819462490611,0.7794393301010132
15591,koniq10k,koniq10k/5993929800.jpg,/home/sergey/iqa-data/koniq10k/koniq10k/1024x768/5993929800.jpg,0.906371034422734,0.7253720760345459
15594,koniq10k,koniq10k/5995040588.jpg,/home/sergey/iqa-data/koniq10k/koniq10k/1024x768/5995040588.jpg,0.8973192915270466,0.7574707865715027
15600,koniq10k,koniq10k/5996831643.jpg,/home/sergey/iqa-data/koniq10k/koniq10k/1024x768/5996831643.jpg,0.3935960853146099,0.22916676104068756
15604,koniq10k,koniq10k/5999303076.jpg,/home/sergey/iqa-data/koniq10k/koniq10k/1024x768/5999303076.jpg,0.4715523291210997,0.306781530380249
15608,koniq10k,koniq10k/6000377344.jpg,/home/sergey/iqa-data/koniq10k/koniq10k/1024x768/6000377344.jpg,0.5146002872187645,0.34720176458358765
15611,koniq10k,koniq10k/6001045244.jpg,/home/sergey/iqa-data/koniq10k/koniq10k/1024x768/6001045244.jpg,0.8724269985639063,0.6287604570388794
15617,koniq10k,koniq10k/6002391220.jpg,/home/sergey/iqa-data/koniq10k/koniq10k/1024x768/6002391220.jpg,0.7523275009730525,0.6938580274581909
15618,koniq10k,koniq10k/6002788833.jpg,/home/sergey/iqa-data/koniq10k/koniq10k/1024x768/6002788833.jpg,0.721546826593928,0.5519891381263733
15631,koniq10k,koniq10k/6011321842.jpg,/home/sergey/iqa-data/koniq10k/koniq10k/1024x768/6011321842.jpg,0.6686518551891804,0.377212792634964
15639,koniq10k,koniq10k/6015806731.jpg,/home/sergey/iqa-data/koniq10k/koniq10k/1024x768/6015806731.jpg,0.9090986801613886,0.7137160897254944
15640,koniq10k,koniq10k/6015956857.jpg,/home/sergey/iqa-data/koniq10k/koniq10k/1024x768/6015956857.jpg,0.5546731073298807,0.4591699242591858
15642,koniq10k,koniq10k/6016403844.jpg,/home/sergey/iqa-data/koniq10k/koniq10k/1024x768/6016403844.jpg,0.9500700151662236,0.6984759569168091
15643,koniq10k,koniq10k/6018292739.jpg,/home/sergey/iqa-data/koniq10k/koniq10k/1024x768/6018292739.jpg,0.8852392081772886,0.7405853867530823
15651,koniq10k,koniq10k/6021411453.jpg,/home/sergey/iqa-data/koniq10k/koniq10k/1024x768/6021411453.jpg,0.6206753992776006,0.33219704031944275
15652,koniq10k,koniq10k/6021481506.jpg,/home/sergey/iqa-data/koniq10k/koniq10k/1024x768/6021481506.jpg,0.3888302322356068,0.27008235454559326
15653,koniq10k,koniq10k/6022378177.jpg,/home/sergey/iqa-data/koniq10k/koniq10k/1024x768/6022378177.jpg,0.5235758736237418,0.329836905002594
15654,koniq10k,koniq10k/6022545118.jpg,/home/sergey/iqa-data/koniq10k/koniq10k/1024x768/6022545118.jpg,0.5177118238391569,0.3188282549381256
15656,koniq10k,koniq10k/6024552297.jpg,/home/sergey/iqa-data/koniq10k/koniq10k/1024x768/6024552297.jpg,0.2560063653888445,0.41276687383651733
15657,koniq10k,koniq10k/6024842797.jpg,/home/sergey/iqa-data/koniq10k/koniq10k/1024x768/6024842797.jpg,0.4009095260890358,0.18214058876037598
15664,koniq10k,koniq10k/6027592169.jpg,/home/sergey/iqa-data/koniq10k/koniq10k/1024x768/6027592169.jpg,0.5568282842098075,0.36635810136795044
15672,koniq10k,koniq10k/6031428768.jpg,/home/sergey/iqa-data/koniq10k/koniq10k/1024x768/6031428768.jpg,0.8477695385532478,0.584689736366272
15675,koniq10k,koniq10k/6032331327.jpg,/home/sergey/iqa-data/koniq10k/koniq10k/1024x768/6032331327.jpg,0.6364198813190369,0.41608285903930664
15677,koniq10k,koniq10k/6034206796.jpg,/home/sergey/iqa-data/koniq10k/koniq10k/1024x768/6034206796.jpg,0.7032949585049467,0.5020797252655029
15685,koniq10k,koniq10k/6038701648.jpg,/home/sergey/iqa-data/koniq10k/koniq10k/1024x768/6038701648.jpg,0.3472373326370441,0.2351876050233841
15689,koniq10k,koniq10k/6041797981.jpg,/home/sergey/iqa-data/koniq10k/koniq10k/1024x768/6041797981.jpg,0.6837365668134977,0.4764796793460846
15696,koniq10k,koniq10k/6046652289.jpg,/home/sergey/iqa-data/koniq10k/koniq10k/1024x768/6046652289.jpg,0.812026581815111,0.6780136823654175
15698,koniq10k,koniq10k/6047228959.jpg,/home/sergey/iqa-data/koniq10k/koniq10k/1024x768/6047228959.jpg,0.7022076422718445,0.4244694411754608
15699,koniq10k,koniq10k/6048178491.jpg,/home/sergey/iqa-data/koniq10k/koniq10k/1024x768/6048178491.jpg,0.3818099617525163,0.1842237412929535
15701,koniq10k,koniq10k/6050570749.jpg,/home/sergey/iqa-data/koniq10k/koniq10k/1024x768/6050570749.jpg,0.4836114062433102,0.37699955701828003
15703,koniq10k,koniq10k/6052522172.jpg,/home/sergey/iqa-data/koniq10k/koniq10k/1024x768/6052522172.jpg,0.7253361765089872,0.5101966261863708
15712,koniq10k,koniq10k/6059364561.jpg,/home/sergey/iqa-data/koniq10k/koniq10k/1024x768/6059364561.jpg,0.7987975676457055,0.6434283256530762
15715,koniq10k,koniq10k/6060968148.jpg,/home/sergey/iqa-data/koniq10k/koniq10k/1024x768/6060968148.jpg,0.7090713259932979,0.5541486144065857
15717,koniq10k,koniq10k/6061619361.jpg,/home/sergey/iqa-data/koniq10k/koniq10k/1024x768/6061619361.jpg,0.511608425083773,0.27273064851760864
15719,koniq10k,koniq10k/6063249330.jpg,/home/sergey/iqa-data/koniq10k/koniq10k/1024x768/6063249330.jpg,0.6214684842275724,0.5263098478317261
15723,koniq10k,koniq10k/6065704403.jpg,/home/sergey/iqa-data/koniq10k/koniq10k/1024x768/6065704403.jpg,0.7366508551285944,0.49755236506462097
15724,koniq10k,koniq10k/6066096952.jpg,/home/sergey/iqa-data/koniq10k/koniq10k/1024x768/6066096952.jpg,0.6209349102551134,0.5108217000961304
15730,koniq10k,koniq10k/6068776554.jpg,/home/sergey/iqa-data/koniq10k/koniq10k/1024x768/6068776554.jpg,0.6825360253754631,0.4502098560333252
15731,koniq10k,koniq10k/6070920773.jpg,/home/sergey/iqa-data/koniq10k/koniq10k/1024x768/6070920773.jpg,0.8671009448893595,0.5808072090148926
15733,koniq10k,koniq10k/6071037995.jpg,/home/sergey/iqa-data/koniq10k/koniq10k/1024x768/6071037995.jpg,0.2631095846482014,0.2729986608028412
15736,koniq10k,koniq10k/6072373526.jpg,/home/sergey/iqa-data/koniq10k/koniq10k/1024x768/6072373526.jpg,0.7539492580181906,0.49991029500961304
15738,koniq10k,koniq10k/6073381897.jpg,/home/sergey/iqa-data/koniq10k/koniq10k/1024x768/6073381897.jpg,0.7988815875364452,0.7203510999679565
15740,koniq10k,koniq10k/6074442813.jpg,/home/sergey/iqa-data/koniq10k/koniq10k/1024x768/6074442813.jpg,0.6989876425012842,0.48478373885154724
15742,koniq10k,koniq10k/6075825527.jpg,/home/sergey/iqa-data/koniq10k/koniq10k/1024x768/6075825527.jpg,0.6522259454284335,0.44196075201034546
15744,koniq10k,koniq10k/6077250722.jpg,/home/sergey/iqa-data/koniq10k/koniq10k/1024x768/6077250722.jpg,0.6701771182383912,0.4492684006690979
15747,koniq10k,koniq10k/6078472527.jpg,/home/sergey/iqa-data/koniq10k/koniq10k/1024x768/6078472527.jpg,0.6753630126057132,0.29068270325660706
15749,koniq10k,koniq10k/6080237953.jpg,/home/sergey/iqa-data/koniq10k/koniq10k/1024x768/6080237953.jpg,0.6467650708519433,0.5318982601165771
15752,koniq10k,koniq10k/6081414146.jpg,/home/sergey/iqa-data/koniq10k/koniq10k/1024x768/6081414146.jpg,0.6127445497778737,0.26264458894729614
15757,koniq10k,koniq10k/6087844508.jpg,/home/sergey/iqa-data/koniq10k/koniq10k/1024x768/6087844508.jpg,0.7836482931563763,0.6241965889930725
15773,koniq10k,koniq10k/6096713881.jpg,/home/sergey/iqa-data/koniq10k/koniq10k/1024x768/6096713881.jpg,0.4398037338439425,0.33840224146842957
15775,koniq10k,koniq10k/6098120607.jpg,/home/sergey/iqa-data/koniq10k/koniq10k/1024x768/6098120607.jpg,0.2591674050837043,0.24093563854694366
15783,koniq10k,koniq10k/6103897334.jpg,/home/sergey/iqa-data/koniq10k/koniq10k/1024x768/6103897334.jpg,0.2367845175408603,0.1768798828125
15789,koniq10k,koniq10k/6106890458.jpg,/home/sergey/iqa-data/koniq10k/koniq10k/1024x768/6106890458.jpg,0.6505482657265701,0.3464953899383545
15795,koniq10k,koniq10k/6111148526.jpg,/home/sergey/iqa-data/koniq10k/koniq10k/1024x768/6111148526.jpg,0.3034603022635561,0.20470981299877167
15800,koniq10k,koniq10k/6112648095.jpg,/home/sergey/iqa-data/koniq10k/koniq10k/1024x768/6112648095.jpg,0.7357634293545084,0.38152822852134705
15802,koniq10k,koniq10k/6113677746.jpg,/home/sergey/iqa-data/koniq10k/koniq10k/1024x768/6113677746.jpg,0.7988271900430831,0.7108100652694702
15808,koniq10k,koniq10k/6115396985.jpg,/home/sergey/iqa-data/koniq10k/koniq10k/1024x768/6115396985.jpg,0.7509573958831962,0.6317389011383057
15810,koniq10k,koniq10k/6116188135.jpg,/home/sergey/iqa-data/koniq10k/koniq10k/1024x768/6116188135.jpg,0.8104870639710448,0.6720665693283081
15812,koniq10k,koniq10k/611785273.jpg,/home/sergey/iqa-data/koniq10k/koniq10k/1024x768/611785273.jpg,0.3452960887562305,0.21941986680030823
15824,koniq10k,koniq10k/6122580003.jpg,/home/sergey/iqa-data/koniq10k/koniq10k/1024x768/6122580003.jpg,0.202032290352061,0.18706586956977844
15833,koniq10k,koniq10k/6128176020.jpg,/home/sergey/iqa-data/koniq10k/koniq10k/1024x768/6128176020.jpg,0.3802384786109055,0.2068818211555481
15837,koniq10k,koniq10k/6128851294.jpg,/home/sergey/iqa-data/koniq10k/koniq10k/1024x768/6128851294.jpg,0.6874634327961289,0.47274404764175415
15838,koniq10k,koniq10k/6129702417.jpg,/home/sergey/iqa-data/koniq10k/koniq10k/1024x768/6129702417.jpg,0.6540323527552224,0.6101024150848389
15840,koniq10k,koniq10k/6131302144.jpg,/home/sergey/iqa-data/koniq10k/koniq10k/1024x768/6131302144.jpg,0.8236129836935291,0.6903455257415771
15845,koniq10k,koniq10k/6133227550.jpg,/home/sergey/iqa-data/koniq10k/koniq10k/1024x768/6133227550.jpg,0.5772841560276427,0.2817963659763336
15847,koniq10k,koniq10k/6135085548.jpg,/home/sergey/iqa-data/koniq10k/koniq10k/1024x768/6135085548.jpg,0.384952928035741,0.3292398154735565
15855,koniq10k,koniq10k/6142185721.jpg,/home/sergey/iqa-data/koniq10k/koniq10k/1024x768/6142185721.jpg,0.45268705854769,0.23274081945419312
15860,koniq10k,koniq10k/6143020134.jpg,/home/sergey/iqa-data/koniq10k/koniq10k/1024x768/6143020134.jpg,0.7291077360488563,0.5234068036079407
15861,koniq10k,koniq10k/6143211622.jpg,/home/sergey/iqa-data/koniq10k/koniq10k/1024x768/6143211622.jpg,0.7701907953224367,0.6552245616912842
15863,koniq10k,koniq10k/6143698715.jpg,/home/sergey/iqa-data/koniq10k/koniq10k/1024x768/6143698715.jpg,0.3627995928743722,0.19465109705924988
15866,koniq10k,koniq10k/6144690260.jpg,/home/sergey/iqa-data/koniq10k/koniq10k/1024x768/6144690260.jpg,0.8008616562948777,0.6416245698928833
15871,koniq10k,koniq10k/6147638271.jpg,/home/sergey/iqa-data/koniq10k/koniq10k/1024x768/6147638271.jpg,0.826494791310492,0.7395371198654175
15881,koniq10k,koniq10k/6153807982.jpg,/home/sergey/iqa-data/koniq10k/koniq10k/1024x768/6153807982.jpg,0.7524968977584863,0.6932540535926819
15883,koniq10k,koniq10k/6153984860.jpg,/home/sergey/iqa-data/koniq10k/koniq10k/1024x768/6153984860.jpg,0.5725880151442629,0.4469507038593292
15894,koniq10k,koniq10k/6160448268.jpg,/home/sergey/iqa-data/koniq10k/koniq10k/1024x768/6160448268.jpg,0.4816898037338437,0.35632121562957764
15900,koniq10k,koniq10k/6163563949.jpg,/home/sergey/iqa-data/koniq10k/koniq10k/1024x768/6163563949.jpg,0.771537780872392,0.5888065099716187
15909,koniq10k,koniq10k/616692637.jpg,/home/sergey/iqa-data/koniq10k/koniq10k/1024x768/616692637.jpg,0.4304617969734549,0.21871428191661835
15914,koniq10k,koniq10k/6169499538.jpg,/home/sergey/iqa-data/koniq10k/koniq10k/1024x768/6169499538.jpg,0.8570147143694398,0.72249436378479
15915,koniq10k,koniq10k/6169751513.jpg,/home/sergey/iqa-data/koniq10k/koniq10k/1024x768/6169751513.jpg,0.7601676381419011,0.6198421716690063
15919,koniq10k,koniq10k/6171205916.jpg,/home/sergey/iqa-data/koniq10k/koniq10k/1024x768/6171205916.jpg,0.6110579224509332,0.43345674872398376
15922,koniq10k,koniq10k/6172964730.jpg,/home/sergey/iqa-data/koniq10k/koniq10k/1024x768/6172964730.jpg,0.2596699353994747,0.18348202109336853
15932,koniq10k,koniq10k/6177663697.jpg,/home/sergey/iqa-data/koniq10k/koniq10k/1024x768/6177663697.jpg,0.771792615976437,0.7000145316123962
15937,koniq10k,koniq10k/6180327231.jpg,/home/sergey/iqa-data/koniq10k/koniq10k/1024x768/6180327231.jpg,0.9035423647678316,0.7084924578666687
15951,koniq10k,koniq10k/6190639250.jpg,/home/sergey/iqa-data/koniq10k/koniq10k/1024x768/6190639250.jpg,0.7684679068283113,0.5425348281860352
15955,koniq10k,koniq10k/6192537618.jpg,/home/sergey/iqa-data/koniq10k/koniq10k/1024x768/6192537618.jpg,0.7597516573102983,0.6573607325553894
15962,koniq10k,koniq10k/6198870834.jpg,/home/sergey/iqa-data/koniq10k/koniq10k/1024x768/6198870834.jpg,0.6664729079760198,0.3392834961414337
15964,koniq10k,koniq10k/6199370121.jpg,/home/sergey/iqa-data/koniq10k/koniq10k/1024x768/6199370121.jpg,0.8448341266472171,0.6630504131317139
15972,koniq10k,koniq10k/6204572206.jpg,/home/sergey/iqa-data/koniq10k/koniq10k/1024x768/6204572206.jpg,0.823688770085192,0.5009852647781372
15975,koniq10k,koniq10k/6205974624.jpg,/home/sergey/iqa-data/koniq10k/koniq10k/1024x768/6205974624.jpg,0.5600991717622404,0.27617964148521423
15983,koniq10k,koniq10k/6210021795.jpg,/home/sergey/iqa-data/koniq10k/koniq10k/1024x768/6210021795.jpg,0.6012788073582712,0.3929426670074463
15984,koniq10k,koniq10k/6210436753.jpg,/home/sergey/iqa-data/koniq10k/koniq10k/1024x768/6210436753.jpg,0.4797807107524676,0.2859819829463959
15987,koniq10k,koniq10k/6211562802.jpg,/home/sergey/iqa-data/koniq10k/koniq10k/1024x768/6211562802.jpg,0.6772487923756461,0.5112048983573914
15993,koniq10k,koniq10k/6220511513.jpg,/home/sergey/iqa-data/koniq10k/koniq10k/1024x768/6220511513.jpg,0.6701771182383912,0.6731281280517578
15999,koniq10k,koniq10k/6224309834.jpg,/home/sergey/iqa-data/koniq10k/koniq10k/1024x768/6224309834.jpg,0.2694489171272306,0.1870703101158142
16003,koniq10k,koniq10k/6225884368.jpg,/home/sergey/iqa-data/koniq10k/koniq10k/1024x768/6225884368.jpg,0.147011892358665,0.1666392982006073
16004,koniq10k,koniq10k/6226065978.jpg,/home/sergey/iqa-data/koniq10k/koniq10k/1024x768/6226065978.jpg,0.7076307997801532,0.44085392355918884
16012,koniq10k,koniq10k/6228278450.jpg,/home/sergey/iqa-data/koniq10k/koniq10k/1024x768/6228278450.jpg,0.6931432218650969,0.5317262411117554
16025,koniq10k,koniq10k/6237051127.jpg,/home/sergey/iqa-data/koniq10k/koniq10k/1024x768/6237051127.jpg,0.6416803719625196,0.5128447413444519
16028,koniq10k,koniq10k/6237907286.jpg,/home/sergey/iqa-data/koniq10k/koniq10k/1024x768/6237907286.jpg,0.7464838496432575,0.6283307075500488
16033,koniq10k,koniq10k/6238988012.jpg,/home/sergey/iqa-data/koniq10k/koniq10k/1024x768/6238988012.jpg,0.5597916524197052,0.3625834286212921
16039,koniq10k,koniq10k/6244943274.jpg,/home/sergey/iqa-data/koniq10k/koniq10k/1024x768/6244943274.jpg,0.45342687307998,0.28414884209632874
16042,koniq10k,koniq10k/6245654215.jpg,/home/sergey/iqa-data/koniq10k/koniq10k/1024x768/6245654215.jpg,0.809894175222036,0.7056642174720764
16044,koniq10k,koniq10k/62458506.jpg,/home/sergey/iqa-data/koniq10k/koniq10k/1024x768/62458506.jpg,0.7210387745332697,0.6112937927246094
16059,koniq10k,koniq10k/6252913864.jpg,/home/sergey/iqa-data/koniq10k/koniq10k/1024x768/6252913864.jpg,0.5205840114887503,0.463569700717926
16064,koniq10k,koniq10k/6255399920.jpg,/home/sergey/iqa-data/koniq10k/koniq10k/1024x768/6255399920.jpg,0.7958353279080889,0.6728999614715576
16069,koniq10k,koniq10k/6256829619.jpg,/home/sergey/iqa-data/koniq10k/koniq10k/1024x768/6256829619.jpg,0.8384171796898466,0.6989231109619141
16080,koniq10k,koniq10k/6261187277.jpg,/home/sergey/iqa-data/koniq10k/koniq10k/1024x768/6261187277.jpg,0.5646621387844857,0.44379326701164246
16084,koniq10k,koniq10k/6264868738.jpg,/home/sergey/iqa-data/koniq10k/koniq10k/1024x768/6264868738.jpg,0.4780873574896684,0.35257548093795776
16086,koniq10k,koniq10k/6266190688.jpg,/home/sergey/iqa-data/koniq10k/koniq10k/1024x768/6266190688.jpg,0.5895855165840799,0.31797611713409424
16091,koniq10k,koniq10k/6269063819.jpg,/home/sergey/iqa-data/koniq10k/koniq10k/1024x768/6269063819.jpg,0.5710350200396102,0.2839275598526001
16093,koniq10k,koniq10k/6272882973.jpg,/home/sergey/iqa-data/koniq10k/koniq10k/1024x768/6272882973.jpg,0.5798590250625674,0.46329572796821594
16109,koniq10k,koniq10k/6283537466.jpg,/home/sergey/iqa-data/koniq10k/koniq10k/1024x768/6283537466.jpg,0.6262767253269127,0.4992534816265106
16112,koniq10k,koniq10k/6285601097.jpg,/home/sergey/iqa-data/koniq10k/koniq10k/1024x768/6285601097.jpg,0.7773196528085119,0.5906838774681091
16121,koniq10k,koniq10k/6290479072.jpg,/home/sergey/iqa-data/koniq10k/koniq10k/1024x768/6290479072.jpg,0.683341311632359,0.6153178215026855
16122,koniq10k,koniq10k/6291431070.jpg,/home/sergey/iqa-data/koniq10k/koniq10k/1024x768/6291431070.jpg,0.8951328063343372,0.6281688213348389
16124,koniq10k,koniq10k/6293184375.jpg,/home/sergey/iqa-data/koniq10k/koniq10k/1024x768/6293184375.jpg,0.768132900732229,0.5101584196090698
16125,koniq10k,koniq10k/6293629106.jpg,/home/sergey/iqa-data/koniq10k/koniq10k/1024x768/6293629106.jpg,0.4789472634434343,0.359823614358902
16129,koniq10k,koniq10k/6295098733.jpg,/home/sergey/iqa-data/koniq10k/koniq10k/1024x768/6295098733.jpg,0.7823851866286534,0.7013653516769409
16133,koniq10k,koniq10k/6299847089.jpg,/home/sergey/iqa-data/koniq10k/koniq10k/1024x768/6299847089.jpg,0.7465115446732554,0.6143244504928589
16144,koniq10k,koniq10k/6305224063.jpg,/home/sergey/iqa-data/koniq10k/koniq10k/1024x768/6305224063.jpg,0.2664181996398352,0.2152981013059616
16149,koniq10k,koniq10k/6305935130.jpg,/home/sergey/iqa-data/koniq10k/koniq10k/1024x768/6305935130.jpg,0.7847382392619352,0.6328344941139221
16151,koniq10k,koniq10k/6307302399.jpg,/home/sergey/iqa-data/koniq10k/koniq10k/1024x768/6307302399.jpg,0.8437051220679758,0.7092108726501465
16153,koniq10k,koniq10k/6308614891.jpg,/home/sergey/iqa-data/koniq10k/koniq10k/1024x768/6308614891.jpg,0.5822698844508792,0.3674100339412689
16156,koniq10k,koniq10k/6309436752.jpg,/home/sergey/iqa-data/koniq10k/koniq10k/1024x768/6309436752.jpg,0.5682214280070829,0.41938793659210205
16167,koniq10k,koniq10k/6319935355.jpg,/home/sergey/iqa-data/koniq10k/koniq10k/1024x768/6319935355.jpg,0.8683174218954636,0.7121866941452026
16172,koniq10k,koniq10k/6321717266.jpg,/home/sergey/iqa-data/koniq10k/koniq10k/1024x768/6321717266.jpg,0.6160956484077603,0.3548780083656311
16174,koniq10k,koniq10k/632270898.jpg,/home/sergey/iqa-data/koniq10k/koniq10k/1024x768/632270898.jpg,0.7507436914449833,0.564213752746582
16181,koniq10k,koniq10k/6326902733.jpg,/home/sergey/iqa-data/koniq10k/koniq10k/1024x768/6326902733.jpg,0.7098051789698064,0.41946181654930115
16189,koniq10k,koniq10k/6332564856.jpg,/home/sergey/iqa-data/koniq10k/koniq10k/1024x768/6332564856.jpg,0.6608996007922661,0.47166818380355835
16209,koniq10k,koniq10k/6345193023.jpg,/home/sergey/iqa-data/koniq10k/koniq10k/1024x768/6345193023.jpg,0.7802550647145422,0.5761038064956665
16228,koniq10k,koniq10k/6366586615.jpg,/home/sergey/iqa-data/koniq10k/koniq10k/1024x768/6366586615.jpg,0.4250702240848293,0.3484208881855011
16236,koniq10k,koniq10k/6379014005.jpg,/home/sergey/iqa-data/koniq10k/koniq10k/1024x768/6379014005.jpg,0.4966491144088067,0.3815211355686188
16238,koniq10k,koniq10k/6383007575.jpg,/home/sergey/iqa-data/koniq10k/koniq10k/1024x768/6383007575.jpg,0.8516834210946216,0.6665589809417725
16242,koniq10k,koniq10k/63888840.jpg,/home/sergey/iqa-data/koniq10k/koniq10k/1024x768/63888840.jpg,0.4915518678084506,0.28078633546829224
16243,koniq10k,koniq10k/6389008737.jpg,/home/sergey/iqa-data/koniq10k/koniq10k/1024x768/6389008737.jpg,0.7599329822881764,0.6395384073257446
16245,koniq10k,koniq10k/6391919133.jpg,/home/sergey/iqa-data/koniq10k/koniq10k/1024x768/6391919133.jpg,0.7543156084837009,0.3888523578643799
16248,koniq10k,koniq10k/6395582961.jpg,/home/sergey/iqa-data/koniq10k/koniq10k/1024x768/6395582961.jpg,0.8693154619435137,0.6498339772224426
16261,koniq10k,koniq10k/6411944553.jpg,/home/sergey/iqa-data/koniq10k/koniq10k/1024x768/6411944553.jpg,0.6073480134035409,0.5231910347938538
16273,koniq10k,koniq10k/6431960911.jpg,/home/sergey/iqa-data/koniq10k/koniq10k/1024x768/6431960911.jpg,0.6172809956917182,0.32234784960746765
16277,koniq10k,koniq10k/6435747701.jpg,/home/sergey/iqa-data/koniq10k/koniq10k/1024x768/6435747701.jpg,0.8419277782254044,0.5898993611335754
16279,koniq10k,koniq10k/6438830749.jpg,/home/sergey/iqa-data/koniq10k/koniq10k/1024x768/6438830749.jpg,0.8242286862088072,0.49972784519195557
16281,koniq10k,koniq10k/6439499095.jpg,/home/sergey/iqa-data/koniq10k/koniq10k/1024x768/6439499095.jpg,0.7355193872666345,0.5339694023132324
16292,koniq10k,koniq10k/6450302367.jpg,/home/sergey/iqa-data/koniq10k/koniq10k/1024x768/6450302367.jpg,0.6534562438764685,0.43210017681121826
16296,koniq10k,koniq10k/6452613567.jpg,/home/sergey/iqa-data/koniq10k/koniq10k/1024x768/6452613567.jpg,0.871850788078649,0.49869832396507263
16318,koniq10k,koniq10k/6475916177.jpg,/home/sergey/iqa-data/koniq10k/koniq10k/1024x768/6475916177.jpg,0.6656013290907558,0.4925340414047241
16321,koniq10k,koniq10k/6476717611.jpg,/home/sergey/iqa-data/koniq10k/koniq10k/1024x768/6476717611.jpg,0.5248742288898723,0.34621718525886536
16322,koniq10k,koniq10k/6479303397.jpg,/home/sergey/iqa-data/koniq10k/koniq10k/1024x768/6479303397.jpg,0.2997194166520523,0.2458982765674591
16326,koniq10k,koniq10k/6483140329.jpg,/home/sergey/iqa-data/koniq10k/koniq10k/1024x768/6483140329.jpg,0.3551725445402367,0.1656622290611267
16351,koniq10k,koniq10k/6513828853.jpg,/home/sergey/iqa-data/koniq10k/koniq10k/1024x768/6513828853.jpg,0.2034466251795108,0.22676511108875275
16352,koniq10k,koniq10k/6515985695.jpg,/home/sergey/iqa-data/koniq10k/koniq10k/1024x768/6515985695.jpg,0.2963395873902594,0.20980671048164368
16360,koniq10k,koniq10k/6526093429.jpg,/home/sergey/iqa-data/koniq10k/koniq10k/1024x768/6526093429.jpg,0.4914740015266591,0.412640243768692
16363,koniq10k,koniq10k/6530161213.jpg,/home/sergey/iqa-data/koniq10k/koniq10k/1024x768/6530161213.jpg,0.6204205641735557,0.4171864986419678
16365,koniq10k,koniq10k/6533123895.jpg,/home/sergey/iqa-data/koniq10k/koniq10k/1024x768/6533123895.jpg,0.825753949258018,0.6385219097137451
16366,koniq10k,koniq10k/6534182163.jpg,/home/sergey/iqa-data/koniq10k/koniq10k/1024x768/6534182163.jpg,0.2672191099668338,0.21772648394107819
16370,koniq10k,koniq10k/6537249483.jpg,/home/sergey/iqa-data/koniq10k/koniq10k/1024x768/6537249483.jpg,0.856575774271339,0.6973275542259216
16371,koniq10k,koniq10k/6537543865.jpg,/home/sergey/iqa-data/koniq10k/koniq10k/1024x768/6537543865.jpg,0.3671727187763574,0.3655417561531067
16373,koniq10k,koniq10k/6540737111.jpg,/home/sergey/iqa-data/koniq10k/koniq10k/1024x768/6540737111.jpg,0.5893968405935864,0.6110025644302368
16382,koniq10k,koniq10k/6560010177.jpg,/home/sergey/iqa-data/koniq10k/koniq10k/1024x768/6560010177.jpg,0.4928195308760167,0.34858816862106323
16386,koniq10k,koniq10k/6564623827.jpg,/home/sergey/iqa-data/koniq10k/koniq10k/1024x768/6564623827.jpg,0.8150491214355668,0.7164955139160156
16392,koniq10k,koniq10k/6569780821.jpg,/home/sergey/iqa-data/koniq10k/koniq10k/1024x768/6569780821.jpg,0.5320876054341499,0.27190595865249634
16405,koniq10k,koniq10k/6585164875.jpg,/home/sergey/iqa-data/koniq10k/koniq10k/1024x768/6585164875.jpg,0.6657740003793442,0.4550205171108246
16410,koniq10k,koniq10k/6591706349.jpg,/home/sergey/iqa-data/koniq10k/koniq10k/1024x768/6591706349.jpg,0.7032949585049467,0.6639290452003479
16416,koniq10k,koniq10k/6596093581.jpg,/home/sergey/iqa-data/koniq10k/koniq10k/1024x768/6596093581.jpg,0.794789628521101,0.6097592115402222
16419,koniq10k,koniq10k/6598327095.jpg,/home/sergey/iqa-data/koniq10k/koniq10k/1024x768/6598327095.jpg,0.6722422974112172,0.6011709570884705
16422,koniq10k,koniq10k/6599722517.jpg,/home/sergey/iqa-data/koniq10k/koniq10k/1024x768/6599722517.jpg,0.3921412964656929,0.48074984550476074
16427,koniq10k,koniq10k/6604046527.jpg,/home/sergey/iqa-data/koniq10k/koniq10k/1024x768/6604046527.jpg,0.6043561512685497,0.3971840739250183
16434,koniq10k,koniq10k/6613235741.jpg,/home/sergey/iqa-data/koniq10k/koniq10k/1024x768/6613235741.jpg,0.442795595978937,0.3557572364807129
16438,koniq10k,koniq10k/6621488051.jpg,/home/sergey/iqa-data/koniq10k/koniq10k/1024x768/6621488051.jpg,0.7379743611139165,0.5859375
16439,koniq10k,koniq10k/6621968211.jpg,/home/sergey/iqa-data/koniq10k/koniq10k/1024x768/6621968211.jpg,0.619059016617658,0.3177627921104431
16443,koniq10k,koniq10k/6622738777.jpg,/home/sergey/iqa-data/koniq10k/koniq10k/1024x768/6622738777.jpg,0.5569062675837502,0.5120671987533569
16448,koniq10k,koniq10k/6628327223.jpg,/home/sergey/iqa-data/koniq10k/koniq10k/1024x768/6628327223.jpg,0.7676014444594212,0.6168028712272644
16451,koniq10k,koniq10k/6630214003.jpg,/home/sergey/iqa-data/koniq10k/koniq10k/1024x768/6630214003.jpg,0.8310405406033466,0.6742154955863953
16455,koniq10k,koniq10k/6635887941.jpg,/home/sergey/iqa-data/koniq10k/koniq10k/1024x768/6635887941.jpg,0.6854440035253648,0.4933142364025116
16459,koniq10k,koniq10k/6640354399.jpg,/home/sergey/iqa-data/koniq10k/koniq10k/1024x768/6640354399.jpg,0.5117192347924748,0.34516534209251404
16464,koniq10k,koniq10k/6642932619.jpg,/home/sergey/iqa-data/koniq10k/koniq10k/1024x768/6642932619.jpg,0.7343714417173632,0.5213605165481567
16467,koniq10k,koniq10k/6644227727.jpg,/home/sergey/iqa-data/koniq10k/koniq10k/1024x768/6644227727.jpg,0.1871653289100146,0.15458464622497559
16478,koniq10k,koniq10k/6654258389.jpg,/home/sergey/iqa-data/koniq10k/koniq10k/1024x768/6654258389.jpg,0.7465639406759573,0.59473717212677
16482,koniq10k,koniq10k/6656519345.jpg,/home/sergey/iqa-data/koniq10k/koniq10k/1024x768/6656519345.jpg,0.2873360928861708,0.1680668592453003
16484,koniq10k,koniq10k/6657341905.jpg,/home/sergey/iqa-data/koniq10k/koniq10k/1024x768/6657341905.jpg,0.5554199508031217,0.3141709566116333
16492,koniq10k,koniq10k/6665024915.jpg,/home/sergey/iqa-data/koniq10k/koniq10k/1024x768/6665024915.jpg,0.595243323481233,0.5205129981040955
16494,koniq10k,koniq10k/6668846319.jpg,/home/sergey/iqa-data/koniq10k/koniq10k/1024x768/6668846319.jpg,0.6666088422975732,0.5392455458641052
16496,koniq10k,koniq10k/6669862645.jpg,/home/sergey/iqa-data/koniq10k/koniq10k/1024x768/6669862645.jpg,0.6256187054706328,0.4200901985168457
16498,koniq10k,koniq10k/6678741473.jpg,/home/sergey/iqa-data/koniq10k/koniq10k/1024x768/6678741473.jpg,0.8444231689803734,0.6203706860542297
16502,koniq10k,koniq10k/6681296959.jpg,/home/sergey/iqa-data/koniq10k/koniq10k/1024x768/6681296959.jpg,0.7705948909874224,0.6307294368743896
16517,koniq10k,koniq10k/6696229175.jpg,/home/sergey/iqa-data/koniq10k/koniq10k/1024x768/6696229175.jpg,0.340502404887277,0.24089935421943665
16521,koniq10k,koniq10k/6701756497.jpg,/home/sergey/iqa-data/koniq10k/koniq10k/1024x768/6701756497.jpg,0.7423081944383997,0.6912224888801575
16523,koniq10k,koniq10k/6702441233.jpg,/home/sergey/iqa-data/koniq10k/koniq10k/1024x768/6702441233.jpg,0.8679819462490611,0.732893168926239
16527,koniq10k,koniq10k/6707835355.jpg,/home/sergey/iqa-data/koniq10k/koniq10k/1024x768/6707835355.jpg,0.8205680548906961,0.6201146245002747
16530,koniq10k,koniq10k/6710396995.jpg,/home/sergey/iqa-data/koniq10k/koniq10k/1024x768/6710396995.jpg,0.9290003916619516,0.6954403519630432
16539,koniq10k,koniq10k/6725311751.jpg,/home/sergey/iqa-data/koniq10k/koniq10k/1024x768/6725311751.jpg,0.6505482657265701,0.4952828586101532
16548,koniq10k,koniq10k/6731073163.jpg,/home/sergey/iqa-data/koniq10k/koniq10k/1024x768/6731073163.jpg,0.7359980852082328,0.45801112055778503
16554,koniq10k,koniq10k/6738986329.jpg,/home/sergey/iqa-data/koniq10k/koniq10k/1024x768/6738986329.jpg,0.8008616562948777,0.46910881996154785
16555,koniq10k,koniq10k/6739568529.jpg,/home/sergey/iqa-data/koniq10k/koniq10k/1024x768/6739568529.jpg,0.6478418306167623,0.548493504524231
16562,koniq10k,koniq10k/6748049411.jpg,/home/sergey/iqa-data/koniq10k/koniq10k/1024x768/6748049411.jpg,0.6364198813190369,0.4439060389995575
16563,koniq10k,koniq10k/6748287295.jpg,/home/sergey/iqa-data/koniq10k/koniq10k/1024x768/6748287295.jpg,0.7049336443172427,0.5665507316589355
16564,koniq10k,koniq10k/6748422197.jpg,/home/sergey/iqa-data/koniq10k/koniq10k/1024x768/6748422197.jpg,0.827279212307229,0.6909798383712769
16577,koniq10k,koniq10k/6766502563.jpg,/home/sergey/iqa-data/koniq10k/koniq10k/1024x768/6766502563.jpg,0.6961065900749948,0.4733657240867615
16589,koniq10k,koniq10k/677921002.jpg,/home/sergey/iqa-data/koniq10k/koniq10k/1024x768/677921002.jpg,0.7541886069889898,0.6304647326469421
16594,koniq10k,koniq10k/6782624408.jpg,/home/sergey/iqa-data/koniq10k/koniq10k/1024x768/6782624408.jpg,0.4262386890182974,0.29336416721343994
16595,koniq10k,koniq10k/6782627736.jpg,/home/sergey/iqa-data/koniq10k/koniq10k/1024x768/6782627736.jpg,0.7541886069889898,0.519877016544342
16621,koniq10k,koniq10k/6796759928.jpg,/home/sergey/iqa-data/koniq10k/koniq10k/1024x768/6796759928.jpg,0.7920843365746663,0.6800436973571777
16622,koniq10k,koniq10k/6797193823.jpg,/home/sergey/iqa-data/koniq10k/koniq10k/1024x768/6797193823.jpg,0.5094143928514425,0.28539416193962097
16637,koniq10k,koniq10k/6803864259.jpg,/home/sergey/iqa-data/koniq10k/koniq10k/1024x768/6803864259.jpg,0.6796280472255645,0.38712772727012634
16645,koniq10k,koniq10k/6810784384.jpg,/home/sergey/iqa-data/koniq10k/koniq10k/1024x768/6810784384.jpg,0.5242312339009315,0.3270754814147949
16648,koniq10k,koniq10k/6811333589.jpg,/home/sergey/iqa-data/koniq10k/koniq10k/1024x768/6811333589.jpg,0.7983321337185867,0.43151015043258667
16650,koniq10k,koniq10k/6812883252.jpg,/home/sergey/iqa-data/koniq10k/koniq10k/1024x768/6812883252.jpg,0.727962798331397,0.4994620680809021
16651,koniq10k,koniq10k/6813135887.jpg,/home/sergey/iqa-data/koniq10k/koniq10k/1024x768/6813135887.jpg,0.7402637104304028,0.45230069756507874
16658,koniq10k,koniq10k/6817139940.jpg,/home/sergey/iqa-data/koniq10k/koniq10k/1024x768/6817139940.jpg,0.6510969408491921,0.4072556495666504
16665,koniq10k,koniq10k/682337857.jpg,/home/sergey/iqa-data/koniq10k/koniq10k/1024x768/682337857.jpg,0.648692698716633,0.41023722290992737
16669,koniq10k,koniq10k/6825556474.jpg,/home/sergey/iqa-data/koniq10k/koniq10k/1024x768/6825556474.jpg,0.657730971756821,0.44734764099121094
16671,koniq10k,koniq10k/6827213168.jpg,/home/sergey/iqa-data/koniq10k/koniq10k/1024x768/6827213168.jpg,0.5225972271309886,0.4953719973564148
16678,koniq10k,koniq10k/6830281130.jpg,/home/sergey/iqa-data/koniq10k/koniq10k/1024x768/6830281130.jpg,0.8419277782254044,0.6993821859359741
16687,koniq10k,koniq10k/6835007518.jpg,/home/sergey/iqa-data/koniq10k/koniq10k/1024x768/6835007518.jpg,0.3878339804620306,0.2397049218416214
16691,koniq10k,koniq10k/6837071286.jpg,/home/sergey/iqa-data/koniq10k/koniq10k/1024x768/6837071286.jpg,0.7479655337482046,0.6939607262611389
16698,koniq10k,koniq10k/6840130023.jpg,/home/sergey/iqa-data/koniq10k/koniq10k/1024x768/6840130023.jpg,0.7831904766205726,0.46906140446662903
16700,koniq10k,koniq10k/6840900400.jpg,/home/sergey/iqa-data/koniq10k/koniq10k/1024x768/6840900400.jpg,0.8027878456313124,0.6310317516326904
16701,koniq10k,koniq10k/6841095.jpg,/home/sergey/iqa-data/koniq10k/koniq10k/1024x768/6841095.jpg,0.2964876711814454,0.2767932415008545
16712,koniq10k,koniq10k/6845848072.jpg,/home/sergey/iqa-data/koniq10k/koniq10k/1024x768/6845848072.jpg,0.8250531527218944,0.7159982919692993
16715,koniq10k,koniq10k/6849285524.jpg,/home/sergey/iqa-data/koniq10k/koniq10k/1024x768/6849285524.jpg,0.2812350406893242,0.24859343469142914
16720,koniq10k,koniq10k/6853001361.jpg,/home/sergey/iqa-data/koniq10k/koniq10k/1024x768/6853001361.jpg,0.7998244774214148,0.6494246125221252
16726,koniq10k,koniq10k/6858600475.jpg,/home/sergey/iqa-data/koniq10k/koniq10k/1024x768/6858600475.jpg,0.6305490575069763,0.5574601888656616
16734,koniq10k,koniq10k/6865288108.jpg,/home/sergey/iqa-data/koniq10k/koniq10k/1024x768/6865288108.jpg,0.7661862436874407,0.6445531845092773
16740,koniq10k,koniq10k/6869450975.jpg,/home/sergey/iqa-data/koniq10k/koniq10k/1024x768/6869450975.jpg,0.5138994906826407,0.41580191254615784
16742,koniq10k,koniq10k/6869855884.jpg,/home/sergey/iqa-data/koniq10k/koniq10k/1024x768/6869855884.jpg,0.3832934418381993,0.14485865831375122
16744,koniq10k,koniq10k/6870564661.jpg,/home/sergey/iqa-data/koniq10k/koniq10k/1024x768/6870564661.jpg,0.7222878043566159,0.4272681474685669
16745,koniq10k,koniq10k/6870596537.jpg,/home/sergey/iqa-data/koniq10k/koniq10k/1024x768/6870596537.jpg,0.6137423854175457,0.42086952924728394
16747,koniq10k,koniq10k/6873503299.jpg,/home/sergey/iqa-data/koniq10k/koniq10k/1024x768/6873503299.jpg,0.4868670260370045,0.23452800512313843
16748,koniq10k,koniq10k/6873701210.jpg,/home/sergey/iqa-data/koniq10k/koniq10k/1024x768/6873701210.jpg,0.6786491238879758,0.6760808229446411
16751,koniq10k,koniq10k/6875112664.jpg,/home/sergey/iqa-data/koniq10k/koniq10k/1024x768/6875112664.jpg,0.6571086644327426,0.4977550804615021
16752,koniq10k,koniq10k/6875194504.jpg,/home/sergey/iqa-data/koniq10k/koniq10k/1024x768/6875194504.jpg,0.5815092040558751,0.3431428074836731
16753,koniq10k,koniq10k/6875495692.jpg,/home/sergey/iqa-data/koniq10k/koniq10k/1024x768/6875495692.jpg,0.6101689119879647,0.43560823798179626
16766,koniq10k,koniq10k/6886337587.jpg,/home/sergey/iqa-data/koniq10k/koniq10k/1024x768/6886337587.jpg,0.6842531172354067,0.46645277738571167
16770,koniq10k,koniq10k/6890379430.jpg,/home/sergey/iqa-data/koniq10k/koniq10k/1024x768/6890379430.jpg,0.6832565863329622,0.4328567683696747
16776,koniq10k,koniq10k/6891623153.jpg,/home/sergey/iqa-data/koniq10k/koniq10k/1024x768/6891623153.jpg,0.6193154619435128,0.638645350933075
16778,koniq10k,koniq10k/6892058753.jpg,/home/sergey/iqa-data/koniq10k/koniq10k/1024x768/6892058753.jpg,0.7796571104373874,0.4721257984638214
16781,koniq10k,koniq10k/6893014325.jpg,/home/sergey/iqa-data/koniq10k/koniq10k/1024x768/6893014325.jpg,0.8294581595203896,0.6646047830581665
16787,koniq10k,koniq10k/6897314758.jpg,/home/sergey/iqa-data/koniq10k/koniq10k/1024x768/6897314758.jpg,0.7736432631397935,0.6264408230781555
16788,koniq10k,koniq10k/6897446719.jpg,/home/sergey/iqa-data/koniq10k/koniq10k/1024x768/6897446719.jpg,0.4006958216508229,0.22577041387557983
16807,koniq10k,koniq10k/6905574433.jpg,/home/sergey/iqa-data/koniq10k/koniq10k/1024x768/6905574433.jpg,0.473161598582695,0.29714274406433105
16808,koniq10k,koniq10k/6905808386.jpg,/home/sergey/iqa-data/koniq10k/koniq10k/1024x768/6905808386.jpg,0.6670655816179988,0.4965643286705017
16809,koniq10k,koniq10k/6905924906.jpg,/home/sergey/iqa-data/koniq10k/koniq10k/1024x768/6905924906.jpg,0.6920787109547455,0.391629159450531
16810,koniq10k,koniq10k/6906058795.jpg,/home/sergey/iqa-data/koniq10k/koniq10k/1024x768/6906058795.jpg,0.6687094122853745,0.6212652921676636
16822,koniq10k,koniq10k/6911586648.jpg,/home/sergey/iqa-data/koniq10k/koniq10k/1024x768/6911586648.jpg,0.3305267099232659,0.2726172208786011
16824,koniq10k,koniq10k/6913622130.jpg,/home/sergey/iqa-data/koniq10k/koniq10k/1024x768/6913622130.jpg,0.7626425932783568,0.6734054088592529
16833,koniq10k,koniq10k/6920118996.jpg,/home/sergey/iqa-data/koniq10k/koniq10k/1024x768/6920118996.jpg,0.7144097466655407,0.5692284107208252
16848,koniq10k,koniq10k/6930075142.jpg,/home/sergey/iqa-data/koniq10k/koniq10k/1024x768/6930075142.jpg,0.5360847067405228,0.2165517508983612
16860,koniq10k,koniq10k/6936925429.jpg,/home/sergey/iqa-data/koniq10k/koniq10k/1024x768/6936925429.jpg,0.5684538056486342,0.2870026230812073
16862,koniq10k,koniq10k/6937606166.jpg,/home/sergey/iqa-data/koniq10k/koniq10k/1024x768/6937606166.jpg,0.825753949258018,0.6289057731628418
16865,koniq10k,koniq10k/6938468092.jpg,/home/sergey/iqa-data/koniq10k/koniq10k/1024x768/6938468092.jpg,0.6873724521931931,0.5305140614509583
16872,koniq10k,koniq10k/6941715715.jpg,/home/sergey/iqa-data/koniq10k/koniq10k/1024x768/6941715715.jpg,0.7037189120820708,0.683490514755249
16873,koniq10k,koniq10k/6942312836.jpg,/home/sergey/iqa-data/koniq10k/koniq10k/1024x768/6942312836.jpg,0.8242862433050014,0.6394224166870117
16889,koniq10k,koniq10k/6951573031.jpg,/home/sergey/iqa-data/koniq10k/koniq10k/1024x768/6951573031.jpg,0.5101971693597174,0.29138481616973877
16903,koniq10k,koniq10k/6959482720.jpg,/home/sergey/iqa-data/koniq10k/koniq10k/1024x768/6959482720.jpg,0.8321768459514883,0.690313458442688
16905,koniq10k,koniq10k/6961079357.jpg,/home/sergey/iqa-data/koniq10k/koniq10k/1024x768/6961079357.jpg,0.6015402810238494,0.4182436764240265
16908,koniq10k,koniq10k/6962153786.jpg,/home/sergey/iqa-data/koniq10k/koniq10k/1024x768/6962153786.jpg,0.8078027764480603,0.637568473815918
16913,koniq10k,koniq10k/6965585396.jpg,/home/sergey/iqa-data/koniq10k/koniq10k/1024x768/6965585396.jpg,0.558832915645914,0.4775467813014984
16920,koniq10k,koniq10k/6967399980.jpg,/home/sergey/iqa-data/koniq10k/koniq10k/1024x768/6967399980.jpg,0.8116779502610029,0.6626430749893188
16926,koniq10k,koniq10k/6974364233.jpg,/home/sergey/iqa-data/koniq10k/koniq10k/1024x768/6974364233.jpg,0.7697462900909525,0.5230191349983215
16929,koniq10k,koniq10k/6974731766.jpg,/home/sergey/iqa-data/koniq10k/koniq10k/1024x768/6974731766.jpg,0.4081132329771746,0.3063044548034668
16944,koniq10k,koniq10k/6979944704.jpg,/home/sergey/iqa-data/koniq10k/koniq10k/1024x768/6979944704.jpg,0.8199918444054388,0.686116635799408
16947,koniq10k,koniq10k/6981062336.jpg,/home/sergey/iqa-data/koniq10k/koniq10k/1024x768/6981062336.jpg,0.8378860874567953,0.7242320775985718
16966,koniq10k,koniq10k/6994291070.jpg,/home/sergey/iqa-data/koniq10k/koniq10k/1024x768/6994291070.jpg,0.7237012573506473,0.6549623012542725
16969,koniq10k,koniq10k/6995068299.jpg,/home/sergey/iqa-data/koniq10k/koniq10k/1024x768/6995068299.jpg,0.698518633966773,0.4638310968875885
16975,koniq10k,koniq10k/6997268609.jpg,/home/sergey/iqa-data/koniq10k/koniq10k/1024x768/6997268609.jpg,0.3452105599871133,0.3206752836704254
16976,koniq10k,koniq10k/6998687310.jpg,/home/sergey/iqa-data/koniq10k/koniq10k/1024x768/6998687310.jpg,0.6121893903128929,0.48594334721565247
16982,koniq10k,koniq10k/7001539761.jpg,/home/sergey/iqa-data/koniq10k/koniq10k/1024x768/7001539761.jpg,0.8599226925193382,0.7571809887886047
16988,koniq10k,koniq10k/7004025487.jpg,/home/sergey/iqa-data/koniq10k/koniq10k/1024x768/7004025487.jpg,0.2582639649683069,0.17601019144058228
16995,koniq10k,koniq10k/7005672625.jpg,/home/sergey/iqa-data/koniq10k/koniq10k/1024x768/7005672625.jpg,0.7174602727639656,0.5373014211654663
16997,koniq10k,koniq10k/7005951474.jpg,/home/sergey/iqa-data/koniq10k/koniq10k/1024x768/7005951474.jpg,0.488670815382161,0.3860611319541931
16998,koniq10k,koniq10k/7005989775.jpg,/home/sergey/iqa-data/koniq10k/koniq10k/1024x768/7005989775.jpg,0.4051202950197684,0.22608473896980286
17004,koniq10k,koniq10k/7007091368.jpg,/home/sergey/iqa-data/koniq10k/koniq10k/1024x768/7007091368.jpg,0.7261556976239565,0.3473328948020935
17005,koniq10k,koniq10k/701112732.jpg,/home/sergey/iqa-data/koniq10k/koniq10k/1024x768/701112732.jpg,0.5953805648635693,0.48685064911842346
17015,koniq10k,koniq10k/7021084115.jpg,/home/sergey/iqa-data/koniq10k/koniq10k/1024x768/7021084115.jpg,0.8164193393968406,0.7193824052810669
17024,koniq10k,koniq10k/70272233.jpg,/home/sergey/iqa-data/koniq10k/koniq10k/1024x768/70272233.jpg,0.1618023219267835,0.19922298192977905
17035,koniq10k,koniq10k/7042014185.jpg,/home/sergey/iqa-data/koniq10k/koniq10k/1024x768/7042014185.jpg,0.6764842870635112,0.451638787984848
17045,koniq10k,koniq10k/7052391619.jpg,/home/sergey/iqa-data/koniq10k/koniq10k/1024x768/7052391619.jpg,0.8137865007180463,0.6228601336479187
17047,koniq10k,koniq10k/7054584681.jpg,/home/sergey/iqa-data/koniq10k/koniq10k/1024x768/7054584681.jpg,0.7316670085937684,0.5632646083831787
17057,koniq10k,koniq10k/7063436849.jpg,/home/sergey/iqa-data/koniq10k/koniq10k/1024x768/7063436849.jpg,0.6410064624222112,0.2894671857357025
17077,koniq10k,koniq10k/7090447613.jpg,/home/sergey/iqa-data/koniq10k/koniq10k/1024x768/7090447613.jpg,0.5684538056486342,0.2953585982322693
17084,koniq10k,koniq10k/7100857351.jpg,/home/sergey/iqa-data/koniq10k/koniq10k/1024x768/7100857351.jpg,0.8111204849541909,0.6710919737815857
17092,koniq10k,koniq10k/7107776883.jpg,/home/sergey/iqa-data/koniq10k/koniq10k/1024x768/7107776883.jpg,0.6070657622587299,0.45820221304893494
17093,koniq10k,koniq10k/7107867443.jpg,/home/sergey/iqa-data/koniq10k/koniq10k/1024x768/7107867443.jpg,0.5225972271309886,0.24884459376335144
17112,koniq10k,koniq10k/7131604965.jpg,/home/sergey/iqa-data/koniq10k/koniq10k/1024x768/7131604965.jpg,0.6405052484047506,0.6322276592254639
17113,koniq10k,koniq10k/7131772191.jpg,/home/sergey/iqa-data/koniq10k/koniq10k/1024x768/7131772191.jpg,0.8319770224988032,0.6986849308013916
17117,koniq10k,koniq10k/7135099747.jpg,/home/sergey/iqa-data/koniq10k/koniq10k/1024x768/7135099747.jpg,0.8155393088375383,0.6289520859718323
17123,koniq10k,koniq10k/7144832397.jpg,/home/sergey/iqa-data/koniq10k/koniq10k/1024x768/7144832397.jpg,0.7377876102235568,0.6839514374732971
17133,koniq10k,koniq10k/7155826261.jpg,/home/sergey/iqa-data/koniq10k/koniq10k/1024x768/7155826261.jpg,0.7300143609382469,0.6577163338661194
17135,koniq10k,koniq10k/7158075991.jpg,/home/sergey/iqa-data/koniq10k/koniq10k/1024x768/7158075991.jpg,0.8129150845622236,0.6749350428581238
17136,koniq10k,koniq10k/7158901982.jpg,/home/sergey/iqa-data/koniq10k/koniq10k/1024x768/7158901982.jpg,0.679995073593998,0.6504416465759277
17146,koniq10k,koniq10k/7165207702.jpg,/home/sergey/iqa-data/koniq10k/koniq10k/1024x768/7165207702.jpg,0.7325480099534668,0.5224625468254089
17160,koniq10k,koniq10k/7170927811.jpg,/home/sergey/iqa-data/koniq10k/koniq10k/1024x768/7170927811.jpg,0.4456181074270423,0.4178069531917572
17165,koniq10k,koniq10k/7173197243.jpg,/home/sergey/iqa-data/koniq10k/koniq10k/1024x768/7173197243.jpg,0.8293222251988364,0.6316616535186768
17166,koniq10k,koniq10k/7173633933.jpg,/home/sergey/iqa-data/koniq10k/koniq10k/1024x768/7173633933.jpg,0.3701360869862551,0.3310350477695465
17172,koniq10k,koniq10k/7178723916.jpg,/home/sergey/iqa-data/koniq10k/koniq10k/1024x768/7178723916.jpg,0.5381509084281589,0.3404989540576935
17175,koniq10k,koniq10k/7179446780.jpg,/home/sergey/iqa-data/koniq10k/koniq10k/1024x768/7179446780.jpg,0.7316670085937684,0.5109484791755676
17186,koniq10k,koniq10k/7188153176.jpg,/home/sergey/iqa-data/koniq10k/koniq10k/1024x768/7188153176.jpg,0.5528771265966081,0.3062046766281128
17199,koniq10k,koniq10k/7196416584.jpg,/home/sergey/iqa-data/koniq10k/koniq10k/1024x768/7196416584.jpg,0.6067939648600259,0.4712788164615631
17201,koniq10k,koniq10k/7202630536.jpg,/home/sergey/iqa-data/koniq10k/koniq10k/1024x768/7202630536.jpg,0.761559625779046,0.5824323892593384
17206,koniq10k,koniq10k/7212441932.jpg,/home/sergey/iqa-data/koniq10k/koniq10k/1024x768/7212441932.jpg,0.6812897490255088,0.5104161500930786
17213,koniq10k,koniq10k/7219282312.jpg,/home/sergey/iqa-data/koniq10k/koniq10k/1024x768/7219282312.jpg,0.6066618064918472,0.39756959676742554
17218,koniq10k,koniq10k/7224064916.jpg,/home/sergey/iqa-data/koniq10k/koniq10k/1024x768/7224064916.jpg,0.7723697425355973,0.6995269060134888
17221,koniq10k,koniq10k/7229767436.jpg,/home/sergey/iqa-data/koniq10k/koniq10k/1024x768/7229767436.jpg,0.7833939210100986,0.5312753319740295
17225,koniq10k,koniq10k/7233783308.jpg,/home/sergey/iqa-data/koniq10k/koniq10k/1024x768/7233783308.jpg,0.7057998505746605,0.5857248306274414
17234,koniq10k,koniq10k/7247521810.jpg,/home/sergey/iqa-data/koniq10k/koniq10k/1024x768/7247521810.jpg,0.3729142446830337,0.2953704297542572
17239,koniq10k,koniq10k/7253127574.jpg,/home/sergey/iqa-data/koniq10k/koniq10k/1024x768/7253127574.jpg,0.7726833480223515,0.4881402850151062
17240,koniq10k,koniq10k/7253262358.jpg,/home/sergey/iqa-data/koniq10k/koniq10k/1024x768/7253262358.jpg,0.5188432917011169,0.2491949200630188
17244,koniq10k,koniq10k/7259290306.jpg,/home/sergey/iqa-data/koniq10k/koniq10k/1024x768/7259290306.jpg,0.6483963618956436,0.46223780512809753
17246,koniq10k,koniq10k/7259602320.jpg,/home/sergey/iqa-data/koniq10k/koniq10k/1024x768/7259602320.jpg,0.6492340832934422,0.46645864844322205
17249,koniq10k,koniq10k/7260432838.jpg,/home/sergey/iqa-data/koniq10k/koniq10k/1024x768/7260432838.jpg,0.7359980852082328,0.5250529646873474
17254,koniq10k,koniq10k/7264008364.jpg,/home/sergey/iqa-data/koniq10k/koniq10k/1024x768/7264008364.jpg,0.8324215277302874,0.6585613489151001
17257,koniq10k,koniq10k/7265767786.jpg,/home/sergey/iqa-data/koniq10k/koniq10k/1024x768/7265767786.jpg,0.8029438123792012,0.7168323993682861
17263,koniq10k,koniq10k/7268981578.jpg,/home/sergey/iqa-data/koniq10k/koniq10k/1024x768/7268981578.jpg,0.3898452812124584,0.24343284964561462
17265,koniq10k,koniq10k/7269365920.jpg,/home/sergey/iqa-data/koniq10k/koniq10k/1024x768/7269365920.jpg,0.7292963140258496,0.6772925853729248
17266,koniq10k,koniq10k/7270304334.jpg,/home/sergey/iqa-data/koniq10k/koniq10k/1024x768/7270304334.jpg,0.2550632373402282,0.20673002302646637
17268,koniq10k,koniq10k/7270896820.jpg,/home/sergey/iqa-data/koniq10k/koniq10k/1024x768/7270896820.jpg,0.7330062230732416,0.5165086984634399
17276,koniq10k,koniq10k/7276523780.jpg,/home/sergey/iqa-data/koniq10k/koniq10k/1024x768/7276523780.jpg,0.8146413184709005,0.6760008335113525
17280,koniq10k,koniq10k/7281146720.jpg,/home/sergey/iqa-data/koniq10k/koniq10k/1024x768/7281146720.jpg,0.827279212307229,0.6209660172462463
17285,koniq10k,koniq10k/7287423330.jpg,/home/sergey/iqa-data/koniq10k/koniq10k/1024x768/7287423330.jpg,0.784081583806333,0.5279884934425354
17290,koniq10k,koniq10k/7292757116.jpg,/home/sergey/iqa-data/koniq10k/koniq10k/1024x768/7292757116.jpg,0.8699865776851675,0.6543899774551392
17295,koniq10k,koniq10k/7297259404.jpg,/home/sergey/iqa-data/koniq10k/koniq10k/1024x768/7297259404.jpg,0.7008642913294189,0.45137184858322144
17297,koniq10k,koniq10k/7300513490.jpg,/home/sergey/iqa-data/koniq10k/koniq10k/1024x768/7300513490.jpg,0.6467650708519433,0.45295122265815735
17301,koniq10k,koniq10k/7303973886.jpg,/home/sergey/iqa-data/koniq10k/koniq10k/1024x768/7303973886.jpg,0.7079600629145859,0.7104378938674927
17304,koniq10k,koniq10k/7310636810.jpg,/home/sergey/iqa-data/koniq10k/koniq10k/1024x768/7310636810.jpg,0.7988271900430831,0.6086685657501221
17306,koniq10k,koniq10k/7312752876.jpg,/home/sergey/iqa-data/koniq10k/koniq10k/1024x768/7312752876.jpg,0.5751023881708403,0.36287498474121094
17308,koniq10k,koniq10k/7316218852.jpg,/home/sergey/iqa-data/koniq10k/koniq10k/1024x768/7316218852.jpg,0.5385351842987081,0.2886665463447571
17313,koniq10k,koniq10k/7319806894.jpg,/home/sergey/iqa-data/koniq10k/koniq10k/1024x768/7319806894.jpg,0.7079600629145859,0.5161516666412354
17320,koniq10k,koniq10k/7328195954.jpg,/home/sergey/iqa-data/koniq10k/koniq10k/1024x768/7328195954.jpg,0.7854192152899666,0.6771934032440186
17331,koniq10k,koniq10k/7339227510.jpg,/home/sergey/iqa-data/koniq10k/koniq10k/1024x768/7339227510.jpg,0.4397472836149815,0.2162455916404724
17338,koniq10k,koniq10k/7349520418.jpg,/home/sergey/iqa-data/koniq10k/koniq10k/1024x768/7349520418.jpg,0.6101689119879647,0.7065621614456177
17342,koniq10k,koniq10k/7354160932.jpg,/home/sergey/iqa-data/koniq10k/koniq10k/1024x768/7354160932.jpg,0.7230732407850643,0.5947302579879761
17352,koniq10k,koniq10k/7361922724.jpg,/home/sergey/iqa-data/koniq10k/koniq10k/1024x768/7361922724.jpg,0.900713695112929,0.6081298589706421
17361,koniq10k,koniq10k/7376214050.jpg,/home/sergey/iqa-data/koniq10k/koniq10k/1024x768/7376214050.jpg,0.4212541886069884,0.26971435546875
17373,koniq10k,koniq10k/7391334516.jpg,/home/sergey/iqa-data/koniq10k/koniq10k/1024x768/7391334516.jpg,0.7538363575602656,0.5926377177238464
17376,koniq10k,koniq10k/7393631040.jpg,/home/sergey/iqa-data/koniq10k/koniq10k/1024x768/7393631040.jpg,0.8396447377419143,0.6108889579772949
17379,koniq10k,koniq10k/7399670298.jpg,/home/sergey/iqa-data/koniq10k/koniq10k/1024x768/7399670298.jpg,0.4620005014930808,0.20923146605491638
17389,koniq10k,koniq10k/7418763178.jpg,/home/sergey/iqa-data/koniq10k/koniq10k/1024x768/7418763178.jpg,0.5865727464287778,0.3683796226978302
17392,koniq10k,koniq10k/7425462410.jpg,/home/sergey/iqa-data/koniq10k/koniq10k/1024x768/7425462410.jpg,0.7960529178815424,0.5885592103004456
17409,koniq10k,koniq10k/7445548804.jpg,/home/sergey/iqa-data/koniq10k/koniq10k/1024x768/7445548804.jpg,0.5803050653678303,0.3929609954357147
17417,koniq10k,koniq10k/7455819414.jpg,/home/sergey/iqa-data/koniq10k/koniq10k/1024x768/7455819414.jpg,0.6950694112015315,0.4838723838329315
17421,koniq10k,koniq10k/7460005346.jpg,/home/sergey/iqa-data/koniq10k/koniq10k/1024x768/7460005346.jpg,0.6744201227207436,0.43060511350631714
17423,koniq10k,koniq10k/7461279878.jpg,/home/sergey/iqa-data/koniq10k/koniq10k/1024x768/7461279878.jpg,0.679511728099569,0.5197312235832214
17438,koniq10k,koniq10k/7480977716.jpg,/home/sergey/iqa-data/koniq10k/koniq10k/1024x768/7480977716.jpg,0.6044723400893255,0.34557974338531494
17439,koniq10k,koniq10k/7483507340.jpg,/home/sergey/iqa-data/koniq10k/koniq10k/1024x768/7483507340.jpg,0.40514579105894,0.25815650820732117
17443,koniq10k,koniq10k/7490518604.jpg,/home/sergey/iqa-data/koniq10k/koniq10k/1024x768/7490518604.jpg,0.7082437896580858,0.4876735210418701
17445,koniq10k,koniq10k/7490674084.jpg,/home/sergey/iqa-data/koniq10k/koniq10k/1024x768/7490674084.jpg,0.7449150076497798,0.45596843957901
17453,koniq10k,koniq10k/7499578096.jpg,/home/sergey/iqa-data/koniq10k/koniq10k/1024x768/7499578096.jpg,0.5775718616790888,0.5069385766983032
17454,koniq10k,koniq10k/7499781424.jpg,/home/sergey/iqa-data/koniq10k/koniq10k/1024x768/7499781424.jpg,0.7761175317422323,0.6074097156524658
17458,koniq10k,koniq10k/7505379000.jpg,/home/sergey/iqa-data/koniq10k/koniq10k/1024x768/7505379000.jpg,0.6220223848275559,0.5305811762809753
17461,koniq10k,koniq10k/7506684932.jpg,/home/sergey/iqa-data/koniq10k/koniq10k/1024x768/7506684932.jpg,0.828019631263159,0.538409948348999
17477,koniq10k,koniq10k/7533737270.jpg,/home/sergey/iqa-data/koniq10k/koniq10k/1024x768/7533737270.jpg,0.9265907841781452,0.6629829406738281
17488,koniq10k,koniq10k/7550549938.jpg,/home/sergey/iqa-data/koniq10k/koniq10k/1024x768/7550549938.jpg,0.7585387164388584,0.5638878345489502
17495,koniq10k,koniq10k/7559495698.jpg,/home/sergey/iqa-data/koniq10k/koniq10k/1024x768/7559495698.jpg,0.1887298979208966,0.18851929903030396
17512,koniq10k,koniq10k/7581184960.jpg,/home/sergey/iqa-data/koniq10k/koniq10k/1024x768/7581184960.jpg,0.7109234311244839,0.5947641134262085
17516,koniq10k,koniq10k/7586560076.jpg,/home/sergey/iqa-data/koniq10k/koniq10k/1024x768/7586560076.jpg,0.7405571132234616,0.640428900718689
17517,koniq10k,koniq10k/7587404052.jpg,/home/sergey/iqa-data/koniq10k/koniq10k/1024x768/7587404052.jpg,0.2696031280897271,0.23884838819503784
17520,koniq10k,koniq10k/7591145832.jpg,/home/sergey/iqa-data/koniq10k/koniq10k/1024x768/7591145832.jpg,0.8036306384249526,0.5787450075149536
17525,koniq10k,koniq10k/7603371702.jpg,/home/sergey/iqa-data/koniq10k/koniq10k/1024x768/7603371702.jpg,0.8166435942884002,0.7182229161262512
17527,koniq10k,koniq10k/7607759408.jpg,/home/sergey/iqa-data/koniq10k/koniq10k/1024x768/7607759408.jpg,0.3701360869862551,0.23065730929374695
17530,koniq10k,koniq10k/7613152858.jpg,/home/sergey/iqa-data/koniq10k/koniq10k/1024x768/7613152858.jpg,0.8395668454700425,0.6519860029220581
17531,koniq10k,koniq10k/7614530994.jpg,/home/sergey/iqa-data/koniq10k/koniq10k/1024x768/7614530994.jpg,0.8854169087267089,0.7799252271652222
17533,koniq10k,koniq10k/7617788578.jpg,/home/sergey/iqa-data/koniq10k/koniq10k/1024x768/7617788578.jpg,0.663509539766122,0.4515368938446045
17535,koniq10k,koniq10k/7618408824.jpg,/home/sergey/iqa-data/koniq10k/koniq10k/1024x768/7618408824.jpg,0.6990699582848924,0.3950066566467285
17537,koniq10k,koniq10k/7622984342.jpg,/home/sergey/iqa-data/koniq10k/koniq10k/1024x768/7622984342.jpg,0.7803131916829773,0.6003795266151428
17544,koniq10k,koniq10k/7628564828.jpg,/home/sergey/iqa-data/koniq10k/koniq10k/1024x768/7628564828.jpg,0.7449736716132134,0.5341073274612427
17553,koniq10k,koniq10k/7640299878.jpg,/home/sergey/iqa-data/koniq10k/koniq10k/1024x768/7640299878.jpg,0.7890613004326335,0.5020047426223755
17554,koniq10k,koniq10k/7641363622.jpg,/home/sergey/iqa-data/koniq10k/koniq10k/1024x768/7641363622.jpg,0.6989876425012842,0.6150197386741638
17564,koniq10k,koniq10k/7660049550.jpg,/home/sergey/iqa-data/koniq10k/koniq10k/1024x768/7660049550.jpg,0.6998781496148669,0.5453876852989197
17573,koniq10k,koniq10k/7670929454.jpg,/home/sergey/iqa-data/koniq10k/koniq10k/1024x768/7670929454.jpg,0.7909343727917213,0.665870189666748
17578,koniq10k,koniq10k/7673801638.jpg,/home/sergey/iqa-data/koniq10k/koniq10k/1024x768/7673801638.jpg,0.872735071496618,0.7270898818969727
17582,koniq10k,koniq10k/7678256566.jpg,/home/sergey/iqa-data/koniq10k/koniq10k/1024x768/7678256566.jpg,0.8766156055528966,0.6186450719833374
17589,koniq10k,koniq10k/7690007638.jpg,/home/sergey/iqa-data/koniq10k/koniq10k/1024x768/7690007638.jpg,0.6320455420080915,0.5245507955551147
17594,koniq10k,koniq10k/7697492926.jpg,/home/sergey/iqa-data/koniq10k/koniq10k/1024x768/7697492926.jpg,0.6936371165667492,0.6143675446510315
17599,koniq10k,koniq10k/7705365342.jpg,/home/sergey/iqa-data/koniq10k/koniq10k/1024x768/7705365342.jpg,0.6646769272427472,0.509868860244751
17604,koniq10k,koniq10k/7714653298.jpg,/home/sergey/iqa-data/koniq10k/koniq10k/1024x768/7714653298.jpg,0.4916341835920588,0.3676549196243286
17606,koniq10k,koniq10k/7717158358.jpg,/home/sergey/iqa-data/koniq10k/koniq10k/1024x768/7717158358.jpg,0.825753949258018,0.7047116756439209
17608,koniq10k,koniq10k/7721291102.jpg,/home/sergey/iqa-data/koniq10k/koniq10k/1024x768/7721291102.jpg,0.7761175317422323,0.670422375202179
17618,koniq10k,koniq10k/7734376776.jpg,/home/sergey/iqa-data/koniq10k/koniq10k/1024x768/7734376776.jpg,0.8133950421209465,0.655726432800293
17620,koniq10k,koniq10k/7736222330.jpg,/home/sergey/iqa-data/koniq10k/koniq10k/1024x768/7736222330.jpg,0.6246782336949154,0.37535324692726135
17622,koniq10k,koniq10k/7736819994.jpg,/home/sergey/iqa-data/koniq10k/koniq10k/1024x768/7736819994.jpg,0.6502137195677308,0.5997582674026489
17623,koniq10k,koniq10k/7737023436.jpg,/home/sergey/iqa-data/koniq10k/koniq10k/1024x768/7737023436.jpg,0.5496813373506425,0.2956167459487915
17626,koniq10k,koniq10k/7739550292.jpg,/home/sergey/iqa-data/koniq10k/koniq10k/1024x768/7739550292.jpg,0.6167929115159705,0.4683831036090851
17629,koniq10k,koniq10k/7743542184.jpg,/home/sergey/iqa-data/koniq10k/koniq10k/1024x768/7743542184.jpg,0.862446598083403,0.7242488861083984
17631,koniq10k,koniq10k/7744113492.jpg,/home/sergey/iqa-data/koniq10k/koniq10k/1024x768/7744113492.jpg,0.5686817570493955,0.4260486662387848
17635,koniq10k,koniq10k/7745091164.jpg,/home/sergey/iqa-data/koniq10k/koniq10k/1024x768/7745091164.jpg,0.8211781601103826,0.5310155153274536
17638,koniq10k,koniq10k/7749694370.jpg,/home/sergey/iqa-data/koniq10k/koniq10k/1024x768/7749694370.jpg,0.7537276386007838,0.579765260219574
17640,koniq10k,koniq10k/7751327300.jpg,/home/sergey/iqa-data/koniq10k/koniq10k/1024x768/7751327300.jpg,0.8333802645040788,0.6066038608551025
17644,koniq10k,koniq10k/7751952772.jpg,/home/sergey/iqa-data/koniq10k/koniq10k/1024x768/7751952772.jpg,0.7713708977069088,0.6122559309005737
17646,koniq10k,koniq10k/7755707532.jpg,/home/sergey/iqa-data/koniq10k/koniq10k/1024x768/7755707532.jpg,0.7857269005005412,0.5984688401222229
17653,koniq10k,koniq10k/7762883720.jpg,/home/sergey/iqa-data/koniq10k/koniq10k/1024x768/7762883720.jpg,0.7676014444594212,0.5109354257583618
17654,koniq10k,koniq10k/7763162224.jpg,/home/sergey/iqa-data/koniq10k/koniq10k/1024x768/7763162224.jpg,0.5801865983348816,0.3733904957771301
17660,koniq10k,koniq10k/7769931466.jpg,/home/sergey/iqa-data/koniq10k/koniq10k/1024x768/7769931466.jpg,0.5101971693597174,0.6106781363487244
17661,koniq10k,koniq10k/7769932398.jpg,/home/sergey/iqa-data/koniq10k/koniq10k/1024x768/7769932398.jpg,0.7710139531585185,0.6407129168510437
17665,koniq10k,koniq10k/7780172596.jpg,/home/sergey/iqa-data/koniq10k/koniq10k/1024x768/7780172596.jpg,0.791270424856761,0.6715795993804932
17666,koniq10k,koniq10k/7783320848.jpg,/home/sergey/iqa-data/koniq10k/koniq10k/1024x768/7783320848.jpg,0.7821924365725227,0.6805077791213989
17669,koniq10k,koniq10k/7786382886.jpg,/home/sergey/iqa-data/koniq10k/koniq10k/1024x768/7786382886.jpg,0.6639540449976062,0.579861044883728
17672,koniq10k,koniq10k/7788745946.jpg,/home/sergey/iqa-data/koniq10k/koniq10k/1024x768/7788745946.jpg,0.8146413184709005,0.5222094058990479
17674,koniq10k,koniq10k/7793934458.jpg,/home/sergey/iqa-data/koniq10k/koniq10k/1024x768/7793934458.jpg,0.6320455420080915,0.47249993681907654
17676,koniq10k,koniq10k/7795515978.jpg,/home/sergey/iqa-data/koniq10k/koniq10k/1024x768/7795515978.jpg,0.619924425032937,0.5026447176933289
17691,koniq10k,koniq10k/7816938468.jpg,/home/sergey/iqa-data/koniq10k/koniq10k/1024x768/7816938468.jpg,0.6517907654815261,0.4602199196815491
17692,koniq10k,koniq10k/7819211312.jpg,/home/sergey/iqa-data/koniq10k/koniq10k/1024x768/7819211312.jpg,0.5466308112522177,0.31371045112609863
17694,koniq10k,koniq10k/7819666996.jpg,/home/sergey/iqa-data/koniq10k/koniq10k/1024x768/7819666996.jpg,0.823531423100594,0.6539977788925171
17696,koniq10k,koniq10k/7822391242.jpg,/home/sergey/iqa-data/koniq10k/koniq10k/1024x768/7822391242.jpg,0.6398025940869395,0.6445886492729187
17704,koniq10k,koniq10k/7839484666.jpg,/home/sergey/iqa-data/koniq10k/koniq10k/1024x768/7839484666.jpg,0.7587480863931277,0.5667542219161987
17705,koniq10k,koniq10k/7840986296.jpg,/home/sergey/iqa-data/koniq10k/koniq10k/1024x768/7840986296.jpg,0.7761175317422323,0.6157782077789307
17711,koniq10k,koniq10k/7843258130.jpg,/home/sergey/iqa-data/koniq10k/koniq10k/1024x768/7843258130.jpg,0.7790808999521301,0.5677291750907898
17715,koniq10k,koniq10k/7845980046.jpg,/home/sergey/iqa-data/koniq10k/koniq10k/1024x768/7845980046.jpg,0.8406830391033365,0.7226035594940186
17726,koniq10k,koniq10k/7866480612.jpg,/home/sergey/iqa-data/koniq10k/koniq10k/1024x768/7866480612.jpg,0.7697462900909525,0.6684792041778564
17736,koniq10k,koniq10k/7875422248.jpg,/home/sergey/iqa-data/koniq10k/koniq10k/1024x768/7875422248.jpg,0.8319494867764994,0.6449007987976074
17742,koniq10k,koniq10k/7887126684.jpg,/home/sergey/iqa-data/koniq10k/koniq10k/1024x768/7887126684.jpg,0.8407132599329812,0.7110748291015625
17748,koniq10k,koniq10k/7897296676.jpg,/home/sergey/iqa-data/koniq10k/koniq10k/1024x768/7897296676.jpg,0.7102041669958684,0.5327158570289612
17757,koniq10k,koniq10k/7904253618.jpg,/home/sergey/iqa-data/koniq10k/koniq10k/1024x768/7904253618.jpg,0.4697223551938718,0.3623443841934204
17758,koniq10k,koniq10k/7904310752.jpg,/home/sergey/iqa-data/koniq10k/koniq10k/1024x768/7904310752.jpg,0.7348796320736581,0.6181989312171936
17763,koniq10k,koniq10k/7909059554.jpg,/home/sergey/iqa-data/koniq10k/koniq10k/1024x768/7909059554.jpg,0.7168501675442794,0.46766188740730286
17766,koniq10k,koniq10k/7911673358.jpg,/home/sergey/iqa-data/koniq10k/koniq10k/1024x768/7911673358.jpg,0.8038523565416639,0.45923706889152527
17769,koniq10k,koniq10k/7914531096.jpg,/home/sergey/iqa-data/koniq10k/koniq10k/1024x768/7914531096.jpg,0.8437051220679758,0.6790375709533691
17774,koniq10k,koniq10k/7919265884.jpg,/home/sergey/iqa-data/koniq10k/koniq10k/1024x768/7919265884.jpg,0.2723449360596308,0.36000457406044006
17775,koniq10k,koniq10k/7919270808.jpg,/home/sergey/iqa-data/koniq10k/koniq10k/1024x768/7919270808.jpg,0.4195255571512134,0.3713309168815613
17782,koniq10k,koniq10k/7926649668.jpg,/home/sergey/iqa-data/koniq10k/koniq10k/1024x768/7926649668.jpg,0.5178414711983411,0.2622995376586914
17786,koniq10k,koniq10k/7929526740.jpg,/home/sergey/iqa-data/koniq10k/koniq10k/1024x768/7929526740.jpg,0.8133950421209465,0.610028862953186
17787,koniq10k,koniq10k/7931367844.jpg,/home/sergey/iqa-data/koniq10k/koniq10k/1024x768/7931367844.jpg,0.8825993298228825,0.7076964378356934
17790,koniq10k,koniq10k/7935628474.jpg,/home/sergey/iqa-data/koniq10k/koniq10k/1024x768/7935628474.jpg,0.8671009448893595,0.7090113162994385
17791,koniq10k,koniq10k/7937116986.jpg,/home/sergey/iqa-data/koniq10k/koniq10k/1024x768/7937116986.jpg,0.7710710037016133,0.6613386869430542
17796,koniq10k,koniq10k/7946144914.jpg,/home/sergey/iqa-data/koniq10k/koniq10k/1024x768/7946144914.jpg,0.5841279860372708,0.32896363735198975
17798,koniq10k,koniq10k/7946509460.jpg,/home/sergey/iqa-data/koniq10k/koniq10k/1024x768/7946509460.jpg,0.6217890487480355,0.540428102016449
17800,koniq10k,koniq10k/7946918290.jpg,/home/sergey/iqa-data/koniq10k/koniq10k/1024x768/7946918290.jpg,0.3590234561991376,0.21835166215896606
17802,koniq10k,koniq10k/7951947544.jpg,/home/sergey/iqa-data/koniq10k/koniq10k/1024x768/7951947544.jpg,0.5511132169478605,0.3938353955745697
17809,koniq10k,koniq10k/7956634196.jpg,/home/sergey/iqa-data/koniq10k/koniq10k/1024x768/7956634196.jpg,0.549569391438773,0.42742404341697693
17817,koniq10k,koniq10k/7967382050.jpg,/home/sergey/iqa-data/koniq10k/koniq10k/1024x768/7967382050.jpg,0.3642093505664596,0.23074960708618164
17836,koniq10k,koniq10k/7980394491.jpg,/home/sergey/iqa-data/koniq10k/koniq10k/1024x768/7980394491.jpg,0.6361045064861607,0.49008461833000183
17845,koniq10k,koniq10k/7987564601.jpg,/home/sergey/iqa-data/koniq10k/koniq10k/1024x768/7987564601.jpg,0.6407232521715678,0.45080330967903137
17846,koniq10k,koniq10k/7987926613.jpg,/home/sergey/iqa-data/koniq10k/koniq10k/1024x768/7987926613.jpg,0.7290636757738581,0.5749233961105347
17851,koniq10k,koniq10k/7991449337.jpg,/home/sergey/iqa-data/koniq10k/koniq10k/1024x768/7991449337.jpg,0.8783986345020336,0.699771523475647
17855,koniq10k,koniq10k/7993457702.jpg,/home/sergey/iqa-data/koniq10k/koniq10k/1024x768/7993457702.jpg,0.5893968405935864,0.4263295531272888
17856,koniq10k,koniq10k/7994018610.jpg,/home/sergey/iqa-data/koniq10k/koniq10k/1024x768/7994018610.jpg,0.8229757915612397,0.5574884414672852
17878,koniq10k,koniq10k/8008251007.jpg,/home/sergey/iqa-data/koniq10k/koniq10k/1024x768/8008251007.jpg,0.367298819551245,0.31112271547317505
17881,koniq10k,koniq10k/8009623425.jpg,/home/sergey/iqa-data/koniq10k/koniq10k/1024x768/8009623425.jpg,0.7978675361507277,0.3935922384262085
17886,koniq10k,koniq10k/8015637389.jpg,/home/sergey/iqa-data/koniq10k/koniq10k/1024x768/8015637389.jpg,0.7587480863931277,0.5835301876068115
17890,koniq10k,koniq10k/8016871394.jpg,/home/sergey/iqa-data/koniq10k/koniq10k/1024x768/8016871394.jpg,0.8046711076712475,0.6712055802345276
17892,koniq10k,koniq10k/8017805417.jpg,/home/sergey/iqa-data/koniq10k/koniq10k/1024x768/8017805417.jpg,0.8030656614009882,0.7223033905029297
17894,koniq10k,koniq10k/8019221019.jpg,/home/sergey/iqa-data/koniq10k/koniq10k/1024x768/8019221019.jpg,0.479039868699994,0.21589607000350952
17896,koniq10k,koniq10k/8020739978.jpg,/home/sergey/iqa-data/koniq10k/koniq10k/1024x768/8020739978.jpg,0.7761175317422323,0.6123533844947815
17898,koniq10k,koniq10k/8021300262.jpg,/home/sergey/iqa-data/koniq10k/koniq10k/1024x768/8021300262.jpg,0.807603318972396,0.6870391964912415
17902,koniq10k,koniq10k/8022493551.jpg,/home/sergey/iqa-data/koniq10k/koniq10k/1024x768/8022493551.jpg,0.6364198813190369,0.5865716338157654
17905,koniq10k,koniq10k/8025466958.jpg,/home/sergey/iqa-data/koniq10k/koniq10k/1024x768/8025466958.jpg,0.6961065900749948,0.506900429725647
17906,koniq10k,koniq10k/8026326591.jpg,/home/sergey/iqa-data/koniq10k/koniq10k/1024x768/8026326591.jpg,0.807084729535663,0.49546995759010315
17913,koniq10k,koniq10k/8035433785.jpg,/home/sergey/iqa-data/koniq10k/koniq10k/1024x768/8035433785.jpg,0.8203626729355551,0.7605319619178772
17915,koniq10k,koniq10k/8036033409.jpg,/home/sergey/iqa-data/koniq10k/koniq10k/1024x768/8036033409.jpg,0.7116158068744608,0.6154675483703613
17925,koniq10k,koniq10k/8041921391.jpg,/home/sergey/iqa-data/koniq10k/koniq10k/1024x768/8041921391.jpg,0.7917687191809164,0.5849612355232239
17934,koniq10k,koniq10k/8044678667.jpg,/home/sergey/iqa-data/koniq10k/koniq10k/1024x768/8044678667.jpg,0.8502818280223741,0.7191715240478516
17936,koniq10k,koniq10k/8044706176.jpg,/home/sergey/iqa-data/koniq10k/koniq10k/1024x768/8044706176.jpg,0.4211114575693557,0.20294201374053955
17940,koniq10k,koniq10k/8048106336.jpg,/home/sergey/iqa-data/koniq10k/koniq10k/1024x768/8048106336.jpg,0.7773196528085119,0.6052091121673584
17945,koniq10k,koniq10k/8050953362.jpg,/home/sergey/iqa-data/koniq10k/koniq10k/1024x768/8050953362.jpg,0.7825381628636768,0.6662825345993042
17954,koniq10k,koniq10k/8059797614.jpg,/home/sergey/iqa-data/koniq10k/koniq10k/1024x768/8059797614.jpg,0.6761608425083772,0.5634505748748779
17956,koniq10k,koniq10k/8060465172.jpg,/home/sergey/iqa-data/koniq10k/koniq10k/1024x768/8060465172.jpg,0.7032949585049467,0.5356743931770325
17960,koniq10k,koniq10k/8064361291.jpg,/home/sergey/iqa-data/koniq10k/koniq10k/1024x768/8064361291.jpg,0.4141550516575498,0.31554412841796875
17962,koniq10k,koniq10k/8066151099.jpg,/home/sergey/iqa-data/koniq10k/koniq10k/1024x768/8066151099.jpg,0.6201702796963671,0.36734136939048767
17969,koniq10k,koniq10k/8072879274.jpg,/home/sergey/iqa-data/koniq10k/koniq10k/1024x768/8072879274.jpg,0.7510160598466296,0.5746660828590393
17992,koniq10k,koniq10k/8086991348.jpg,/home/sergey/iqa-data/koniq10k/koniq10k/1024x768/8086991348.jpg,0.8096091837748493,0.5568567514419556
17993,koniq10k,koniq10k/8087032429.jpg,/home/sergey/iqa-data/koniq10k/koniq10k/1024x768/8087032429.jpg,0.6398025940869395,0.4081810712814331
18001,koniq10k,koniq10k/8091151386.jpg,/home/sergey/iqa-data/koniq10k/koniq10k/1024x768/8091151386.jpg,0.2812350406893242,0.21335718035697937
18002,koniq10k,koniq10k/8093852043.jpg,/home/sergey/iqa-data/koniq10k/koniq10k/1024x768/8093852043.jpg,0.5479381795801139,0.3612556457519531
18003,koniq10k,koniq10k/8094310910.jpg,/home/sergey/iqa-data/koniq10k/koniq10k/1024x768/8094310910.jpg,0.8176046866807984,0.7165559530258179
18010,koniq10k,koniq10k/8100313754.jpg,/home/sergey/iqa-data/koniq10k/koniq10k/1024x768/8100313754.jpg,0.9475735433582906,0.6666954159736633
18011,koniq10k,koniq10k/81006585.jpg,/home/sergey/iqa-data/koniq10k/koniq10k/1024x768/81006585.jpg,0.241963219266894,0.19167092442512512
18012,koniq10k,koniq10k/8100783568.jpg,/home/sergey/iqa-data/koniq10k/koniq10k/1024x768/8100783568.jpg,0.6679961346259675,0.46335476636886597
18013,koniq10k,koniq10k/8101870815.jpg,/home/sergey/iqa-data/koniq10k/koniq10k/1024x768/8101870815.jpg,0.700339973231991,0.38551294803619385
18025,koniq10k,koniq10k/8108582186.jpg,/home/sergey/iqa-data/koniq10k/koniq10k/1024x768/8108582186.jpg,0.7168501675442794,0.6140302419662476
18041,koniq10k,koniq10k/8114369605.jpg,/home/sergey/iqa-data/koniq10k/koniq10k/1024x768/8114369605.jpg,0.8616562948779335,0.5671630501747131
18044,koniq10k,koniq10k/8116678978.jpg,/home/sergey/iqa-data/koniq10k/koniq10k/1024x768/8116678978.jpg,0.8521869059846539,0.4796467125415802
18046,koniq10k,koniq10k/8118290739.jpg,/home/sergey/iqa-data/koniq10k/koniq10k/1024x768/8118290739.jpg,0.644247646401788,0.5457746386528015
18047,koniq10k,koniq10k/8120535413.jpg,/home/sergey/iqa-data/koniq10k/koniq10k/1024x768/8120535413.jpg,0.499333401931791,0.3169156312942505
18048,koniq10k,koniq10k/8120735257.jpg,/home/sergey/iqa-data/koniq10k/koniq10k/1024x768/8120735257.jpg,0.7825381628636768,0.6515851020812988
18066,koniq10k,koniq10k/8129206186.jpg,/home/sergey/iqa-data/koniq10k/koniq10k/1024x768/8129206186.jpg,0.7786094550096468,0.6637159585952759
18077,koniq10k,koniq10k/8135725807.jpg,/home/sergey/iqa-data/koniq10k/koniq10k/1024x768/8135725807.jpg,0.7820442681620279,0.6567504405975342
18078,koniq10k,koniq10k/8136167992.jpg,/home/sergey/iqa-data/koniq10k/koniq10k/1024x768/8136167992.jpg,0.6767200690756662,0.48348528146743774
18079,koniq10k,koniq10k/8137649050.jpg,/home/sergey/iqa-data/koniq10k/koniq10k/1024x768/8137649050.jpg,0.7536228730580099,0.6484225392341614
18081,koniq10k,koniq10k/8137767984.jpg,/home/sergey/iqa-data/koniq10k/koniq10k/1024x768/8137767984.jpg,0.147011892358665,0.14608708024024963
18096,koniq10k,koniq10k/8152535252.jpg,/home/sergey/iqa-data/koniq10k/koniq10k/1024x768/8152535252.jpg,0.1974629009095249,0.24575380980968475
18101,koniq10k,koniq10k/8154496951.jpg,/home/sergey/iqa-data/koniq10k/koniq10k/1024x768/8154496951.jpg,0.570163441154346,0.25467410683631897
18108,koniq10k,koniq10k/8157886874.jpg,/home/sergey/iqa-data/koniq10k/koniq10k/1024x768/8157886874.jpg,0.7577766852539465,0.5419319868087769
18109,koniq10k,koniq10k/8158011851.jpg,/home/sergey/iqa-data/koniq10k/koniq10k/1024x768/8158011851.jpg,0.7731541635323346,0.624995231628418
18118,koniq10k,koniq10k/8163644568.jpg,/home/sergey/iqa-data/koniq10k/koniq10k/1024x768/8163644568.jpg,0.1919224154743523,0.17796683311462402
18119,koniq10k,koniq10k/8164370728.jpg,/home/sergey/iqa-data/koniq10k/koniq10k/1024x768/8164370728.jpg,0.6133317376735269,0.46761354804039
18124,koniq10k,koniq10k/8167486220.jpg,/home/sergey/iqa-data/koniq10k/koniq10k/1024x768/8167486220.jpg,0.8057512138412104,0.6588899493217468
18133,koniq10k,koniq10k/8175828572.jpg,/home/sergey/iqa-data/koniq10k/koniq10k/1024x768/8175828572.jpg,0.7950667761669904,0.7089977264404297
18138,koniq10k,koniq10k/8177168382.jpg,/home/sergey/iqa-data/koniq10k/koniq10k/1024x768/8177168382.jpg,0.4825697631853113,0.2337595522403717
18139,koniq10k,koniq10k/8178464033.jpg,/home/sergey/iqa-data/koniq10k/koniq10k/1024x768/8178464033.jpg,0.8347295356629956,0.6632481217384338
18142,koniq10k,koniq10k/8178834291.jpg,/home/sergey/iqa-data/koniq10k/koniq10k/1024x768/8178834291.jpg,0.5466308112522177,0.3685997724533081
18144,koniq10k,koniq10k/8179397976.jpg,/home/sergey/iqa-data/koniq10k/koniq10k/1024x768/8179397976.jpg,0.7815213208308686,0.5854514837265015
18151,koniq10k,koniq10k/8183741020.jpg,/home/sergey/iqa-data/koniq10k/koniq10k/1024x768/8183741020.jpg,0.749447217853152,0.580751895904541
18157,koniq10k,koniq10k/8185021640.jpg,/home/sergey/iqa-data/koniq10k/koniq10k/1024x768/8185021640.jpg,0.8396447377419143,0.5998963713645935
18163,koniq10k,koniq10k/8188022955.jpg,/home/sergey/iqa-data/koniq10k/koniq10k/1024x768/8188022955.jpg,0.6912599598251618,0.49736663699150085
18167,koniq10k,koniq10k/8189726942.jpg,/home/sergey/iqa-data/koniq10k/koniq10k/1024x768/8189726942.jpg,0.6796280472255645,0.39992398023605347
18169,koniq10k,koniq10k/8192678214.jpg,/home/sergey/iqa-data/koniq10k/koniq10k/1024x768/8192678214.jpg,0.805586582273994,0.7176262736320496
18179,koniq10k,koniq10k/8197822329.jpg,/home/sergey/iqa-data/koniq10k/koniq10k/1024x768/8197822329.jpg,0.3990505049566146,0.32804280519485474
18189,koniq10k,koniq10k/8206370859.jpg,/home/sergey/iqa-data/koniq10k/koniq10k/1024x768/8206370859.jpg,0.8501119379530109,0.7025870084762573
18202,koniq10k,koniq10k/8212081020.jpg,/home/sergey/iqa-data/koniq10k/koniq10k/1024x768/8212081020.jpg,0.5175921493537559,0.26258137822151184
18205,koniq10k,koniq10k/8213296844.jpg,/home/sergey/iqa-data/koniq10k/koniq10k/1024x768/8213296844.jpg,0.5181685631595826,0.30135443806648254
18229,koniq10k,koniq10k/8228841274.jpg,/home/sergey/iqa-data/koniq10k/koniq10k/1024x768/8228841274.jpg,0.6808819460608424,0.4774664342403412
18234,koniq10k,koniq10k/8230377264.jpg,/home/sergey/iqa-data/koniq10k/koniq10k/1024x768/8230377264.jpg,0.4176639540449974,0.22796882688999176
18235,koniq10k,koniq10k/8230394579.jpg,/home/sergey/iqa-data/koniq10k/koniq10k/1024x768/8230394579.jpg,0.7265558781033022,0.5400422811508179
18242,koniq10k,koniq10k/8232391054.jpg,/home/sergey/iqa-data/koniq10k/koniq10k/1024x768/8232391054.jpg,0.6575828033463266,0.6563009023666382
18247,koniq10k,koniq10k/8236704145.jpg,/home/sergey/iqa-data/koniq10k/koniq10k/1024x768/8236704145.jpg,0.7647544004049979,0.649327278137207
18251,koniq10k,koniq10k/8239827069.jpg,/home/sergey/iqa-data/koniq10k/koniq10k/1024x768/8239827069.jpg,0.6243764623774741,0.3525477945804596
18252,koniq10k,koniq10k/8240021404.jpg,/home/sergey/iqa-data/koniq10k/koniq10k/1024x768/8240021404.jpg,0.6461334261717209,0.6397354006767273
18262,koniq10k,koniq10k/8244040268.jpg,/home/sergey/iqa-data/koniq10k/koniq10k/1024x768/8244040268.jpg,0.8019411689999113,0.7186217308044434
18265,koniq10k,koniq10k/8246184591.jpg,/home/sergey/iqa-data/koniq10k/koniq10k/1024x768/8246184591.jpg,0.5443429166783997,0.2902436852455139
18268,koniq10k,koniq10k/8247215463.jpg,/home/sergey/iqa-data/koniq10k/koniq10k/1024x768/8247215463.jpg,0.78647465033722,0.6828303337097168
18270,koniq10k,koniq10k/8248519358.jpg,/home/sergey/iqa-data/koniq10k/koniq10k/1024x768/8248519358.jpg,0.825753949258018,0.6664409041404724
18275,koniq10k,koniq10k/8252742940.jpg,/home/sergey/iqa-data/koniq10k/koniq10k/1024x768/8252742940.jpg,0.9323528890307246,0.7421217560768127
18279,koniq10k,koniq10k/8256076417.jpg,/home/sergey/iqa-data/koniq10k/koniq10k/1024x768/8256076417.jpg,0.6312829104834845,0.5098727345466614
18282,koniq10k,koniq10k/8257636356.jpg,/home/sergey/iqa-data/koniq10k/koniq10k/1024x768/8257636356.jpg,0.776540870057933,0.6006977558135986
18284,koniq10k,koniq10k/8258234240.jpg,/home/sergey/iqa-data/koniq10k/koniq10k/1024x768/8258234240.jpg,0.7979723722902289,0.5289338231086731
18286,koniq10k,koniq10k/8259557757.jpg,/home/sergey/iqa-data/koniq10k/koniq10k/1024x768/8259557757.jpg,0.6883829176130278,0.4753384590148926
18287,koniq10k,koniq10k/8260840073.jpg,/home/sergey/iqa-data/koniq10k/koniq10k/1024x768/8260840073.jpg,0.5487690304800845,0.5121465921401978
18288,koniq10k,koniq10k/8261560586.jpg,/home/sergey/iqa-data/koniq10k/koniq10k/1024x768/8261560586.jpg,0.7433444397575242,0.4965830147266388
18292,koniq10k,koniq10k/8263016549.jpg,/home/sergey/iqa-data/koniq10k/koniq10k/1024x768/8263016549.jpg,0.5863468840482026,0.35990840196609497
18295,koniq10k,koniq10k/8266041849.jpg,/home/sergey/iqa-data/koniq10k/koniq10k/1024x768/8266041849.jpg,0.7766641724799811,0.6332789063453674
18298,koniq10k,koniq10k/8267105534.jpg,/home/sergey/iqa-data/koniq10k/koniq10k/1024x768/8267105534.jpg,0.8695983289090037,0.6595398187637329
18299,koniq10k,koniq10k/8267153015.jpg,/home/sergey/iqa-data/koniq10k/koniq10k/1024x768/8267153015.jpg,0.7998244774214148,0.7436680793762207
18301,koniq10k,koniq10k/8267353806.jpg,/home/sergey/iqa-data/koniq10k/koniq10k/1024x768/8267353806.jpg,0.7479655337482046,0.6135147213935852
18304,koniq10k,koniq10k/8268756631.jpg,/home/sergey/iqa-data/koniq10k/koniq10k/1024x768/8268756631.jpg,0.7998244774214148,0.5783889293670654
18321,koniq10k,koniq10k/8281818195.jpg,/home/sergey/iqa-data/koniq10k/koniq10k/1024x768/8281818195.jpg,0.399524862621603,0.246271550655365
18322,koniq10k,koniq10k/8282376526.jpg,/home/sergey/iqa-data/koniq10k/koniq10k/1024x768/8282376526.jpg,0.6546194351364286,0.44358354806900024
18328,koniq10k,koniq10k/8283511236.jpg,/home/sergey/iqa-data/koniq10k/koniq10k/1024x768/8283511236.jpg,0.8835600194992551,0.6739585399627686
18330,koniq10k,koniq10k/8285094496.jpg,/home/sergey/iqa-data/koniq10k/koniq10k/1024x768/8285094496.jpg,0.6796280472255645,0.4563169777393341
18335,koniq10k,koniq10k/8288373596.jpg,/home/sergey/iqa-data/koniq10k/koniq10k/1024x768/8288373596.jpg,0.8791381559804389,0.6939370036125183
18338,koniq10k,koniq10k/8292084929.jpg,/home/sergey/iqa-data/koniq10k/koniq10k/1024x768/8292084929.jpg,0.7978675361507277,0.5811956524848938
18343,koniq10k,koniq10k/8296218747.jpg,/home/sergey/iqa-data/koniq10k/koniq10k/1024x768/8296218747.jpg,0.6142666945907129,0.6071844100952148
18345,koniq10k,koniq10k/8297923368.jpg,/home/sergey/iqa-data/koniq10k/koniq10k/1024x768/8297923368.jpg,0.7516405770006376,0.5911924839019775
18355,koniq10k,koniq10k/8303933730.jpg,/home/sergey/iqa-data/koniq10k/koniq10k/1024x768/8303933730.jpg,0.6574481047913311,0.4896242618560791
18374,koniq10k,koniq10k/8310619532.jpg,/home/sergey/iqa-data/koniq10k/koniq10k/1024x768/8310619532.jpg,0.6503486985986344,0.3611411154270172
18377,koniq10k,koniq10k/8314966745.jpg,/home/sergey/iqa-data/koniq10k/koniq10k/1024x768/8314966745.jpg,0.3212845219419019,0.2302238643169403
18380,koniq10k,koniq10k/8318268016.jpg,/home/sergey/iqa-data/koniq10k/koniq10k/1024x768/8318268016.jpg,0.7364413240430462,0.5945515632629395
18381,koniq10k,koniq10k/8319445883.jpg,/home/sergey/iqa-data/koniq10k/koniq10k/1024x768/8319445883.jpg,0.793224248226643,0.6420087814331055
18384,koniq10k,koniq10k/8320423007.jpg,/home/sergey/iqa-data/koniq10k/koniq10k/1024x768/8320423007.jpg,0.395870600387997,0.29432064294815063
18387,koniq10k,koniq10k/8321029602.jpg,/home/sergey/iqa-data/koniq10k/koniq10k/1024x768/8321029602.jpg,0.661201531833414,0.5256081223487854
18400,koniq10k,koniq10k/8329144701.jpg,/home/sergey/iqa-data/koniq10k/koniq10k/1024x768/8329144701.jpg,0.629357454654034,0.36812859773635864
18403,koniq10k,koniq10k/8329986781.jpg,/home/sergey/iqa-data/koniq10k/koniq10k/1024x768/8329986781.jpg,0.7090713259932979,0.6716512441635132
18423,koniq10k,koniq10k/8341991106.jpg,/home/sergey/iqa-data/koniq10k/koniq10k/1024x768/8341991106.jpg,0.8472383687797765,0.6591863036155701
18424,koniq10k,koniq10k/8342894979.jpg,/home/sergey/iqa-data/koniq10k/koniq10k/1024x768/8342894979.jpg,0.5248742288898723,0.3203189969062805
18425,koniq10k,koniq10k/8343118972.jpg,/home/sergey/iqa-data/koniq10k/koniq10k/1024x768/8343118972.jpg,0.8590918416193677,0.7500255703926086
18426,koniq10k,koniq10k/8343579007.jpg,/home/sergey/iqa-data/koniq10k/koniq10k/1024x768/8343579007.jpg,0.6825360253754631,0.37301668524742126
18436,koniq10k,koniq10k/8350531104.jpg,/home/sergey/iqa-data/koniq10k/koniq10k/1024x768/8350531104.jpg,0.7405571132234616,0.6077314615249634
18440,koniq10k,koniq10k/8351568109.jpg,/home/sergey/iqa-data/koniq10k/koniq10k/1024x768/8351568109.jpg,0.6641933939684054,0.3721456527709961
18448,koniq10k,koniq10k/8353276755.jpg,/home/sergey/iqa-data/koniq10k/koniq10k/1024x768/8353276755.jpg,0.7697753698724529,0.6391713619232178
18462,koniq10k,koniq10k/8358094625.jpg,/home/sergey/iqa-data/koniq10k/koniq10k/1024x768/8358094625.jpg,0.852680708472953,0.69477379322052
18479,koniq10k,koniq10k/8375094776.jpg,/home/sergey/iqa-data/koniq10k/koniq10k/1024x768/8375094776.jpg,0.7868597415031113,0.5885223150253296
18482,koniq10k,koniq10k/8376951271.jpg,/home/sergey/iqa-data/koniq10k/koniq10k/1024x768/8376951271.jpg,0.8222499665773962,0.4263848662376404
18487,koniq10k,koniq10k/8377908446.jpg,/home/sergey/iqa-data/koniq10k/koniq10k/1024x768/8377908446.jpg,0.8242862433050014,0.6009463667869568
18490,koniq10k,koniq10k/8380369304.jpg,/home/sergey/iqa-data/koniq10k/koniq10k/1024x768/8380369304.jpg,0.4056965055050257,0.20409658551216125
18502,koniq10k,koniq10k/8390342452.jpg,/home/sergey/iqa-data/koniq10k/koniq10k/1024x768/8390342452.jpg,0.6018176015782521,0.4906688630580902
18508,koniq10k,koniq10k/8392513010.jpg,/home/sergey/iqa-data/koniq10k/koniq10k/1024x768/8392513010.jpg,0.2034466251795108,0.2762163579463959
18512,koniq10k,koniq10k/8395711832.jpg,/home/sergey/iqa-data/koniq10k/koniq10k/1024x768/8395711832.jpg,0.4298039063477074,0.2800474166870117
18513,koniq10k,koniq10k/8395743743.jpg,/home/sergey/iqa-data/koniq10k/koniq10k/1024x768/8395743743.jpg,0.8084676347002804,0.5909903049468994
18536,koniq10k,koniq10k/8403125101.jpg,/home/sergey/iqa-data/koniq10k/koniq10k/1024x768/8403125101.jpg,0.737593745013564,0.6205512285232544
18544,koniq10k,koniq10k/8406491085.jpg,/home/sergey/iqa-data/koniq10k/koniq10k/1024x768/8406491085.jpg,0.7919967123386638,0.6794773936271667
18545,koniq10k,koniq10k/8407650196.jpg,/home/sergey/iqa-data/koniq10k/koniq10k/1024x768/8407650196.jpg,0.6438899985143851,0.5416462421417236
18552,koniq10k,koniq10k/8413383096.jpg,/home/sergey/iqa-data/koniq10k/koniq10k/1024x768/8413383096.jpg,0.4876124695929111,0.4298912286758423
18566,koniq10k,koniq10k/8423036726.jpg,/home/sergey/iqa-data/koniq10k/koniq10k/1024x768/8423036726.jpg,0.800802948056758,0.603340744972229
18575,koniq10k,koniq10k/8429377035.jpg,/home/sergey/iqa-data/koniq10k/koniq10k/1024x768/8429377035.jpg,0.5983724269985637,0.4275933504104614
18579,koniq10k,koniq10k/8430377800.jpg,/home/sergey/iqa-data/koniq10k/koniq10k/1024x768/8430377800.jpg,0.5832371244333064,0.47521787881851196
18583,koniq10k,koniq10k/8432266484.jpg,/home/sergey/iqa-data/koniq10k/koniq10k/1024x768/8432266484.jpg,0.3474992464939792,0.26232945919036865
18589,koniq10k,koniq10k/8435700290.jpg,/home/sergey/iqa-data/koniq10k/koniq10k/1024x768/8435700290.jpg,0.7872232387718502,0.6690380573272705
18590,koniq10k,koniq10k/8435902776.jpg,/home/sergey/iqa-data/koniq10k/koniq10k/1024x768/8435902776.jpg,0.7526799831730433,0.6152498126029968
18591,koniq10k,koniq10k/8436817796.jpg,/home/sergey/iqa-data/koniq10k/koniq10k/1024x768/8436817796.jpg,0.7853039731929151,0.6631035804748535
18595,koniq10k,koniq10k/8437609150.jpg,/home/sergey/iqa-data/koniq10k/koniq10k/1024x768/8437609150.jpg,0.8766156055528966,0.5918382406234741
18597,koniq10k,koniq10k/8438205347.jpg,/home/sergey/iqa-data/koniq10k/koniq10k/1024x768/8438205347.jpg,0.7539492580181906,0.53609299659729
18600,koniq10k,koniq10k/8438943296.jpg,/home/sergey/iqa-data/koniq10k/koniq10k/1024x768/8438943296.jpg,0.6160956484077603,0.42701849341392517
18602,koniq10k,koniq10k/8439638054.jpg,/home/sergey/iqa-data/koniq10k/koniq10k/1024x768/8439638054.jpg,0.7319716539237567,0.6404574513435364
18604,koniq10k,koniq10k/8441623412.jpg,/home/sergey/iqa-data/koniq10k/koniq10k/1024x768/8441623412.jpg,0.7962479985473983,0.6482241749763489
18613,koniq10k,koniq10k/8444344132.jpg,/home/sergey/iqa-data/koniq10k/koniq10k/1024x768/8444344132.jpg,0.5307741161861508,0.3141672611236572
18617,koniq10k,koniq10k/8447352918.jpg,/home/sergey/iqa-data/koniq10k/koniq10k/1024x768/8447352918.jpg,0.4806150571416627,0.31405109167099
18629,koniq10k,koniq10k/8452461056.jpg,/home/sergey/iqa-data/koniq10k/koniq10k/1024x768/8452461056.jpg,0.8577844732914713,0.7293385863304138
18632,koniq10k,koniq10k/8454542185.jpg,/home/sergey/iqa-data/koniq10k/koniq10k/1024x768/8454542185.jpg,0.7494195228231542,0.5448789596557617
18637,koniq10k,koniq10k/8456415044.jpg,/home/sergey/iqa-data/koniq10k/koniq10k/1024x768/8456415044.jpg,0.8461450873042786,0.6157228946685791
18639,koniq10k,koniq10k/8457028188.jpg,/home/sergey/iqa-data/koniq10k/koniq10k/1024x768/8457028188.jpg,0.8507573685290288,0.635236382484436
18641,koniq10k,koniq10k/8458232440.jpg,/home/sergey/iqa-data/koniq10k/koniq10k/1024x768/8458232440.jpg,0.6788202755172602,0.6153984069824219
18661,koniq10k,koniq10k/8465866576.jpg,/home/sergey/iqa-data/koniq10k/koniq10k/1024x768/8465866576.jpg,0.810794638583055,0.6056733131408691
18662,koniq10k,koniq10k/8466537488.jpg,/home/sergey/iqa-data/koniq10k/koniq10k/1024x768/8466537488.jpg,0.7987975676457055,0.5539436340332031
18663,koniq10k,koniq10k/8466719811.jpg,/home/sergey/iqa-data/koniq10k/koniq10k/1024x768/8466719811.jpg,0.7689894298319389,0.6787940263748169
18666,koniq10k,koniq10k/8468013032.jpg,/home/sergey/iqa-data/koniq10k/koniq10k/1024x768/8468013032.jpg,0.6165559774500728,0.34746861457824707
18671,koniq10k,koniq10k/8471068172.jpg,/home/sergey/iqa-data/koniq10k/koniq10k/1024x768/8471068172.jpg,0.6777494418720896,0.5601303577423096
18672,koniq10k,koniq10k/8471534118.jpg,/home/sergey/iqa-data/koniq10k/koniq10k/1024x768/8471534118.jpg,0.6364198813190369,0.6010031700134277
18673,koniq10k,koniq10k/8471619926.jpg,/home/sergey/iqa-data/koniq10k/koniq10k/1024x768/8471619926.jpg,0.5434108114816575,0.36305543780326843
18674,koniq10k,koniq10k/8472852630.jpg,/home/sergey/iqa-data/koniq10k/koniq10k/1024x768/8472852630.jpg,0.7761175317422323,0.6441484093666077
18679,koniq10k,koniq10k/8473611231.jpg,/home/sergey/iqa-data/koniq10k/koniq10k/1024x768/8473611231.jpg,0.1287087357681222,0.1998341977596283
18682,koniq10k,koniq10k/8474312023.jpg,/home/sergey/iqa-data/koniq10k/koniq10k/1024x768/8474312023.jpg,0.7608113271351449,0.4597792327404022
18683,koniq10k,koniq10k/8474594407.jpg,/home/sergey/iqa-data/koniq10k/koniq10k/1024x768/8474594407.jpg,0.6909720411964614,0.5797888040542603
18685,koniq10k,koniq10k/8477555984.jpg,/home/sergey/iqa-data/koniq10k/koniq10k/1024x768/8477555984.jpg,0.6913921406501591,0.455005943775177
18686,koniq10k,koniq10k/8481080192.jpg,/home/sergey/iqa-data/koniq10k/koniq10k/1024x768/8481080192.jpg,0.7138867993343815,0.5375365614891052
18700,koniq10k,koniq10k/8486986414.jpg,/home/sergey/iqa-data/koniq10k/koniq10k/1024x768/8486986414.jpg,0.6671620633736699,0.5510833263397217
18712,koniq10k,koniq10k/8493065081.jpg,/home/sergey/iqa-data/koniq10k/koniq10k/1024x768/8493065081.jpg,0.8303297384056538,0.6531187295913696
18715,koniq10k,koniq10k/8496798280.jpg,/home/sergey/iqa-data/koniq10k/koniq10k/1024x768/8496798280.jpg,0.749447217853152,0.6212330460548401
18719,koniq10k,koniq10k/8498158756.jpg,/home/sergey/iqa-data/koniq10k/koniq10k/1024x768/8498158756.jpg,0.8916888919282404,0.7659986019134521
18722,koniq10k,koniq10k/8498296013.jpg,/home/sergey/iqa-data/koniq10k/koniq10k/1024x768/8498296013.jpg,0.4698130176828125,0.4639310836791992
18723,koniq10k,koniq10k/8499771607.jpg,/home/sergey/iqa-data/koniq10k/koniq10k/1024x768/8499771607.jpg,0.7220360619116014,0.6662870645523071
18724,koniq10k,koniq10k/8501012764.jpg,/home/sergey/iqa-data/koniq10k/koniq10k/1024x768/8501012764.jpg,0.565461943513643,0.3355984687805176
18725,koniq10k,koniq10k/8501628435.jpg,/home/sergey/iqa-data/koniq10k/koniq10k/1024x768/8501628435.jpg,0.7212503203407926,0.5087363719940186
18742,koniq10k,koniq10k/8507000235.jpg,/home/sergey/iqa-data/koniq10k/koniq10k/1024x768/8507000235.jpg,0.1864072579726008,0.19767263531684875
18747,koniq10k,koniq10k/8510431014.jpg,/home/sergey/iqa-data/koniq10k/koniq10k/1024x768/8510431014.jpg,0.619059016617658,0.38430944085121155
18748,koniq10k,koniq10k/8511131771.jpg,/home/sergey/iqa-data/koniq10k/koniq10k/1024x768/8511131771.jpg,0.5101971693597174,0.3595559298992157
18751,koniq10k,koniq10k/85119046.jpg,/home/sergey/iqa-data/koniq10k/koniq10k/1024x768/85119046.jpg,0.384952928035741,0.2498777210712433
18757,koniq10k,koniq10k/8515582085.jpg,/home/sergey/iqa-data/koniq10k/koniq10k/1024x768/8515582085.jpg,0.7322651196086095,0.4931124150753021
18759,koniq10k,koniq10k/8516080909.jpg,/home/sergey/iqa-data/koniq10k/koniq10k/1024x768/8516080909.jpg,0.742094709936144,0.4921618700027466
18760,koniq10k,koniq10k/8517283347.jpg,/home/sergey/iqa-data/koniq10k/koniq10k/1024x768/8517283347.jpg,0.737593745013564,0.5414754152297974
18762,koniq10k,koniq10k/8517575081.jpg,/home/sergey/iqa-data/koniq10k/koniq10k/1024x768/8517575081.jpg,0.8488023686683319,0.6973969340324402
18765,koniq10k,koniq10k/8518610606.jpg,/home/sergey/iqa-data/koniq10k/koniq10k/1024x768/8518610606.jpg,0.6100011741647634,0.39169639348983765
18768,koniq10k,koniq10k/8520990466.jpg,/home/sergey/iqa-data/koniq10k/koniq10k/1024x768/8520990466.jpg,0.6246782336949154,0.46054425835609436
18782,koniq10k,koniq10k/8528201518.jpg,/home/sergey/iqa-data/koniq10k/koniq10k/1024x768/8528201518.jpg,0.8482907799197411,0.6229563355445862
18796,koniq10k,koniq10k/8532727626.jpg,/home/sergey/iqa-data/koniq10k/koniq10k/1024x768/8532727626.jpg,0.7779390516510692,0.4462403357028961
18797,koniq10k,koniq10k/8533373653.jpg,/home/sergey/iqa-data/koniq10k/koniq10k/1024x768/8533373653.jpg,0.6701771182383912,0.5794010162353516
18798,koniq10k,koniq10k/8533805271.jpg,/home/sergey/iqa-data/koniq10k/koniq10k/1024x768/8533805271.jpg,0.6432503590234563,0.4469994604587555
18800,koniq10k,koniq10k/8535035859.jpg,/home/sergey/iqa-data/koniq10k/koniq10k/1024x768/8535035859.jpg,0.5271946021108294,0.2708771824836731
18801,koniq10k,koniq10k/8535232822.jpg,/home/sergey/iqa-data/koniq10k/koniq10k/1024x768/8535232822.jpg,0.7736432631397935,0.6308346390724182
18802,koniq10k,koniq10k/8537113381.jpg,/home/sergey/iqa-data/koniq10k/koniq10k/1024x768/8537113381.jpg,0.4935174456319939,0.2741035223007202
18804,koniq10k,koniq10k/8539488665.jpg,/home/sergey/iqa-data/koniq10k/koniq10k/1024x768/8539488665.jpg,0.7186986051405533,0.6171496510505676
18814,koniq10k,koniq10k/8546237134.jpg,/home/sergey/iqa-data/koniq10k/koniq10k/1024x768/8546237134.jpg,0.5538649159999096,0.3817262649536133
18816,koniq10k,koniq10k/8546547724.jpg,/home/sergey/iqa-data/koniq10k/koniq10k/1024x768/8546547724.jpg,0.8892692610045623,0.7231323719024658
18817,koniq10k,koniq10k/8546838188.jpg,/home/sergey/iqa-data/koniq10k/koniq10k/1024x768/8546838188.jpg,0.5131325812657477,0.4059070944786072
18819,koniq10k,koniq10k/8547424731.jpg,/home/sergey/iqa-data/koniq10k/koniq10k/1024x768/8547424731.jpg,0.8027878456313124,0.5979712009429932
18826,koniq10k,koniq10k/8551620615.jpg,/home/sergey/iqa-data/koniq10k/koniq10k/1024x768/8551620615.jpg,0.7850076363719257,0.6306617856025696
18832,koniq10k,koniq10k/8553130419.jpg,/home/sergey/iqa-data/koniq10k/koniq10k/1024x768/8553130419.jpg,0.6605461715562242,0.557500958442688
18842,koniq10k,koniq10k/8558582535.jpg,/home/sergey/iqa-data/koniq10k/koniq10k/1024x768/8558582535.jpg,0.6510969408491921,0.4607238471508026
18844,koniq10k,koniq10k/8560160557.jpg,/home/sergey/iqa-data/koniq10k/koniq10k/1024x768/8560160557.jpg,0.6298423842703398,0.47909414768218994
18851,koniq10k,koniq10k/8565023764.jpg,/home/sergey/iqa-data/koniq10k/koniq10k/1024x768/8565023764.jpg,0.6282910483484933,0.5514724254608154
18856,koniq10k,koniq10k/8567636458.jpg,/home/sergey/iqa-data/koniq10k/koniq10k/1024x768/8567636458.jpg,0.6257265950899275,0.4125696122646332
18858,koniq10k,koniq10k/8568057395.jpg,/home/sergey/iqa-data/koniq10k/koniq10k/1024x768/8568057395.jpg,0.6409172555236898,0.35884207487106323
18862,koniq10k,koniq10k/8569001906.jpg,/home/sergey/iqa-data/koniq10k/koniq10k/1024x768/8569001906.jpg,0.8430402638157557,0.6887940764427185
18863,koniq10k,koniq10k/8570186179.jpg,/home/sergey/iqa-data/koniq10k/koniq10k/1024x768/8570186179.jpg,0.6201152666726701,0.4515203833580017
18883,koniq10k,koniq10k/8590498036.jpg,/home/sergey/iqa-data/koniq10k/koniq10k/1024x768/8590498036.jpg,0.8657386488191384,0.7427079081535339
18889,koniq10k,koniq10k/8595845896.jpg,/home/sergey/iqa-data/koniq10k/koniq10k/1024x768/8595845896.jpg,0.6276136456009458,0.38252532482147217
18892,koniq10k,koniq10k/8596349698.jpg,/home/sergey/iqa-data/koniq10k/koniq10k/1024x768/8596349698.jpg,0.8608349993898963,0.6696276068687439
18915,koniq10k,koniq10k/8606964079.jpg,/home/sergey/iqa-data/koniq10k/koniq10k/1024x768/8606964079.jpg,0.7639594135726528,0.40903937816619873
18920,koniq10k,koniq10k/8608242752.jpg,/home/sergey/iqa-data/koniq10k/koniq10k/1024x768/8608242752.jpg,0.8350885591191958,0.7450658082962036
18928,koniq10k,koniq10k/8611793668.jpg,/home/sergey/iqa-data/koniq10k/koniq10k/1024x768/8611793668.jpg,0.740957568386961,0.6064414978027344
18930,koniq10k,koniq10k/8613516565.jpg,/home/sergey/iqa-data/koniq10k/koniq10k/1024x768/8613516565.jpg,0.8315160541105973,0.7593441605567932
18932,koniq10k,koniq10k/8615148214.jpg,/home/sergey/iqa-data/koniq10k/koniq10k/1024x768/8615148214.jpg,0.7140214978893769,0.407662034034729
18936,koniq10k,koniq10k/8616750908.jpg,/home/sergey/iqa-data/koniq10k/koniq10k/1024x768/8616750908.jpg,0.1794029331128403,0.20430819690227509
18938,koniq10k,koniq10k/8617343673.jpg,/home/sergey/iqa-data/koniq10k/koniq10k/1024x768/8617343673.jpg,0.8308429110203438,0.49522632360458374
18940,koniq10k,koniq10k/8617517082.jpg,/home/sergey/iqa-data/koniq10k/koniq10k/1024x768/8617517082.jpg,0.8179037421882188,0.6405377984046936
18941,koniq10k,koniq10k/8617920561.jpg,/home/sergey/iqa-data/koniq10k/koniq10k/1024x768/8617920561.jpg,0.6670655816179988,0.447565495967865
18947,koniq10k,koniq10k/8620919369.jpg,/home/sergey/iqa-data/koniq10k/koniq10k/1024x768/8620919369.jpg,0.4523695548109137,0.2573356628417969
18950,koniq10k,koniq10k/86243803.jpg,/home/sergey/iqa-data/koniq10k/koniq10k/1024x768/86243803.jpg,0.4478122537002392,0.24552062153816223
18954,koniq10k,koniq10k/8627391076.jpg,/home/sergey/iqa-data/koniq10k/koniq10k/1024x768/8627391076.jpg,0.7838678793681201,0.5860843658447266
18955,koniq10k,koniq10k/8627453045.jpg,/home/sergey/iqa-data/koniq10k/koniq10k/1024x768/8627453045.jpg,0.8480892368796471,0.6919514536857605
18957,koniq10k,koniq10k/8628548669.jpg,/home/sergey/iqa-data/koniq10k/koniq10k/1024x768/8628548669.jpg,0.7406955883734554,0.46967992186546326
18958,koniq10k,koniq10k/8629754639.jpg,/home/sergey/iqa-data/koniq10k/koniq10k/1024x768/8629754639.jpg,0.62696133184405,0.3102392554283142
18960,koniq10k,koniq10k/8630845484.jpg,/home/sergey/iqa-data/koniq10k/koniq10k/1024x768/8630845484.jpg,0.4718516985151724,0.3417811393737793
18968,koniq10k,koniq10k/8634679976.jpg,/home/sergey/iqa-data/koniq10k/koniq10k/1024x768/8634679976.jpg,0.679995073593998,0.5673003196716309
18970,koniq10k,koniq10k/8635239066.jpg,/home/sergey/iqa-data/koniq10k/koniq10k/1024x768/8635239066.jpg,0.7391592980301135,0.5268784761428833
18979,koniq10k,koniq10k/8639669088.jpg,/home/sergey/iqa-data/koniq10k/koniq10k/1024x768/8639669088.jpg,0.7438351754025496,0.6291353702545166
18986,koniq10k,koniq10k/8641316746.jpg,/home/sergey/iqa-data/koniq10k/koniq10k/1024x768/8641316746.jpg,0.65032766048761,0.4969846308231354
18993,koniq10k,koniq10k/8644207930.jpg,/home/sergey/iqa-data/koniq10k/koniq10k/1024x768/8644207930.jpg,0.2930885135289154,0.22381149232387543
19003,koniq10k,koniq10k/8645927718.jpg,/home/sergey/iqa-data/koniq10k/koniq10k/1024x768/8645927718.jpg,0.8046711076712475,0.710270881652832
19008,koniq10k,koniq10k/8648111033.jpg,/home/sergey/iqa-data/koniq10k/koniq10k/1024x768/8648111033.jpg,0.570163441154346,0.3997182548046112
19014,koniq10k,koniq10k/8651960690.jpg,/home/sergey/iqa-data/koniq10k/koniq10k/1024x768/8651960690.jpg,0.674752907386027,0.5392788648605347
19015,koniq10k,koniq10k/8652814108.jpg,/home/sergey/iqa-data/koniq10k/koniq10k/1024x768/8652814108.jpg,0.4475944243538742,0.4372021555900574
19020,koniq10k,koniq10k/8654833683.jpg,/home/sergey/iqa-data/koniq10k/koniq10k/1024x768/8654833683.jpg,0.6812897490255088,0.45811164379119873
19032,koniq10k,koniq10k/8665859306.jpg,/home/sergey/iqa-data/koniq10k/koniq10k/1024x768/8665859306.jpg,0.6633535730182334,0.47312256693840027
19036,koniq10k,koniq10k/8667640386.jpg,/home/sergey/iqa-data/koniq10k/koniq10k/1024x768/8667640386.jpg,0.1831235256319004,0.20027676224708557
19041,koniq10k,koniq10k/8668432915.jpg,/home/sergey/iqa-data/koniq10k/koniq10k/1024x768/8668432915.jpg,0.7849010403931511,0.6411151885986328
19042,koniq10k,koniq10k/8668692139.jpg,/home/sergey/iqa-data/koniq10k/koniq10k/1024x768/8668692139.jpg,0.453755883008117,0.423718124628067
19046,koniq10k,koniq10k/8669807326.jpg,/home/sergey/iqa-data/koniq10k/koniq10k/1024x768/8669807326.jpg,0.6694887251807826,0.4322938621044159
19051,koniq10k,koniq10k/8670524662.jpg,/home/sergey/iqa-data/koniq10k/koniq10k/1024x768/8670524662.jpg,0.6842531172354067,0.397752970457077
19054,koniq10k,koniq10k/8673060245.jpg,/home/sergey/iqa-data/koniq10k/koniq10k/1024x768/8673060245.jpg,0.8116779502610029,0.648719072341919
19055,koniq10k,koniq10k/8673410143.jpg,/home/sergey/iqa-data/koniq10k/koniq10k/1024x768/8673410143.jpg,0.9182194242979836,0.7305610179901123
19057,koniq10k,koniq10k/8675618794.jpg,/home/sergey/iqa-data/koniq10k/koniq10k/1024x768/8675618794.jpg,0.4806150571416627,0.35467755794525146
19065,koniq10k,koniq10k/8681619509.jpg,/home/sergey/iqa-data/koniq10k/koniq10k/1024x768/8681619509.jpg,0.6272844405273725,0.44765761494636536
19074,koniq10k,koniq10k/8688672632.jpg,/home/sergey/iqa-data/koniq10k/koniq10k/1024x768/8688672632.jpg,0.8857621555084448,0.7609724998474121
19076,koniq10k,koniq10k/8691429186.jpg,/home/sergey/iqa-data/koniq10k/koniq10k/1024x768/8691429186.jpg,0.793224248226643,0.5959869027137756
19080,koniq10k,koniq10k/8693045087.jpg,/home/sergey/iqa-data/koniq10k/koniq10k/1024x768/8693045087.jpg,0.9257676263420636,0.7530847787857056
19085,koniq10k,koniq10k/8695656651.jpg,/home/sergey/iqa-data/koniq10k/koniq10k/1024x768/8695656651.jpg,0.4181426519865958,0.34823405742645264
19090,koniq10k,koniq10k/8697765454.jpg,/home/sergey/iqa-data/koniq10k/koniq10k/1024x768/8697765454.jpg,0.4181426519865958,0.3059517741203308
19092,koniq10k,koniq10k/8699039377.jpg,/home/sergey/iqa-data/koniq10k/koniq10k/1024x768/8699039377.jpg,0.8526263109795912,0.6698658466339111
19100,koniq10k,koniq10k/8702541866.jpg,/home/sergey/iqa-data/koniq10k/koniq10k/1024x768/8702541866.jpg,0.7659167065581624,0.6624464988708496
19107,koniq10k,koniq10k/8704133333.jpg,/home/sergey/iqa-data/koniq10k/koniq10k/1024x768/8704133333.jpg,0.807084729535663,0.44120559096336365
19109,koniq10k,koniq10k/8705536207.jpg,/home/sergey/iqa-data/koniq10k/koniq10k/1024x768/8705536207.jpg,0.4739850968198345,0.3964150547981262
19122,koniq10k,koniq10k/8714823724.jpg,/home/sergey/iqa-data/koniq10k/koniq10k/1024x768/8714823724.jpg,0.7706223537996059,0.5513873100280762
19133,koniq10k,koniq10k/8720193519.jpg,/home/sergey/iqa-data/koniq10k/koniq10k/1024x768/8720193519.jpg,0.4439484235905841,0.2850132882595062
19137,koniq10k,koniq10k/8723579314.jpg,/home/sergey/iqa-data/koniq10k/koniq10k/1024x768/8723579314.jpg,0.7466797748141579,0.5477544665336609
19138,koniq10k,koniq10k/8724425373.jpg,/home/sergey/iqa-data/koniq10k/koniq10k/1024x768/8724425373.jpg,0.6717023812876022,0.5837682485580444
19143,koniq10k,koniq10k/8726378587.jpg,/home/sergey/iqa-data/koniq10k/koniq10k/1024x768/8726378587.jpg,0.8490102796681694,0.7330661416053772
19150,koniq10k,koniq10k/8729158424.jpg,/home/sergey/iqa-data/koniq10k/koniq10k/1024x768/8729158424.jpg,0.769375189393107,0.5860661864280701
19156,koniq10k,koniq10k/8731143356.jpg,/home/sergey/iqa-data/koniq10k/koniq10k/1024x768/8731143356.jpg,0.713225076336056,0.46963027119636536
19160,koniq10k,koniq10k/8732282616.jpg,/home/sergey/iqa-data/koniq10k/koniq10k/1024x768/8732282616.jpg,0.7063756878320679,0.5096873641014099
19161,koniq10k,koniq10k/8732397324.jpg,/home/sergey/iqa-data/koniq10k/koniq10k/1024x768/8732397324.jpg,0.3138320909981969,0.2741406261920929
19163,koniq10k,koniq10k/8732953050.jpg,/home/sergey/iqa-data/koniq10k/koniq10k/1024x768/8732953050.jpg,0.813840408143902,0.6278249025344849
19164,koniq10k,koniq10k/8733519611.jpg,/home/sergey/iqa-data/koniq10k/koniq10k/1024x768/8733519611.jpg,0.7754202686340221,0.6297269463539124
19165,koniq10k,koniq10k/8733562507.jpg,/home/sergey/iqa-data/koniq10k/koniq10k/1024x768/8733562507.jpg,0.796943424995125,0.6173896789550781
19172,koniq10k,koniq10k/8736879292.jpg,/home/sergey/iqa-data/koniq10k/koniq10k/1024x768/8736879292.jpg,0.6592722001762688,0.35056954622268677
19176,koniq10k,koniq10k/8743944148.jpg,/home/sergey/iqa-data/koniq10k/koniq10k/1024x768/8743944148.jpg,0.3949258018190529,0.2583523988723755
19184,koniq10k,koniq10k/8748661037.jpg,/home/sergey/iqa-data/koniq10k/koniq10k/1024x768/8748661037.jpg,0.6129365860707938,0.3988037705421448
19187,koniq10k,koniq10k/8750299747.jpg,/home/sergey/iqa-data/koniq10k/koniq10k/1024x768/8750299747.jpg,0.3887244875756133,0.3306886553764343
19188,koniq10k,koniq10k/8750929874.jpg,/home/sergey/iqa-data/koniq10k/koniq10k/1024x768/8750929874.jpg,0.6961065900749948,0.5584458708763123
19193,koniq10k,koniq10k/8751458979.jpg,/home/sergey/iqa-data/koniq10k/koniq10k/1024x768/8751458979.jpg,0.7494759884182985,0.526580810546875
19201,koniq10k,koniq10k/8756419280.jpg,/home/sergey/iqa-data/koniq10k/koniq10k/1024x768/8756419280.jpg,0.6731689803733828,0.3373887240886688
19203,koniq10k,koniq10k/8762864048.jpg,/home/sergey/iqa-data/koniq10k/koniq10k/1024x768/8762864048.jpg,0.6557208640286032,0.4347468912601471
19210,koniq10k,koniq10k/8781313469.jpg,/home/sergey/iqa-data/koniq10k/koniq10k/1024x768/8781313469.jpg,0.8221189765706451,0.6945807933807373
19211,koniq10k,koniq10k/8781992421.jpg,/home/sergey/iqa-data/koniq10k/koniq10k/1024x768/8781992421.jpg,0.8008314472014763,0.601944625377655
19217,koniq10k,koniq10k/8802725309.jpg,/home/sergey/iqa-data/koniq10k/koniq10k/1024x768/8802725309.jpg,0.4354350855937338,0.29020488262176514
19219,koniq10k,koniq10k/8814635311.jpg,/home/sergey/iqa-data/koniq10k/koniq10k/1024x768/8814635311.jpg,0.6961065900749948,0.4325612485408783
19226,koniq10k,koniq10k/8830329798.jpg,/home/sergey/iqa-data/koniq10k/koniq10k/1024x768/8830329798.jpg,0.488670815382161,0.32511627674102783
19229,koniq10k,koniq10k/8840187174.jpg,/home/sergey/iqa-data/koniq10k/koniq10k/1024x768/8840187174.jpg,0.0776765701963531,0.13717752695083618
19246,koniq10k,koniq10k/8864018641.jpg,/home/sergey/iqa-data/koniq10k/koniq10k/1024x768/8864018641.jpg,0.7168501675442794,0.44954368472099304
19248,koniq10k,koniq10k/8867729088.jpg,/home/sergey/iqa-data/koniq10k/koniq10k/1024x768/8867729088.jpg,0.7303530623120191,0.5276113748550415
19253,koniq10k,koniq10k/8878353214.jpg,/home/sergey/iqa-data/koniq10k/koniq10k/1024x768/8878353214.jpg,0.6969363331737671,0.4854031503200531
19254,koniq10k,koniq10k/8880556755.jpg,/home/sergey/iqa-data/koniq10k/koniq10k/1024x768/8880556755.jpg,0.4582215273538534,0.3289763927459717
19260,koniq10k,koniq10k/8885623781.jpg,/home/sergey/iqa-data/koniq10k/koniq10k/1024x768/8885623781.jpg,0.7915270464337003,0.48111820220947266
19263,koniq10k,koniq10k/8891540889.jpg,/home/sergey/iqa-data/koniq10k/koniq10k/1024x768/8891540889.jpg,0.7613006906927432,0.5647539496421814
19265,koniq10k,koniq10k/8891882667.jpg,/home/sergey/iqa-data/koniq10k/koniq10k/1024x768/8891882667.jpg,0.8211781601103826,0.7029057741165161
19268,koniq10k,koniq10k/8894308933.jpg,/home/sergey/iqa-data/koniq10k/koniq10k/1024x768/8894308933.jpg,0.8918007171437099,0.7137120962142944
19272,koniq10k,koniq10k/8899231880.jpg,/home/sergey/iqa-data/koniq10k/koniq10k/1024x768/8899231880.jpg,0.4398037338439425,0.32174718379974365
19274,koniq10k,koniq10k/8902141836.jpg,/home/sergey/iqa-data/koniq10k/koniq10k/1024x768/8902141836.jpg,0.4586217078331992,0.22376464307308197
19281,koniq10k,koniq10k/8906347187.jpg,/home/sergey/iqa-data/koniq10k/koniq10k/1024x768/8906347187.jpg,0.7769713835993213,0.5216201543807983
19289,koniq10k,koniq10k/8914830252.jpg,/home/sergey/iqa-data/koniq10k/koniq10k/1024x768/8914830252.jpg,0.7537276386007838,0.604875922203064
19290,koniq10k,koniq10k/8916793773.jpg,/home/sergey/iqa-data/koniq10k/koniq10k/1024x768/8916793773.jpg,0.838348264150083,0.6427597403526306
19299,koniq10k,koniq10k/8925668401.jpg,/home/sergey/iqa-data/koniq10k/koniq10k/1024x768/8925668401.jpg,0.8493045704674125,0.6545423269271851
19306,koniq10k,koniq10k/8930562482.jpg,/home/sergey/iqa-data/koniq10k/koniq10k/1024x768/8930562482.jpg,0.7068697670637761,0.5770093202590942
19315,koniq10k,koniq10k/8937929358.jpg,/home/sergey/iqa-data/koniq10k/koniq10k/1024x768/8937929358.jpg,0.4155224106220544,0.21041229367256165
19325,koniq10k,koniq10k/8944011983.jpg,/home/sergey/iqa-data/koniq10k/koniq10k/1024x768/8944011983.jpg,0.3019786181586088,0.18714991211891174
19334,koniq10k,koniq10k/8970878075.jpg,/home/sergey/iqa-data/koniq10k/koniq10k/1024x768/8970878075.jpg,0.6930560639765729,0.5330853462219238
19342,koniq10k,koniq10k/8975860650.jpg,/home/sergey/iqa-data/koniq10k/koniq10k/1024x768/8975860650.jpg,0.9346577309717568,0.6486301422119141
19343,koniq10k,koniq10k/8977825134.jpg,/home/sergey/iqa-data/koniq10k/koniq10k/1024x768/8977825134.jpg,0.5096047009016204,0.4145066738128662
19348,koniq10k,koniq10k/8985407469.jpg,/home/sergey/iqa-data/koniq10k/koniq10k/1024x768/8985407469.jpg,0.7076307997801532,0.6516441702842712
19349,koniq10k,koniq10k/8985551582.jpg,/home/sergey/iqa-data/koniq10k/koniq10k/1024x768/8985551582.jpg,0.4438198370701947,0.2801993489265442
19356,koniq10k,koniq10k/8988227086.jpg,/home/sergey/iqa-data/koniq10k/koniq10k/1024x768/8988227086.jpg,0.6259444898112417,0.41435909271240234
19357,koniq10k,koniq10k/8988404310.jpg,/home/sergey/iqa-data/koniq10k/koniq10k/1024x768/8988404310.jpg,0.499333401931791,0.31265783309936523
19361,koniq10k,koniq10k/8995226934.jpg,/home/sergey/iqa-data/koniq10k/koniq10k/1024x768/8995226934.jpg,0.8758158008237392,0.5532925128936768
19362,koniq10k,koniq10k/8997198808.jpg,/home/sergey/iqa-data/koniq10k/koniq10k/1024x768/8997198808.jpg,0.823531423100594,0.689786970615387
19364,koniq10k,koniq10k/8999325582.jpg,/home/sergey/iqa-data/koniq10k/koniq10k/1024x768/8999325582.jpg,0.8116779502610029,0.5627551674842834
19366,koniq10k,koniq10k/9002014430.jpg,/home/sergey/iqa-data/koniq10k/koniq10k/1024x768/9002014430.jpg,0.7450844813219152,0.5745133757591248
19368,koniq10k,koniq10k/9003236001.jpg,/home/sergey/iqa-data/koniq10k/koniq10k/1024x768/9003236001.jpg,0.7213352653754744,0.4607013761997223
19369,koniq10k,koniq10k/9004727133.jpg,/home/sergey/iqa-data/koniq10k/koniq10k/1024x768/9004727133.jpg,0.8502017369896742,0.7414112091064453
19374,koniq10k,koniq10k/9016868192.jpg,/home/sergey/iqa-data/koniq10k/koniq10k/1024x768/9016868192.jpg,0.7451368640933022,0.5425348281860352
19381,koniq10k,koniq10k/9028566654.jpg,/home/sergey/iqa-data/koniq10k/koniq10k/1024x768/9028566654.jpg,0.7759693633317374,0.514866828918457
19383,koniq10k,koniq10k/9029712750.jpg,/home/sergey/iqa-data/koniq10k/koniq10k/1024x768/9029712750.jpg,0.7988271900430831,0.5476058721542358
19396,koniq10k,koniq10k/9041103039.jpg,/home/sergey/iqa-data/koniq10k/koniq10k/1024x768/9041103039.jpg,0.5982595265406386,0.43024855852127075
19417,koniq10k,koniq10k/9062040259.jpg,/home/sergey/iqa-data/koniq10k/koniq10k/1024x768/9062040259.jpg,0.6694362761859176,0.5267305374145508
19420,koniq10k,koniq10k/9064490305.jpg,/home/sergey/iqa-data/koniq10k/koniq10k/1024x768/9064490305.jpg,0.7672274271125388,0.6475172638893127
19425,koniq10k,koniq10k/9068148685.jpg,/home/sergey/iqa-data/koniq10k/koniq10k/1024x768/9068148685.jpg,0.6941120153183349,0.38188430666923523
19427,koniq10k,koniq10k/9069849690.jpg,/home/sergey/iqa-data/koniq10k/koniq10k/1024x768/9069849690.jpg,0.7009989432517122,0.48999807238578796
19433,koniq10k,koniq10k/9074183822.jpg,/home/sergey/iqa-data/koniq10k/koniq10k/1024x768/9074183822.jpg,0.4283258627442433,0.3147740960121155
19434,koniq10k,koniq10k/9076304306.jpg,/home/sergey/iqa-data/koniq10k/koniq10k/1024x768/9076304306.jpg,0.3839744574003976,0.21442605555057526
19435,koniq10k,koniq10k/9076672562.jpg,/home/sergey/iqa-data/koniq10k/koniq10k/1024x768/9076672562.jpg,0.6505482657265701,0.5547841191291809
19450,koniq10k,koniq10k/9106148302.jpg,/home/sergey/iqa-data/koniq10k/koniq10k/1024x768/9106148302.jpg,0.7805281262871973,0.7000288963317871
19456,koniq10k,koniq10k/9111310939.jpg,/home/sergey/iqa-data/koniq10k/koniq10k/1024x768/9111310939.jpg,0.8163030202708448,0.5734851360321045
19462,koniq10k,koniq10k/9118228667.jpg,/home/sergey/iqa-data/koniq10k/koniq10k/1024x768/9118228667.jpg,0.7588832061004606,0.5254906415939331
19470,koniq10k,koniq10k/9122759800.jpg,/home/sergey/iqa-data/koniq10k/koniq10k/1024x768/9122759800.jpg,0.7957168383185842,0.5929475426673889
19473,koniq10k,koniq10k/9130643186.jpg,/home/sergey/iqa-data/koniq10k/koniq10k/1024x768/9130643186.jpg,0.8333573282176227,0.6796483397483826
19478,koniq10k,koniq10k/9132059359.jpg,/home/sergey/iqa-data/koniq10k/koniq10k/1024x768/9132059359.jpg,0.6039129124337363,0.4433433711528778
19480,koniq10k,koniq10k/9135317445.jpg,/home/sergey/iqa-data/koniq10k/koniq10k/1024x768/9135317445.jpg,0.2841430188392227,0.2796905040740967
19482,koniq10k,koniq10k/9136502604.jpg,/home/sergey/iqa-data/koniq10k/koniq10k/1024x768/9136502604.jpg,0.8075790858211461,0.6518136262893677
19488,koniq10k,koniq10k/9141403760.jpg,/home/sergey/iqa-data/koniq10k/koniq10k/1024x768/9141403760.jpg,0.6930560639765729,0.47510525584220886
19499,koniq10k,koniq10k/9154784652.jpg,/home/sergey/iqa-data/koniq10k/koniq10k/1024x768/9154784652.jpg,0.7825381628636768,0.521391749382019
19509,koniq10k,koniq10k/9166594378.jpg,/home/sergey/iqa-data/koniq10k/koniq10k/1024x768/9166594378.jpg,0.7098051789698064,0.5978297591209412
19510,koniq10k,koniq10k/9166911645.jpg,/home/sergey/iqa-data/koniq10k/koniq10k/1024x768/9166911645.jpg,0.6757334336319486,0.5159192681312561
19512,koniq10k,koniq10k/9175070760.jpg,/home/sergey/iqa-data/koniq10k/koniq10k/1024x768/9175070760.jpg,0.6384855415492088,0.4176536798477173
19520,koniq10k,koniq10k/9186366283.jpg,/home/sergey/iqa-data/koniq10k/koniq10k/1024x768/9186366283.jpg,0.6717023812876022,0.30931246280670166
19524,koniq10k,koniq10k/9194756449.jpg,/home/sergey/iqa-data/koniq10k/koniq10k/1024x768/9194756449.jpg,0.5153139424069275,0.4118603467941284
19525,koniq10k,koniq10k/9195069146.jpg,/home/sergey/iqa-data/koniq10k/koniq10k/1024x768/9195069146.jpg,0.836027890929126,0.5830851793289185
19533,koniq10k,koniq10k/9201324227.jpg,/home/sergey/iqa-data/koniq10k/koniq10k/1024x768/9201324227.jpg,0.761559625779046,0.548740804195404
19542,koniq10k,koniq10k/9211639075.jpg,/home/sergey/iqa-data/koniq10k/koniq10k/1024x768/9211639075.jpg,0.8642705433454013,0.7204959988594055
19544,koniq10k,koniq10k/9211913717.jpg,/home/sergey/iqa-data/koniq10k/koniq10k/1024x768/9211913717.jpg,0.1578948503314207,0.24294957518577576
19545,koniq10k,koniq10k/9211948856.jpg,/home/sergey/iqa-data/koniq10k/koniq10k/1024x768/9211948856.jpg,0.6172809956917182,0.552254319190979
19550,koniq10k,koniq10k/9214795039.jpg,/home/sergey/iqa-data/koniq10k/koniq10k/1024x768/9214795039.jpg,0.3459303565588726,0.295343816280365
19555,koniq10k,koniq10k/9217457237.jpg,/home/sergey/iqa-data/koniq10k/koniq10k/1024x768/9217457237.jpg,0.8089760557166861,0.5882775187492371
19556,koniq10k,koniq10k/9220351854.jpg,/home/sergey/iqa-data/koniq10k/koniq10k/1024x768/9220351854.jpg,0.6941679379750635,0.5466330051422119
19563,koniq10k,koniq10k/9225485643.jpg,/home/sergey/iqa-data/koniq10k/koniq10k/1024x768/9225485643.jpg,0.6767200690756662,0.4089626371860504
19567,koniq10k,koniq10k/9226799273.jpg,/home/sergey/iqa-data/koniq10k/koniq10k/1024x768/9226799273.jpg,0.5301579703207271,0.2947613298892975
19573,koniq10k,koniq10k/9232371989.jpg,/home/sergey/iqa-data/koniq10k/koniq10k/1024x768/9232371989.jpg,0.4043032801526107,0.22251364588737488
19578,koniq10k,koniq10k/9237243302.jpg,/home/sergey/iqa-data/koniq10k/koniq10k/1024x768/9237243302.jpg,0.2486379903804515,0.22439420223236084
19581,koniq10k,koniq10k/9238616212.jpg,/home/sergey/iqa-data/koniq10k/koniq10k/1024x768/9238616212.jpg,0.7933994755503953,0.5611962080001831
19589,koniq10k,koniq10k/9245144961.jpg,/home/sergey/iqa-data/koniq10k/koniq10k/1024x768/9245144961.jpg,0.6522259454284335,0.4858527183532715
19599,koniq10k,koniq10k/9251645143.jpg,/home/sergey/iqa-data/koniq10k/koniq10k/1024x768/9251645143.jpg,0.7710139531585185,0.6353201270103455
19601,koniq10k,koniq10k/9255279783.jpg,/home/sergey/iqa-data/koniq10k/koniq10k/1024x768/9255279783.jpg,0.7930391950716474,0.5694626569747925
19607,koniq10k,koniq10k/9258059092.jpg,/home/sergey/iqa-data/koniq10k/koniq10k/1024x768/9258059092.jpg,0.7529841412004494,0.6315996050834656
19608,koniq10k,koniq10k/9259054228.jpg,/home/sergey/iqa-data/koniq10k/koniq10k/1024x768/9259054228.jpg,0.7145237850243592,0.6599062085151672
19616,koniq10k,koniq10k/9269067450.jpg,/home/sergey/iqa-data/koniq10k/koniq10k/1024x768/9269067450.jpg,0.4629980709894809,0.4006006717681885
19617,koniq10k,koniq10k/9269195837.jpg,/home/sergey/iqa-data/koniq10k/koniq10k/1024x768/9269195837.jpg,0.7017129623639908,0.45126786828041077
19624,koniq10k,koniq10k/9283273348.jpg,/home/sergey/iqa-data/koniq10k/koniq10k/1024x768/9283273348.jpg,0.8163030202708448,0.7216360569000244
19625,koniq10k,koniq10k/9283322341.jpg,/home/sergey/iqa-data/koniq10k/koniq10k/1024x768/9283322341.jpg,0.8205680548906961,0.49893808364868164
19627,koniq10k,koniq10k/9284861098.jpg,/home/sergey/iqa-data/koniq10k/koniq10k/1024x768/9284861098.jpg,0.7465382233718787,0.6131629347801208
19630,koniq10k,koniq10k/9287500291.jpg,/home/sergey/iqa-data/koniq10k/koniq10k/1024x768/9287500291.jpg,0.7493671268204523,0.613661527633667
19633,koniq10k,koniq10k/9290321332.jpg,/home/sergey/iqa-data/koniq10k/koniq10k/1024x768/9290321332.jpg,0.7597071813723265,0.520192563533783
19640,koniq10k,koniq10k/9299238943.jpg,/home/sergey/iqa-data/koniq10k/koniq10k/1024x768/9299238943.jpg,0.549569391438773,0.6593787670135498
19645,koniq10k,koniq10k/9304089120.jpg,/home/sergey/iqa-data/koniq10k/koniq10k/1024x768/9304089120.jpg,0.8455823688977749,0.6977176666259766
19650,koniq10k,koniq10k/9307347958.jpg,/home/sergey/iqa-data/koniq10k/koniq10k/1024x768/9307347958.jpg,0.2995381972798671,0.2067084163427353
19657,koniq10k,koniq10k/9318914214.jpg,/home/sergey/iqa-data/koniq10k/koniq10k/1024x768/9318914214.jpg,0.5810740241089675,0.538406491279602
19658,koniq10k,koniq10k/9321343770.jpg,/home/sergey/iqa-data/koniq10k/koniq10k/1024x768/9321343770.jpg,0.8054308497104078,0.7024093866348267
19664,koniq10k,koniq10k/9326601195.jpg,/home/sergey/iqa-data/koniq10k/koniq10k/1024x768/9326601195.jpg,0.828019631263159,0.6597169637680054
19665,koniq10k,koniq10k/9327556810.jpg,/home/sergey/iqa-data/koniq10k/koniq10k/1024x768/9327556810.jpg,0.8146413184709005,0.651840329170227
19669,koniq10k,koniq10k/9329940580.jpg,/home/sergey/iqa-data/koniq10k/koniq10k/1024x768/9329940580.jpg,0.5801865983348816,0.4306298494338989
19677,koniq10k,koniq10k/9335639356.jpg,/home/sergey/iqa-data/koniq10k/koniq10k/1024x768/9335639356.jpg,0.2376735280038287,0.19554322957992554
19702,koniq10k,koniq10k/9352087961.jpg,/home/sergey/iqa-data/koniq10k/koniq10k/1024x768/9352087961.jpg,0.060598807606944,0.32076871395111084
19704,koniq10k,koniq10k/9353536560.jpg,/home/sergey/iqa-data/koniq10k/koniq10k/1024x768/9353536560.jpg,0.6250096511681772,0.5505119562149048
19708,koniq10k,koniq10k/9363143543.jpg,/home/sergey/iqa-data/koniq10k/koniq10k/1024x768/9363143543.jpg,0.7364413240430462,0.6041797995567322
19712,koniq10k,koniq10k/9369983914.jpg,/home/sergey/iqa-data/koniq10k/koniq10k/1024x768/9369983914.jpg,0.7762522302972275,0.5932362079620361
19713,koniq10k,koniq10k/9372136957.jpg,/home/sergey/iqa-data/koniq10k/koniq10k/1024x768/9372136957.jpg,0.740957568386961,0.5577096343040466
19718,koniq10k,koniq10k/9376075949.jpg,/home/sergey/iqa-data/koniq10k/koniq10k/1024x768/9376075949.jpg,0.7821924365725227,0.6716313362121582
19733,koniq10k,koniq10k/9401387705.jpg,/home/sergey/iqa-data/koniq10k/koniq10k/1024x768/9401387705.jpg,0.825753949258018,0.6302700042724609
19735,koniq10k,koniq10k/940371579.jpg,/home/sergey/iqa-data/koniq10k/koniq10k/1024x768/940371579.jpg,0.6479518566641594,0.26947221159935
19741,koniq10k,koniq10k/9407500995.jpg,/home/sergey/iqa-data/koniq10k/koniq10k/1024x768/9407500995.jpg,0.8407407082094506,0.5947858095169067
19742,koniq10k,koniq10k/9408208696.jpg,/home/sergey/iqa-data/koniq10k/koniq10k/1024x768/9408208696.jpg,0.843124177964094,0.6578595042228699
19751,koniq10k,koniq10k/9424457746.jpg,/home/sergey/iqa-data/koniq10k/koniq10k/1024x768/9424457746.jpg,0.8556725706079475,0.5972332954406738
19754,koniq10k,koniq10k/9427704319.jpg,/home/sergey/iqa-data/koniq10k/koniq10k/1024x768/9427704319.jpg,0.8234434022626764,0.7302842736244202
19765,koniq10k,koniq10k/9438332547.jpg,/home/sergey/iqa-data/koniq10k/koniq10k/1024x768/9438332547.jpg,0.8616562948779335,0.7217897176742554
19766,koniq10k,koniq10k/9438428165.jpg,/home/sergey/iqa-data/koniq10k/koniq10k/1024x768/9438428165.jpg,0.836027890929126,0.7424649000167847
19774,koniq10k,koniq10k/9445529272.jpg,/home/sergey/iqa-data/koniq10k/koniq10k/1024x768/9445529272.jpg,0.4806150571416627,0.23164698481559753
19780,koniq10k,koniq10k/9458038705.jpg,/home/sergey/iqa-data/koniq10k/koniq10k/1024x768/9458038705.jpg,0.6305490575069763,0.4208790957927704
19785,koniq10k,koniq10k/9460489511.jpg,/home/sergey/iqa-data/koniq10k/koniq10k/1024x768/9460489511.jpg,0.7537276386007838,0.6201304197311401
19786,koniq10k,koniq10k/9461924966.jpg,/home/sergey/iqa-data/koniq10k/koniq10k/1024x768/9461924966.jpg,0.6639540449976062,0.4540620744228363
19790,koniq10k,koniq10k/9467289840.jpg,/home/sergey/iqa-data/koniq10k/koniq10k/1024x768/9467289840.jpg,0.642395541270602,0.353439062833786
19792,koniq10k,koniq10k/9468744508.jpg,/home/sergey/iqa-data/koniq10k/koniq10k/1024x768/9468744508.jpg,0.8724269985639063,0.6462225317955017
19793,koniq10k,koniq10k/9469622762.jpg,/home/sergey/iqa-data/koniq10k/koniq10k/1024x768/9469622762.jpg,0.6262767253269127,0.45895707607269287
19796,koniq10k,koniq10k/9472829997.jpg,/home/sergey/iqa-data/koniq10k/koniq10k/1024x768/9472829997.jpg,0.4338200095739596,0.2655375599861145
19809,koniq10k,koniq10k/9482188665.jpg,/home/sergey/iqa-data/koniq10k/koniq10k/1024x768/9482188665.jpg,0.7621088820227176,0.6533164381980896
19815,koniq10k,koniq10k/9484990711.jpg,/home/sergey/iqa-data/koniq10k/koniq10k/1024x768/9484990711.jpg,0.3375390366773793,0.31052008271217346
19823,koniq10k,koniq10k/9488864072.jpg,/home/sergey/iqa-data/koniq10k/koniq10k/1024x768/9488864072.jpg,0.5534944949736712,0.4290885627269745
19828,koniq10k,koniq10k/9494293866.jpg,/home/sergey/iqa-data/koniq10k/koniq10k/1024x768/9494293866.jpg,0.3634265740581848,0.34143078327178955
19835,koniq10k,koniq10k/9497710012.jpg,/home/sergey/iqa-data/koniq10k/koniq10k/1024x768/9497710012.jpg,0.2812350406893242,0.2386840581893921
19836,koniq10k,koniq10k/9497810800.jpg,/home/sergey/iqa-data/koniq10k/koniq10k/1024x768/9497810800.jpg,0.6788202755172602,0.440690815448761
19837,koniq10k,koniq10k/9498977620.jpg,/home/sergey/iqa-data/koniq10k/koniq10k/1024x768/9498977620.jpg,0.6139538080184274,0.47948983311653137
19839,koniq10k,koniq10k/95019293.jpg,/home/sergey/iqa-data/koniq10k/koniq10k/1024x768/95019293.jpg,0.4039013882240302,0.2617909908294678
19841,koniq10k,koniq10k/950420073.jpg,/home/sergey/iqa-data/koniq10k/koniq10k/1024x768/950420073.jpg,0.7348796320736581,0.49379000067710876
19848,koniq10k,koniq10k/9510794857.jpg,/home/sergey/iqa-data/koniq10k/koniq10k/1024x768/9510794857.jpg,0.2466624115738519,0.24578167498111725
19853,koniq10k,koniq10k/9515243339.jpg,/home/sergey/iqa-data/koniq10k/koniq10k/1024x768/9515243339.jpg,0.808714582051108,0.6177792549133301
19854,koniq10k,koniq10k/9517140367.jpg,/home/sergey/iqa-data/koniq10k/koniq10k/1024x768/9517140367.jpg,0.6223073240785073,0.4225732088088989
19859,koniq10k,koniq10k/9521784071.jpg,/home/sergey/iqa-data/koniq10k/koniq10k/1024x768/9521784071.jpg,0.6513193205390428,0.49156901240348816
19867,koniq10k,koniq10k/9526789940.jpg,/home/sergey/iqa-data/koniq10k/koniq10k/1024x768/9526789940.jpg,0.6291614082423084,0.5935112237930298
19876,koniq10k,koniq10k/9530920367.jpg,/home/sergey/iqa-data/koniq10k/koniq10k/1024x768/9530920367.jpg,0.7556673570660064,0.48729777336120605
19877,koniq10k,koniq10k/9530922505.jpg,/home/sergey/iqa-data/koniq10k/koniq10k/1024x768/9530922505.jpg,0.7860659821611755,0.4970308542251587
19882,koniq10k,koniq10k/9536683213.jpg,/home/sergey/iqa-data/koniq10k/koniq10k/1024x768/9536683213.jpg,0.7102041669958684,0.5045976638793945
19891,koniq10k,koniq10k/9543397077.jpg,/home/sergey/iqa-data/koniq10k/koniq10k/1024x768/9543397077.jpg,0.8321768459514883,0.6469659805297852
19895,koniq10k,koniq10k/9546481286.jpg,/home/sergey/iqa-data/koniq10k/koniq10k/1024x768/9546481286.jpg,0.8622668789871142,0.739048957824707
19896,koniq10k,koniq10k/9547511197.jpg,/home/sergey/iqa-data/koniq10k/koniq10k/1024x768/9547511197.jpg,0.5470550566036537,0.48797351121902466
19900,koniq10k,koniq10k/9550673458.jpg,/home/sergey/iqa-data/koniq10k/koniq10k/1024x768/9550673458.jpg,0.5624700813786485,0.3194352984428406
19903,koniq10k,koniq10k/9557331185.jpg,/home/sergey/iqa-data/koniq10k/koniq10k/1024x768/9557331185.jpg,0.5867823304395817,0.3310965299606323
19907,koniq10k,koniq10k/9562837541.jpg,/home/sergey/iqa-data/koniq10k/koniq10k/1024x768/9562837541.jpg,0.8477695385532478,0.7049992084503174
19909,koniq10k,koniq10k/9566357532.jpg,/home/sergey/iqa-data/koniq10k/koniq10k/1024x768/9566357532.jpg,0.828019631263159,0.7218866348266602
19910,koniq10k,koniq10k/9567386872.jpg,/home/sergey/iqa-data/koniq10k/koniq10k/1024x768/9567386872.jpg,0.6246782336949154,0.44898033142089844
19914,koniq10k,koniq10k/95721252.jpg,/home/sergey/iqa-data/koniq10k/koniq10k/1024x768/95721252.jpg,0.4945975518019566,0.44823116064071655
19915,koniq10k,koniq10k/9572676975.jpg,/home/sergey/iqa-data/koniq10k/koniq10k/1024x768/9572676975.jpg,0.7553739542729476,0.5676284432411194
19918,koniq10k,koniq10k/9578088583.jpg,/home/sergey/iqa-data/koniq10k/koniq10k/1024x768/9578088583.jpg,0.4339308192826615,0.3067278265953064
19927,koniq10k,koniq10k/9584563009.jpg,/home/sergey/iqa-data/koniq10k/koniq10k/1024x768/9584563009.jpg,0.6330780277644801,0.37967801094055176
19932,koniq10k,koniq10k/9587630414.jpg,/home/sergey/iqa-data/koniq10k/koniq10k/1024x768/9587630414.jpg,0.8511987580696395,0.6072733998298645
19934,koniq10k,koniq10k/9589321595.jpg,/home/sergey/iqa-data/koniq10k/koniq10k/1024x768/9589321595.jpg,0.723561324960812,0.6538913249969482
19966,koniq10k,koniq10k/9629455923.jpg,/home/sergey/iqa-data/koniq10k/koniq10k/1024x768/9629455923.jpg,0.5635781784656849,0.4239325225353241
19967,koniq10k,koniq10k/9629668489.jpg,/home/sergey/iqa-data/koniq10k/koniq10k/1024x768/9629668489.jpg,0.8197702249880322,0.7322065234184265
19969,koniq10k,koniq10k/9630325643.jpg,/home/sergey/iqa-data/koniq10k/koniq10k/1024x768/9630325643.jpg,0.3410722833891799,0.44099724292755127
19971,koniq10k,koniq10k/9633489441.jpg,/home/sergey/iqa-data/koniq10k/koniq10k/1024x768/9633489441.jpg,0.33976889790463,0.5361170768737793
19980,koniq10k,koniq10k/9646156379.jpg,/home/sergey/iqa-data/koniq10k/koniq10k/1024x768/9646156379.jpg,0.7853039731929151,0.5801728963851929
19982,koniq10k,koniq10k/9648319367.jpg,/home/sergey/iqa-data/koniq10k/koniq10k/1024x768/9648319367.jpg,0.7479655337482046,0.6396843791007996
19983,koniq10k,koniq10k/9648549075.jpg,/home/sergey/iqa-data/koniq10k/koniq10k/1024x768/9648549075.jpg,0.7978675361507277,0.5226314067840576
19986,koniq10k,koniq10k/9651547204.jpg,/home/sergey/iqa-data/koniq10k/koniq10k/1024x768/9651547204.jpg,0.5094143928514425,0.31773144006729126
19999,koniq10k,koniq10k/9657756963.jpg,/home/sergey/iqa-data/koniq10k/koniq10k/1024x768/9657756963.jpg,0.7901312169217488,0.6438010931015015
20000,koniq10k,koniq10k/965852463.jpg,/home/sergey/iqa-data/koniq10k/koniq10k/1024x768/965852463.jpg,0.6070657622587299,0.45186948776245117
20007,koniq10k,koniq10k/9668766101.jpg,/home/sergey/iqa-data/koniq10k/koniq10k/1024x768/9668766101.jpg,0.3208918799688379,0.21339105069637299
20013,koniq10k,koniq10k/9673401997.jpg,/home/sergey/iqa-data/koniq10k/koniq10k/1024x768/9673401997.jpg,0.4780873574896684,0.4477621018886566
20014,koniq10k,koniq10k/9674243129.jpg,/home/sergey/iqa-data/koniq10k/koniq10k/1024x768/9674243129.jpg,0.679511728099569,0.5813819766044617
20019,koniq10k,koniq10k/9678381010.jpg,/home/sergey/iqa-data/koniq10k/koniq10k/1024x768/9678381010.jpg,0.5426041168022973,0.2952687740325928
20025,koniq10k,koniq10k/9685106937.jpg,/home/sergey/iqa-data/koniq10k/koniq10k/1024x768/9685106937.jpg,0.4528057515333991,0.2629479765892029
20028,koniq10k,koniq10k/9687081006.jpg,/home/sergey/iqa-data/koniq10k/koniq10k/1024x768/9687081006.jpg,0.7341022517761602,0.5695698261260986
20029,koniq10k,koniq10k/9687603044.jpg,/home/sergey/iqa-data/koniq10k/koniq10k/1024x768/9687603044.jpg,0.4020714142968024,0.2995399236679077
20033,koniq10k,koniq10k/9690359369.jpg,/home/sergey/iqa-data/koniq10k/koniq10k/1024x768/9690359369.jpg,0.6871933341311629,0.657523512840271
20037,koniq10k,koniq10k/9694884270.jpg,/home/sergey/iqa-data/koniq10k/koniq10k/1024x768/9694884270.jpg,0.5775718616790888,0.37542974948883057
20042,koniq10k,koniq10k/9700460977.jpg,/home/sergey/iqa-data/koniq10k/koniq10k/1024x768/9700460977.jpg,0.7362238861240831,0.47924208641052246
20043,koniq10k,koniq10k/9701303901.jpg,/home/sergey/iqa-data/koniq10k/koniq10k/1024x768/9701303901.jpg,0.4439484235905841,0.28215932846069336
20046,koniq10k,koniq10k/9702908989.jpg,/home/sergey/iqa-data/koniq10k/koniq10k/1024x768/9702908989.jpg,0.7928434657730973,0.7287743091583252
20050,koniq10k,koniq10k/9707926050.jpg,/home/sergey/iqa-data/koniq10k/koniq10k/1024x768/9707926050.jpg,0.314145524174245,0.3357139527797699
20062,koniq10k,koniq10k/9719700871.jpg,/home/sergey/iqa-data/koniq10k/koniq10k/1024x768/9719700871.jpg,0.836027890929126,0.6154627203941345
20066,koniq10k,koniq10k/9723327327.jpg,/home/sergey/iqa-data/koniq10k/koniq10k/1024x768/9723327327.jpg,0.8614945726003634,0.7165704965591431
20075,koniq10k,koniq10k/9730872137.jpg,/home/sergey/iqa-data/koniq10k/koniq10k/1024x768/9730872137.jpg,0.5803050653678303,0.29644379019737244
20079,koniq10k,koniq10k/9737356732.jpg,/home/sergey/iqa-data/koniq10k/koniq10k/1024x768/9737356732.jpg,0.8129150845622236,0.5600617527961731
20097,koniq10k,koniq10k/9767373513.jpg,/home/sergey/iqa-data/koniq10k/koniq10k/1024x768/9767373513.jpg,0.4032560846262871,0.5213546752929688
20098,koniq10k,koniq10k/9767747482.jpg,/home/sergey/iqa-data/koniq10k/koniq10k/1024x768/9767747482.jpg,0.6043561512685497,0.29622942209243774
20099,koniq10k,koniq10k/9768426856.jpg,/home/sergey/iqa-data/koniq10k/koniq10k/1024x768/9768426856.jpg,0.6183181745651813,0.5189656019210815
20101,koniq10k,koniq10k/9768559232.jpg,/home/sergey/iqa-data/koniq10k/koniq10k/1024x768/9768559232.jpg,0.7583373224828456,0.5942659974098206
20102,koniq10k,koniq10k/9768629394.jpg,/home/sergey/iqa-data/koniq10k/koniq10k/1024x768/9768629394.jpg,0.7249171143378909,0.45499229431152344
20105,koniq10k,koniq10k/9770742411.jpg,/home/sergey/iqa-data/koniq10k/koniq10k/1024x768/9770742411.jpg,0.7937234252245651,0.4611488878726959
20107,koniq10k,koniq10k/9774901765.jpg,/home/sergey/iqa-data/koniq10k/koniq10k/1024x768/9774901765.jpg,0.5326723433473076,0.2304634153842926
20108,koniq10k,koniq10k/9777290841.jpg,/home/sergey/iqa-data/koniq10k/koniq10k/1024x768/9777290841.jpg,0.8312541402536622,0.6659353971481323
20110,koniq10k,koniq10k/9784161203.jpg,/home/sergey/iqa-data/koniq10k/koniq10k/1024x768/9784161203.jpg,0.2172595213915349,0.22839048504829407
20114,koniq10k,koniq10k/9795395745.jpg,/home/sergey/iqa-data/koniq10k/koniq10k/1024x768/9795395745.jpg,0.6625508029923308,0.548447847366333
20121,koniq10k,koniq10k/9814999.jpg,/home/sergey/iqa-data/koniq10k/koniq10k/1024x768/9814999.jpg,0.5284131834307887,0.31048518419265747
20128,koniq10k,koniq10k/9823108104.jpg,/home/sergey/iqa-data/koniq10k/koniq10k/1024x768/9823108104.jpg,0.7803131916829773,0.5733586549758911
20129,koniq10k,koniq10k/9823593036.jpg,/home/sergey/iqa-data/koniq10k/koniq10k/1024x768/9823593036.jpg,0.7493928441245307,0.6934239268302917
20137,koniq10k,koniq10k/9843144115.jpg,/home/sergey/iqa-data/koniq10k/koniq10k/1024x768/9843144115.jpg,0.6772487923756461,0.5981394052505493
20157,koniq10k,koniq10k/9910043795.jpg,/home/sergey/iqa-data/koniq10k/koniq10k/1024x768/9910043795.jpg,0.8078027764480603,0.6776492595672607
20159,koniq10k,koniq10k/9913105155.jpg,/home/sergey/iqa-data/koniq10k/koniq10k/1024x768/9913105155.jpg,0.8104870639710448,0.5293859243392944
20160,koniq10k,koniq10k/9915601385.jpg,/home/sergey/iqa-data/koniq10k/koniq10k/1024x768/9915601385.jpg,0.7435204814333596,0.5471238493919373
20167,koniq10k,koniq10k/9927178013.jpg,/home/sergey/iqa-data/koniq10k/koniq10k/1024x768/9927178013.jpg,0.3781036335883367,0.2915613651275635
20169,koniq10k,koniq10k/9932883805.jpg,/home/sergey/iqa-data/koniq10k/koniq10k/1024x768/9932883805.jpg,0.7755913261722501,0.5673738121986389
20170,koniq10k,koniq10k/9933953566.jpg,/home/sergey/iqa-data/koniq10k/koniq10k/1024x768/9933953566.jpg,0.7253087136968035,0.5899800062179565
20173,koniq10k,koniq10k/99355212.jpg,/home/sergey/iqa-data/koniq10k/koniq10k/1024x768/99355212.jpg,0.6755683945608545,0.4661906957626343
20176,koniq10k,koniq10k/9937341544.jpg,/home/sergey/iqa-data/koniq10k/koniq10k/1024x768/9937341544.jpg,0.8393869705329338,0.6340848803520203
20177,koniq10k,koniq10k/9941134286.jpg,/home/sergey/iqa-data/koniq10k/koniq10k/1024x768/9941134286.jpg,0.7364413240430462,0.5261192321777344
20181,koniq10k,koniq10k/9945099433.jpg,/home/sergey/iqa-data/koniq10k/koniq10k/1024x768/9945099433.jpg,0.5301579703207271,0.3721095323562622
20189,koniq10k,koniq10k/9975733946.jpg,/home/sergey/iqa-data/koniq10k/koniq10k/1024x768/9975733946.jpg,0.7563000068385405,0.593759298324585
20193,koniq10k,koniq10k/9984535544.jpg,/home/sergey/iqa-data/koniq10k/koniq10k/1024x768/9984535544.jpg,0.7748922929631396,0.6899425387382507
20201,spaq,spaq/00004,/home/sergey/iqa-data/spaq/SPAQ/TestImage/00004.jpg,0.6914893617021277,0.3528619706630707
20221,spaq,spaq/00024,/home/sergey/iqa-data/spaq/SPAQ/TestImage/00024.jpg,0.3696808510638298,0.4325762093067169
20239,spaq,spaq/00042,/home/sergey/iqa-data/spaq/SPAQ/TestImage/00042.jpg,0.5137234042553191,0.4921707808971405
20241,spaq,spaq/00044,/home/sergey/iqa-data/spaq/SPAQ/TestImage/00044.jpg,0.3422340425531915,0.430212140083313
20255,spaq,spaq/00058,/home/sergey/iqa-data/spaq/SPAQ/TestImage/00058.jpg,0.4648936170212766,0.36189690232276917
20258,spaq,spaq/00061,/home/sergey/iqa-data/spaq/SPAQ/TestImage/00061.jpg,0.8085106382978723,0.44535452127456665
20262,spaq,spaq/00065,/home/sergey/iqa-data/spaq/SPAQ/TestImage/00065.jpg,0.3274468085106383,0.2909623384475708
20264,spaq,spaq/00067,/home/sergey/iqa-data/spaq/SPAQ/TestImage/00067.jpg,0.7006382978723404,0.3594169020652771
20272,spaq,spaq/00075,/home/sergey/iqa-data/spaq/SPAQ/TestImage/00075.jpg,0.4029787234042553,0.48462867736816406
20283,spaq,spaq/00086,/home/sergey/iqa-data/spaq/SPAQ/TestImage/00086.jpg,0.3282978723404255,0.3511059880256653
20291,spaq,spaq/00094,/home/sergey/iqa-data/spaq/SPAQ/TestImage/00094.jpg,0.3404255319148936,0.3497220277786255
20294,spaq,spaq/00097,/home/sergey/iqa-data/spaq/SPAQ/TestImage/00097.jpg,0.5997872340425532,0.3751252293586731
20295,spaq,spaq/00098,/home/sergey/iqa-data/spaq/SPAQ/TestImage/00098.jpg,0.5014893617021277,0.2586454749107361
20302,spaq,spaq/00105,/home/sergey/iqa-data/spaq/SPAQ/TestImage/00105.jpg,0.4880851063829787,0.47998693585395813
20303,spaq,spaq/00106,/home/sergey/iqa-data/spaq/SPAQ/TestImage/00106.jpg,0.7112765957446808,0.46425777673721313
20307,spaq,spaq/00110,/home/sergey/iqa-data/spaq/SPAQ/TestImage/00110.jpg,0.3738297872340425,0.3544650077819824
20308,spaq,spaq/00111,/home/sergey/iqa-data/spaq/SPAQ/TestImage/00111.jpg,0.4422340425531915,0.36197537183761597
20311,spaq,spaq/00114,/home/sergey/iqa-data/spaq/SPAQ/TestImage/00114.jpg,0.1337234042553191,0.41116854548454285
20318,spaq,spaq/00121,/home/sergey/iqa-data/spaq/SPAQ/TestImage/00121.jpg,0.6656382978723403,0.4410238265991211
20326,spaq,spaq/00129,/home/sergey/iqa-data/spaq/SPAQ/TestImage/00129.jpg,0.4468085106382978,0.4699845612049103
20331,spaq,spaq/00134,/home/sergey/iqa-data/spaq/SPAQ/TestImage/00134.jpg,0.5425531914893617,0.5033683180809021
20333,spaq,spaq/00136,/home/sergey/iqa-data/spaq/SPAQ/TestImage/00136.jpg,0.2101063829787234,0.4884035289287567
20336,spaq,spaq/00139,/home/sergey/iqa-data/spaq/SPAQ/TestImage/00139.jpg,0.5402127659574468,0.45014646649360657
20337,spaq,spaq/00140,/home/sergey/iqa-data/spaq/SPAQ/TestImage/00140.jpg,0.2127659574468085,0.4378518760204315
20348,spaq,spaq/00151,/home/sergey/iqa-data/spaq/SPAQ/TestImage/00151.jpg,0.4278723404255319,0.4252190589904785
20351,spaq,spaq/00154,/home/sergey/iqa-data/spaq/SPAQ/TestImage/00154.jpg,0.9508510638297872,0.4763725996017456
20353,spaq,spaq/00156,/home/sergey/iqa-data/spaq/SPAQ/TestImage/00156.jpg,0.3404255319148936,0.4611058235168457
20362,spaq,spaq/00165,/home/sergey/iqa-data/spaq/SPAQ/TestImage/00165.jpg,0.8286170212765958,0.4824140667915344
20368,spaq,spaq/00171,/home/sergey/iqa-data/spaq/SPAQ/TestImage/00171.jpg,0.6436170212765957,0.4579703211784363
20374,spaq,spaq/00177,/home/sergey/iqa-data/spaq/SPAQ/TestImage/00177.jpg,0.8212765957446809,0.4561241567134857
20378,spaq,spaq/00181,/home/sergey/iqa-data/spaq/SPAQ/TestImage/00181.jpg,0.4421276595744681,0.4986366331577301
20381,spaq,spaq/00184,/home/sergey/iqa-data/spaq/SPAQ/TestImage/00184.jpg,0.5574468085106383,0.5062555074691772
20384,spaq,spaq/00187,/home/sergey/iqa-data/spaq/SPAQ/TestImage/00187.jpg,0.2617021276595744,0.331037312746048
20393,spaq,spaq/00196,/home/sergey/iqa-data/spaq/SPAQ/TestImage/00196.jpg,0.0944680851063829,0.291134238243103
20394,spaq,spaq/00197,/home/sergey/iqa-data/spaq/SPAQ/TestImage/00197.jpg,0.397127659574468,0.33042052388191223
20400,spaq,spaq/00203,/home/sergey/iqa-data/spaq/SPAQ/TestImage/00203.jpg,0.7919148936170213,0.47925853729248047
20401,spaq,spaq/00204,/home/sergey/iqa-data/spaq/SPAQ/TestImage/00204.jpg,0.8125531914893617,0.4132100045681
20402,spaq,spaq/00205,/home/sergey/iqa-data/spaq/SPAQ/TestImage/00205.jpg,0.3471276595744681,0.3324563503265381
20403,spaq,spaq/00206,/home/sergey/iqa-data/spaq/SPAQ/TestImage/00206.jpg,0.1143617021276595,0.30863767862319946
20410,spaq,spaq/00213,/home/sergey/iqa-data/spaq/SPAQ/TestImage/00213.jpg,0.1934042553191489,0.27677083015441895
20421,spaq,spaq/00224,/home/sergey/iqa-data/spaq/SPAQ/TestImage/00224.jpg,0.1817021276595744,0.34065017104148865
20426,spaq,spaq/00229,/home/sergey/iqa-data/spaq/SPAQ/TestImage/00229.jpg,0.1014893617021276,0.3319936990737915
20439,spaq,spaq/00242,/home/sergey/iqa-data/spaq/SPAQ/TestImage/00242.jpg,0.2993617021276595,0.3724643290042877
20447,spaq,spaq/00250,/home/sergey/iqa-data/spaq/SPAQ/TestImage/00250.jpg,0.076063829787234,0.34214961528778076
20448,spaq,spaq/00251,/home/sergey/iqa-data/spaq/SPAQ/TestImage/00251.jpg,0.7530851063829788,0.2952703833580017
20450,spaq,spaq/00253,/home/sergey/iqa-data/spaq/SPAQ/TestImage/00253.jpg,0.3273404255319149,0.3479464650154114
20456,spaq,spaq/00259,/home/sergey/iqa-data/spaq/SPAQ/TestImage/00259.jpg,0.5354255319148936,0.3907376229763031
20461,spaq,spaq/00264,/home/sergey/iqa-data/spaq/SPAQ/TestImage/00264.jpg,0.7272340425531915,0.5687153935432434
20468,spaq,spaq/00271,/home/sergey/iqa-data/spaq/SPAQ/TestImage/00271.jpg,0.6906382978723404,0.2965630292892456
20473,spaq,spaq/00276,/home/sergey/iqa-data/spaq/SPAQ/TestImage/00276.jpg,0.7561702127659574,0.3243653178215027
20475,spaq,spaq/00278,/home/sergey/iqa-data/spaq/SPAQ/TestImage/00278.jpg,0.1994680851063829,0.4967266321182251
20476,spaq,spaq/00279,/home/sergey/iqa-data/spaq/SPAQ/TestImage/00279.jpg,0.8838297872340425,0.566318154335022
20479,spaq,spaq/00282,/home/sergey/iqa-data/spaq/SPAQ/TestImage/00282.jpg,0.7779787234042552,0.27427810430526733
20480,spaq,spaq/00283,/home/sergey/iqa-data/spaq/SPAQ/TestImage/00283.jpg,0.675531914893617,0.4719085395336151
20482,spaq,spaq/00285,/home/sergey/iqa-data/spaq/SPAQ/TestImage/00285.jpg,0.6553191489361703,0.3056298494338989
20484,spaq,spaq/00287,/home/sergey/iqa-data/spaq/SPAQ/TestImage/00287.jpg,0.4914893617021277,0.5289428234100342
20485,spaq,spaq/00288,/home/sergey/iqa-data/spaq/SPAQ/TestImage/00288.jpg,0.7680851063829788,0.49355432391166687
20486,spaq,spaq/00289,/home/sergey/iqa-data/spaq/SPAQ/TestImage/00289.jpg,0.4606382978723404,0.46906089782714844
20487,spaq,spaq/00290,/home/sergey/iqa-data/spaq/SPAQ/TestImage/00290.jpg,0.1986170212765957,0.48617643117904663
20502,spaq,spaq/00305,/home/sergey/iqa-data/spaq/SPAQ/TestImage/00305.jpg,0.7095744680851064,0.40535977482795715
20503,spaq,spaq/00306,/home/sergey/iqa-data/spaq/SPAQ/TestImage/00306.jpg,0.383936170212766,0.553107500076294
20508,spaq,spaq/00311,/home/sergey/iqa-data/spaq/SPAQ/TestImage/00311.jpg,0.5997872340425532,0.4511379897594452
20511,spaq,spaq/00314,/home/sergey/iqa-data/spaq/SPAQ/TestImage/00314.jpg,0.2494680851063829,0.3616092801094055
20528,spaq,spaq/00331,/home/sergey/iqa-data/spaq/SPAQ/TestImage/00331.jpg,0.7840425531914894,0.4543350338935852
20531,spaq,spaq/00334,/home/sergey/iqa-data/spaq/SPAQ/TestImage/00334.jpg,0.7755319148936171,0.4719260334968567
20537,spaq,spaq/00340,/home/sergey/iqa-data/spaq/SPAQ/TestImage/00340.jpg,0.2382978723404255,0.4351869523525238
20542,spaq,spaq/00345,/home/sergey/iqa-data/spaq/SPAQ/TestImage/00345.jpg,0.2819148936170212,0.32460054755210876
20543,spaq,spaq/00346,/home/sergey/iqa-data/spaq/SPAQ/TestImage/00346.jpg,0.8132978723404256,0.46038004755973816
20561,spaq,spaq/00364,/home/sergey/iqa-data/spaq/SPAQ/TestImage/00364.jpg,0.3686170212765957,0.35283970832824707
20565,spaq,spaq/00368,/home/sergey/iqa-data/spaq/SPAQ/TestImage/00368.jpg,0.2180851063829787,0.4934207499027252
20567,spaq,spaq/00370,/home/sergey/iqa-data/spaq/SPAQ/TestImage/00370.jpg,0.7845744680851063,0.4989970326423645
20572,spaq,spaq/00375,/home/sergey/iqa-data/spaq/SPAQ/TestImage/00375.jpg,0.7434042553191489,0.48352497816085815
20579,spaq,spaq/00382,/home/sergey/iqa-data/spaq/SPAQ/TestImage/00382.jpg,0.7421276595744681,0.3060058057308197
20584,spaq,spaq/00387,/home/sergey/iqa-data/spaq/SPAQ/TestImage/00387.jpg,0.6778723404255319,0.45824718475341797
20587,spaq,spaq/00390,/home/sergey/iqa-data/spaq/SPAQ/TestImage/00390.jpg,0.7434042553191489,0.37666717171669006
20593,spaq,spaq/00396,/home/sergey/iqa-data/spaq/SPAQ/TestImage/00396.jpg,0.2689361702127659,0.4435094892978668
20595,spaq,spaq/00398,/home/sergey/iqa-data/spaq/SPAQ/TestImage/00398.jpg,0.7719148936170213,0.4117078185081482
20602,spaq,spaq/00405,/home/sergey/iqa-data/spaq/SPAQ/TestImage/00405.jpg,0.4369148936170213,0.35412031412124634
20606,spaq,spaq/00409,/home/sergey/iqa-data/spaq/SPAQ/TestImage/00409.jpg,0.5771276595744681,0.4603216350078583
20610,spaq,spaq/00413,/home/sergey/iqa-data/spaq/SPAQ/TestImage/00413.jpg,0.6745744680851063,0.4726356863975525
20611,spaq,spaq/00414,/home/sergey/iqa-data/spaq/SPAQ/TestImage/00414.jpg,0.6090425531914894,0.3419541120529175
20616,spaq,spaq/00419,/home/sergey/iqa-data/spaq/SPAQ/TestImage/00419.jpg,0.0392553191489361,0.5197069644927979
20618,spaq,spaq/00421,/home/sergey/iqa-data/spaq/SPAQ/TestImage/00421.jpg,0.3525531914893617,0.23179985582828522
20628,spaq,spaq/00431,/home/sergey/iqa-data/spaq/SPAQ/TestImage/00431.jpg,0.8670212765957447,0.4131716191768646
20635,spaq,spaq/00438,/home/sergey/iqa-data/spaq/SPAQ/TestImage/00438.jpg,0.769468085106383,0.47419273853302
20638,spaq,spaq/00441,/home/sergey/iqa-data/spaq/SPAQ/TestImage/00441.jpg,0.4597872340425532,0.44535619020462036
20640,spaq,spaq/00443,/home/sergey/iqa-data/spaq/SPAQ/TestImage/00443.jpg,0.7978723404255319,0.3923495411872864
20653,spaq,spaq/00456,/home/sergey/iqa-data/spaq/SPAQ/TestImage/00456.jpg,0.5258510638297872,0.32434743642807007
20657,spaq,spaq/00460,/home/sergey/iqa-data/spaq/SPAQ/TestImage/00460.jpg,0.8070212765957446,0.4729631543159485
20662,spaq,spaq/00465,/home/sergey/iqa-data/spaq/SPAQ/TestImage/00465.jpg,0.758404255319149,0.3995460867881775
20665,spaq,spaq/00468,/home/sergey/iqa-data/spaq/SPAQ/TestImage/00468.jpg,0.7712765957446809,0.4826929569244385
20669,spaq,spaq/00472,/home/sergey/iqa-data/spaq/SPAQ/TestImage/00472.jpg,0.8297872340425532,0.5406339168548584
20671,spaq,spaq/00474,/home/sergey/iqa-data/spaq/SPAQ/TestImage/00474.jpg,0.5319148936170213,0.37894466519355774
20674,spaq,spaq/00477,/home/sergey/iqa-data/spaq/SPAQ/TestImage/00477.jpg,0.3067021276595744,0.3012818694114685
20680,spaq,spaq/00483,/home/sergey/iqa-data/spaq/SPAQ/TestImage/00483.jpg,0.805,0.5043505430221558
20681,spaq,spaq/00484,/home/sergey/iqa-data/spaq/SPAQ/TestImage/00484.jpg,0.6702127659574468,0.38895082473754883
20689,spaq,spaq/00492,/home/sergey/iqa-data/spaq/SPAQ/TestImage/00492.jpg,0.8820212765957447,0.48697003722190857
20698,spaq,spaq/00501,/home/sergey/iqa-data/spaq/SPAQ/TestImage/00501.jpg,0.5452127659574468,0.3336181342601776
20699,spaq,spaq/00502,/home/sergey/iqa-data/spaq/SPAQ/TestImage/00502.jpg,0.6587234042553192,0.2650442123413086
20714,spaq,spaq/00517,/home/sergey/iqa-data/spaq/SPAQ/TestImage/00517.jpg,0.776595744680851,0.4412216246128082
20722,spaq,spaq/00525,/home/sergey/iqa-data/spaq/SPAQ/TestImage/00525.jpg,0.3553191489361701,0.31722527742385864
20725,spaq,spaq/00528,/home/sergey/iqa-data/spaq/SPAQ/TestImage/00528.jpg,0.795,0.4246077239513397
20727,spaq,spaq/00530,/home/sergey/iqa-data/spaq/SPAQ/TestImage/00530.jpg,0.6648936170212766,0.4685390293598175
20728,spaq,spaq/00531,/home/sergey/iqa-data/spaq/SPAQ/TestImage/00531.jpg,0.6861702127659575,0.4246481657028198
20729,spaq,spaq/00532,/home/sergey/iqa-data/spaq/SPAQ/TestImage/00532.jpg,0.3627659574468085,0.390495240688324
20738,spaq,spaq/00541,/home/sergey/iqa-data/spaq/SPAQ/TestImage/00541.jpg,0.8452127659574469,0.4994751214981079
20741,spaq,spaq/00544,/home/sergey/iqa-data/spaq/SPAQ/TestImage/00544.jpg,0.4941489361702127,0.3097253441810608
20745,spaq,spaq/00548,/home/sergey/iqa-data/spaq/SPAQ/TestImage/00548.jpg,0.6372340425531915,0.337054967880249
20758,spaq,spaq/00561,/home/sergey/iqa-data/spaq/SPAQ/TestImage/00561.jpg,0.7613829787234042,0.3195497393608093
20763,spaq,spaq/00566,/home/sergey/iqa-data/spaq/SPAQ/TestImage/00566.jpg,0.4492553191489361,0.4523232579231262
20766,spaq,spaq/00569,/home/sergey/iqa-data/spaq/SPAQ/TestImage/00569.jpg,0.8635106382978723,0.5052677392959595
20769,spaq,spaq/00572,/home/sergey/iqa-data/spaq/SPAQ/TestImage/00572.jpg,0.3882978723404255,0.4289330244064331
20776,spaq,spaq/00579,/home/sergey/iqa-data/spaq/SPAQ/TestImage/00579.jpg,0.6338297872340425,0.3386828303337097
20782,spaq,spaq/00585,/home/sergey/iqa-data/spaq/SPAQ/TestImage/00585.jpg,0.645,0.2480824887752533
20784,spaq,spaq/00587,/home/sergey/iqa-data/spaq/SPAQ/TestImage/00587.jpg,0.5080851063829787,0.5336275696754456
20786,spaq,spaq/00589,/home/sergey/iqa-data/spaq/SPAQ/TestImage/00589.jpg,0.4008510638297872,0.2694081664085388
20798,spaq,spaq/00601,/home/sergey/iqa-data/spaq/SPAQ/TestImage/00601.jpg,0.5307446808510639,0.27695217728614807
20802,spaq,spaq/00605,/home/sergey/iqa-data/spaq/SPAQ/TestImage/00605.jpg,0.6181914893617021,0.5142010450363159
20806,spaq,spaq/00609,/home/sergey/iqa-data/spaq/SPAQ/TestImage/00609.jpg,0.3977659574468085,0.3135562539100647
20823,spaq,spaq/00626,/home/sergey/iqa-data/spaq/SPAQ/TestImage/00626.jpg,0.3863829787234042,0.37626728415489197
20834,spaq,spaq/00637,/home/sergey/iqa-data/spaq/SPAQ/TestImage/00637.jpg,0.5603191489361702,0.4946553707122803
20835,spaq,spaq/00638,/home/sergey/iqa-data/spaq/SPAQ/TestImage/00638.jpg,0.2340425531914893,0.42612412571907043
20840,spaq,spaq/00643,/home/sergey/iqa-data/spaq/SPAQ/TestImage/00643.jpg,0.2628723404255319,0.39873233437538147
20841,spaq,spaq/00644,/home/sergey/iqa-data/spaq/SPAQ/TestImage/00644.jpg,0.3418085106382979,0.30866318941116333
20847,spaq,spaq/00650,/home/sergey/iqa-data/spaq/SPAQ/TestImage/00650.jpg,0.1732978723404255,0.4197298586368561
20849,spaq,spaq/00652,/home/sergey/iqa-data/spaq/SPAQ/TestImage/00652.jpg,0.7141489361702127,0.3777273893356323
20857,spaq,spaq/00660,/home/sergey/iqa-data/spaq/SPAQ/TestImage/00660.jpg,0.6109574468085106,0.4863825738430023
20860,spaq,spaq/00663,/home/sergey/iqa-data/spaq/SPAQ/TestImage/00663.jpg,0.4862765957446808,0.36582404375076294
20863,spaq,spaq/00666,/home/sergey/iqa-data/spaq/SPAQ/TestImage/00666.jpg,0.5896808510638298,0.4783131182193756
20865,spaq,spaq/00668,/home/sergey/iqa-data/spaq/SPAQ/TestImage/00668.jpg,0.161063829787234,0.273076593875885
20866,spaq,spaq/00669,/home/sergey/iqa-data/spaq/SPAQ/TestImage/00669.jpg,0.6777659574468085,0.4177831709384918
20876,spaq,spaq/00679,/home/sergey/iqa-data/spaq/SPAQ/TestImage/00679.jpg,0.568404255319149,0.317643404006958
20877,spaq,spaq/00680,/home/sergey/iqa-data/spaq/SPAQ/TestImage/00680.jpg,0.5273404255319148,0.44229331612586975
20882,spaq,spaq/00685,/home/sergey/iqa-data/spaq/SPAQ/TestImage/00685.jpg,0.7872340425531915,0.5329943299293518
20886,spaq,spaq/00689,/home/sergey/iqa-data/spaq/SPAQ/TestImage/00689.jpg,0.2932978723404255,0.43573176860809326
20892,spaq,spaq/00695,/home/sergey/iqa-data/spaq/SPAQ/TestImage/00695.jpg,0.7932978723404255,0.32229873538017273
20893,spaq,spaq/00696,/home/sergey/iqa-data/spaq/SPAQ/TestImage/00696.jpg,0.3890425531914893,0.3331960141658783
20895,spaq,spaq/00698,/home/sergey/iqa-data/spaq/SPAQ/TestImage/00698.jpg,0.5,0.5028859972953796
20902,spaq,spaq/00705,/home/sergey/iqa-data/spaq/SPAQ/TestImage/00705.jpg,0.7540425531914893,0.5680323243141174
20904,spaq,spaq/00707,/home/sergey/iqa-data/spaq/SPAQ/TestImage/00707.jpg,0.7104255319148937,0.3463588356971741
20912,spaq,spaq/00715,/home/sergey/iqa-data/spaq/SPAQ/TestImage/00715.jpg,0.5723404255319149,0.2876919209957123
20913,spaq,spaq/00716,/home/sergey/iqa-data/spaq/SPAQ/TestImage/00716.jpg,0.7360638297872341,0.49934226274490356
20914,spaq,spaq/00717,/home/sergey/iqa-data/spaq/SPAQ/TestImage/00717.jpg,0.8677659574468084,0.556709885597229
20918,spaq,spaq/00721,/home/sergey/iqa-data/spaq/SPAQ/TestImage/00721.jpg,0.6778723404255319,0.49072861671447754
20921,spaq,spaq/00724,/home/sergey/iqa-data/spaq/SPAQ/TestImage/00724.jpg,0.376595744680851,0.3972634971141815
20923,spaq,spaq/00726,/home/sergey/iqa-data/spaq/SPAQ/TestImage/00726.jpg,0.2074468085106383,0.48298829793930054
20925,spaq,spaq/00728,/home/sergey/iqa-data/spaq/SPAQ/TestImage/00728.jpg,0.466063829787234,0.40968194603919983
20933,spaq,spaq/00736,/home/sergey/iqa-data/spaq/SPAQ/TestImage/00736.jpg,0.8351063829787234,0.49500980973243713
20936,spaq,spaq/00739,/home/sergey/iqa-data/spaq/SPAQ/TestImage/00739.jpg,0.6290425531914894,0.43325430154800415
20940,spaq,spaq/00743,/home/sergey/iqa-data/spaq/SPAQ/TestImage/00743.jpg,0.6982978723404255,0.28707367181777954
20941,spaq,spaq/00744,/home/sergey/iqa-data/spaq/SPAQ/TestImage/00744.jpg,0.2440425531914893,0.3997499346733093
20945,spaq,spaq/00748,/home/sergey/iqa-data/spaq/SPAQ/TestImage/00748.jpg,0.3754255319148936,0.4642138183116913
20952,spaq,spaq/00755,/home/sergey/iqa-data/spaq/SPAQ/TestImage/00755.jpg,0.222127659574468,0.30197858810424805
20956,spaq,spaq/00759,/home/sergey/iqa-data/spaq/SPAQ/TestImage/00759.jpg,0.5603191489361702,0.48229023814201355
20965,spaq,spaq/00768,/home/sergey/iqa-data/spaq/SPAQ/TestImage/00768.jpg,0.565,0.34530165791511536
20968,spaq,spaq/00771,/home/sergey/iqa-data/spaq/SPAQ/TestImage/00771.jpg,0.2624468085106383,0.37932080030441284
20970,spaq,spaq/00773,/home/sergey/iqa-data/spaq/SPAQ/TestImage/00773.jpg,0.0904255319148936,0.39828920364379883
21000,spaq,spaq/00803,/home/sergey/iqa-data/spaq/SPAQ/TestImage/00803.jpg,0.7358510638297873,0.4264259338378906
21007,spaq,spaq/00810,/home/sergey/iqa-data/spaq/SPAQ/TestImage/00810.jpg,0.2279787234042553,0.38141360878944397
21011,spaq,spaq/00814,/home/sergey/iqa-data/spaq/SPAQ/TestImage/00814.jpg,0.8031914893617021,0.5454519987106323
21012,spaq,spaq/00815,/home/sergey/iqa-data/spaq/SPAQ/TestImage/00815.jpg,0.6542553191489362,0.4750877022743225
21013,spaq,spaq/00816,/home/sergey/iqa-data/spaq/SPAQ/TestImage/00816.jpg,0.4326595744680851,0.3252842128276825
21016,spaq,spaq/00819,/home/sergey/iqa-data/spaq/SPAQ/TestImage/00819.jpg,0.370531914893617,0.28430837392807007
21021,spaq,spaq/00824,/home/sergey/iqa-data/spaq/SPAQ/TestImage/00824.jpg,0.2872340425531915,0.3814234733581543
21025,spaq,spaq/00828,/home/sergey/iqa-data/spaq/SPAQ/TestImage/00828.jpg,0.4057446808510638,0.3285183906555176
21027,spaq,spaq/00830,/home/sergey/iqa-data/spaq/SPAQ/TestImage/00830.jpg,0.2553191489361702,0.2499922811985016
21031,spaq,spaq/00834,/home/sergey/iqa-data/spaq/SPAQ/TestImage/00834.jpg,0.4346808510638297,0.3822668492794037
21032,spaq,spaq/00835,/home/sergey/iqa-data/spaq/SPAQ/TestImage/00835.jpg,0.1139361702127659,0.41486337780952454
21036,spaq,spaq/00839,/home/sergey/iqa-data/spaq/SPAQ/TestImage/00839.jpg,0.1990425531914893,0.4344647228717804
21037,spaq,spaq/00840,/home/sergey/iqa-data/spaq/SPAQ/TestImage/00840.jpg,0.4818085106382979,0.3105738162994385
21040,spaq,spaq/00843,/home/sergey/iqa-data/spaq/SPAQ/TestImage/00843.jpg,0.2903191489361702,0.3778351843357086
21042,spaq,spaq/00845,/home/sergey/iqa-data/spaq/SPAQ/TestImage/00845.jpg,0.7715957446808511,0.3821624219417572
21046,spaq,spaq/00849,/home/sergey/iqa-data/spaq/SPAQ/TestImage/00849.jpg,0.7340425531914894,0.5545109510421753
21048,spaq,spaq/00851,/home/sergey/iqa-data/spaq/SPAQ/TestImage/00851.jpg,0.4035106382978723,0.35612866282463074
21049,spaq,spaq/00852,/home/sergey/iqa-data/spaq/SPAQ/TestImage/00852.jpg,0.3411702127659574,0.35425007343292236
21058,spaq,spaq/00861,/home/sergey/iqa-data/spaq/SPAQ/TestImage/00861.jpg,0.7504255319148937,0.3558780550956726
21066,spaq,spaq/00869,/home/sergey/iqa-data/spaq/SPAQ/TestImage/00869.jpg,0.5,0.4297146201133728
21069,spaq,spaq/00872,/home/sergey/iqa-data/spaq/SPAQ/TestImage/00872.jpg,0.1019148936170212,0.27668172121047974
21074,spaq,spaq/00877,/home/sergey/iqa-data/spaq/SPAQ/TestImage/00877.jpg,0.6319148936170212,0.4061480760574341
21083,spaq,spaq/00886,/home/sergey/iqa-data/spaq/SPAQ/TestImage/00886.jpg,0.4290425531914893,0.259085476398468
21085,spaq,spaq/00888,/home/sergey/iqa-data/spaq/SPAQ/TestImage/00888.jpg,0.2211702127659574,0.3912392556667328
21086,spaq,spaq/00889,/home/sergey/iqa-data/spaq/SPAQ/TestImage/00889.jpg,0.2307446808510638,0.31987428665161133
21088,spaq,spaq/00891,/home/sergey/iqa-data/spaq/SPAQ/TestImage/00891.jpg,0.3448936170212766,0.36427992582321167
21090,spaq,spaq/00893,/home/sergey/iqa-data/spaq/SPAQ/TestImage/00893.jpg,0.6702127659574468,0.5435705184936523
21104,spaq,spaq/00907,/home/sergey/iqa-data/spaq/SPAQ/TestImage/00907.jpg,0.7586170212765958,0.3783518075942993
21106,spaq,spaq/00909,/home/sergey/iqa-data/spaq/SPAQ/TestImage/00909.jpg,0.2936170212765958,0.5269564986228943
21107,spaq,spaq/00910,/home/sergey/iqa-data/spaq/SPAQ/TestImage/00910.jpg,0.2561702127659574,0.2818424105644226
21109,spaq,spaq/00912,/home/sergey/iqa-data/spaq/SPAQ/TestImage/00912.jpg,0.5948936170212766,0.39570844173431396
21114,spaq,spaq/00917,/home/sergey/iqa-data/spaq/SPAQ/TestImage/00917.jpg,0.5174468085106383,0.2799433171749115
21116,spaq,spaq/00919,/home/sergey/iqa-data/spaq/SPAQ/TestImage/00919.jpg,0.7295744680851064,0.4961864650249481
21128,spaq,spaq/00931,/home/sergey/iqa-data/spaq/SPAQ/TestImage/00931.jpg,0.8085106382978723,0.3539661765098572
21136,spaq,spaq/00939,/home/sergey/iqa-data/spaq/SPAQ/TestImage/00939.jpg,0.851063829787234,0.43046313524246216
21139,spaq,spaq/00942,/home/sergey/iqa-data/spaq/SPAQ/TestImage/00942.jpg,0.8040425531914893,0.5032373070716858
21142,spaq,spaq/00945,/home/sergey/iqa-data/spaq/SPAQ/TestImage/00945.jpg,0.4290425531914893,0.43781188130378723
21153,spaq,spaq/00956,/home/sergey/iqa-data/spaq/SPAQ/TestImage/00956.jpg,0.4545744680851064,0.5444250106811523
21155,spaq,spaq/00958,/home/sergey/iqa-data/spaq/SPAQ/TestImage/00958.jpg,0.4742553191489361,0.4967349171638489
21164,spaq,spaq/00967,/home/sergey/iqa-data/spaq/SPAQ/TestImage/00967.jpg,0.4340425531914893,0.2924598455429077
21165,spaq,spaq/00968,/home/sergey/iqa-data/spaq/SPAQ/TestImage/00968.jpg,0.652127659574468,0.3649827539920807
21172,spaq,spaq/00975,/home/sergey/iqa-data/spaq/SPAQ/TestImage/00975.jpg,0.6436170212765957,0.5084086656570435
21175,spaq,spaq/00978,/home/sergey/iqa-data/spaq/SPAQ/TestImage/00978.jpg,0.6861702127659575,0.39652127027511597
21187,spaq,spaq/00990,/home/sergey/iqa-data/spaq/SPAQ/TestImage/00990.jpg,0.8251063829787234,0.4333924949169159
21197,spaq,spaq/01000,/home/sergey/iqa-data/spaq/SPAQ/TestImage/01000.jpg,0.6143617021276596,0.45400017499923706
21201,spaq,spaq/01004,/home/sergey/iqa-data/spaq/SPAQ/TestImage/01004.jpg,0.1702127659574468,0.4499838650226593
21203,spaq,spaq/01006,/home/sergey/iqa-data/spaq/SPAQ/TestImage/01006.jpg,0.4361702127659574,0.3537542521953583
21213,spaq,spaq/01016,/home/sergey/iqa-data/spaq/SPAQ/TestImage/01016.jpg,0.384468085106383,0.44397926330566406
21215,spaq,spaq/01018,/home/sergey/iqa-data/spaq/SPAQ/TestImage/01018.jpg,0.5292553191489362,0.4193897545337677
21216,spaq,spaq/01019,/home/sergey/iqa-data/spaq/SPAQ/TestImage/01019.jpg,0.161063829787234,0.45547783374786377
21217,spaq,spaq/01020,/home/sergey/iqa-data/spaq/SPAQ/TestImage/01020.jpg,0.3996808510638298,0.38511085510253906
21218,spaq,spaq/01021,/home/sergey/iqa-data/spaq/SPAQ/TestImage/01021.jpg,0.3875531914893617,0.5190198421478271
21221,spaq,spaq/01024,/home/sergey/iqa-data/spaq/SPAQ/TestImage/01024.jpg,0.3218085106382978,0.34588345885276794
21230,spaq,spaq/01033,/home/sergey/iqa-data/spaq/SPAQ/TestImage/01033.jpg,0.3427659574468085,0.21123106777668
21234,spaq,spaq/01037,/home/sergey/iqa-data/spaq/SPAQ/TestImage/01037.jpg,0.7872340425531915,0.5649346709251404
21244,spaq,spaq/01047,/home/sergey/iqa-data/spaq/SPAQ/TestImage/01047.jpg,0.6671276595744681,0.3489009737968445
21248,spaq,spaq/01051,/home/sergey/iqa-data/spaq/SPAQ/TestImage/01051.jpg,0.7990425531914893,0.48424363136291504
21250,spaq,spaq/01053,/home/sergey/iqa-data/spaq/SPAQ/TestImage/01053.jpg,0.8206382978723404,0.39744463562965393
21257,spaq,spaq/01060,/home/sergey/iqa-data/spaq/SPAQ/TestImage/01060.jpg,0.4556382978723404,0.30490994453430176
21260,spaq,spaq/01063,/home/sergey/iqa-data/spaq/SPAQ/TestImage/01063.jpg,0.5280851063829787,0.35308021306991577
21261,spaq,spaq/01064,/home/sergey/iqa-data/spaq/SPAQ/TestImage/01064.jpg,0.5057446808510638,0.2727590799331665
21262,spaq,spaq/01065,/home/sergey/iqa-data/spaq/SPAQ/TestImage/01065.jpg,0.7659574468085106,0.4406423568725586
21266,spaq,spaq/01069,/home/sergey/iqa-data/spaq/SPAQ/TestImage/01069.jpg,0.2420212765957446,0.36630380153656006
21267,spaq,spaq/01070,/home/sergey/iqa-data/spaq/SPAQ/TestImage/01070.jpg,0.8472340425531915,0.5044422149658203
21268,spaq,spaq/01071,/home/sergey/iqa-data/spaq/SPAQ/TestImage/01071.jpg,0.501595744680851,0.29983440041542053
21271,spaq,spaq/01074,/home/sergey/iqa-data/spaq/SPAQ/TestImage/01074.jpg,0.2291489361702127,0.36982107162475586
21272,spaq,spaq/01075,/home/sergey/iqa-data/spaq/SPAQ/TestImage/01075.jpg,0.469468085106383,0.2974540889263153
21277,spaq,spaq/01080,/home/sergey/iqa-data/spaq/SPAQ/TestImage/01080.jpg,0.4406382978723404,0.43808987736701965
21280,spaq,spaq/01083,/home/sergey/iqa-data/spaq/SPAQ/TestImage/01083.jpg,0.8519148936170212,0.42854225635528564
21283,spaq,spaq/01086,/home/sergey/iqa-data/spaq/SPAQ/TestImage/01086.jpg,0.3248936170212765,0.29221802949905396
21285,spaq,spaq/01088,/home/sergey/iqa-data/spaq/SPAQ/TestImage/01088.jpg,0.852872340425532,0.5128395557403564
21287,spaq,spaq/01090,/home/sergey/iqa-data/spaq/SPAQ/TestImage/01090.jpg,0.6968085106382979,0.4524511396884918
21290,spaq,spaq/01093,/home/sergey/iqa-data/spaq/SPAQ/TestImage/01093.jpg,0.675531914893617,0.35049983859062195
21292,spaq,spaq/01095,/home/sergey/iqa-data/spaq/SPAQ/TestImage/01095.jpg,0.4271276595744681,0.3953513205051422
21295,spaq,spaq/01098,/home/sergey/iqa-data/spaq/SPAQ/TestImage/01098.jpg,0.8003191489361703,0.42149102687835693
21307,spaq,spaq/01110,/home/sergey/iqa-data/spaq/SPAQ/TestImage/01110.jpg,0.3789361702127659,0.3797290325164795
21320,spaq,spaq/01123,/home/sergey/iqa-data/spaq/SPAQ/TestImage/01123.jpg,0.3577659574468085,0.5027779340744019
21322,spaq,spaq/01125,/home/sergey/iqa-data/spaq/SPAQ/TestImage/01125.jpg,0.7154255319148937,0.3809830844402313
21324,spaq,spaq/01127,/home/sergey/iqa-data/spaq/SPAQ/TestImage/01127.jpg,0.5279787234042553,0.3558489978313446
21332,spaq,spaq/01135,/home/sergey/iqa-data/spaq/SPAQ/TestImage/01135.jpg,0.4375531914893617,0.4241381585597992
21333,spaq,spaq/01136,/home/sergey/iqa-data/spaq/SPAQ/TestImage/01136.jpg,0.5191489361702127,0.37412524223327637
21334,spaq,spaq/01137,/home/sergey/iqa-data/spaq/SPAQ/TestImage/01137.jpg,0.5468085106382978,0.5660889148712158
21341,spaq,spaq/01144,/home/sergey/iqa-data/spaq/SPAQ/TestImage/01144.jpg,0.2127659574468085,0.4051424562931061
21345,spaq,spaq/01148,/home/sergey/iqa-data/spaq/SPAQ/TestImage/01148.jpg,0.3025531914893617,0.47331929206848145
21346,spaq,spaq/01149,/home/sergey/iqa-data/spaq/SPAQ/TestImage/01149.jpg,0.7620212765957446,0.5243667960166931
21347,spaq,spaq/01150,/home/sergey/iqa-data/spaq/SPAQ/TestImage/01150.jpg,0.6574468085106383,0.3252837061882019
21349,spaq,spaq/01152,/home/sergey/iqa-data/spaq/SPAQ/TestImage/01152.jpg,0.776595744680851,0.2623189091682434
21354,spaq,spaq/01157,/home/sergey/iqa-data/spaq/SPAQ/TestImage/01157.jpg,0.3251063829787234,0.47095435857772827
21358,spaq,spaq/01161,/home/sergey/iqa-data/spaq/SPAQ/TestImage/01161.jpg,0.3125531914893616,0.3265642523765564
21364,spaq,spaq/01167,/home/sergey/iqa-data/spaq/SPAQ/TestImage/01167.jpg,0.3684042553191489,0.4884737432003021
21369,spaq,spaq/01172,/home/sergey/iqa-data/spaq/SPAQ/TestImage/01172.jpg,0.6359574468085106,0.40918439626693726
21384,spaq,spaq/01187,/home/sergey/iqa-data/spaq/SPAQ/TestImage/01187.jpg,0.7393617021276596,0.30737996101379395
21387,spaq,spaq/01190,/home/sergey/iqa-data/spaq/SPAQ/TestImage/01190.jpg,0.6968085106382979,0.33333244919776917
21388,spaq,spaq/01191,/home/sergey/iqa-data/spaq/SPAQ/TestImage/01191.jpg,0.8364893617021276,0.5477634072303772
21398,spaq,spaq/01201,/home/sergey/iqa-data/spaq/SPAQ/TestImage/01201.jpg,0.0412765957446808,0.29959559440612793
21400,spaq,spaq/01203,/home/sergey/iqa-data/spaq/SPAQ/TestImage/01203.jpg,0.2067021276595744,0.28151825070381165
21401,spaq,spaq/01204,/home/sergey/iqa-data/spaq/SPAQ/TestImage/01204.jpg,0.4042553191489361,0.36477845907211304
21405,spaq,spaq/01208,/home/sergey/iqa-data/spaq/SPAQ/TestImage/01208.jpg,0.4361702127659574,0.45898687839508057
21410,spaq,spaq/01213,/home/sergey/iqa-data/spaq/SPAQ/TestImage/01213.jpg,0.7112765957446808,0.4421537518501282
21423,spaq,spaq/01226,/home/sergey/iqa-data/spaq/SPAQ/TestImage/01226.jpg,0.0797872340425532,0.37696006894111633
21430,spaq,spaq/01233,/home/sergey/iqa-data/spaq/SPAQ/TestImage/01233.jpg,0.675531914893617,0.32934802770614624
21458,spaq,spaq/01261,/home/sergey/iqa-data/spaq/SPAQ/TestImage/01261.jpg,0.3062765957446808,0.3187561631202698
21459,spaq,spaq/01262,/home/sergey/iqa-data/spaq/SPAQ/TestImage/01262.jpg,0.3559574468085106,0.24352112412452698
21470,spaq,spaq/01273,/home/sergey/iqa-data/spaq/SPAQ/TestImage/01273.jpg,0.0822340425531915,0.24696217477321625
21478,spaq,spaq/01281,/home/sergey/iqa-data/spaq/SPAQ/TestImage/01281.jpg,0.7597872340425532,0.5034267902374268
21480,spaq,spaq/01283,/home/sergey/iqa-data/spaq/SPAQ/TestImage/01283.jpg,0.3056382978723404,0.3490501642227173
21486,spaq,spaq/01289,/home/sergey/iqa-data/spaq/SPAQ/TestImage/01289.jpg,0.4293617021276595,0.44140034914016724
21488,spaq,spaq/01291,/home/sergey/iqa-data/spaq/SPAQ/TestImage/01291.jpg,0.8315957446808511,0.5047591924667358
21496,spaq,spaq/01299,/home/sergey/iqa-data/spaq/SPAQ/TestImage/01299.jpg,0.4496808510638298,0.32700246572494507
21501,spaq,spaq/01304,/home/sergey/iqa-data/spaq/SPAQ/TestImage/01304.jpg,0.7162765957446808,0.39383694529533386
21510,spaq,spaq/01313,/home/sergey/iqa-data/spaq/SPAQ/TestImage/01313.jpg,0.6972340425531915,0.4390690326690674
21521,spaq,spaq/01324,/home/sergey/iqa-data/spaq/SPAQ/TestImage/01324.jpg,0.7901063829787234,0.605657160282135
21525,spaq,spaq/01328,/home/sergey/iqa-data/spaq/SPAQ/TestImage/01328.jpg,0.7252127659574469,0.41487863659858704
21529,spaq,spaq/01332,/home/sergey/iqa-data/spaq/SPAQ/TestImage/01332.jpg,0.4758510638297872,0.3626970946788788
21531,spaq,spaq/01334,/home/sergey/iqa-data/spaq/SPAQ/TestImage/01334.jpg,0.8741489361702128,0.4581313133239746
21538,spaq,spaq/01341,/home/sergey/iqa-data/spaq/SPAQ/TestImage/01341.jpg,0.5061702127659574,0.4410710632801056
21539,spaq,spaq/01342,/home/sergey/iqa-data/spaq/SPAQ/TestImage/01342.jpg,0.6151063829787234,0.35134339332580566
21540,spaq,spaq/01343,/home/sergey/iqa-data/spaq/SPAQ/TestImage/01343.jpg,0.0522340425531914,0.29563820362091064
21546,spaq,spaq/01349,/home/sergey/iqa-data/spaq/SPAQ/TestImage/01349.jpg,0.3058510638297872,0.32432422041893005
21550,spaq,spaq/01353,/home/sergey/iqa-data/spaq/SPAQ/TestImage/01353.jpg,0.5948936170212766,0.49643757939338684
21552,spaq,spaq/01355,/home/sergey/iqa-data/spaq/SPAQ/TestImage/01355.jpg,0.6324468085106383,0.3685869574546814
21554,spaq,spaq/01357,/home/sergey/iqa-data/spaq/SPAQ/TestImage/01357.jpg,0.8404255319148937,0.27118074893951416
21564,spaq,spaq/01367,/home/sergey/iqa-data/spaq/SPAQ/TestImage/01367.jpg,0.6654255319148936,0.5003999471664429
21567,spaq,spaq/01370,/home/sergey/iqa-data/spaq/SPAQ/TestImage/01370.jpg,0.5869148936170213,0.3772221803665161
21568,spaq,spaq/01371,/home/sergey/iqa-data/spaq/SPAQ/TestImage/01371.jpg,0.6179787234042553,0.28092068433761597
21569,spaq,spaq/01372,/home/sergey/iqa-data/spaq/SPAQ/TestImage/01372.jpg,0.495531914893617,0.2784532308578491
21570,spaq,spaq/01373,/home/sergey/iqa-data/spaq/SPAQ/TestImage/01373.jpg,0.8111702127659575,0.4827626943588257
21573,spaq,spaq/01376,/home/sergey/iqa-data/spaq/SPAQ/TestImage/01376.jpg,0.8847872340425532,0.4277597665786743
21586,spaq,spaq/01389,/home/sergey/iqa-data/spaq/SPAQ/TestImage/01389.jpg,0.5512765957446809,0.30332648754119873
21587,spaq,spaq/01390,/home/sergey/iqa-data/spaq/SPAQ/TestImage/01390.jpg,0.4526595744680851,0.4829120337963104
21594,spaq,spaq/01397,/home/sergey/iqa-data/spaq/SPAQ/TestImage/01397.jpg,0.7819148936170213,0.4407004117965698
21596,spaq,spaq/01399,/home/sergey/iqa-data/spaq/SPAQ/TestImage/01399.jpg,0.2127659574468085,0.30211368203163147
21604,spaq,spaq/01407,/home/sergey/iqa-data/spaq/SPAQ/TestImage/01407.jpg,0.8026595744680851,0.4707654118537903
21609,spaq,spaq/01412,/home/sergey/iqa-data/spaq/SPAQ/TestImage/01412.jpg,0.4371276595744681,0.24228313565254211
21610,spaq,spaq/01413,/home/sergey/iqa-data/spaq/SPAQ/TestImage/01413.jpg,0.3282978723404255,0.40689656138420105
21611,spaq,spaq/01414,/home/sergey/iqa-data/spaq/SPAQ/TestImage/01414.jpg,0.5909574468085106,0.46378299593925476
21612,spaq,spaq/01415,/home/sergey/iqa-data/spaq/SPAQ/TestImage/01415.jpg,0.6319148936170212,0.36509257555007935
21622,spaq,spaq/01425,/home/sergey/iqa-data/spaq/SPAQ/TestImage/01425.jpg,0.3994680851063829,0.26316940784454346
21626,spaq,spaq/01429,/home/sergey/iqa-data/spaq/SPAQ/TestImage/01429.jpg,0.2930851063829787,0.373222291469574
21631,spaq,spaq/01434,/home/sergey/iqa-data/spaq/SPAQ/TestImage/01434.jpg,0.4936170212765957,0.3812195360660553
21639,spaq,spaq/01442,/home/sergey/iqa-data/spaq/SPAQ/TestImage/01442.jpg,0.4106382978723404,0.34761345386505127
21643,spaq,spaq/01446,/home/sergey/iqa-data/spaq/SPAQ/TestImage/01446.jpg,0.3404255319148936,0.38427549600601196
21645,spaq,spaq/01448,/home/sergey/iqa-data/spaq/SPAQ/TestImage/01448.jpg,0.6531914893617021,0.32693126797676086
21646,spaq,spaq/01449,/home/sergey/iqa-data/spaq/SPAQ/TestImage/01449.jpg,0.7707446808510638,0.5305156111717224
21647,spaq,spaq/01450,/home/sergey/iqa-data/spaq/SPAQ/TestImage/01450.jpg,0.3202127659574468,0.28482934832572937
21649,spaq,spaq/01452,/home/sergey/iqa-data/spaq/SPAQ/TestImage/01452.jpg,0.7085106382978723,0.29847538471221924
21656,spaq,spaq/01459,/home/sergey/iqa-data/spaq/SPAQ/TestImage/01459.jpg,0.8042553191489361,0.5324411988258362
21666,spaq,spaq/01469,/home/sergey/iqa-data/spaq/SPAQ/TestImage/01469.jpg,0.773936170212766,0.5527592301368713
21668,spaq,spaq/01471,/home/sergey/iqa-data/spaq/SPAQ/TestImage/01471.jpg,0.8617021276595744,0.5070045590400696
21673,spaq,spaq/01476,/home/sergey/iqa-data/spaq/SPAQ/TestImage/01476.jpg,0.152127659574468,0.40107589960098267
21674,spaq,spaq/01477,/home/sergey/iqa-data/spaq/SPAQ/TestImage/01477.jpg,0.6138297872340426,0.44319483637809753
21683,spaq,spaq/01486,/home/sergey/iqa-data/spaq/SPAQ/TestImage/01486.jpg,0.8581914893617022,0.5609412789344788
21687,spaq,spaq/01490,/home/sergey/iqa-data/spaq/SPAQ/TestImage/01490.jpg,0.7351063829787233,0.4530348479747772
21710,spaq,spaq/01513,/home/sergey/iqa-data/spaq/SPAQ/TestImage/01513.jpg,0.820531914893617,0.5728105306625366
21711,spaq,spaq/01514,/home/sergey/iqa-data/spaq/SPAQ/TestImage/01514.jpg,0.2952127659574468,0.28696098923683167
21725,spaq,spaq/01528,/home/sergey/iqa-data/spaq/SPAQ/TestImage/01528.jpg,0.3457446808510638,0.30744805932044983
21733,spaq,spaq/01536,/home/sergey/iqa-data/spaq/SPAQ/TestImage/01536.jpg,0.5918085106382979,0.4752953350543976
21734,spaq,spaq/01537,/home/sergey/iqa-data/spaq/SPAQ/TestImage/01537.jpg,0.4468085106382978,0.4058905243873596
21739,spaq,spaq/01542,/home/sergey/iqa-data/spaq/SPAQ/TestImage/01542.jpg,0.2413829787234042,0.5640434622764587
21740,spaq,spaq/01543,/home/sergey/iqa-data/spaq/SPAQ/TestImage/01543.jpg,0.5709574468085107,0.25429004430770874
21748,spaq,spaq/01551,/home/sergey/iqa-data/spaq/SPAQ/TestImage/01551.jpg,0.8027659574468085,0.3061233162879944
21751,spaq,spaq/01554,/home/sergey/iqa-data/spaq/SPAQ/TestImage/01554.jpg,0.3796808510638297,0.3682937026023865
21754,spaq,spaq/01557,/home/sergey/iqa-data/spaq/SPAQ/TestImage/01557.jpg,0.8437234042553192,0.5361315608024597
21762,spaq,spaq/01565,/home/sergey/iqa-data/spaq/SPAQ/TestImage/01565.jpg,0.7272340425531915,0.2981902062892914
21766,spaq,spaq/01569,/home/sergey/iqa-data/spaq/SPAQ/TestImage/01569.jpg,0.6117021276595744,0.35202792286872864
21780,spaq,spaq/01583,/home/sergey/iqa-data/spaq/SPAQ/TestImage/01583.jpg,0.6254255319148936,0.38722801208496094
21787,spaq,spaq/01590,/home/sergey/iqa-data/spaq/SPAQ/TestImage/01590.jpg,0.7978723404255319,0.5494726896286011
21788,spaq,spaq/01591,/home/sergey/iqa-data/spaq/SPAQ/TestImage/01591.jpg,0.7375531914893617,0.28314208984375
21794,spaq,spaq/01597,/home/sergey/iqa-data/spaq/SPAQ/TestImage/01597.jpg,0.7340425531914894,0.37878531217575073
21800,spaq,spaq/01603,/home/sergey/iqa-data/spaq/SPAQ/TestImage/01603.jpg,0.7852127659574468,0.5366986989974976
21802,spaq,spaq/01605,/home/sergey/iqa-data/spaq/SPAQ/TestImage/01605.jpg,0.3247872340425532,0.4524836242198944
21805,spaq,spaq/01608,/home/sergey/iqa-data/spaq/SPAQ/TestImage/01608.jpg,0.2295744680851063,0.40705031156539917
21808,spaq,spaq/01611,/home/sergey/iqa-data/spaq/SPAQ/TestImage/01611.jpg,0.1890425531914893,0.3076341152191162
21809,spaq,spaq/01612,/home/sergey/iqa-data/spaq/SPAQ/TestImage/01612.jpg,0.2606382978723404,0.29987776279449463
21813,spaq,spaq/01616,/home/sergey/iqa-data/spaq/SPAQ/TestImage/01616.jpg,0.5340425531914894,0.4733196198940277
21824,spaq,spaq/01627,/home/sergey/iqa-data/spaq/SPAQ/TestImage/01627.jpg,0.7611702127659574,0.28229159116744995
21841,spaq,spaq/01644,/home/sergey/iqa-data/spaq/SPAQ/TestImage/01644.jpg,0.1404255319148936,0.47337594628334045
21847,spaq,spaq/01650,/home/sergey/iqa-data/spaq/SPAQ/TestImage/01650.jpg,0.3723404255319149,0.302002489566803
21848,spaq,spaq/01651,/home/sergey/iqa-data/spaq/SPAQ/TestImage/01651.jpg,0.2529787234042553,0.3543442487716675
21850,spaq,spaq/01653,/home/sergey/iqa-data/spaq/SPAQ/TestImage/01653.jpg,0.1797872340425531,0.3828417956829071
21851,spaq,spaq/01654,/home/sergey/iqa-data/spaq/SPAQ/TestImage/01654.jpg,0.2521276595744681,0.28280624747276306
21856,spaq,spaq/01659,/home/sergey/iqa-data/spaq/SPAQ/TestImage/01659.jpg,0.310531914893617,0.3078470826148987
21857,spaq,spaq/01660,/home/sergey/iqa-data/spaq/SPAQ/TestImage/01660.jpg,0.4741489361702127,0.42457151412963867
21863,spaq,spaq/01666,/home/sergey/iqa-data/spaq/SPAQ/TestImage/01666.jpg,0.3324468085106383,0.342946320772171
21874,spaq,spaq/01677,/home/sergey/iqa-data/spaq/SPAQ/TestImage/01677.jpg,0.2932978723404255,0.4140802025794983
21880,spaq,spaq/01683,/home/sergey/iqa-data/spaq/SPAQ/TestImage/01683.jpg,0.6808510638297872,0.5211361646652222
21887,spaq,spaq/01690,/home/sergey/iqa-data/spaq/SPAQ/TestImage/01690.jpg,0.195531914893617,0.4371700882911682
21889,spaq,spaq/01692,/home/sergey/iqa-data/spaq/SPAQ/TestImage/01692.jpg,0.3763829787234042,0.3484653830528259
21900,spaq,spaq/01703,/home/sergey/iqa-data/spaq/SPAQ/TestImage/01703.jpg,0.5118085106382979,0.3835453391075134
21902,spaq,spaq/01705,/home/sergey/iqa-data/spaq/SPAQ/TestImage/01705.jpg,0.4302127659574468,0.38426291942596436
21905,spaq,spaq/01708,/home/sergey/iqa-data/spaq/SPAQ/TestImage/01708.jpg,0.7624468085106383,0.38959378004074097
21906,spaq,spaq/01709,/home/sergey/iqa-data/spaq/SPAQ/TestImage/01709.jpg,0.3073404255319149,0.3043932020664215
21913,spaq,spaq/01716,/home/sergey/iqa-data/spaq/SPAQ/TestImage/01716.jpg,0.6329787234042553,0.43941593170166016
21916,spaq,spaq/01719,/home/sergey/iqa-data/spaq/SPAQ/TestImage/01719.jpg,0.5712765957446809,0.28728243708610535
21921,spaq,spaq/01724,/home/sergey/iqa-data/spaq/SPAQ/TestImage/01724.jpg,0.7327659574468085,0.5452411770820618
21943,spaq,spaq/01746,/home/sergey/iqa-data/spaq/SPAQ/TestImage/01746.jpg,0.6875531914893617,0.4425118863582611
21951,spaq,spaq/01754,/home/sergey/iqa-data/spaq/SPAQ/TestImage/01754.jpg,0.6337234042553191,0.5022414326667786
21963,spaq,spaq/01766,/home/sergey/iqa-data/spaq/SPAQ/TestImage/01766.jpg,0.805,0.44377392530441284
21967,spaq,spaq/01770,/home/sergey/iqa-data/spaq/SPAQ/TestImage/01770.jpg,0.2324468085106383,0.3625110983848572
21974,spaq,spaq/01777,/home/sergey/iqa-data/spaq/SPAQ/TestImage/01777.jpg,0.3470212765957446,0.4986610412597656
21988,spaq,spaq/01791,/home/sergey/iqa-data/spaq/SPAQ/TestImage/01791.jpg,0.7717021276595746,0.37828710675239563
21999,spaq,spaq/01802,/home/sergey/iqa-data/spaq/SPAQ/TestImage/01802.jpg,0.5673404255319149,0.3252265751361847
22003,spaq,spaq/01806,/home/sergey/iqa-data/spaq/SPAQ/TestImage/01806.jpg,0.1874468085106383,0.41889652609825134
22006,spaq,spaq/01809,/home/sergey/iqa-data/spaq/SPAQ/TestImage/01809.jpg,0.300531914893617,0.44843852519989014
22007,spaq,spaq/01810,/home/sergey/iqa-data/spaq/SPAQ/TestImage/01810.jpg,0.2757446808510638,0.3857722878456116
22010,spaq,spaq/01813,/home/sergey/iqa-data/spaq/SPAQ/TestImage/01813.jpg,0.6854255319148936,0.4155077338218689
22024,spaq,spaq/01827,/home/sergey/iqa-data/spaq/SPAQ/TestImage/01827.jpg,0.25,0.3323095738887787
22026,spaq,spaq/01829,/home/sergey/iqa-data/spaq/SPAQ/TestImage/01829.jpg,0.6861702127659575,0.339254230260849
22027,spaq,spaq/01830,/home/sergey/iqa-data/spaq/SPAQ/TestImage/01830.jpg,0.5,0.307916522026062
22031,spaq,spaq/01834,/home/sergey/iqa-data/spaq/SPAQ/TestImage/01834.jpg,0.4432978723404255,0.544196605682373
22034,spaq,spaq/01837,/home/sergey/iqa-data/spaq/SPAQ/TestImage/01837.jpg,0.5357446808510639,0.34535878896713257
22037,spaq,spaq/01840,/home/sergey/iqa-data/spaq/SPAQ/TestImage/01840.jpg,0.3382978723404255,0.45457160472869873
22045,spaq,spaq/01848,/home/sergey/iqa-data/spaq/SPAQ/TestImage/01848.jpg,0.2297872340425532,0.49469831585884094
22046,spaq,spaq/01849,/home/sergey/iqa-data/spaq/SPAQ/TestImage/01849.jpg,0.3058510638297872,0.3778838515281677
22054,spaq,spaq/01857,/home/sergey/iqa-data/spaq/SPAQ/TestImage/01857.jpg,0.15,0.4780397117137909
22067,spaq,spaq/01870,/home/sergey/iqa-data/spaq/SPAQ/TestImage/01870.jpg,0.4129787234042553,0.32748526334762573
22071,spaq,spaq/01874,/home/sergey/iqa-data/spaq/SPAQ/TestImage/01874.jpg,0.275531914893617,0.26297619938850403
22073,spaq,spaq/01876,/home/sergey/iqa-data/spaq/SPAQ/TestImage/01876.jpg,0.2234042553191489,0.439750075340271
22078,spaq,spaq/01881,/home/sergey/iqa-data/spaq/SPAQ/TestImage/01881.jpg,0.7518085106382979,0.3955841064453125
22079,spaq,spaq/01882,/home/sergey/iqa-data/spaq/SPAQ/TestImage/01882.jpg,0.82,0.40475964546203613
22084,spaq,spaq/01887,/home/sergey/iqa-data/spaq/SPAQ/TestImage/01887.jpg,0.8356382978723403,0.4843432307243347
22087,spaq,spaq/01890,/home/sergey/iqa-data/spaq/SPAQ/TestImage/01890.jpg,0.6529787234042553,0.3073210120201111
22090,spaq,spaq/01893,/home/sergey/iqa-data/spaq/SPAQ/TestImage/01893.jpg,0.4491489361702127,0.3241376280784607
22097,spaq,spaq/01900,/home/sergey/iqa-data/spaq/SPAQ/TestImage/01900.jpg,0.5614893617021277,0.3999939560890198
22103,spaq,spaq/01906,/home/sergey/iqa-data/spaq/SPAQ/TestImage/01906.jpg,0.8013829787234042,0.4431328773498535
22111,spaq,spaq/01914,/home/sergey/iqa-data/spaq/SPAQ/TestImage/01914.jpg,0.7506382978723405,0.3726966977119446
22112,spaq,spaq/01915,/home/sergey/iqa-data/spaq/SPAQ/TestImage/01915.jpg,0.2328723404255319,0.414226770401001
22129,spaq,spaq/01932,/home/sergey/iqa-data/spaq/SPAQ/TestImage/01932.jpg,0.4622340425531915,0.510546088218689
22133,spaq,spaq/01936,/home/sergey/iqa-data/spaq/SPAQ/TestImage/01936.jpg,0.8557446808510638,0.5283313393592834
22134,spaq,spaq/01937,/home/sergey/iqa-data/spaq/SPAQ/TestImage/01937.jpg,0.1808510638297872,0.3180620074272156
22140,spaq,spaq/01943,/home/sergey/iqa-data/spaq/SPAQ/TestImage/01943.jpg,0.555531914893617,0.5393719673156738
22141,spaq,spaq/01944,/home/sergey/iqa-data/spaq/SPAQ/TestImage/01944.jpg,0.7127659574468085,0.5605384111404419
22147,spaq,spaq/01950,/home/sergey/iqa-data/spaq/SPAQ/TestImage/01950.jpg,0.3214893617021276,0.3597268760204315
22159,spaq,spaq/01962,/home/sergey/iqa-data/spaq/SPAQ/TestImage/01962.jpg,0.3042553191489361,0.6016416549682617
22160,spaq,spaq/01963,/home/sergey/iqa-data/spaq/SPAQ/TestImage/01963.jpg,0.7585106382978724,0.44006583094596863
22161,spaq,spaq/01964,/home/sergey/iqa-data/spaq/SPAQ/TestImage/01964.jpg,0.7541489361702127,0.5375272035598755
22167,spaq,spaq/01970,/home/sergey/iqa-data/spaq/SPAQ/TestImage/01970.jpg,0.676595744680851,0.4274645745754242
22175,spaq,spaq/01978,/home/sergey/iqa-data/spaq/SPAQ/TestImage/01978.jpg,0.2968085106382979,0.4179573059082031
22177,spaq,spaq/01980,/home/sergey/iqa-data/spaq/SPAQ/TestImage/01980.jpg,0.7,0.40851324796676636
22178,spaq,spaq/01981,/home/sergey/iqa-data/spaq/SPAQ/TestImage/01981.jpg,0.6914893617021277,0.5228132009506226
22191,spaq,spaq/01994,/home/sergey/iqa-data/spaq/SPAQ/TestImage/01994.jpg,0.7265957446808511,0.47431910037994385
22194,spaq,spaq/01997,/home/sergey/iqa-data/spaq/SPAQ/TestImage/01997.jpg,0.5520212765957447,0.43847042322158813
22199,spaq,spaq/02002,/home/sergey/iqa-data/spaq/SPAQ/TestImage/02002.jpg,0.3202127659574468,0.36886662244796753
22201,spaq,spaq/02004,/home/sergey/iqa-data/spaq/SPAQ/TestImage/02004.jpg,0.7119148936170213,0.4917914867401123
22202,spaq,spaq/02005,/home/sergey/iqa-data/spaq/SPAQ/TestImage/02005.jpg,0.7380851063829786,0.31728076934814453
22209,spaq,spaq/02012,/home/sergey/iqa-data/spaq/SPAQ/TestImage/02012.jpg,0.3914893617021276,0.3602636456489563
22214,spaq,spaq/02017,/home/sergey/iqa-data/spaq/SPAQ/TestImage/02017.jpg,0.6138297872340426,0.361527681350708
22215,spaq,spaq/02018,/home/sergey/iqa-data/spaq/SPAQ/TestImage/02018.jpg,0.1978723404255319,0.44903093576431274
22222,spaq,spaq/02025,/home/sergey/iqa-data/spaq/SPAQ/TestImage/02025.jpg,0.7801063829787234,0.4095565378665924
22225,spaq,spaq/02028,/home/sergey/iqa-data/spaq/SPAQ/TestImage/02028.jpg,0.2435106382978723,0.38660603761672974
22227,spaq,spaq/02030,/home/sergey/iqa-data/spaq/SPAQ/TestImage/02030.jpg,0.6617021276595745,0.4894842505455017
22230,spaq,spaq/02033,/home/sergey/iqa-data/spaq/SPAQ/TestImage/02033.jpg,0.2992553191489361,0.43395888805389404
22233,spaq,spaq/02036,/home/sergey/iqa-data/spaq/SPAQ/TestImage/02036.jpg,0.5911702127659575,0.3173963725566864
22239,spaq,spaq/02042,/home/sergey/iqa-data/spaq/SPAQ/TestImage/02042.jpg,0.4179787234042553,0.3112313747406006
22246,spaq,spaq/02049,/home/sergey/iqa-data/spaq/SPAQ/TestImage/02049.jpg,0.6671276595744681,0.2686769664287567
22250,spaq,spaq/02053,/home/sergey/iqa-data/spaq/SPAQ/TestImage/02053.jpg,0.7887234042553192,0.3698563277721405
22257,spaq,spaq/02060,/home/sergey/iqa-data/spaq/SPAQ/TestImage/02060.jpg,0.5864893617021277,0.4322054386138916
22258,spaq,spaq/02061,/home/sergey/iqa-data/spaq/SPAQ/TestImage/02061.jpg,0.5918085106382979,0.3475911617279053
22271,spaq,spaq/02074,/home/sergey/iqa-data/spaq/SPAQ/TestImage/02074.jpg,0.6368085106382979,0.389691025018692
22275,spaq,spaq/02078,/home/sergey/iqa-data/spaq/SPAQ/TestImage/02078.jpg,0.3890425531914893,0.4264060854911804
22291,spaq,spaq/02094,/home/sergey/iqa-data/spaq/SPAQ/TestImage/02094.jpg,0.6143617021276596,0.42014384269714355
22292,spaq,spaq/02095,/home/sergey/iqa-data/spaq/SPAQ/TestImage/02095.jpg,0.2340425531914893,0.40855687856674194
22295,spaq,spaq/02098,/home/sergey/iqa-data/spaq/SPAQ/TestImage/02098.jpg,0.2340425531914893,0.41858723759651184
22297,spaq,spaq/02100,/home/sergey/iqa-data/spaq/SPAQ/TestImage/02100.jpg,0.1687234042553191,0.3473398685455322
22301,spaq,spaq/02104,/home/sergey/iqa-data/spaq/SPAQ/TestImage/02104.jpg,0.4521276595744681,0.21440213918685913
22304,spaq,spaq/02107,/home/sergey/iqa-data/spaq/SPAQ/TestImage/02107.jpg,0.8496808510638298,0.5205038189888
22307,spaq,spaq/02110,/home/sergey/iqa-data/spaq/SPAQ/TestImage/02110.jpg,0.7595744680851064,0.5169276595115662
22308,spaq,spaq/02111,/home/sergey/iqa-data/spaq/SPAQ/TestImage/02111.jpg,0.2938297872340425,0.28654778003692627
22323,spaq,spaq/02126,/home/sergey/iqa-data/spaq/SPAQ/TestImage/02126.jpg,0.1303191489361702,0.3790731132030487
22324,spaq,spaq/02127,/home/sergey/iqa-data/spaq/SPAQ/TestImage/02127.jpg,0.675531914893617,0.5492091774940491
22327,spaq,spaq/02130,/home/sergey/iqa-data/spaq/SPAQ/TestImage/02130.jpg,0.216063829787234,0.30724209547042847
22329,spaq,spaq/02132,/home/sergey/iqa-data/spaq/SPAQ/TestImage/02132.jpg,0.7504255319148937,0.3503452241420746
22341,spaq,spaq/02144,/home/sergey/iqa-data/spaq/SPAQ/TestImage/02144.jpg,0.3388297872340425,0.3576038181781769
22345,spaq,spaq/02148,/home/sergey/iqa-data/spaq/SPAQ/TestImage/02148.jpg,0.6522340425531915,0.44566625356674194
22348,spaq,spaq/02151,/home/sergey/iqa-data/spaq/SPAQ/TestImage/02151.jpg,0.5630851063829787,0.33107948303222656
22352,spaq,spaq/02155,/home/sergey/iqa-data/spaq/SPAQ/TestImage/02155.jpg,0.8647872340425533,0.5099973082542419
22354,spaq,spaq/02157,/home/sergey/iqa-data/spaq/SPAQ/TestImage/02157.jpg,0.1693617021276595,0.4639495015144348
22356,spaq,spaq/02159,/home/sergey/iqa-data/spaq/SPAQ/TestImage/02159.jpg,0.3548936170212766,0.5042208433151245
22359,spaq,spaq/02162,/home/sergey/iqa-data/spaq/SPAQ/TestImage/02162.jpg,0.3773404255319149,0.3107713758945465
22363,spaq,spaq/02166,/home/sergey/iqa-data/spaq/SPAQ/TestImage/02166.jpg,0.423936170212766,0.21477697789669037
22376,spaq,spaq/02179,/home/sergey/iqa-data/spaq/SPAQ/TestImage/02179.jpg,0.8386170212765958,0.5222684741020203
22378,spaq,spaq/02181,/home/sergey/iqa-data/spaq/SPAQ/TestImage/02181.jpg,0.6135106382978723,0.43417033553123474
22388,spaq,spaq/02191,/home/sergey/iqa-data/spaq/SPAQ/TestImage/02191.jpg,0.2765957446808511,0.5739334225654602
22396,spaq,spaq/02199,/home/sergey/iqa-data/spaq/SPAQ/TestImage/02199.jpg,0.2340425531914893,0.3229619264602661
22397,spaq,spaq/02200,/home/sergey/iqa-data/spaq/SPAQ/TestImage/02200.jpg,0.5577659574468085,0.4167269468307495
22400,spaq,spaq/02203,/home/sergey/iqa-data/spaq/SPAQ/TestImage/02203.jpg,0.3351063829787234,0.3850913941860199
22405,spaq,spaq/02208,/home/sergey/iqa-data/spaq/SPAQ/TestImage/02208.jpg,0.7712765957446809,0.5871226787567139
22406,spaq,spaq/02209,/home/sergey/iqa-data/spaq/SPAQ/TestImage/02209.jpg,0.8343617021276597,0.5586264133453369
22415,spaq,spaq/02218,/home/sergey/iqa-data/spaq/SPAQ/TestImage/02218.jpg,0.7677659574468085,0.440927654504776
22419,spaq,spaq/02222,/home/sergey/iqa-data/spaq/SPAQ/TestImage/02222.jpg,0.4543617021276596,0.40776658058166504
22420,spaq,spaq/02223,/home/sergey/iqa-data/spaq/SPAQ/TestImage/02223.jpg,0.3138297872340425,0.2775879502296448
22434,spaq,spaq/02237,/home/sergey/iqa-data/spaq/SPAQ/TestImage/02237.jpg,0.6702127659574468,0.4474802017211914
22437,spaq,spaq/02240,/home/sergey/iqa-data/spaq/SPAQ/TestImage/02240.jpg,0.6117021276595744,0.4119305908679962
22445,spaq,spaq/02248,/home/sergey/iqa-data/spaq/SPAQ/TestImage/02248.jpg,0.1548936170212765,0.42488929629325867
22454,spaq,spaq/02257,/home/sergey/iqa-data/spaq/SPAQ/TestImage/02257.jpg,0.7837234042553192,0.5224823951721191
22458,spaq,spaq/02261,/home/sergey/iqa-data/spaq/SPAQ/TestImage/02261.jpg,0.6392553191489362,0.3142714202404022
22460,spaq,spaq/02263,/home/sergey/iqa-data/spaq/SPAQ/TestImage/02263.jpg,0.3002127659574468,0.35785430669784546
22466,spaq,spaq/02269,/home/sergey/iqa-data/spaq/SPAQ/TestImage/02269.jpg,0.6382978723404256,0.44971010088920593
22470,spaq,spaq/02273,/home/sergey/iqa-data/spaq/SPAQ/TestImage/02273.jpg,0.7931914893617021,0.5532333850860596
22471,spaq,spaq/02274,/home/sergey/iqa-data/spaq/SPAQ/TestImage/02274.jpg,0.7747872340425531,0.5558940172195435
22480,spaq,spaq/02283,/home/sergey/iqa-data/spaq/SPAQ/TestImage/02283.jpg,0.2851063829787234,0.33158594369888306
22481,spaq,spaq/02284,/home/sergey/iqa-data/spaq/SPAQ/TestImage/02284.jpg,0.6323404255319148,0.4670654237270355
22483,spaq,spaq/02286,/home/sergey/iqa-data/spaq/SPAQ/TestImage/02286.jpg,0.3853191489361702,0.38501596450805664
22484,spaq,spaq/02287,/home/sergey/iqa-data/spaq/SPAQ/TestImage/02287.jpg,0.2328723404255319,0.4999452233314514
22485,spaq,spaq/02288,/home/sergey/iqa-data/spaq/SPAQ/TestImage/02288.jpg,0.1371276595744681,0.2442110776901245
22488,spaq,spaq/02291,/home/sergey/iqa-data/spaq/SPAQ/TestImage/02291.jpg,0.2789361702127659,0.31836867332458496
22489,spaq,spaq/02292,/home/sergey/iqa-data/spaq/SPAQ/TestImage/02292.jpg,0.6429787234042553,0.43040773272514343
22494,spaq,spaq/02297,/home/sergey/iqa-data/spaq/SPAQ/TestImage/02297.jpg,0.75,0.6089236736297607
22514,spaq,spaq/02317,/home/sergey/iqa-data/spaq/SPAQ/TestImage/02317.jpg,0.3148936170212766,0.4340527057647705
22519,spaq,spaq/02322,/home/sergey/iqa-data/spaq/SPAQ/TestImage/02322.jpg,0.7959574468085105,0.4784706234931946
22520,spaq,spaq/02323,/home/sergey/iqa-data/spaq/SPAQ/TestImage/02323.jpg,0.7997872340425533,0.5017248392105103
22526,spaq,spaq/02329,/home/sergey/iqa-data/spaq/SPAQ/TestImage/02329.jpg,0.8430851063829787,0.34414780139923096
22529,spaq,spaq/02332,/home/sergey/iqa-data/spaq/SPAQ/TestImage/02332.jpg,0.3287234042553191,0.2703022062778473
22532,spaq,spaq/02335,/home/sergey/iqa-data/spaq/SPAQ/TestImage/02335.jpg,0.4574468085106383,0.4315243363380432
22536,spaq,spaq/02339,/home/sergey/iqa-data/spaq/SPAQ/TestImage/02339.jpg,0.6895744680851064,0.27409636974334717
22545,spaq,spaq/02348,/home/sergey/iqa-data/spaq/SPAQ/TestImage/02348.jpg,0.6925531914893617,0.29863661527633667
22550,spaq,spaq/02353,/home/sergey/iqa-data/spaq/SPAQ/TestImage/02353.jpg,0.874468085106383,0.5418622493743896
22551,spaq,spaq/02354,/home/sergey/iqa-data/spaq/SPAQ/TestImage/02354.jpg,0.5297872340425531,0.5258084535598755
22552,spaq,spaq/02355,/home/sergey/iqa-data/spaq/SPAQ/TestImage/02355.jpg,0.7808510638297873,0.5043191313743591
22557,spaq,spaq/02360,/home/sergey/iqa-data/spaq/SPAQ/TestImage/02360.jpg,0.151063829787234,0.34468427300453186
22563,spaq,spaq/02366,/home/sergey/iqa-data/spaq/SPAQ/TestImage/02366.jpg,0.6770212765957447,0.2474103569984436
22573,spaq,spaq/02376,/home/sergey/iqa-data/spaq/SPAQ/TestImage/02376.jpg,0.6872340425531914,0.30768489837646484
22576,spaq,spaq/02379,/home/sergey/iqa-data/spaq/SPAQ/TestImage/02379.jpg,0.8713829787234042,0.4942452013492584
22583,spaq,spaq/02386,/home/sergey/iqa-data/spaq/SPAQ/TestImage/02386.jpg,0.5186170212765957,0.42796266078948975
22594,spaq,spaq/02397,/home/sergey/iqa-data/spaq/SPAQ/TestImage/02397.jpg,0.1429787234042553,0.31007951498031616
22600,spaq,spaq/02403,/home/sergey/iqa-data/spaq/SPAQ/TestImage/02403.jpg,0.2861702127659574,0.3680075407028198
22604,spaq,spaq/02407,/home/sergey/iqa-data/spaq/SPAQ/TestImage/02407.jpg,0.7939361702127659,0.49547407031059265
22620,spaq,spaq/02423,/home/sergey/iqa-data/spaq/SPAQ/TestImage/02423.jpg,0.7154255319148937,0.4382655918598175
22624,spaq,spaq/02427,/home/sergey/iqa-data/spaq/SPAQ/TestImage/02427.jpg,0.796595744680851,0.42564481496810913
22638,spaq,spaq/02441,/home/sergey/iqa-data/spaq/SPAQ/TestImage/02441.jpg,0.6264893617021277,0.40882354974746704
22642,spaq,spaq/02445,/home/sergey/iqa-data/spaq/SPAQ/TestImage/02445.jpg,0.3131914893617021,0.3324393630027771
22643,spaq,spaq/02446,/home/sergey/iqa-data/spaq/SPAQ/TestImage/02446.jpg,0.5287234042553192,0.46525347232818604
22647,spaq,spaq/02450,/home/sergey/iqa-data/spaq/SPAQ/TestImage/02450.jpg,0.5957446808510638,0.3186514377593994
22654,spaq,spaq/02457,/home/sergey/iqa-data/spaq/SPAQ/TestImage/02457.jpg,0.2670212765957447,0.41795268654823303
22662,spaq,spaq/02465,/home/sergey/iqa-data/spaq/SPAQ/TestImage/02465.jpg,0.1141489361702127,0.4514421224594116
22667,spaq,spaq/02470,/home/sergey/iqa-data/spaq/SPAQ/TestImage/02470.jpg,0.5117021276595745,0.41800785064697266
22668,spaq,spaq/02471,/home/sergey/iqa-data/spaq/SPAQ/TestImage/02471.jpg,0.3042553191489361,0.4207041263580322
22678,spaq,spaq/02481,/home/sergey/iqa-data/spaq/SPAQ/TestImage/02481.jpg,0.1797872340425531,0.4769282639026642
22679,spaq,spaq/02482,/home/sergey/iqa-data/spaq/SPAQ/TestImage/02482.jpg,0.7244680851063829,0.5407212972640991
22689,spaq,spaq/02492,/home/sergey/iqa-data/spaq/SPAQ/TestImage/02492.jpg,0.7329787234042554,0.5846570134162903
22698,spaq,spaq/02501,/home/sergey/iqa-data/spaq/SPAQ/TestImage/02501.jpg,0.5117021276595745,0.34535908699035645
22704,spaq,spaq/02507,/home/sergey/iqa-data/spaq/SPAQ/TestImage/02507.jpg,0.1904255319148936,0.3905434310436249
22709,spaq,spaq/02512,/home/sergey/iqa-data/spaq/SPAQ/TestImage/02512.jpg,0.35,0.38225454092025757
22718,spaq,spaq/02521,/home/sergey/iqa-data/spaq/SPAQ/TestImage/02521.jpg,0.6827659574468086,0.3936792016029358
22722,spaq,spaq/02525,/home/sergey/iqa-data/spaq/SPAQ/TestImage/02525.jpg,0.4527659574468085,0.31227701902389526
22726,spaq,spaq/02529,/home/sergey/iqa-data/spaq/SPAQ/TestImage/02529.jpg,0.5024468085106383,0.37835389375686646
22728,spaq,spaq/02531,/home/sergey/iqa-data/spaq/SPAQ/TestImage/02531.jpg,0.6527659574468085,0.2980072498321533
22732,spaq,spaq/02535,/home/sergey/iqa-data/spaq/SPAQ/TestImage/02535.jpg,0.6141489361702127,0.21309444308280945
22773,spaq,spaq/02576,/home/sergey/iqa-data/spaq/SPAQ/TestImage/02576.jpg,0.3357446808510638,0.45620542764663696
22774,spaq,spaq/02577,/home/sergey/iqa-data/spaq/SPAQ/TestImage/02577.jpg,0.5712765957446809,0.47391074895858765
22782,spaq,spaq/02585,/home/sergey/iqa-data/spaq/SPAQ/TestImage/02585.jpg,0.7934042553191489,0.5657676458358765
22791,spaq,spaq/02594,/home/sergey/iqa-data/spaq/SPAQ/TestImage/02594.jpg,0.2680851063829787,0.36701494455337524
22794,spaq,spaq/02597,/home/sergey/iqa-data/spaq/SPAQ/TestImage/02597.jpg,0.3752127659574468,0.4732257127761841
22800,spaq,spaq/02603,/home/sergey/iqa-data/spaq/SPAQ/TestImage/02603.jpg,0.0851063829787234,0.31166601181030273
22802,spaq,spaq/02605,/home/sergey/iqa-data/spaq/SPAQ/TestImage/02605.jpg,0.7191489361702127,0.4290437400341034
22804,spaq,spaq/02607,/home/sergey/iqa-data/spaq/SPAQ/TestImage/02607.jpg,0.425531914893617,0.3447533845901489
22809,spaq,spaq/02612,/home/sergey/iqa-data/spaq/SPAQ/TestImage/02612.jpg,0.6354255319148936,0.33610209822654724
22817,spaq,spaq/02620,/home/sergey/iqa-data/spaq/SPAQ/TestImage/02620.jpg,0.3463829787234043,0.26312828063964844
22818,spaq,spaq/02621,/home/sergey/iqa-data/spaq/SPAQ/TestImage/02621.jpg,0.7506382978723405,0.35607030987739563
22821,spaq,spaq/02624,/home/sergey/iqa-data/spaq/SPAQ/TestImage/02624.jpg,0.65,0.3683609366416931
22830,spaq,spaq/02633,/home/sergey/iqa-data/spaq/SPAQ/TestImage/02633.jpg,0.7191489361702127,0.383677214384079
22835,spaq,spaq/02638,/home/sergey/iqa-data/spaq/SPAQ/TestImage/02638.jpg,0.6606382978723404,0.516377329826355
22843,spaq,spaq/02646,/home/sergey/iqa-data/spaq/SPAQ/TestImage/02646.jpg,0.7617021276595745,0.5136802196502686
22858,spaq,spaq/02661,/home/sergey/iqa-data/spaq/SPAQ/TestImage/02661.jpg,0.7970212765957447,0.6184576153755188
22860,spaq,spaq/02663,/home/sergey/iqa-data/spaq/SPAQ/TestImage/02663.jpg,0.4696808510638298,0.3780168890953064
22862,spaq,spaq/02665,/home/sergey/iqa-data/spaq/SPAQ/TestImage/02665.jpg,0.6261702127659574,0.37404724955558777
22865,spaq,spaq/02668,/home/sergey/iqa-data/spaq/SPAQ/TestImage/02668.jpg,0.2811702127659574,0.4846492111682892
22869,spaq,spaq/02672,/home/sergey/iqa-data/spaq/SPAQ/TestImage/02672.jpg,0.3092553191489361,0.4994596242904663
22874,spaq,spaq/02677,/home/sergey/iqa-data/spaq/SPAQ/TestImage/02677.jpg,0.723404255319149,0.5682502388954163
22880,spaq,spaq/02683,/home/sergey/iqa-data/spaq/SPAQ/TestImage/02683.jpg,0.3845744680851063,0.4290580153465271
22882,spaq,spaq/02685,/home/sergey/iqa-data/spaq/SPAQ/TestImage/02685.jpg,0.7411702127659575,0.46147918701171875
22885,spaq,spaq/02688,/home/sergey/iqa-data/spaq/SPAQ/TestImage/02688.jpg,0.541063829787234,0.4173128306865692
22890,spaq,spaq/02693,/home/sergey/iqa-data/spaq/SPAQ/TestImage/02693.jpg,0.669468085106383,0.3530920743942261
22893,spaq,spaq/02696,/home/sergey/iqa-data/spaq/SPAQ/TestImage/02696.jpg,0.6892553191489362,0.39058804512023926
22896,spaq,spaq/02699,/home/sergey/iqa-data/spaq/SPAQ/TestImage/02699.jpg,0.5711702127659575,0.3406617045402527
22897,spaq,spaq/02700,/home/sergey/iqa-data/spaq/SPAQ/TestImage/02700.jpg,0.6775531914893617,0.4689047038555145
22899,spaq,spaq/02702,/home/sergey/iqa-data/spaq/SPAQ/TestImage/02702.jpg,0.693936170212766,0.2906963527202606
22903,spaq,spaq/02706,/home/sergey/iqa-data/spaq/SPAQ/TestImage/02706.jpg,0.634468085106383,0.5082720518112183
22907,spaq,spaq/02710,/home/sergey/iqa-data/spaq/SPAQ/TestImage/02710.jpg,0.2264893617021276,0.24682167172431946
22910,spaq,spaq/02713,/home/sergey/iqa-data/spaq/SPAQ/TestImage/02713.jpg,0.8109574468085107,0.49319183826446533
22937,spaq,spaq/02740,/home/sergey/iqa-data/spaq/SPAQ/TestImage/02740.jpg,0.5747872340425532,0.3016699552536011
22947,spaq,spaq/02750,/home/sergey/iqa-data/spaq/SPAQ/TestImage/02750.jpg,0.4006382978723404,0.48760032653808594
22960,spaq,spaq/02763,/home/sergey/iqa-data/spaq/SPAQ/TestImage/02763.jpg,0.7446808510638298,0.49368366599082947
22962,spaq,spaq/02765,/home/sergey/iqa-data/spaq/SPAQ/TestImage/02765.jpg,0.6246808510638298,0.4061669409275055
22965,spaq,spaq/02768,/home/sergey/iqa-data/spaq/SPAQ/TestImage/02768.jpg,0.3931914893617021,0.4437926411628723
22966,spaq,spaq/02769,/home/sergey/iqa-data/spaq/SPAQ/TestImage/02769.jpg,0.4931914893617021,0.4028802216053009
22967,spaq,spaq/02770,/home/sergey/iqa-data/spaq/SPAQ/TestImage/02770.jpg,0.4057446808510638,0.45576635003089905
22968,spaq,spaq/02771,/home/sergey/iqa-data/spaq/SPAQ/TestImage/02771.jpg,0.3718085106382979,0.36156344413757324
22972,spaq,spaq/02775,/home/sergey/iqa-data/spaq/SPAQ/TestImage/02775.jpg,0.4361702127659574,0.3911636471748352
22979,spaq,spaq/02782,/home/sergey/iqa-data/spaq/SPAQ/TestImage/02782.jpg,0.4118085106382979,0.3100000023841858
22993,spaq,spaq/02796,/home/sergey/iqa-data/spaq/SPAQ/TestImage/02796.jpg,0.485531914893617,0.31037765741348267
22994,spaq,spaq/02797,/home/sergey/iqa-data/spaq/SPAQ/TestImage/02797.jpg,0.6317021276595745,0.4951840937137604
22996,spaq,spaq/02799,/home/sergey/iqa-data/spaq/SPAQ/TestImage/02799.jpg,0.344468085106383,0.33027318120002747
22999,spaq,spaq/02802,/home/sergey/iqa-data/spaq/SPAQ/TestImage/02802.jpg,0.4543617021276596,0.4180281162261963
23001,spaq,spaq/02804,/home/sergey/iqa-data/spaq/SPAQ/TestImage/02804.jpg,0.7175531914893617,0.437631756067276
23006,spaq,spaq/02809,/home/sergey/iqa-data/spaq/SPAQ/TestImage/02809.jpg,0.7563829787234042,0.46835750341415405
23009,spaq,spaq/02812,/home/sergey/iqa-data/spaq/SPAQ/TestImage/02812.jpg,0.0543617021276595,0.4602951109409332
23010,spaq,spaq/02813,/home/sergey/iqa-data/spaq/SPAQ/TestImage/02813.jpg,0.7712765957446809,0.5213258862495422
23014,spaq,spaq/02817,/home/sergey/iqa-data/spaq/SPAQ/TestImage/02817.jpg,0.7686170212765957,0.3967020511627197
23025,spaq,spaq/02828,/home/sergey/iqa-data/spaq/SPAQ/TestImage/02828.jpg,0.6447872340425532,0.4478493630886078
23030,spaq,spaq/02833,/home/sergey/iqa-data/spaq/SPAQ/TestImage/02833.jpg,0.7261702127659575,0.3910166323184967
23044,spaq,spaq/02847,/home/sergey/iqa-data/spaq/SPAQ/TestImage/02847.jpg,0.6484042553191489,0.26482921838760376
23045,spaq,spaq/02848,/home/sergey/iqa-data/spaq/SPAQ/TestImage/02848.jpg,0.51,0.45719876885414124
23047,spaq,spaq/02850,/home/sergey/iqa-data/spaq/SPAQ/TestImage/02850.jpg,0.805,0.4258631467819214
23050,spaq,spaq/02853,/home/sergey/iqa-data/spaq/SPAQ/TestImage/02853.jpg,0.6795744680851064,0.4831577241420746
23057,spaq,spaq/02860,/home/sergey/iqa-data/spaq/SPAQ/TestImage/02860.jpg,0.6935106382978723,0.2704595625400543
23059,spaq,spaq/02862,/home/sergey/iqa-data/spaq/SPAQ/TestImage/02862.jpg,0.4479787234042553,0.2708590626716614
23068,spaq,spaq/02871,/home/sergey/iqa-data/spaq/SPAQ/TestImage/02871.jpg,0.3606382978723404,0.35933491587638855
23069,spaq,spaq/02872,/home/sergey/iqa-data/spaq/SPAQ/TestImage/02872.jpg,0.4859574468085106,0.46868813037872314
23072,spaq,spaq/02875,/home/sergey/iqa-data/spaq/SPAQ/TestImage/02875.jpg,0.2412765957446808,0.39349260926246643
23078,spaq,spaq/02881,/home/sergey/iqa-data/spaq/SPAQ/TestImage/02881.jpg,0.6130851063829788,0.2944745421409607
23079,spaq,spaq/02882,/home/sergey/iqa-data/spaq/SPAQ/TestImage/02882.jpg,0.7428723404255319,0.3850206434726715
23082,spaq,spaq/02885,/home/sergey/iqa-data/spaq/SPAQ/TestImage/02885.jpg,0.2146808510638297,0.38013747334480286
23083,spaq,spaq/02886,/home/sergey/iqa-data/spaq/SPAQ/TestImage/02886.jpg,0.2168085106382978,0.3890467584133148
23085,spaq,spaq/02888,/home/sergey/iqa-data/spaq/SPAQ/TestImage/02888.jpg,0.6140425531914894,0.2922464907169342
23095,spaq,spaq/02898,/home/sergey/iqa-data/spaq/SPAQ/TestImage/02898.jpg,0.5979787234042553,0.4277808964252472
23098,spaq,spaq/02901,/home/sergey/iqa-data/spaq/SPAQ/TestImage/02901.jpg,0.2928723404255319,0.3326159417629242
23104,spaq,spaq/02907,/home/sergey/iqa-data/spaq/SPAQ/TestImage/02907.jpg,0.6873404255319149,0.2885668873786926
23107,spaq,spaq/02910,/home/sergey/iqa-data/spaq/SPAQ/TestImage/02910.jpg,0.7841489361702128,0.39358359575271606
23108,spaq,spaq/02911,/home/sergey/iqa-data/spaq/SPAQ/TestImage/02911.jpg,0.8537234042553191,0.4429248869419098
23110,spaq,spaq/02913,/home/sergey/iqa-data/spaq/SPAQ/TestImage/02913.jpg,0.4240425531914893,0.24971944093704224
23118,spaq,spaq/02921,/home/sergey/iqa-data/spaq/SPAQ/TestImage/02921.jpg,0.4118085106382979,0.3480740785598755
23122,spaq,spaq/02925,/home/sergey/iqa-data/spaq/SPAQ/TestImage/02925.jpg,0.695531914893617,0.3085997700691223
23123,spaq,spaq/02926,/home/sergey/iqa-data/spaq/SPAQ/TestImage/02926.jpg,0.2553191489361702,0.44127410650253296
23125,spaq,spaq/02928,/home/sergey/iqa-data/spaq/SPAQ/TestImage/02928.jpg,0.4680851063829787,0.48932233452796936
23132,spaq,spaq/02935,/home/sergey/iqa-data/spaq/SPAQ/TestImage/02935.jpg,0.2528723404255319,0.3885837197303772
23136,spaq,spaq/02939,/home/sergey/iqa-data/spaq/SPAQ/TestImage/02939.jpg,0.2457446808510638,0.4736129939556122
23140,spaq,spaq/02943,/home/sergey/iqa-data/spaq/SPAQ/TestImage/02943.jpg,0.8776595744680851,0.5853545665740967
23144,spaq,spaq/02947,/home/sergey/iqa-data/spaq/SPAQ/TestImage/02947.jpg,0.800531914893617,0.42604318261146545
23148,spaq,spaq/02951,/home/sergey/iqa-data/spaq/SPAQ/TestImage/02951.jpg,0.6675531914893617,0.3481234014034271
23152,spaq,spaq/02955,/home/sergey/iqa-data/spaq/SPAQ/TestImage/02955.jpg,0.5159574468085106,0.3763655126094818
23156,spaq,spaq/02959,/home/sergey/iqa-data/spaq/SPAQ/TestImage/02959.jpg,0.111063829787234,0.35322105884552
23159,spaq,spaq/02962,/home/sergey/iqa-data/spaq/SPAQ/TestImage/02962.jpg,0.0551063829787234,0.519263744354248
23161,spaq,spaq/02964,/home/sergey/iqa-data/spaq/SPAQ/TestImage/02964.jpg,0.2606382978723404,0.32793352007865906
23162,spaq,spaq/02965,/home/sergey/iqa-data/spaq/SPAQ/TestImage/02965.jpg,0.7819148936170213,0.4851419925689697
23172,spaq,spaq/02975,/home/sergey/iqa-data/spaq/SPAQ/TestImage/02975.jpg,0.2407446808510638,0.41505318880081177
23173,spaq,spaq/02976,/home/sergey/iqa-data/spaq/SPAQ/TestImage/02976.jpg,0.202127659574468,0.4239313006401062
23181,spaq,spaq/02984,/home/sergey/iqa-data/spaq/SPAQ/TestImage/02984.jpg,0.8843617021276595,0.3631995618343353
23183,spaq,spaq/02986,/home/sergey/iqa-data/spaq/SPAQ/TestImage/02986.jpg,0.3430851063829787,0.43969398736953735
23193,spaq,spaq/02996,/home/sergey/iqa-data/spaq/SPAQ/TestImage/02996.jpg,0.449468085106383,0.24495969712734222
23198,spaq,spaq/03001,/home/sergey/iqa-data/spaq/SPAQ/TestImage/03001.jpg,0.8138297872340425,0.5260440111160278
23199,spaq,spaq/03002,/home/sergey/iqa-data/spaq/SPAQ/TestImage/03002.jpg,0.8214893617021276,0.49663040041923523
23208,spaq,spaq/03011,/home/sergey/iqa-data/spaq/SPAQ/TestImage/03011.jpg,0.19,0.35242241621017456
23215,spaq,spaq/03018,/home/sergey/iqa-data/spaq/SPAQ/TestImage/03018.jpg,0.2522340425531915,0.37293317914009094
23218,spaq,spaq/03021,/home/sergey/iqa-data/spaq/SPAQ/TestImage/03021.jpg,0.1223404255319148,0.37593692541122437
23219,spaq,spaq/03022,/home/sergey/iqa-data/spaq/SPAQ/TestImage/03022.jpg,0.5243617021276595,0.46504321694374084
23234,spaq,spaq/03037,/home/sergey/iqa-data/spaq/SPAQ/TestImage/03037.jpg,0.2978723404255319,0.39901620149612427
23242,spaq,spaq/03045,/home/sergey/iqa-data/spaq/SPAQ/TestImage/03045.jpg,0.6109574468085106,0.47502586245536804
23246,spaq,spaq/03049,/home/sergey/iqa-data/spaq/SPAQ/TestImage/03049.jpg,0.2919148936170213,0.4744894802570343
23261,spaq,spaq/03064,/home/sergey/iqa-data/spaq/SPAQ/TestImage/03064.jpg,0.2162765957446808,0.40536054968833923
23262,spaq,spaq/03065,/home/sergey/iqa-data/spaq/SPAQ/TestImage/03065.jpg,0.6914893617021277,0.3230738639831543
23266,spaq,spaq/03069,/home/sergey/iqa-data/spaq/SPAQ/TestImage/03069.jpg,0.6382978723404256,0.4847107529640198
23271,spaq,spaq/03074,/home/sergey/iqa-data/spaq/SPAQ/TestImage/03074.jpg,0.4042553191489361,0.26925885677337646
23275,spaq,spaq/03078,/home/sergey/iqa-data/spaq/SPAQ/TestImage/03078.jpg,0.6524468085106383,0.4619213938713074
23278,spaq,spaq/03081,/home/sergey/iqa-data/spaq/SPAQ/TestImage/03081.jpg,0.1307446808510638,0.3690038323402405
23289,spaq,spaq/03092,/home/sergey/iqa-data/spaq/SPAQ/TestImage/03092.jpg,0.8231914893617021,0.4729030728340149
23293,spaq,spaq/03096,/home/sergey/iqa-data/spaq/SPAQ/TestImage/03096.jpg,0.6667021276595745,0.27930644154548645
23295,spaq,spaq/03098,/home/sergey/iqa-data/spaq/SPAQ/TestImage/03098.jpg,0.7780851063829787,0.24233071506023407
23296,spaq,spaq/03099,/home/sergey/iqa-data/spaq/SPAQ/TestImage/03099.jpg,0.1839361702127659,0.37527206540107727
23299,spaq,spaq/03102,/home/sergey/iqa-data/spaq/SPAQ/TestImage/03102.jpg,0.8630851063829786,0.44203197956085205
23300,spaq,spaq/03103,/home/sergey/iqa-data/spaq/SPAQ/TestImage/03103.jpg,0.121063829787234,0.3493598699569702
23306,spaq,spaq/03109,/home/sergey/iqa-data/spaq/SPAQ/TestImage/03109.jpg,0.2207446808510638,0.46727806329727173
23307,spaq,spaq/03110,/home/sergey/iqa-data/spaq/SPAQ/TestImage/03110.jpg,0.1303191489361702,0.2587052881717682
23310,spaq,spaq/03113,/home/sergey/iqa-data/spaq/SPAQ/TestImage/03113.jpg,0.8541489361702128,0.5185515880584717
23312,spaq,spaq/03115,/home/sergey/iqa-data/spaq/SPAQ/TestImage/03115.jpg,0.9102127659574468,0.5253645181655884
23314,spaq,spaq/03117,/home/sergey/iqa-data/spaq/SPAQ/TestImage/03117.jpg,0.3358510638297872,0.3560221493244171
23317,spaq,spaq/03120,/home/sergey/iqa-data/spaq/SPAQ/TestImage/03120.jpg,0.6564893617021277,0.40481752157211304
23323,spaq,spaq/03126,/home/sergey/iqa-data/spaq/SPAQ/TestImage/03126.jpg,0.857127659574468,0.3885333836078644
23328,spaq,spaq/03131,/home/sergey/iqa-data/spaq/SPAQ/TestImage/03131.jpg,0.6835106382978723,0.25776273012161255
23337,spaq,spaq/03140,/home/sergey/iqa-data/spaq/SPAQ/TestImage/03140.jpg,0.9077659574468084,0.32566097378730774
23341,spaq,spaq/03144,/home/sergey/iqa-data/spaq/SPAQ/TestImage/03144.jpg,0.3586170212765957,0.3484644293785095
23347,spaq,spaq/03150,/home/sergey/iqa-data/spaq/SPAQ/TestImage/03150.jpg,0.5272340425531915,0.3383409380912781
23355,spaq,spaq/03158,/home/sergey/iqa-data/spaq/SPAQ/TestImage/03158.jpg,0.7571276595744681,0.42151913046836853
23361,spaq,spaq/03164,/home/sergey/iqa-data/spaq/SPAQ/TestImage/03164.jpg,0.2234042553191489,0.5118473172187805
23366,spaq,spaq/03169,/home/sergey/iqa-data/spaq/SPAQ/TestImage/03169.jpg,0.7487234042553191,0.4081825613975525
23369,spaq,spaq/03172,/home/sergey/iqa-data/spaq/SPAQ/TestImage/03172.jpg,0.3031914893617021,0.486084520816803
23374,spaq,spaq/03177,/home/sergey/iqa-data/spaq/SPAQ/TestImage/03177.jpg,0.2518085106382979,0.39129263162612915
23376,spaq,spaq/03179,/home/sergey/iqa-data/spaq/SPAQ/TestImage/03179.jpg,0.8479787234042553,0.48821592330932617
23377,spaq,spaq/03180,/home/sergey/iqa-data/spaq/SPAQ/TestImage/03180.jpg,0.7784042553191489,0.4471943974494934
23384,spaq,spaq/03187,/home/sergey/iqa-data/spaq/SPAQ/TestImage/03187.jpg,0.555,0.3286457657814026
23389,spaq,spaq/03192,/home/sergey/iqa-data/spaq/SPAQ/TestImage/03192.jpg,0.4802127659574468,0.4271310269832611
23391,spaq,spaq/03194,/home/sergey/iqa-data/spaq/SPAQ/TestImage/03194.jpg,0.805,0.3717435598373413
23395,spaq,spaq/03198,/home/sergey/iqa-data/spaq/SPAQ/TestImage/03198.jpg,0.4503191489361702,0.40445107221603394
23402,spaq,spaq/03205,/home/sergey/iqa-data/spaq/SPAQ/TestImage/03205.jpg,0.5546808510638298,0.2502109408378601
23409,spaq,spaq/03212,/home/sergey/iqa-data/spaq/SPAQ/TestImage/03212.jpg,0.6671276595744681,0.38104525208473206
23410,spaq,spaq/03213,/home/sergey/iqa-data/spaq/SPAQ/TestImage/03213.jpg,0.4113829787234043,0.34266307950019836
23413,spaq,spaq/03216,/home/sergey/iqa-data/spaq/SPAQ/TestImage/03216.jpg,0.8145744680851064,0.48358723521232605
23415,spaq,spaq/03218,/home/sergey/iqa-data/spaq/SPAQ/TestImage/03218.jpg,0.6401063829787235,0.4267389476299286
23420,spaq,spaq/03223,/home/sergey/iqa-data/spaq/SPAQ/TestImage/03223.jpg,0.648936170212766,0.34451377391815186
23424,spaq,spaq/03227,/home/sergey/iqa-data/spaq/SPAQ/TestImage/03227.jpg,0.4745744680851064,0.4460125267505646
23426,spaq,spaq/03229,/home/sergey/iqa-data/spaq/SPAQ/TestImage/03229.jpg,0.2096808510638298,0.33997002243995667
23427,spaq,spaq/03230,/home/sergey/iqa-data/spaq/SPAQ/TestImage/03230.jpg,0.2080851063829787,0.3542068600654602
23433,spaq,spaq/03236,/home/sergey/iqa-data/spaq/SPAQ/TestImage/03236.jpg,0.3595744680851063,0.3628119230270386
23446,spaq,spaq/03249,/home/sergey/iqa-data/spaq/SPAQ/TestImage/03249.jpg,0.2906382978723404,0.440541535615921
23449,spaq,spaq/03252,/home/sergey/iqa-data/spaq/SPAQ/TestImage/03252.jpg,0.7188297872340424,0.28413841128349304
23452,spaq,spaq/03255,/home/sergey/iqa-data/spaq/SPAQ/TestImage/03255.jpg,0.2525531914893617,0.46453994512557983
23460,spaq,spaq/03263,/home/sergey/iqa-data/spaq/SPAQ/TestImage/03263.jpg,0.3851063829787234,0.3632041811943054
23463,spaq,spaq/03266,/home/sergey/iqa-data/spaq/SPAQ/TestImage/03266.jpg,0.8146808510638298,0.3495491147041321
23466,spaq,spaq/03269,/home/sergey/iqa-data/spaq/SPAQ/TestImage/03269.jpg,0.4348936170212766,0.31287679076194763
23473,spaq,spaq/03276,/home/sergey/iqa-data/spaq/SPAQ/TestImage/03276.jpg,0.4876595744680851,0.3578719198703766
23480,spaq,spaq/03283,/home/sergey/iqa-data/spaq/SPAQ/TestImage/03283.jpg,0.3404255319148936,0.34347373247146606
23481,spaq,spaq/03284,/home/sergey/iqa-data/spaq/SPAQ/TestImage/03284.jpg,0.2778723404255319,0.2509881258010864
23482,spaq,spaq/03285,/home/sergey/iqa-data/spaq/SPAQ/TestImage/03285.jpg,0.620531914893617,0.3507026135921478
23486,spaq,spaq/03289,/home/sergey/iqa-data/spaq/SPAQ/TestImage/03289.jpg,0.6921276595744681,0.341591477394104
23489,spaq,spaq/03292,/home/sergey/iqa-data/spaq/SPAQ/TestImage/03292.jpg,0.7056382978723404,0.4196324348449707
23498,spaq,spaq/03301,/home/sergey/iqa-data/spaq/SPAQ/TestImage/03301.jpg,0.8031914893617021,0.35741981863975525
23499,spaq,spaq/03302,/home/sergey/iqa-data/spaq/SPAQ/TestImage/03302.jpg,0.7872340425531915,0.5015120506286621
23501,spaq,spaq/03304,/home/sergey/iqa-data/spaq/SPAQ/TestImage/03304.jpg,0.5167021276595745,0.3364819288253784
23502,spaq,spaq/03305,/home/sergey/iqa-data/spaq/SPAQ/TestImage/03305.jpg,0.3237234042553191,0.38023898005485535
23504,spaq,spaq/03307,/home/sergey/iqa-data/spaq/SPAQ/TestImage/03307.jpg,0.1808510638297872,0.28412675857543945
23508,spaq,spaq/03311,/home/sergey/iqa-data/spaq/SPAQ/TestImage/03311.jpg,0.5862765957446808,0.32070761919021606
23512,spaq,spaq/03315,/home/sergey/iqa-data/spaq/SPAQ/TestImage/03315.jpg,0.4376595744680851,0.40890681743621826
23513,spaq,spaq/03316,/home/sergey/iqa-data/spaq/SPAQ/TestImage/03316.jpg,0.6675531914893617,0.4696221947669983
23514,spaq,spaq/03317,/home/sergey/iqa-data/spaq/SPAQ/TestImage/03317.jpg,0.5607446808510639,0.4211820363998413
23516,spaq,spaq/03319,/home/sergey/iqa-data/spaq/SPAQ/TestImage/03319.jpg,0.2203191489361702,0.34347015619277954
23523,spaq,spaq/03326,/home/sergey/iqa-data/spaq/SPAQ/TestImage/03326.jpg,0.5040425531914894,0.46646004915237427
23540,spaq,spaq/03343,/home/sergey/iqa-data/spaq/SPAQ/TestImage/03343.jpg,0.7056382978723404,0.38446474075317383
23546,spaq,spaq/03349,/home/sergey/iqa-data/spaq/SPAQ/TestImage/03349.jpg,0.5626595744680851,0.340217649936676
23560,spaq,spaq/03363,/home/sergey/iqa-data/spaq/SPAQ/TestImage/03363.jpg,0.7056382978723404,0.320957750082016
23563,spaq,spaq/03366,/home/sergey/iqa-data/spaq/SPAQ/TestImage/03366.jpg,0.4521276595744681,0.39050713181495667
23564,spaq,spaq/03367,/home/sergey/iqa-data/spaq/SPAQ/TestImage/03367.jpg,0.6143617021276596,0.30707627534866333
23573,spaq,spaq/03376,/home/sergey/iqa-data/spaq/SPAQ/TestImage/03376.jpg,0.37,0.32769614458084106
23577,spaq,spaq/03380,/home/sergey/iqa-data/spaq/SPAQ/TestImage/03380.jpg,0.5295744680851064,0.25684019923210144
23579,spaq,spaq/03382,/home/sergey/iqa-data/spaq/SPAQ/TestImage/03382.jpg,0.7387234042553191,0.3379672169685364
23583,spaq,spaq/03386,/home/sergey/iqa-data/spaq/SPAQ/TestImage/03386.jpg,0.7647872340425532,0.25739043951034546
23588,spaq,spaq/03391,/home/sergey/iqa-data/spaq/SPAQ/TestImage/03391.jpg,0.2801063829787233,0.3411286473274231
23591,spaq,spaq/03394,/home/sergey/iqa-data/spaq/SPAQ/TestImage/03394.jpg,0.4113829787234043,0.3921666145324707
23599,spaq,spaq/03402,/home/sergey/iqa-data/spaq/SPAQ/TestImage/03402.jpg,0.5413829787234042,0.39241600036621094
23602,spaq,spaq/03405,/home/sergey/iqa-data/spaq/SPAQ/TestImage/03405.jpg,0.1702127659574468,0.33063340187072754
23606,spaq,spaq/03409,/home/sergey/iqa-data/spaq/SPAQ/TestImage/03409.jpg,0.2435106382978723,0.5438140630722046
23610,spaq,spaq/03413,/home/sergey/iqa-data/spaq/SPAQ/TestImage/03413.jpg,0.9503191489361702,0.5439782738685608
23613,spaq,spaq/03416,/home/sergey/iqa-data/spaq/SPAQ/TestImage/03416.jpg,0.6347872340425532,0.3847004473209381
23614,spaq,spaq/03417,/home/sergey/iqa-data/spaq/SPAQ/TestImage/03417.jpg,0.6287234042553191,0.4802592992782593
23621,spaq,spaq/03424,/home/sergey/iqa-data/spaq/SPAQ/TestImage/03424.jpg,0.4220212765957447,0.3202175199985504
23627,spaq,spaq/03430,/home/sergey/iqa-data/spaq/SPAQ/TestImage/03430.jpg,0.3389361702127659,0.45055466890335083
23629,spaq,spaq/03432,/home/sergey/iqa-data/spaq/SPAQ/TestImage/03432.jpg,0.5204255319148936,0.39651378989219666
23634,spaq,spaq/03437,/home/sergey/iqa-data/spaq/SPAQ/TestImage/03437.jpg,0.3608510638297872,0.40742194652557373
23640,spaq,spaq/03443,/home/sergey/iqa-data/spaq/SPAQ/TestImage/03443.jpg,0.7514893617021277,0.4995289146900177
23643,spaq,spaq/03446,/home/sergey/iqa-data/spaq/SPAQ/TestImage/03446.jpg,0.7857446808510639,0.47862550616264343
23644,spaq,spaq/03447,/home/sergey/iqa-data/spaq/SPAQ/TestImage/03447.jpg,0.6418085106382978,0.3100672662258148
23646,spaq,spaq/03449,/home/sergey/iqa-data/spaq/SPAQ/TestImage/03449.jpg,0.6959574468085107,0.5443768501281738
23648,spaq,spaq/03451,/home/sergey/iqa-data/spaq/SPAQ/TestImage/03451.jpg,0.5172340425531915,0.455134779214859
23649,spaq,spaq/03452,/home/sergey/iqa-data/spaq/SPAQ/TestImage/03452.jpg,0.480531914893617,0.26030027866363525
23665,spaq,spaq/03468,/home/sergey/iqa-data/spaq/SPAQ/TestImage/03468.jpg,0.5061702127659574,0.4106380045413971
23673,spaq,spaq/03476,/home/sergey/iqa-data/spaq/SPAQ/TestImage/03476.jpg,0.7804255319148936,0.45149603486061096
23675,spaq,spaq/03478,/home/sergey/iqa-data/spaq/SPAQ/TestImage/03478.jpg,0.1569148936170212,0.42090705037117004
23679,spaq,spaq/03482,/home/sergey/iqa-data/spaq/SPAQ/TestImage/03482.jpg,0.6914893617021277,0.46164050698280334
23682,spaq,spaq/03485,/home/sergey/iqa-data/spaq/SPAQ/TestImage/03485.jpg,0.1682978723404255,0.4647187888622284
23688,spaq,spaq/03491,/home/sergey/iqa-data/spaq/SPAQ/TestImage/03491.jpg,0.4536170212765957,0.34778761863708496
23693,spaq,spaq/03496,/home/sergey/iqa-data/spaq/SPAQ/TestImage/03496.jpg,0.7117021276595745,0.45723673701286316
23696,spaq,spaq/03499,/home/sergey/iqa-data/spaq/SPAQ/TestImage/03499.jpg,0.6789361702127659,0.4920663833618164
23702,spaq,spaq/03505,/home/sergey/iqa-data/spaq/SPAQ/TestImage/03505.jpg,0.4122340425531915,0.3666709363460541
23704,spaq,spaq/03507,/home/sergey/iqa-data/spaq/SPAQ/TestImage/03507.jpg,0.7854255319148936,0.45386168360710144
23705,spaq,spaq/03508,/home/sergey/iqa-data/spaq/SPAQ/TestImage/03508.jpg,0.5695744680851064,0.48385733366012573
23717,spaq,spaq/03520,/home/sergey/iqa-data/spaq/SPAQ/TestImage/03520.jpg,0.7890425531914894,0.5358692407608032
23723,spaq,spaq/03526,/home/sergey/iqa-data/spaq/SPAQ/TestImage/03526.jpg,0.2291489361702127,0.41718393564224243
23731,spaq,spaq/03534,/home/sergey/iqa-data/spaq/SPAQ/TestImage/03534.jpg,0.2234042553191489,0.41627198457717896
23732,spaq,spaq/03535,/home/sergey/iqa-data/spaq/SPAQ/TestImage/03535.jpg,0.7917021276595745,0.4999816119670868
23740,spaq,spaq/03543,/home/sergey/iqa-data/spaq/SPAQ/TestImage/03543.jpg,0.1527659574468085,0.4938628077507019
23742,spaq,spaq/03545,/home/sergey/iqa-data/spaq/SPAQ/TestImage/03545.jpg,0.4619148936170213,0.2844197154045105
23746,spaq,spaq/03549,/home/sergey/iqa-data/spaq/SPAQ/TestImage/03549.jpg,0.8003191489361703,0.5427991151809692
23747,spaq,spaq/03550,/home/sergey/iqa-data/spaq/SPAQ/TestImage/03550.jpg,0.8444680851063829,0.44605571031570435
23749,spaq,spaq/03552,/home/sergey/iqa-data/spaq/SPAQ/TestImage/03552.jpg,0.5879787234042554,0.4147328734397888
23758,spaq,spaq/03561,/home/sergey/iqa-data/spaq/SPAQ/TestImage/03561.jpg,0.4468085106382978,0.33378350734710693
23779,spaq,spaq/03582,/home/sergey/iqa-data/spaq/SPAQ/TestImage/03582.jpg,0.2987234042553191,0.32684263586997986
23780,spaq,spaq/03583,/home/sergey/iqa-data/spaq/SPAQ/TestImage/03583.jpg,0.6797872340425533,0.3844883143901825
23800,spaq,spaq/03603,/home/sergey/iqa-data/spaq/SPAQ/TestImage/03603.jpg,0.708936170212766,0.4838888943195343
23802,spaq,spaq/03605,/home/sergey/iqa-data/spaq/SPAQ/TestImage/03605.jpg,0.7207446808510638,0.47569215297698975
23804,spaq,spaq/03607,/home/sergey/iqa-data/spaq/SPAQ/TestImage/03607.jpg,0.7224468085106382,0.39908096194267273
23810,spaq,spaq/03613,/home/sergey/iqa-data/spaq/SPAQ/TestImage/03613.jpg,0.5345744680851063,0.31893685460090637
23830,spaq,spaq/03633,/home/sergey/iqa-data/spaq/SPAQ/TestImage/03633.jpg,0.6454255319148936,0.30062365531921387
23835,spaq,spaq/03638,/home/sergey/iqa-data/spaq/SPAQ/TestImage/03638.jpg,0.6082978723404255,0.4168897569179535
23840,spaq,spaq/03643,/home/sergey/iqa-data/spaq/SPAQ/TestImage/03643.jpg,0.4274468085106383,0.2247736155986786
23846,spaq,spaq/03649,/home/sergey/iqa-data/spaq/SPAQ/TestImage/03649.jpg,0.6740425531914893,0.4104458689689636
23849,spaq,spaq/03652,/home/sergey/iqa-data/spaq/SPAQ/TestImage/03652.jpg,0.8645744680851063,0.4412277936935425
23862,spaq,spaq/03665,/home/sergey/iqa-data/spaq/SPAQ/TestImage/03665.jpg,0.3297872340425531,0.3997234106063843
23864,spaq,spaq/03667,/home/sergey/iqa-data/spaq/SPAQ/TestImage/03667.jpg,0.7021276595744681,0.5364729166030884
23869,spaq,spaq/03672,/home/sergey/iqa-data/spaq/SPAQ/TestImage/03672.jpg,0.3307446808510638,0.3600713908672333
23883,spaq,spaq/03686,/home/sergey/iqa-data/spaq/SPAQ/TestImage/03686.jpg,0.2819148936170212,0.2643759250640869
23888,spaq,spaq/03691,/home/sergey/iqa-data/spaq/SPAQ/TestImage/03691.jpg,0.4820212765957447,0.24565407633781433
23889,spaq,spaq/03692,/home/sergey/iqa-data/spaq/SPAQ/TestImage/03692.jpg,0.675531914893617,0.4426858723163605
23890,spaq,spaq/03693,/home/sergey/iqa-data/spaq/SPAQ/TestImage/03693.jpg,0.7356382978723405,0.41816937923431396
23891,spaq,spaq/03694,/home/sergey/iqa-data/spaq/SPAQ/TestImage/03694.jpg,0.3713829787234042,0.48326313495635986
23894,spaq,spaq/03697,/home/sergey/iqa-data/spaq/SPAQ/TestImage/03697.jpg,0.4698936170212766,0.5767357349395752
23902,spaq,spaq/03705,/home/sergey/iqa-data/spaq/SPAQ/TestImage/03705.jpg,0.4662765957446808,0.2849041819572449
23905,spaq,spaq/03708,/home/sergey/iqa-data/spaq/SPAQ/TestImage/03708.jpg,0.7127659574468085,0.6288281679153442
23906,spaq,spaq/03709,/home/sergey/iqa-data/spaq/SPAQ/TestImage/03709.jpg,0.395,0.33752793073654175
23915,spaq,spaq/03718,/home/sergey/iqa-data/spaq/SPAQ/TestImage/03718.jpg,0.7717021276595746,0.5137562155723572
23917,spaq,spaq/03720,/home/sergey/iqa-data/spaq/SPAQ/TestImage/03720.jpg,0.2602127659574468,0.43994688987731934
23918,spaq,spaq/03721,/home/sergey/iqa-data/spaq/SPAQ/TestImage/03721.jpg,0.7162765957446808,0.31135791540145874
23919,spaq,spaq/03722,/home/sergey/iqa-data/spaq/SPAQ/TestImage/03722.jpg,0.6448936170212766,0.3049204349517822
23921,spaq,spaq/03724,/home/sergey/iqa-data/spaq/SPAQ/TestImage/03724.jpg,0.3877659574468085,0.4250749945640564
23922,spaq,spaq/03725,/home/sergey/iqa-data/spaq/SPAQ/TestImage/03725.jpg,0.6243617021276595,0.27929940819740295
23928,spaq,spaq/03731,/home/sergey/iqa-data/spaq/SPAQ/TestImage/03731.jpg,0.7819148936170213,0.3988029956817627
23929,spaq,spaq/03732,/home/sergey/iqa-data/spaq/SPAQ/TestImage/03732.jpg,0.4353191489361702,0.35075482726097107
23935,spaq,spaq/03738,/home/sergey/iqa-data/spaq/SPAQ/TestImage/03738.jpg,0.635,0.35676831007003784
23937,spaq,spaq/03740,/home/sergey/iqa-data/spaq/SPAQ/TestImage/03740.jpg,0.5713829787234043,0.5075551867485046
23940,spaq,spaq/03743,/home/sergey/iqa-data/spaq/SPAQ/TestImage/03743.jpg,0.7127659574468085,0.5238610506057739
23947,spaq,spaq/03750,/home/sergey/iqa-data/spaq/SPAQ/TestImage/03750.jpg,0.2677659574468085,0.41838786005973816
23952,spaq,spaq/03755,/home/sergey/iqa-data/spaq/SPAQ/TestImage/03755.jpg,0.8395744680851064,0.5765272378921509
23955,spaq,spaq/03758,/home/sergey/iqa-data/spaq/SPAQ/TestImage/03758.jpg,0.5392553191489361,0.42886775732040405
23966,spaq,spaq/03769,/home/sergey/iqa-data/spaq/SPAQ/TestImage/03769.jpg,0.3207446808510638,0.4684039354324341
23969,spaq,spaq/03772,/home/sergey/iqa-data/spaq/SPAQ/TestImage/03772.jpg,0.4858510638297872,0.3301788568496704
23972,spaq,spaq/03775,/home/sergey/iqa-data/spaq/SPAQ/TestImage/03775.jpg,0.5452127659574468,0.3331345319747925
23976,spaq,spaq/03779,/home/sergey/iqa-data/spaq/SPAQ/TestImage/03779.jpg,0.3123404255319149,0.3327457308769226
23979,spaq,spaq/03782,/home/sergey/iqa-data/spaq/SPAQ/TestImage/03782.jpg,0.7203191489361701,0.48173895478248596
23980,spaq,spaq/03783,/home/sergey/iqa-data/spaq/SPAQ/TestImage/03783.jpg,0.2918085106382979,0.3990277647972107
23981,spaq,spaq/03784,/home/sergey/iqa-data/spaq/SPAQ/TestImage/03784.jpg,0.647127659574468,0.2927880883216858
23986,spaq,spaq/03789,/home/sergey/iqa-data/spaq/SPAQ/TestImage/03789.jpg,0.2162765957446808,0.44177567958831787
23987,spaq,spaq/03790,/home/sergey/iqa-data/spaq/SPAQ/TestImage/03790.jpg,0.5319148936170213,0.4387241005897522
23992,spaq,spaq/03795,/home/sergey/iqa-data/spaq/SPAQ/TestImage/03795.jpg,0.449468085106383,0.35867226123809814
23996,spaq,spaq/03799,/home/sergey/iqa-data/spaq/SPAQ/TestImage/03799.jpg,0.202127659574468,0.43193280696868896
24000,spaq,spaq/03803,/home/sergey/iqa-data/spaq/SPAQ/TestImage/03803.jpg,0.6276595744680851,0.5243021249771118
24006,spaq,spaq/03809,/home/sergey/iqa-data/spaq/SPAQ/TestImage/03809.jpg,0.5440425531914894,0.496318519115448
24014,spaq,spaq/03817,/home/sergey/iqa-data/spaq/SPAQ/TestImage/03817.jpg,0.3882978723404255,0.4756626784801483
24015,spaq,spaq/03818,/home/sergey/iqa-data/spaq/SPAQ/TestImage/03818.jpg,0.3156382978723404,0.3993120789527893
24022,spaq,spaq/03825,/home/sergey/iqa-data/spaq/SPAQ/TestImage/03825.jpg,0.7801063829787234,0.2789610028266907
24024,spaq,spaq/03827,/home/sergey/iqa-data/spaq/SPAQ/TestImage/03827.jpg,0.7202127659574469,0.34538328647613525
24030,spaq,spaq/03833,/home/sergey/iqa-data/spaq/SPAQ/TestImage/03833.jpg,0.6932978723404255,0.5318788290023804
24040,spaq,spaq/03843,/home/sergey/iqa-data/spaq/SPAQ/TestImage/03843.jpg,0.4802127659574468,0.4452647268772125
24043,spaq,spaq/03846,/home/sergey/iqa-data/spaq/SPAQ/TestImage/03846.jpg,0.3692553191489361,0.4566905200481415
24046,spaq,spaq/03849,/home/sergey/iqa-data/spaq/SPAQ/TestImage/03849.jpg,0.2461702127659574,0.43912553787231445
24059,spaq,spaq/03862,/home/sergey/iqa-data/spaq/SPAQ/TestImage/03862.jpg,0.7727659574468085,0.33648914098739624
24062,spaq,spaq/03865,/home/sergey/iqa-data/spaq/SPAQ/TestImage/03865.jpg,0.7774468085106383,0.4112471342086792
24070,spaq,spaq/03873,/home/sergey/iqa-data/spaq/SPAQ/TestImage/03873.jpg,0.7986170212765956,0.46928712725639343
24071,spaq,spaq/03874,/home/sergey/iqa-data/spaq/SPAQ/TestImage/03874.jpg,0.1823404255319149,0.5069576501846313
24074,spaq,spaq/03877,/home/sergey/iqa-data/spaq/SPAQ/TestImage/03877.jpg,0.7811702127659576,0.4744951128959656
24076,spaq,spaq/03879,/home/sergey/iqa-data/spaq/SPAQ/TestImage/03879.jpg,0.635,0.4658870995044708
24084,spaq,spaq/03887,/home/sergey/iqa-data/spaq/SPAQ/TestImage/03887.jpg,0.8412765957446808,0.47675424814224243
24086,spaq,spaq/03889,/home/sergey/iqa-data/spaq/SPAQ/TestImage/03889.jpg,0.8338297872340426,0.42314332723617554
24087,spaq,spaq/03890,/home/sergey/iqa-data/spaq/SPAQ/TestImage/03890.jpg,0.8442553191489361,0.4502454400062561
24092,spaq,spaq/03895,/home/sergey/iqa-data/spaq/SPAQ/TestImage/03895.jpg,0.8267021276595744,0.4692363739013672
24095,spaq,spaq/03898,/home/sergey/iqa-data/spaq/SPAQ/TestImage/03898.jpg,0.8592553191489362,0.4644449055194855
24096,spaq,spaq/03899,/home/sergey/iqa-data/spaq/SPAQ/TestImage/03899.jpg,0.264468085106383,0.4720495641231537
24102,spaq,spaq/03905,/home/sergey/iqa-data/spaq/SPAQ/TestImage/03905.jpg,0.2971276595744681,0.33360958099365234
24103,spaq,spaq/03906,/home/sergey/iqa-data/spaq/SPAQ/TestImage/03906.jpg,0.1185106382978723,0.3326209485530853
24104,spaq,spaq/03907,/home/sergey/iqa-data/spaq/SPAQ/TestImage/03907.jpg,0.7471276595744681,0.3846246898174286
24105,spaq,spaq/03908,/home/sergey/iqa-data/spaq/SPAQ/TestImage/03908.jpg,0.8257446808510639,0.5206989049911499
24107,spaq,spaq/03910,/home/sergey/iqa-data/spaq/SPAQ/TestImage/03910.jpg,0.0990425531914893,0.3717394471168518
24109,spaq,spaq/03912,/home/sergey/iqa-data/spaq/SPAQ/TestImage/03912.jpg,0.8118085106382978,0.35143446922302246
24111,spaq,spaq/03914,/home/sergey/iqa-data/spaq/SPAQ/TestImage/03914.jpg,0.3257446808510638,0.38653260469436646
24115,spaq,spaq/03918,/home/sergey/iqa-data/spaq/SPAQ/TestImage/03918.jpg,0.2996808510638298,0.2670549750328064
24116,spaq,spaq/03919,/home/sergey/iqa-data/spaq/SPAQ/TestImage/03919.jpg,0.7970212765957447,0.4952361583709717
24117,spaq,spaq/03920,/home/sergey/iqa-data/spaq/SPAQ/TestImage/03920.jpg,0.5079787234042553,0.37551525235176086
24123,spaq,spaq/03926,/home/sergey/iqa-data/spaq/SPAQ/TestImage/03926.jpg,0.8636170212765958,0.3578155040740967
24125,spaq,spaq/03928,/home/sergey/iqa-data/spaq/SPAQ/TestImage/03928.jpg,0.1973404255319149,0.47621920704841614
24129,spaq,spaq/03932,/home/sergey/iqa-data/spaq/SPAQ/TestImage/03932.jpg,0.7843617021276597,0.5294302701950073
24130,spaq,spaq/03933,/home/sergey/iqa-data/spaq/SPAQ/TestImage/03933.jpg,0.4058510638297872,0.4059252142906189
24138,spaq,spaq/03941,/home/sergey/iqa-data/spaq/SPAQ/TestImage/03941.jpg,0.3226595744680851,0.3967496454715729
24141,spaq,spaq/03944,/home/sergey/iqa-data/spaq/SPAQ/TestImage/03944.jpg,0.4476595744680851,0.28043559193611145
24145,spaq,spaq/03948,/home/sergey/iqa-data/spaq/SPAQ/TestImage/03948.jpg,0.620531914893617,0.5367968678474426
24154,spaq,spaq/03957,/home/sergey/iqa-data/spaq/SPAQ/TestImage/03957.jpg,0.7561702127659574,0.4833020269870758
24155,spaq,spaq/03958,/home/sergey/iqa-data/spaq/SPAQ/TestImage/03958.jpg,0.3806382978723404,0.3779854476451874
24164,spaq,spaq/03967,/home/sergey/iqa-data/spaq/SPAQ/TestImage/03967.jpg,0.7891489361702129,0.5215008854866028
24167,spaq,spaq/03970,/home/sergey/iqa-data/spaq/SPAQ/TestImage/03970.jpg,0.3707446808510638,0.27630889415740967
24177,spaq,spaq/03980,/home/sergey/iqa-data/spaq/SPAQ/TestImage/03980.jpg,0.7719148936170213,0.39958539605140686
24192,spaq,spaq/03995,/home/sergey/iqa-data/spaq/SPAQ/TestImage/03995.jpg,0.2347872340425532,0.24413719773292542
24194,spaq,spaq/03997,/home/sergey/iqa-data/spaq/SPAQ/TestImage/03997.jpg,0.2619148936170213,0.31485581398010254
24200,spaq,spaq/04003,/home/sergey/iqa-data/spaq/SPAQ/TestImage/04003.jpg,0.4756382978723404,0.32043883204460144
24224,spaq,spaq/04027,/home/sergey/iqa-data/spaq/SPAQ/TestImage/04027.jpg,0.4992553191489361,0.3201432228088379
24228,spaq,spaq/04031,/home/sergey/iqa-data/spaq/SPAQ/TestImage/04031.jpg,0.2757446808510638,0.4244098961353302
24238,spaq,spaq/04041,/home/sergey/iqa-data/spaq/SPAQ/TestImage/04041.jpg,0.3696808510638298,0.35246366262435913
24240,spaq,spaq/04043,/home/sergey/iqa-data/spaq/SPAQ/TestImage/04043.jpg,0.5736170212765958,0.4687975347042084
24245,spaq,spaq/04048,/home/sergey/iqa-data/spaq/SPAQ/TestImage/04048.jpg,0.7880851063829787,0.35942044854164124
24247,spaq,spaq/04050,/home/sergey/iqa-data/spaq/SPAQ/TestImage/04050.jpg,0.346595744680851,0.38644737005233765
24252,spaq,spaq/04055,/home/sergey/iqa-data/spaq/SPAQ/TestImage/04055.jpg,0.265,0.5370431542396545
24253,spaq,spaq/04056,/home/sergey/iqa-data/spaq/SPAQ/TestImage/04056.jpg,0.2602127659574468,0.44161394238471985
24254,spaq,spaq/04057,/home/sergey/iqa-data/spaq/SPAQ/TestImage/04057.jpg,0.5736170212765958,0.4203364849090576
24262,spaq,spaq/04065,/home/sergey/iqa-data/spaq/SPAQ/TestImage/04065.jpg,0.5691489361702128,0.31225430965423584
24263,spaq,spaq/04066,/home/sergey/iqa-data/spaq/SPAQ/TestImage/04066.jpg,0.8317021276595745,0.5182768106460571
24275,spaq,spaq/04078,/home/sergey/iqa-data/spaq/SPAQ/TestImage/04078.jpg,0.2678723404255319,0.3912445604801178
24281,spaq,spaq/04084,/home/sergey/iqa-data/spaq/SPAQ/TestImage/04084.jpg,0.6907446808510639,0.4702707529067993
24290,spaq,spaq/04093,/home/sergey/iqa-data/spaq/SPAQ/TestImage/04093.jpg,0.2840425531914893,0.27477097511291504
24291,spaq,spaq/04094,/home/sergey/iqa-data/spaq/SPAQ/TestImage/04094.jpg,0.8691489361702128,0.523984432220459
24292,spaq,spaq/04095,/home/sergey/iqa-data/spaq/SPAQ/TestImage/04095.jpg,0.2968085106382979,0.549196720123291
24298,spaq,spaq/04101,/home/sergey/iqa-data/spaq/SPAQ/TestImage/04101.jpg,0.2727659574468085,0.3255320191383362
24300,spaq,spaq/04103,/home/sergey/iqa-data/spaq/SPAQ/TestImage/04103.jpg,0.3240425531914894,0.3879372477531433
24303,spaq,spaq/04106,/home/sergey/iqa-data/spaq/SPAQ/TestImage/04106.jpg,0.6617021276595745,0.24525287747383118
24307,spaq,spaq/04110,/home/sergey/iqa-data/spaq/SPAQ/TestImage/04110.jpg,0.814468085106383,0.6527267098426819
24321,spaq,spaq/04124,/home/sergey/iqa-data/spaq/SPAQ/TestImage/04124.jpg,0.5435106382978724,0.34099310636520386
24330,spaq,spaq/04133,/home/sergey/iqa-data/spaq/SPAQ/TestImage/04133.jpg,0.4308510638297872,0.33660954236984253
24346,spaq,spaq/04149,/home/sergey/iqa-data/spaq/SPAQ/TestImage/04149.jpg,0.7993617021276596,0.3801310956478119
24348,spaq,spaq/04151,/home/sergey/iqa-data/spaq/SPAQ/TestImage/04151.jpg,0.4769148936170213,0.4640512764453888
24349,spaq,spaq/04152,/home/sergey/iqa-data/spaq/SPAQ/TestImage/04152.jpg,0.5372340425531915,0.33624380826950073
24353,spaq,spaq/04156,/home/sergey/iqa-data/spaq/SPAQ/TestImage/04156.jpg,0.7492553191489363,0.2580719590187073
24355,spaq,spaq/04158,/home/sergey/iqa-data/spaq/SPAQ/TestImage/04158.jpg,0.8206382978723404,0.4752459228038788
24358,spaq,spaq/04161,/home/sergey/iqa-data/spaq/SPAQ/TestImage/04161.jpg,0.8218085106382979,0.4292353689670563
24359,spaq,spaq/04162,/home/sergey/iqa-data/spaq/SPAQ/TestImage/04162.jpg,0.357127659574468,0.39748236536979675
24360,spaq,spaq/04163,/home/sergey/iqa-data/spaq/SPAQ/TestImage/04163.jpg,0.6152127659574468,0.37107276916503906
24367,spaq,spaq/04170,/home/sergey/iqa-data/spaq/SPAQ/TestImage/04170.jpg,0.1777659574468085,0.47517308592796326
24371,spaq,spaq/04174,/home/sergey/iqa-data/spaq/SPAQ/TestImage/04174.jpg,0.6241489361702128,0.1909129023551941
24372,spaq,spaq/04175,/home/sergey/iqa-data/spaq/SPAQ/TestImage/04175.jpg,0.1352127659574468,0.34352535009384155
24375,spaq,spaq/04178,/home/sergey/iqa-data/spaq/SPAQ/TestImage/04178.jpg,0.8439361702127659,0.3135136365890503
24392,spaq,spaq/04195,/home/sergey/iqa-data/spaq/SPAQ/TestImage/04195.jpg,0.3282978723404255,0.4445766806602478
24393,spaq,spaq/04196,/home/sergey/iqa-data/spaq/SPAQ/TestImage/04196.jpg,0.6454255319148936,0.32233983278274536
24394,spaq,spaq/04197,/home/sergey/iqa-data/spaq/SPAQ/TestImage/04197.jpg,0.7180851063829787,0.29757174849510193
24399,spaq,spaq/04202,/home/sergey/iqa-data/spaq/SPAQ/TestImage/04202.jpg,0.4326595744680851,0.32307615876197815
24416,spaq,spaq/04219,/home/sergey/iqa-data/spaq/SPAQ/TestImage/04219.jpg,0.2872340425531915,0.2919606566429138
24417,spaq,spaq/04220,/home/sergey/iqa-data/spaq/SPAQ/TestImage/04220.jpg,0.4853191489361702,0.4233383536338806
24422,spaq,spaq/04225,/home/sergey/iqa-data/spaq/SPAQ/TestImage/04225.jpg,0.6104255319148937,0.2848016321659088
24423,spaq,spaq/04226,/home/sergey/iqa-data/spaq/SPAQ/TestImage/04226.jpg,0.2978723404255319,0.39573347568511963
24429,spaq,spaq/04232,/home/sergey/iqa-data/spaq/SPAQ/TestImage/04232.jpg,0.7398936170212765,0.591724157333374
24433,spaq,spaq/04236,/home/sergey/iqa-data/spaq/SPAQ/TestImage/04236.jpg,0.4163829787234042,0.344275563955307
24435,spaq,spaq/04238,/home/sergey/iqa-data/spaq/SPAQ/TestImage/04238.jpg,0.1906382978723404,0.32824766635894775
24436,spaq,spaq/04239,/home/sergey/iqa-data/spaq/SPAQ/TestImage/04239.jpg,0.8209574468085107,0.3676777482032776
24438,spaq,spaq/04241,/home/sergey/iqa-data/spaq/SPAQ/TestImage/04241.jpg,0.7854255319148936,0.44224169850349426
24442,spaq,spaq/04245,/home/sergey/iqa-data/spaq/SPAQ/TestImage/04245.jpg,0.1959574468085106,0.29413169622421265
24452,spaq,spaq/04255,/home/sergey/iqa-data/spaq/SPAQ/TestImage/04255.jpg,0.671063829787234,0.4545731246471405
24454,spaq,spaq/04257,/home/sergey/iqa-data/spaq/SPAQ/TestImage/04257.jpg,0.5736170212765958,0.16986313462257385
24455,spaq,spaq/04258,/home/sergey/iqa-data/spaq/SPAQ/TestImage/04258.jpg,0.2704255319148936,0.4740004539489746
24456,spaq,spaq/04259,/home/sergey/iqa-data/spaq/SPAQ/TestImage/04259.jpg,0.4361702127659574,0.3163585066795349
24458,spaq,spaq/04261,/home/sergey/iqa-data/spaq/SPAQ/TestImage/04261.jpg,0.6773404255319149,0.3978969156742096
24459,spaq,spaq/04262,/home/sergey/iqa-data/spaq/SPAQ/TestImage/04262.jpg,0.1622340425531915,0.4981914460659027
24467,spaq,spaq/04270,/home/sergey/iqa-data/spaq/SPAQ/TestImage/04270.jpg,0.4445744680851063,0.3163245618343353
24473,spaq,spaq/04276,/home/sergey/iqa-data/spaq/SPAQ/TestImage/04276.jpg,0.2957446808510638,0.42151668667793274
24474,spaq,spaq/04277,/home/sergey/iqa-data/spaq/SPAQ/TestImage/04277.jpg,0.6196808510638298,0.40694501996040344
24479,spaq,spaq/04282,/home/sergey/iqa-data/spaq/SPAQ/TestImage/04282.jpg,0.2224468085106383,0.3570643663406372
24504,spaq,spaq/04307,/home/sergey/iqa-data/spaq/SPAQ/TestImage/04307.jpg,0.3768085106382979,0.5015310049057007
24509,spaq,spaq/04312,/home/sergey/iqa-data/spaq/SPAQ/TestImage/04312.jpg,0.7269148936170212,0.5124748945236206
24513,spaq,spaq/04316,/home/sergey/iqa-data/spaq/SPAQ/TestImage/04316.jpg,0.2863829787234043,0.48039326071739197
24520,spaq,spaq/04323,/home/sergey/iqa-data/spaq/SPAQ/TestImage/04323.jpg,0.2243617021276595,0.3338399827480316
24521,spaq,spaq/04324,/home/sergey/iqa-data/spaq/SPAQ/TestImage/04324.jpg,0.7881914893617021,0.3527370095252991
24531,spaq,spaq/04334,/home/sergey/iqa-data/spaq/SPAQ/TestImage/04334.jpg,0.705,0.42782163619995117
24535,spaq,spaq/04338,/home/sergey/iqa-data/spaq/SPAQ/TestImage/04338.jpg,0.175531914893617,0.31716787815093994
24561,spaq,spaq/04364,/home/sergey/iqa-data/spaq/SPAQ/TestImage/04364.jpg,0.7617021276595745,0.2880963385105133
24565,spaq,spaq/04368,/home/sergey/iqa-data/spaq/SPAQ/TestImage/04368.jpg,0.7699999999999999,0.5473725199699402
24566,spaq,spaq/04369,/home/sergey/iqa-data/spaq/SPAQ/TestImage/04369.jpg,0.512127659574468,0.22070395946502686
24569,spaq,spaq/04372,/home/sergey/iqa-data/spaq/SPAQ/TestImage/04372.jpg,0.3897872340425532,0.31853917241096497
24571,spaq,spaq/04374,/home/sergey/iqa-data/spaq/SPAQ/TestImage/04374.jpg,0.4425531914893617,0.31314048171043396
24572,spaq,spaq/04375,/home/sergey/iqa-data/spaq/SPAQ/TestImage/04375.jpg,0.2928723404255319,0.4577399790287018
24573,spaq,spaq/04376,/home/sergey/iqa-data/spaq/SPAQ/TestImage/04376.jpg,0.8737234042553191,0.5406639575958252
24575,spaq,spaq/04378,/home/sergey/iqa-data/spaq/SPAQ/TestImage/04378.jpg,0.5673404255319149,0.3540411591529846
24578,spaq,spaq/04381,/home/sergey/iqa-data/spaq/SPAQ/TestImage/04381.jpg,0.672340425531915,0.565900444984436
24594,spaq,spaq/04397,/home/sergey/iqa-data/spaq/SPAQ/TestImage/04397.jpg,0.6921276595744681,0.32873591780662537
24595,spaq,spaq/04398,/home/sergey/iqa-data/spaq/SPAQ/TestImage/04398.jpg,0.6630851063829787,0.4414955973625183
24600,spaq,spaq/04403,/home/sergey/iqa-data/spaq/SPAQ/TestImage/04403.jpg,0.3773404255319149,0.4371548891067505
24604,spaq,spaq/04407,/home/sergey/iqa-data/spaq/SPAQ/TestImage/04407.jpg,0.7027659574468086,0.4016898572444916
24607,spaq,spaq/04410,/home/sergey/iqa-data/spaq/SPAQ/TestImage/04410.jpg,0.5325531914893618,0.37140247225761414
24613,spaq,spaq/04416,/home/sergey/iqa-data/spaq/SPAQ/TestImage/04416.jpg,0.3723404255319149,0.4722921550273895
24617,spaq,spaq/04420,/home/sergey/iqa-data/spaq/SPAQ/TestImage/04420.jpg,0.6769148936170212,0.46322354674339294
24623,spaq,spaq/04426,/home/sergey/iqa-data/spaq/SPAQ/TestImage/04426.jpg,0.2673404255319149,0.3385784327983856
24624,spaq,spaq/04427,/home/sergey/iqa-data/spaq/SPAQ/TestImage/04427.jpg,0.3361702127659575,0.4011267423629761
24625,spaq,spaq/04428,/home/sergey/iqa-data/spaq/SPAQ/TestImage/04428.jpg,0.2765957446808511,0.35111644864082336
24632,spaq,spaq/04435,/home/sergey/iqa-data/spaq/SPAQ/TestImage/04435.jpg,0.6582978723404256,0.3278919756412506
24637,spaq,spaq/04440,/home/sergey/iqa-data/spaq/SPAQ/TestImage/04440.jpg,0.4508510638297872,0.4046529531478882
24639,spaq,spaq/04442,/home/sergey/iqa-data/spaq/SPAQ/TestImage/04442.jpg,0.375,0.5035374760627747
24641,spaq,spaq/04444,/home/sergey/iqa-data/spaq/SPAQ/TestImage/04444.jpg,0.4634042553191489,0.33704549074172974
24645,spaq,spaq/04448,/home/sergey/iqa-data/spaq/SPAQ/TestImage/04448.jpg,0.5904255319148937,0.4259636402130127
24653,spaq,spaq/04456,/home/sergey/iqa-data/spaq/SPAQ/TestImage/04456.jpg,0.6314893617021277,0.2965640425682068
24660,spaq,spaq/04463,/home/sergey/iqa-data/spaq/SPAQ/TestImage/04463.jpg,0.4481914893617021,0.23317554593086243
24663,spaq,spaq/04466,/home/sergey/iqa-data/spaq/SPAQ/TestImage/04466.jpg,0.5292553191489362,0.44417834281921387
24664,spaq,spaq/04467,/home/sergey/iqa-data/spaq/SPAQ/TestImage/04467.jpg,0.300531914893617,0.2592107951641083
24668,spaq,spaq/04471,/home/sergey/iqa-data/spaq/SPAQ/TestImage/04471.jpg,0.7925531914893617,0.45985761284828186
24672,spaq,spaq/04475,/home/sergey/iqa-data/spaq/SPAQ/TestImage/04475.jpg,0.3829787234042553,0.32418620586395264
24683,spaq,spaq/04486,/home/sergey/iqa-data/spaq/SPAQ/TestImage/04486.jpg,0.7446808510638298,0.5606474280357361
24684,spaq,spaq/04487,/home/sergey/iqa-data/spaq/SPAQ/TestImage/04487.jpg,0.8173404255319149,0.33993199467658997
24690,spaq,spaq/04493,/home/sergey/iqa-data/spaq/SPAQ/TestImage/04493.jpg,0.4134042553191489,0.3192142844200134
24700,spaq,spaq/04503,/home/sergey/iqa-data/spaq/SPAQ/TestImage/04503.jpg,0.3677659574468085,0.3137093186378479
24701,spaq,spaq/04504,/home/sergey/iqa-data/spaq/SPAQ/TestImage/04504.jpg,0.594468085106383,0.4850023090839386
24703,spaq,spaq/04506,/home/sergey/iqa-data/spaq/SPAQ/TestImage/04506.jpg,0.3338297872340426,0.40867796540260315
24709,spaq,spaq/04512,/home/sergey/iqa-data/spaq/SPAQ/TestImage/04512.jpg,0.8070212765957446,0.3291967213153839
24710,spaq,spaq/04513,/home/sergey/iqa-data/spaq/SPAQ/TestImage/04513.jpg,0.5896808510638298,0.28749608993530273
24714,spaq,spaq/04517,/home/sergey/iqa-data/spaq/SPAQ/TestImage/04517.jpg,0.0638297872340425,0.28001344203948975
24722,spaq,spaq/04525,/home/sergey/iqa-data/spaq/SPAQ/TestImage/04525.jpg,0.5980851063829787,0.44176504015922546
24723,spaq,spaq/04526,/home/sergey/iqa-data/spaq/SPAQ/TestImage/04526.jpg,0.5243617021276595,0.45592477917671204
24727,spaq,spaq/04530,/home/sergey/iqa-data/spaq/SPAQ/TestImage/04530.jpg,0.8297872340425532,0.4121893644332886
24728,spaq,spaq/04531,/home/sergey/iqa-data/spaq/SPAQ/TestImage/04531.jpg,0.6762765957446808,0.3909330368041992
24731,spaq,spaq/04534,/home/sergey/iqa-data/spaq/SPAQ/TestImage/04534.jpg,0.5152127659574468,0.49178192019462585
24735,spaq,spaq/04538,/home/sergey/iqa-data/spaq/SPAQ/TestImage/04538.jpg,0.3222340425531915,0.4268152713775635
24739,spaq,spaq/04542,/home/sergey/iqa-data/spaq/SPAQ/TestImage/04542.jpg,0.6504255319148936,0.43376609683036804
24750,spaq,spaq/04553,/home/sergey/iqa-data/spaq/SPAQ/TestImage/04553.jpg,0.5622340425531915,0.4552159011363983
24768,spaq,spaq/04571,/home/sergey/iqa-data/spaq/SPAQ/TestImage/04571.jpg,0.824468085106383,0.560822606086731
24773,spaq,spaq/04576,/home/sergey/iqa-data/spaq/SPAQ/TestImage/04576.jpg,0.2765957446808511,0.3389361798763275
24775,spaq,spaq/04578,/home/sergey/iqa-data/spaq/SPAQ/TestImage/04578.jpg,0.4574468085106383,0.3522457480430603
24779,spaq,spaq/04582,/home/sergey/iqa-data/spaq/SPAQ/TestImage/04582.jpg,0.3306382978723404,0.3157460689544678
24780,spaq,spaq/04583,/home/sergey/iqa-data/spaq/SPAQ/TestImage/04583.jpg,0.2481914893617021,0.32282742857933044
24802,spaq,spaq/04605,/home/sergey/iqa-data/spaq/SPAQ/TestImage/04605.jpg,0.379468085106383,0.27487659454345703
24808,spaq,spaq/04611,/home/sergey/iqa-data/spaq/SPAQ/TestImage/04611.jpg,0.6196808510638298,0.2658945322036743
24814,spaq,spaq/04617,/home/sergey/iqa-data/spaq/SPAQ/TestImage/04617.jpg,0.3927659574468085,0.3712872266769409
24815,spaq,spaq/04618,/home/sergey/iqa-data/spaq/SPAQ/TestImage/04618.jpg,0.5354255319148936,0.251888632774353
24827,spaq,spaq/04630,/home/sergey/iqa-data/spaq/SPAQ/TestImage/04630.jpg,0.3545744680851063,0.23604132235050201
24834,spaq,spaq/04637,/home/sergey/iqa-data/spaq/SPAQ/TestImage/04637.jpg,0.6276595744680851,0.47110140323638916
24838,spaq,spaq/04641,/home/sergey/iqa-data/spaq/SPAQ/TestImage/04641.jpg,0.2477659574468085,0.40489354729652405
24843,spaq,spaq/04646,/home/sergey/iqa-data/spaq/SPAQ/TestImage/04646.jpg,0.8085106382978723,0.41542091965675354
24846,spaq,spaq/04649,/home/sergey/iqa-data/spaq/SPAQ/TestImage/04649.jpg,0.1413829787234042,0.2545989155769348
24852,spaq,spaq/04655,/home/sergey/iqa-data/spaq/SPAQ/TestImage/04655.jpg,0.6932978723404255,0.3690761923789978
24857,spaq,spaq/04660,/home/sergey/iqa-data/spaq/SPAQ/TestImage/04660.jpg,0.278404255319149,0.4350935220718384
24875,spaq,spaq/04678,/home/sergey/iqa-data/spaq/SPAQ/TestImage/04678.jpg,0.7340425531914894,0.4449588656425476
24878,spaq,spaq/04681,/home/sergey/iqa-data/spaq/SPAQ/TestImage/04681.jpg,0.3602127659574468,0.34157484769821167
24879,spaq,spaq/04682,/home/sergey/iqa-data/spaq/SPAQ/TestImage/04682.jpg,0.8860638297872341,0.607366681098938
24883,spaq,spaq/04686,/home/sergey/iqa-data/spaq/SPAQ/TestImage/04686.jpg,0.4872340425531914,0.4186418056488037
24892,spaq,spaq/04695,/home/sergey/iqa-data/spaq/SPAQ/TestImage/04695.jpg,0.0972340425531915,0.4133731722831726
24895,spaq,spaq/04698,/home/sergey/iqa-data/spaq/SPAQ/TestImage/04698.jpg,0.151595744680851,0.2830081880092621
24898,spaq,spaq/04701,/home/sergey/iqa-data/spaq/SPAQ/TestImage/04701.jpg,0.1854255319148936,0.3569652736186981
24903,spaq,spaq/04706,/home/sergey/iqa-data/spaq/SPAQ/TestImage/04706.jpg,0.1848936170212765,0.39193060994148254
24904,spaq,spaq/04707,/home/sergey/iqa-data/spaq/SPAQ/TestImage/04707.jpg,0.4348936170212766,0.44252726435661316
24907,spaq,spaq/04710,/home/sergey/iqa-data/spaq/SPAQ/TestImage/04710.jpg,0.6678723404255319,0.26535552740097046
24915,spaq,spaq/04718,/home/sergey/iqa-data/spaq/SPAQ/TestImage/04718.jpg,0.8351063829787234,0.32935023307800293
24917,spaq,spaq/04720,/home/sergey/iqa-data/spaq/SPAQ/TestImage/04720.jpg,0.3176595744680851,0.3746345639228821
24921,spaq,spaq/04724,/home/sergey/iqa-data/spaq/SPAQ/TestImage/04724.jpg,0.4752127659574468,0.21047914028167725
24928,spaq,spaq/04731,/home/sergey/iqa-data/spaq/SPAQ/TestImage/04731.jpg,0.469468085106383,0.47004538774490356
24930,spaq,spaq/04733,/home/sergey/iqa-data/spaq/SPAQ/TestImage/04733.jpg,0.5762765957446808,0.325878769159317
24935,spaq,spaq/04738,/home/sergey/iqa-data/spaq/SPAQ/TestImage/04738.jpg,0.6717021276595745,0.35994428396224976
24936,spaq,spaq/04739,/home/sergey/iqa-data/spaq/SPAQ/TestImage/04739.jpg,0.3901063829787234,0.3456086814403534
24938,spaq,spaq/04741,/home/sergey/iqa-data/spaq/SPAQ/TestImage/04741.jpg,0.7322340425531915,0.5813856720924377
24940,spaq,spaq/04743,/home/sergey/iqa-data/spaq/SPAQ/TestImage/04743.jpg,0.7606382978723404,0.38690781593322754
24952,spaq,spaq/04755,/home/sergey/iqa-data/spaq/SPAQ/TestImage/04755.jpg,0.7628723404255319,0.537131667137146
24963,spaq,spaq/04766,/home/sergey/iqa-data/spaq/SPAQ/TestImage/04766.jpg,0.87,0.5110266208648682
24965,spaq,spaq/04768,/home/sergey/iqa-data/spaq/SPAQ/TestImage/04768.jpg,0.7506382978723405,0.44858020544052124
24968,spaq,spaq/04771,/home/sergey/iqa-data/spaq/SPAQ/TestImage/04771.jpg,0.8357446808510639,0.5562058687210083
24969,spaq,spaq/04772,/home/sergey/iqa-data/spaq/SPAQ/TestImage/04772.jpg,0.6992553191489362,0.3741219937801361
24970,spaq,spaq/04773,/home/sergey/iqa-data/spaq/SPAQ/TestImage/04773.jpg,0.8570212765957447,0.5093991160392761
24972,spaq,spaq/04775,/home/sergey/iqa-data/spaq/SPAQ/TestImage/04775.jpg,0.4432978723404255,0.2236565500497818
24973,spaq,spaq/04776,/home/sergey/iqa-data/spaq/SPAQ/TestImage/04776.jpg,0.3439361702127659,0.4031575322151184
24975,spaq,spaq/04778,/home/sergey/iqa-data/spaq/SPAQ/TestImage/04778.jpg,0.3131914893617021,0.5174189805984497
24977,spaq,spaq/04780,/home/sergey/iqa-data/spaq/SPAQ/TestImage/04780.jpg,0.7734042553191489,0.5082444548606873
24987,spaq,spaq/04790,/home/sergey/iqa-data/spaq/SPAQ/TestImage/04790.jpg,0.801063829787234,0.41543126106262207
24999,spaq,spaq/04802,/home/sergey/iqa-data/spaq/SPAQ/TestImage/04802.jpg,0.5448936170212766,0.40289539098739624
25000,spaq,spaq/04803,/home/sergey/iqa-data/spaq/SPAQ/TestImage/04803.jpg,0.7387234042553191,0.4048807621002197
25002,spaq,spaq/04805,/home/sergey/iqa-data/spaq/SPAQ/TestImage/04805.jpg,0.3901063829787234,0.4152921438217163
25003,spaq,spaq/04806,/home/sergey/iqa-data/spaq/SPAQ/TestImage/04806.jpg,0.3723404255319149,0.448329895734787
25009,spaq,spaq/04812,/home/sergey/iqa-data/spaq/SPAQ/TestImage/04812.jpg,0.7174468085106382,0.46628645062446594
25011,spaq,spaq/04814,/home/sergey/iqa-data/spaq/SPAQ/TestImage/04814.jpg,0.3995744680851064,0.2916290760040283
25013,spaq,spaq/04816,/home/sergey/iqa-data/spaq/SPAQ/TestImage/04816.jpg,0.1643617021276595,0.43736591935157776
25020,spaq,spaq/04823,/home/sergey/iqa-data/spaq/SPAQ/TestImage/04823.jpg,0.860531914893617,0.4047901928424835
25028,spaq,spaq/04831,/home/sergey/iqa-data/spaq/SPAQ/TestImage/04831.jpg,0.4612765957446808,0.21182985603809357
25031,spaq,spaq/04834,/home/sergey/iqa-data/spaq/SPAQ/TestImage/04834.jpg,0.4148936170212766,0.4881156384944916
25041,spaq,spaq/04844,/home/sergey/iqa-data/spaq/SPAQ/TestImage/04844.jpg,0.5,0.3562658727169037
25042,spaq,spaq/04845,/home/sergey/iqa-data/spaq/SPAQ/TestImage/04845.jpg,0.4536170212765957,0.3417282700538635
25050,spaq,spaq/04853,/home/sergey/iqa-data/spaq/SPAQ/TestImage/04853.jpg,0.4023404255319149,0.3832695484161377
25055,spaq,spaq/04858,/home/sergey/iqa-data/spaq/SPAQ/TestImage/04858.jpg,0.3164893617021276,0.41112399101257324
25056,spaq,spaq/04859,/home/sergey/iqa-data/spaq/SPAQ/TestImage/04859.jpg,0.3422340425531915,0.2482428401708603
25057,spaq,spaq/04860,/home/sergey/iqa-data/spaq/SPAQ/TestImage/04860.jpg,0.4042553191489361,0.336620956659317
25062,spaq,spaq/04865,/home/sergey/iqa-data/spaq/SPAQ/TestImage/04865.jpg,0.2997872340425532,0.34044069051742554
25078,spaq,spaq/04881,/home/sergey/iqa-data/spaq/SPAQ/TestImage/04881.jpg,0.6846808510638298,0.3883817195892334
25079,spaq,spaq/04882,/home/sergey/iqa-data/spaq/SPAQ/TestImage/04882.jpg,0.774468085106383,0.36988162994384766
25090,spaq,spaq/04893,/home/sergey/iqa-data/spaq/SPAQ/TestImage/04893.jpg,0.3829787234042553,0.537980854511261
25093,spaq,spaq/04896,/home/sergey/iqa-data/spaq/SPAQ/TestImage/04896.jpg,0.6557446808510639,0.4115495979785919
25098,spaq,spaq/04901,/home/sergey/iqa-data/spaq/SPAQ/TestImage/04901.jpg,0.3072340425531915,0.372812420129776
25099,spaq,spaq/04902,/home/sergey/iqa-data/spaq/SPAQ/TestImage/04902.jpg,0.390531914893617,0.25294116139411926
25101,spaq,spaq/04904,/home/sergey/iqa-data/spaq/SPAQ/TestImage/04904.jpg,0.6914893617021277,0.3753058910369873
25107,spaq,spaq/04910,/home/sergey/iqa-data/spaq/SPAQ/TestImage/04910.jpg,0.6820212765957446,0.43774139881134033
25112,spaq,spaq/04915,/home/sergey/iqa-data/spaq/SPAQ/TestImage/04915.jpg,0.7659574468085106,0.5630160570144653
25115,spaq,spaq/04918,/home/sergey/iqa-data/spaq/SPAQ/TestImage/04918.jpg,0.2993617021276595,0.4056994318962097
25122,spaq,spaq/04925,/home/sergey/iqa-data/spaq/SPAQ/TestImage/04925.jpg,0.6914893617021277,0.5470602512359619
25127,spaq,spaq/04930,/home/sergey/iqa-data/spaq/SPAQ/TestImage/04930.jpg,0.6512765957446809,0.3540324568748474
25132,spaq,spaq/04935,/home/sergey/iqa-data/spaq/SPAQ/TestImage/04935.jpg,0.4822340425531914,0.4609367847442627
25134,spaq,spaq/04937,/home/sergey/iqa-data/spaq/SPAQ/TestImage/04937.jpg,0.2925531914893617,0.22226008772850037
25136,spaq,spaq/04939,/home/sergey/iqa-data/spaq/SPAQ/TestImage/04939.jpg,0.683936170212766,0.31408578157424927
25139,spaq,spaq/04942,/home/sergey/iqa-data/spaq/SPAQ/TestImage/04942.jpg,0.5592553191489362,0.5429071187973022
25147,spaq,spaq/04950,/home/sergey/iqa-data/spaq/SPAQ/TestImage/04950.jpg,0.3085106382978723,0.33451420068740845
25151,spaq,spaq/04954,/home/sergey/iqa-data/spaq/SPAQ/TestImage/04954.jpg,0.6109574468085106,0.3980569839477539
25154,spaq,spaq/04957,/home/sergey/iqa-data/spaq/SPAQ/TestImage/04957.jpg,0.086595744680851,0.3132368326187134
25156,spaq,spaq/04959,/home/sergey/iqa-data/spaq/SPAQ/TestImage/04959.jpg,0.6914893617021277,0.40725836157798767
25171,spaq,spaq/04974,/home/sergey/iqa-data/spaq/SPAQ/TestImage/04974.jpg,0.5787234042553191,0.23424790799617767
25180,spaq,spaq/04983,/home/sergey/iqa-data/spaq/SPAQ/TestImage/04983.jpg,0.4223404255319149,0.24809151887893677
25182,spaq,spaq/04985,/home/sergey/iqa-data/spaq/SPAQ/TestImage/04985.jpg,0.7606382978723404,0.40184134244918823
25184,spaq,spaq/04987,/home/sergey/iqa-data/spaq/SPAQ/TestImage/04987.jpg,0.3061702127659574,0.42675673961639404
25188,spaq,spaq/04991,/home/sergey/iqa-data/spaq/SPAQ/TestImage/04991.jpg,0.7393617021276596,0.3913092613220215
25191,spaq,spaq/04994,/home/sergey/iqa-data/spaq/SPAQ/TestImage/04994.jpg,0.7407446808510638,0.6017321348190308
25201,spaq,spaq/05004,/home/sergey/iqa-data/spaq/SPAQ/TestImage/05004.jpg,0.7526595744680851,0.35169517993927
25208,spaq,spaq/05011,/home/sergey/iqa-data/spaq/SPAQ/TestImage/05011.jpg,0.4680851063829787,0.4134683310985565
25215,spaq,spaq/05018,/home/sergey/iqa-data/spaq/SPAQ/TestImage/05018.jpg,0.1413829787234042,0.4466455280780792
25217,spaq,spaq/05020,/home/sergey/iqa-data/spaq/SPAQ/TestImage/05020.jpg,0.8324468085106383,0.4415036737918854
25218,spaq,spaq/05021,/home/sergey/iqa-data/spaq/SPAQ/TestImage/05021.jpg,0.6678723404255319,0.398254930973053
25220,spaq,spaq/05023,/home/sergey/iqa-data/spaq/SPAQ/TestImage/05023.jpg,0.3962765957446808,0.3480546772480011
25221,spaq,spaq/05024,/home/sergey/iqa-data/spaq/SPAQ/TestImage/05024.jpg,0.6670212765957447,0.4289715588092804
25225,spaq,spaq/05028,/home/sergey/iqa-data/spaq/SPAQ/TestImage/05028.jpg,0.6728723404255319,0.3300180733203888
25233,spaq,spaq/05036,/home/sergey/iqa-data/spaq/SPAQ/TestImage/05036.jpg,0.8026595744680851,0.3048284649848938
25239,spaq,spaq/05042,/home/sergey/iqa-data/spaq/SPAQ/TestImage/05042.jpg,0.3617021276595745,0.27241843938827515
25244,spaq,spaq/05047,/home/sergey/iqa-data/spaq/SPAQ/TestImage/05047.jpg,0.8404255319148937,0.46661239862442017
25247,spaq,spaq/05050,/home/sergey/iqa-data/spaq/SPAQ/TestImage/05050.jpg,0.5377659574468084,0.38264012336730957
25251,spaq,spaq/05054,/home/sergey/iqa-data/spaq/SPAQ/TestImage/05054.jpg,0.7978723404255319,0.43186143040657043
25253,spaq,spaq/05056,/home/sergey/iqa-data/spaq/SPAQ/TestImage/05056.jpg,0.75,0.4299393892288208
25266,spaq,spaq/05069,/home/sergey/iqa-data/spaq/SPAQ/TestImage/05069.jpg,0.527127659574468,0.38679516315460205
25268,spaq,spaq/05071,/home/sergey/iqa-data/spaq/SPAQ/TestImage/05071.jpg,0.6335106382978724,0.3735116720199585
25269,spaq,spaq/05072,/home/sergey/iqa-data/spaq/SPAQ/TestImage/05072.jpg,0.3395744680851064,0.4422249495983124
25270,spaq,spaq/05073,/home/sergey/iqa-data/spaq/SPAQ/TestImage/05073.jpg,0.5541489361702128,0.23324811458587646
25274,spaq,spaq/05077,/home/sergey/iqa-data/spaq/SPAQ/TestImage/05077.jpg,0.8209574468085107,0.5130802392959595
25285,spaq,spaq/05088,/home/sergey/iqa-data/spaq/SPAQ/TestImage/05088.jpg,0.3173404255319149,0.566109299659729
25286,spaq,spaq/05089,/home/sergey/iqa-data/spaq/SPAQ/TestImage/05089.jpg,0.7398936170212765,0.4693181812763214
25293,spaq,spaq/05096,/home/sergey/iqa-data/spaq/SPAQ/TestImage/05096.jpg,0.445,0.3592016100883484
25295,spaq,spaq/05098,/home/sergey/iqa-data/spaq/SPAQ/TestImage/05098.jpg,0.7732978723404255,0.33201712369918823
25315,spaq,spaq/05118,/home/sergey/iqa-data/spaq/SPAQ/TestImage/05118.jpg,0.7,0.2811119258403778
25317,spaq,spaq/05120,/home/sergey/iqa-data/spaq/SPAQ/TestImage/05120.jpg,0.2632978723404255,0.28615084290504456
25318,spaq,spaq/05121,/home/sergey/iqa-data/spaq/SPAQ/TestImage/05121.jpg,0.0702127659574468,0.2975176274776459
25326,spaq,spaq/05129,/home/sergey/iqa-data/spaq/SPAQ/TestImage/05129.jpg,0.1553191489361702,0.36479872465133667
25329,spaq,spaq/05132,/home/sergey/iqa-data/spaq/SPAQ/TestImage/05132.jpg,0.0904255319148936,0.2612955570220947
25332,spaq,spaq/05135,/home/sergey/iqa-data/spaq/SPAQ/TestImage/05135.jpg,0.8489361702127659,0.5310509204864502
25347,spaq,spaq/05150,/home/sergey/iqa-data/spaq/SPAQ/TestImage/05150.jpg,0.5021276595744681,0.592981219291687
25350,spaq,spaq/05153,/home/sergey/iqa-data/spaq/SPAQ/TestImage/05153.jpg,0.8214893617021276,0.4441256821155548
25353,spaq,spaq/05156,/home/sergey/iqa-data/spaq/SPAQ/TestImage/05156.jpg,0.7195744680851064,0.4987160265445709
25361,spaq,spaq/05164,/home/sergey/iqa-data/spaq/SPAQ/TestImage/05164.jpg,0.1373404255319149,0.417336642742157
25364,spaq,spaq/05167,/home/sergey/iqa-data/spaq/SPAQ/TestImage/05167.jpg,0.5404255319148936,0.4372676908969879
25365,spaq,spaq/05168,/home/sergey/iqa-data/spaq/SPAQ/TestImage/05168.jpg,0.1102127659574468,0.43899255990982056
25370,spaq,spaq/05173,/home/sergey/iqa-data/spaq/SPAQ/TestImage/05173.jpg,0.5496808510638298,0.32025381922721863
25371,spaq,spaq/05174,/home/sergey/iqa-data/spaq/SPAQ/TestImage/05174.jpg,0.0893617021276595,0.2658015787601471
25378,spaq,spaq/05181,/home/sergey/iqa-data/spaq/SPAQ/TestImage/05181.jpg,0.8847872340425532,0.4928615689277649
25384,spaq,spaq/05187,/home/sergey/iqa-data/spaq/SPAQ/TestImage/05187.jpg,0.7851063829787234,0.4051695466041565
25393,spaq,spaq/05196,/home/sergey/iqa-data/spaq/SPAQ/TestImage/05196.jpg,0.2468085106382978,0.49124589562416077
25395,spaq,spaq/05198,/home/sergey/iqa-data/spaq/SPAQ/TestImage/05198.jpg,0.8586170212765957,0.5009202361106873
25399,spaq,spaq/05202,/home/sergey/iqa-data/spaq/SPAQ/TestImage/05202.jpg,0.9680851063829788,0.42879289388656616
25406,spaq,spaq/05209,/home/sergey/iqa-data/spaq/SPAQ/TestImage/05209.jpg,0.6098936170212765,0.46120885014533997
25409,spaq,spaq/05212,/home/sergey/iqa-data/spaq/SPAQ/TestImage/05212.jpg,0.7893617021276597,0.5109125375747681
25413,spaq,spaq/05216,/home/sergey/iqa-data/spaq/SPAQ/TestImage/05216.jpg,0.2571276595744681,0.48478493094444275
25414,spaq,spaq/05217,/home/sergey/iqa-data/spaq/SPAQ/TestImage/05217.jpg,0.425531914893617,0.2799493074417114
25422,spaq,spaq/05225,/home/sergey/iqa-data/spaq/SPAQ/TestImage/05225.jpg,0.1978723404255319,0.3303052484989166
25423,spaq,spaq/05226,/home/sergey/iqa-data/spaq/SPAQ/TestImage/05226.jpg,0.5,0.4515667259693146
25435,spaq,spaq/05238,/home/sergey/iqa-data/spaq/SPAQ/TestImage/05238.jpg,0.4127659574468085,0.43924030661582947
25438,spaq,spaq/05241,/home/sergey/iqa-data/spaq/SPAQ/TestImage/05241.jpg,0.674468085106383,0.4280884563922882
25442,spaq,spaq/05245,/home/sergey/iqa-data/spaq/SPAQ/TestImage/05245.jpg,0.5345744680851063,0.25744619965553284
25443,spaq,spaq/05246,/home/sergey/iqa-data/spaq/SPAQ/TestImage/05246.jpg,0.7446808510638298,0.44734129309654236
25444,spaq,spaq/05247,/home/sergey/iqa-data/spaq/SPAQ/TestImage/05247.jpg,0.2446808510638297,0.24488012492656708
25446,spaq,spaq/05249,/home/sergey/iqa-data/spaq/SPAQ/TestImage/05249.jpg,0.3563829787234042,0.4063839316368103
25449,spaq,spaq/05252,/home/sergey/iqa-data/spaq/SPAQ/TestImage/05252.jpg,0.8829787234042553,0.39580461382865906
25453,spaq,spaq/05256,/home/sergey/iqa-data/spaq/SPAQ/TestImage/05256.jpg,0.4392553191489362,0.2841555178165436
25461,spaq,spaq/05264,/home/sergey/iqa-data/spaq/SPAQ/TestImage/05264.jpg,0.1742553191489361,0.5053702592849731
25468,spaq,spaq/05271,/home/sergey/iqa-data/spaq/SPAQ/TestImage/05271.jpg,0.081595744680851,0.5220655798912048
25469,spaq,spaq/05272,/home/sergey/iqa-data/spaq/SPAQ/TestImage/05272.jpg,0.1311702127659574,0.407742440700531
25475,spaq,spaq/05278,/home/sergey/iqa-data/spaq/SPAQ/TestImage/05278.jpg,0.6075531914893617,0.5304463505744934
25477,spaq,spaq/05280,/home/sergey/iqa-data/spaq/SPAQ/TestImage/05280.jpg,0.7939361702127659,0.48359203338623047
25478,spaq,spaq/05281,/home/sergey/iqa-data/spaq/SPAQ/TestImage/05281.jpg,0.7553191489361702,0.3225240707397461
25483,spaq,spaq/05286,/home/sergey/iqa-data/spaq/SPAQ/TestImage/05286.jpg,0.384468085106383,0.5028900504112244
25487,spaq,spaq/05290,/home/sergey/iqa-data/spaq/SPAQ/TestImage/05290.jpg,0.6868085106382978,0.4793494939804077
25493,spaq,spaq/05296,/home/sergey/iqa-data/spaq/SPAQ/TestImage/05296.jpg,0.2887234042553191,0.43123388290405273
25494,spaq,spaq/05297,/home/sergey/iqa-data/spaq/SPAQ/TestImage/05297.jpg,0.6869148936170212,0.5303285121917725
25500,spaq,spaq/05303,/home/sergey/iqa-data/spaq/SPAQ/TestImage/05303.jpg,0.4122340425531915,0.3928847908973694
25501,spaq,spaq/05304,/home/sergey/iqa-data/spaq/SPAQ/TestImage/05304.jpg,0.2584042553191489,0.44443532824516296
25507,spaq,spaq/05310,/home/sergey/iqa-data/spaq/SPAQ/TestImage/05310.jpg,0.5106382978723404,0.38170453906059265
25534,spaq,spaq/05337,/home/sergey/iqa-data/spaq/SPAQ/TestImage/05337.jpg,0.4551063829787234,0.41343414783477783
25539,spaq,spaq/05342,/home/sergey/iqa-data/spaq/SPAQ/TestImage/05342.jpg,0.625,0.49198171496391296
25579,spaq,spaq/05382,/home/sergey/iqa-data/spaq/SPAQ/TestImage/05382.jpg,0.723404255319149,0.4740261733531952
25581,spaq,spaq/05384,/home/sergey/iqa-data/spaq/SPAQ/TestImage/05384.jpg,0.1675531914893617,0.40523698925971985
25594,spaq,spaq/05397,/home/sergey/iqa-data/spaq/SPAQ/TestImage/05397.jpg,0.9163829787234042,0.4445391297340393
25595,spaq,spaq/05398,/home/sergey/iqa-data/spaq/SPAQ/TestImage/05398.jpg,0.1843617021276595,0.39707741141319275
25601,spaq,spaq/05404,/home/sergey/iqa-data/spaq/SPAQ/TestImage/05404.jpg,0.3692553191489361,0.40829241275787354
25604,spaq,spaq/05407,/home/sergey/iqa-data/spaq/SPAQ/TestImage/05407.jpg,0.1474468085106383,0.30338025093078613
25609,spaq,spaq/05412,/home/sergey/iqa-data/spaq/SPAQ/TestImage/05412.jpg,0.8176595744680851,0.455203115940094
25611,spaq,spaq/05414,/home/sergey/iqa-data/spaq/SPAQ/TestImage/05414.jpg,0.8279787234042553,0.43774986267089844
25612,spaq,spaq/05415,/home/sergey/iqa-data/spaq/SPAQ/TestImage/05415.jpg,0.4042553191489361,0.4674627482891083
25613,spaq,spaq/05416,/home/sergey/iqa-data/spaq/SPAQ/TestImage/05416.jpg,0.723404255319149,0.3505704998970032
25620,spaq,spaq/05423,/home/sergey/iqa-data/spaq/SPAQ/TestImage/05423.jpg,0.2535106382978723,0.5086227059364319
25621,spaq,spaq/05424,/home/sergey/iqa-data/spaq/SPAQ/TestImage/05424.jpg,0.75,0.47425633668899536
25622,spaq,spaq/05425,/home/sergey/iqa-data/spaq/SPAQ/TestImage/05425.jpg,0.6542553191489362,0.49993157386779785
25629,spaq,spaq/05432,/home/sergey/iqa-data/spaq/SPAQ/TestImage/05432.jpg,0.7677659574468085,0.4363064765930176
25641,spaq,spaq/05444,/home/sergey/iqa-data/spaq/SPAQ/TestImage/05444.jpg,0.4148936170212766,0.3446125388145447
25642,spaq,spaq/05445,/home/sergey/iqa-data/spaq/SPAQ/TestImage/05445.jpg,0.270531914893617,0.46357908844947815
25645,spaq,spaq/05448,/home/sergey/iqa-data/spaq/SPAQ/TestImage/05448.jpg,0.3389361702127659,0.29843851923942566
25646,spaq,spaq/05449,/home/sergey/iqa-data/spaq/SPAQ/TestImage/05449.jpg,0.8173404255319149,0.3886451721191406
25656,spaq,spaq/05459,/home/sergey/iqa-data/spaq/SPAQ/TestImage/05459.jpg,0.7393617021276596,0.47876203060150146
25660,spaq,spaq/05463,/home/sergey/iqa-data/spaq/SPAQ/TestImage/05463.jpg,0.8252127659574467,0.33255472779273987
25662,spaq,spaq/05465,/home/sergey/iqa-data/spaq/SPAQ/TestImage/05465.jpg,0.5771276595744681,0.4295821785926819
25663,spaq,spaq/05466,/home/sergey/iqa-data/spaq/SPAQ/TestImage/05466.jpg,0.5664893617021277,0.22504831850528717
25664,spaq,spaq/05467,/home/sergey/iqa-data/spaq/SPAQ/TestImage/05467.jpg,0.3045744680851063,0.4689179062843323
25668,spaq,spaq/05471,/home/sergey/iqa-data/spaq/SPAQ/TestImage/05471.jpg,0.7806382978723404,0.5223411321640015
25670,spaq,spaq/05473,/home/sergey/iqa-data/spaq/SPAQ/TestImage/05473.jpg,0.4388297872340425,0.48734161257743835
25672,spaq,spaq/05475,/home/sergey/iqa-data/spaq/SPAQ/TestImage/05475.jpg,0.4787234042553192,0.3926396667957306
25689,spaq,spaq/05492,/home/sergey/iqa-data/spaq/SPAQ/TestImage/05492.jpg,0.7779787234042552,0.3739153742790222
25697,spaq,spaq/05500,/home/sergey/iqa-data/spaq/SPAQ/TestImage/05500.jpg,0.2792553191489361,0.3495185971260071
25699,spaq,spaq/05502,/home/sergey/iqa-data/spaq/SPAQ/TestImage/05502.jpg,0.4361702127659574,0.4150914251804352
25709,spaq,spaq/05512,/home/sergey/iqa-data/spaq/SPAQ/TestImage/05512.jpg,0.9295744680851064,0.5052443146705627
25711,spaq,spaq/05514,/home/sergey/iqa-data/spaq/SPAQ/TestImage/05514.jpg,0.3617021276595745,0.5305004715919495
25723,spaq,spaq/05526,/home/sergey/iqa-data/spaq/SPAQ/TestImage/05526.jpg,0.25,0.4091709554195404
25733,spaq,spaq/05536,/home/sergey/iqa-data/spaq/SPAQ/TestImage/05536.jpg,0.1932978723404255,0.339944988489151
25738,spaq,spaq/05541,/home/sergey/iqa-data/spaq/SPAQ/TestImage/05541.jpg,0.1667021276595744,0.3321778178215027
25740,spaq,spaq/05543,/home/sergey/iqa-data/spaq/SPAQ/TestImage/05543.jpg,0.6595744680851063,0.4526972472667694
25742,spaq,spaq/05545,/home/sergey/iqa-data/spaq/SPAQ/TestImage/05545.jpg,0.19,0.33548468351364136
25747,spaq,spaq/05550,/home/sergey/iqa-data/spaq/SPAQ/TestImage/05550.jpg,0.374468085106383,0.44684895873069763
25749,spaq,spaq/05552,/home/sergey/iqa-data/spaq/SPAQ/TestImage/05552.jpg,0.6648936170212766,0.47534996271133423
25756,spaq,spaq/05559,/home/sergey/iqa-data/spaq/SPAQ/TestImage/05559.jpg,0.2170212765957446,0.48400840163230896
25758,spaq,spaq/05561,/home/sergey/iqa-data/spaq/SPAQ/TestImage/05561.jpg,0.6613829787234042,0.46877726912498474
25761,spaq,spaq/05564,/home/sergey/iqa-data/spaq/SPAQ/TestImage/05564.jpg,0.676595744680851,0.33605965971946716
25762,spaq,spaq/05565,/home/sergey/iqa-data/spaq/SPAQ/TestImage/05565.jpg,0.2322340425531914,0.4963781535625458
25765,spaq,spaq/05568,/home/sergey/iqa-data/spaq/SPAQ/TestImage/05568.jpg,0.3914893617021276,0.25650671124458313
25769,spaq,spaq/05572,/home/sergey/iqa-data/spaq/SPAQ/TestImage/05572.jpg,0.6626595744680852,0.25346049666404724
25784,spaq,spaq/05587,/home/sergey/iqa-data/spaq/SPAQ/TestImage/05587.jpg,0.6737234042553192,0.2631756067276001
25789,spaq,spaq/05592,/home/sergey/iqa-data/spaq/SPAQ/TestImage/05592.jpg,0.8332978723404255,0.446500688791275
25790,spaq,spaq/05593,/home/sergey/iqa-data/spaq/SPAQ/TestImage/05593.jpg,0.2914893617021276,0.26545488834381104
25803,spaq,spaq/05606,/home/sergey/iqa-data/spaq/SPAQ/TestImage/05606.jpg,0.6085106382978723,0.44857847690582275
25807,spaq,spaq/05610,/home/sergey/iqa-data/spaq/SPAQ/TestImage/05610.jpg,0.3285106382978723,0.3205634653568268
25811,spaq,spaq/05614,/home/sergey/iqa-data/spaq/SPAQ/TestImage/05614.jpg,0.1504255319148936,0.4832412302494049
25813,spaq,spaq/05616,/home/sergey/iqa-data/spaq/SPAQ/TestImage/05616.jpg,0.3297872340425531,0.5127114653587341
25815,spaq,spaq/05618,/home/sergey/iqa-data/spaq/SPAQ/TestImage/05618.jpg,0.87,0.31298232078552246
25830,spaq,spaq/05633,/home/sergey/iqa-data/spaq/SPAQ/TestImage/05633.jpg,0.574468085106383,0.4999447166919708
25832,spaq,spaq/05635,/home/sergey/iqa-data/spaq/SPAQ/TestImage/05635.jpg,0.526595744680851,0.2740052342414856
25835,spaq,spaq/05638,/home/sergey/iqa-data/spaq/SPAQ/TestImage/05638.jpg,0.4654255319148936,0.2656375765800476
25836,spaq,spaq/05639,/home/sergey/iqa-data/spaq/SPAQ/TestImage/05639.jpg,0.5874468085106382,0.3471665382385254
25837,spaq,spaq/05640,/home/sergey/iqa-data/spaq/SPAQ/TestImage/05640.jpg,0.1891489361702127,0.32483696937561035
25841,spaq,spaq/05644,/home/sergey/iqa-data/spaq/SPAQ/TestImage/05644.jpg,0.5292553191489362,0.36060553789138794
25846,spaq,spaq/05649,/home/sergey/iqa-data/spaq/SPAQ/TestImage/05649.jpg,0.651595744680851,0.572918713092804
25855,spaq,spaq/05658,/home/sergey/iqa-data/spaq/SPAQ/TestImage/05658.jpg,0.5718085106382979,0.2849408686161041
25859,spaq,spaq/05662,/home/sergey/iqa-data/spaq/SPAQ/TestImage/05662.jpg,0.5864893617021277,0.2986021637916565
25861,spaq,spaq/05664,/home/sergey/iqa-data/spaq/SPAQ/TestImage/05664.jpg,0.6891489361702128,0.4709932208061218
25867,spaq,spaq/05670,/home/sergey/iqa-data/spaq/SPAQ/TestImage/05670.jpg,0.4042553191489361,0.5167647004127502
25871,spaq,spaq/05674,/home/sergey/iqa-data/spaq/SPAQ/TestImage/05674.jpg,0.2446808510638297,0.4529195725917816
25887,spaq,spaq/05690,/home/sergey/iqa-data/spaq/SPAQ/TestImage/05690.jpg,0.3754255319148936,0.43944379687309265
25890,spaq,spaq/05693,/home/sergey/iqa-data/spaq/SPAQ/TestImage/05693.jpg,0.5379787234042553,0.2854948937892914
25891,spaq,spaq/05694,/home/sergey/iqa-data/spaq/SPAQ/TestImage/05694.jpg,0.5471276595744681,0.45784124732017517
25893,spaq,spaq/05696,/home/sergey/iqa-data/spaq/SPAQ/TestImage/05696.jpg,0.722127659574468,0.47979405522346497
25894,spaq,spaq/05697,/home/sergey/iqa-data/spaq/SPAQ/TestImage/05697.jpg,0.741595744680851,0.4904603660106659
25895,spaq,spaq/05698,/home/sergey/iqa-data/spaq/SPAQ/TestImage/05698.jpg,0.3817021276595745,0.39310717582702637
25898,spaq,spaq/05701,/home/sergey/iqa-data/spaq/SPAQ/TestImage/05701.jpg,0.2401063829787234,0.4907779097557068
25899,spaq,spaq/05702,/home/sergey/iqa-data/spaq/SPAQ/TestImage/05702.jpg,0.1888297872340425,0.3930954337120056
25913,spaq,spaq/05716,/home/sergey/iqa-data/spaq/SPAQ/TestImage/05716.jpg,0.4559574468085106,0.40783190727233887
25914,spaq,spaq/05717,/home/sergey/iqa-data/spaq/SPAQ/TestImage/05717.jpg,0.651595744680851,0.4511853754520416
25916,spaq,spaq/05719,/home/sergey/iqa-data/spaq/SPAQ/TestImage/05719.jpg,0.568404255319149,0.4275904595851898
25920,spaq,spaq/05723,/home/sergey/iqa-data/spaq/SPAQ/TestImage/05723.jpg,0.5,0.293853759765625
25921,spaq,spaq/05724,/home/sergey/iqa-data/spaq/SPAQ/TestImage/05724.jpg,0.6442553191489362,0.451246440410614
25924,spaq,spaq/05727,/home/sergey/iqa-data/spaq/SPAQ/TestImage/05727.jpg,0.5279787234042553,0.48003050684928894
25925,spaq,spaq/05728,/home/sergey/iqa-data/spaq/SPAQ/TestImage/05728.jpg,0.8415957446808511,0.524034321308136
25926,spaq,spaq/05729,/home/sergey/iqa-data/spaq/SPAQ/TestImage/05729.jpg,0.2857446808510638,0.40362438559532166
25928,spaq,spaq/05731,/home/sergey/iqa-data/spaq/SPAQ/TestImage/05731.jpg,0.2279787234042553,0.5099836587905884
25936,spaq,spaq/05739,/home/sergey/iqa-data/spaq/SPAQ/TestImage/05739.jpg,0.6732978723404256,0.4150519073009491
25942,spaq,spaq/05745,/home/sergey/iqa-data/spaq/SPAQ/TestImage/05745.jpg,0.7352127659574468,0.40923380851745605
25944,spaq,spaq/05747,/home/sergey/iqa-data/spaq/SPAQ/TestImage/05747.jpg,0.2435106382978723,0.3520774841308594
25949,spaq,spaq/05752,/home/sergey/iqa-data/spaq/SPAQ/TestImage/05752.jpg,0.344468085106383,0.37849488854408264
25951,spaq,spaq/05754,/home/sergey/iqa-data/spaq/SPAQ/TestImage/05754.jpg,0.6630851063829787,0.2971833646297455
25957,spaq,spaq/05760,/home/sergey/iqa-data/spaq/SPAQ/TestImage/05760.jpg,0.2180851063829787,0.297027587890625
25959,spaq,spaq/05762,/home/sergey/iqa-data/spaq/SPAQ/TestImage/05762.jpg,0.2845744680851064,0.5363091230392456
25963,spaq,spaq/05766,/home/sergey/iqa-data/spaq/SPAQ/TestImage/05766.jpg,0.6542553191489362,0.4836604595184326
25964,spaq,spaq/05767,/home/sergey/iqa-data/spaq/SPAQ/TestImage/05767.jpg,0.2659574468085106,0.441363126039505
25965,spaq,spaq/05768,/home/sergey/iqa-data/spaq/SPAQ/TestImage/05768.jpg,0.5572340425531915,0.40402835607528687
25988,spaq,spaq/05791,/home/sergey/iqa-data/spaq/SPAQ/TestImage/05791.jpg,0.4801063829787234,0.33687710762023926
25989,spaq,spaq/05792,/home/sergey/iqa-data/spaq/SPAQ/TestImage/05792.jpg,0.7293617021276596,0.3006341755390167
25997,spaq,spaq/05800,/home/sergey/iqa-data/spaq/SPAQ/TestImage/05800.jpg,0.820531914893617,0.5218203067779541
26003,spaq,spaq/05806,/home/sergey/iqa-data/spaq/SPAQ/TestImage/05806.jpg,0.3981914893617021,0.39165157079696655
26005,spaq,spaq/05808,/home/sergey/iqa-data/spaq/SPAQ/TestImage/05808.jpg,0.3176595744680851,0.37452182173728943
26007,spaq,spaq/05810,/home/sergey/iqa-data/spaq/SPAQ/TestImage/05810.jpg,0.3471276595744681,0.289029598236084
26010,spaq,spaq/05813,/home/sergey/iqa-data/spaq/SPAQ/TestImage/05813.jpg,0.7287234042553191,0.43588507175445557
26013,spaq,spaq/05816,/home/sergey/iqa-data/spaq/SPAQ/TestImage/05816.jpg,0.1170212765957446,0.30109530687332153
26015,spaq,spaq/05818,/home/sergey/iqa-data/spaq/SPAQ/TestImage/05818.jpg,0.7978723404255319,0.40177860856056213
26016,spaq,spaq/05819,/home/sergey/iqa-data/spaq/SPAQ/TestImage/05819.jpg,0.7,0.39156636595726013
26028,spaq,spaq/05831,/home/sergey/iqa-data/spaq/SPAQ/TestImage/05831.jpg,0.4297872340425532,0.4123232662677765
26033,spaq,spaq/05836,/home/sergey/iqa-data/spaq/SPAQ/TestImage/05836.jpg,0.7628723404255319,0.45684197545051575
26035,spaq,spaq/05838,/home/sergey/iqa-data/spaq/SPAQ/TestImage/05838.jpg,0.3890425531914893,0.47999587655067444
26037,spaq,spaq/05840,/home/sergey/iqa-data/spaq/SPAQ/TestImage/05840.jpg,0.3957446808510638,0.3641929626464844
26038,spaq,spaq/05841,/home/sergey/iqa-data/spaq/SPAQ/TestImage/05841.jpg,0.5574468085106383,0.371395081281662
26043,spaq,spaq/05846,/home/sergey/iqa-data/spaq/SPAQ/TestImage/05846.jpg,0.5297872340425531,0.3368968367576599
26048,spaq,spaq/05851,/home/sergey/iqa-data/spaq/SPAQ/TestImage/05851.jpg,0.4148936170212766,0.2847343981266022
26056,spaq,spaq/05859,/home/sergey/iqa-data/spaq/SPAQ/TestImage/05859.jpg,0.4911702127659574,0.3399093747138977
26059,spaq,spaq/05862,/home/sergey/iqa-data/spaq/SPAQ/TestImage/05862.jpg,0.3738297872340425,0.32875746488571167
26073,spaq,spaq/05876,/home/sergey/iqa-data/spaq/SPAQ/TestImage/05876.jpg,0.7978723404255319,0.4278164207935333
26083,spaq,spaq/05886,/home/sergey/iqa-data/spaq/SPAQ/TestImage/05886.jpg,0.4514893617021276,0.3267962336540222
26085,spaq,spaq/05888,/home/sergey/iqa-data/spaq/SPAQ/TestImage/05888.jpg,0.2691489361702128,0.2665252685546875
26093,spaq,spaq/05896,/home/sergey/iqa-data/spaq/SPAQ/TestImage/05896.jpg,0.2670212765957447,0.4143497347831726
26094,spaq,spaq/05897,/home/sergey/iqa-data/spaq/SPAQ/TestImage/05897.jpg,0.3253191489361702,0.36065953969955444
26098,spaq,spaq/05901,/home/sergey/iqa-data/spaq/SPAQ/TestImage/05901.jpg,0.7106382978723403,0.47404026985168457
26100,spaq,spaq/05903,/home/sergey/iqa-data/spaq/SPAQ/TestImage/05903.jpg,0.0617021276595744,0.3267301023006439
26109,spaq,spaq/05912,/home/sergey/iqa-data/spaq/SPAQ/TestImage/05912.jpg,0.2930851063829787,0.33545053005218506
26119,spaq,spaq/05922,/home/sergey/iqa-data/spaq/SPAQ/TestImage/05922.jpg,0.2907446808510638,0.2390182465314865
26124,spaq,spaq/05927,/home/sergey/iqa-data/spaq/SPAQ/TestImage/05927.jpg,0.6208510638297873,0.35343462228775024
26130,spaq,spaq/05933,/home/sergey/iqa-data/spaq/SPAQ/TestImage/05933.jpg,0.1092553191489361,0.3179561495780945
26132,spaq,spaq/05935,/home/sergey/iqa-data/spaq/SPAQ/TestImage/05935.jpg,0.4032978723404255,0.3171367943286896
26138,spaq,spaq/05941,/home/sergey/iqa-data/spaq/SPAQ/TestImage/05941.jpg,0.3691489361702127,0.535453736782074
26141,spaq,spaq/05944,/home/sergey/iqa-data/spaq/SPAQ/TestImage/05944.jpg,0.3372340425531915,0.35354796051979065
26143,spaq,spaq/05946,/home/sergey/iqa-data/spaq/SPAQ/TestImage/05946.jpg,0.6189361702127659,0.3921266198158264
26165,spaq,spaq/05968,/home/sergey/iqa-data/spaq/SPAQ/TestImage/05968.jpg,0.7269148936170212,0.4969842731952667
26168,spaq,spaq/05971,/home/sergey/iqa-data/spaq/SPAQ/TestImage/05971.jpg,0.3829787234042553,0.460531622171402
26172,spaq,spaq/05975,/home/sergey/iqa-data/spaq/SPAQ/TestImage/05975.jpg,0.8688297872340426,0.34271788597106934
26175,spaq,spaq/05978,/home/sergey/iqa-data/spaq/SPAQ/TestImage/05978.jpg,0.4396808510638297,0.33530178666114807
26187,spaq,spaq/05990,/home/sergey/iqa-data/spaq/SPAQ/TestImage/05990.jpg,0.4468085106382978,0.3344217538833618
26189,spaq,spaq/05992,/home/sergey/iqa-data/spaq/SPAQ/TestImage/05992.jpg,0.3361702127659575,0.3914570212364197
26196,spaq,spaq/05999,/home/sergey/iqa-data/spaq/SPAQ/TestImage/05999.jpg,0.5452127659574468,0.2786363363265991
26201,spaq,spaq/06004,/home/sergey/iqa-data/spaq/SPAQ/TestImage/06004.jpg,0.6303191489361702,0.41847261786460876
26210,spaq,spaq/06013,/home/sergey/iqa-data/spaq/SPAQ/TestImage/06013.jpg,0.4007446808510638,0.39693841338157654
26211,spaq,spaq/06014,/home/sergey/iqa-data/spaq/SPAQ/TestImage/06014.jpg,0.6941489361702128,0.5180710554122925
26212,spaq,spaq/06015,/home/sergey/iqa-data/spaq/SPAQ/TestImage/06015.jpg,0.8324468085106383,0.4770277440547943
26217,spaq,spaq/06020,/home/sergey/iqa-data/spaq/SPAQ/TestImage/06020.jpg,0.6968085106382979,0.3719566762447357
26230,spaq,spaq/06033,/home/sergey/iqa-data/spaq/SPAQ/TestImage/06033.jpg,0.6702127659574468,0.4949411153793335
26231,spaq,spaq/06034,/home/sergey/iqa-data/spaq/SPAQ/TestImage/06034.jpg,0.7861702127659576,0.20942384004592896
26248,spaq,spaq/06051,/home/sergey/iqa-data/spaq/SPAQ/TestImage/06051.jpg,0.7541489361702127,0.41918236017227173
26253,spaq,spaq/06056,/home/sergey/iqa-data/spaq/SPAQ/TestImage/06056.jpg,0.4432978723404255,0.516243577003479
26254,spaq,spaq/06057,/home/sergey/iqa-data/spaq/SPAQ/TestImage/06057.jpg,0.594468085106383,0.3911241888999939
26262,spaq,spaq/06065,/home/sergey/iqa-data/spaq/SPAQ/TestImage/06065.jpg,0.4634042553191489,0.2606760263442993
26273,spaq,spaq/06076,/home/sergey/iqa-data/spaq/SPAQ/TestImage/06076.jpg,0.5578723404255319,0.2810181975364685
26288,spaq,spaq/06091,/home/sergey/iqa-data/spaq/SPAQ/TestImage/06091.jpg,0.8497872340425532,0.5521596670150757
26291,spaq,spaq/06094,/home/sergey/iqa-data/spaq/SPAQ/TestImage/06094.jpg,0.6063829787234043,0.4858059287071228
26292,spaq,spaq/06095,/home/sergey/iqa-data/spaq/SPAQ/TestImage/06095.jpg,0.6368085106382979,0.378288209438324
26296,spaq,spaq/06099,/home/sergey/iqa-data/spaq/SPAQ/TestImage/06099.jpg,0.7481914893617021,0.4328114688396454
26297,spaq,spaq/06100,/home/sergey/iqa-data/spaq/SPAQ/TestImage/06100.jpg,0.7747872340425531,0.43505799770355225
26300,spaq,spaq/06103,/home/sergey/iqa-data/spaq/SPAQ/TestImage/06103.jpg,0.6458510638297873,0.2658756375312805
26301,spaq,spaq/06104,/home/sergey/iqa-data/spaq/SPAQ/TestImage/06104.jpg,0.7796808510638299,0.2225591093301773
26304,spaq,spaq/06107,/home/sergey/iqa-data/spaq/SPAQ/TestImage/06107.jpg,0.1720212765957447,0.46030116081237793
26308,spaq,spaq/06111,/home/sergey/iqa-data/spaq/SPAQ/TestImage/06111.jpg,0.8541489361702128,0.42335256934165955
26309,spaq,spaq/06112,/home/sergey/iqa-data/spaq/SPAQ/TestImage/06112.jpg,0.647127659574468,0.3026912212371826
26311,spaq,spaq/06114,/home/sergey/iqa-data/spaq/SPAQ/TestImage/06114.jpg,0.526595744680851,0.33779221773147583
26314,spaq,spaq/06117,/home/sergey/iqa-data/spaq/SPAQ/TestImage/06117.jpg,0.8738297872340426,0.2941623330116272
26324,spaq,spaq/06127,/home/sergey/iqa-data/spaq/SPAQ/TestImage/06127.jpg,0.6063829787234043,0.3667010962963104
26325,spaq,spaq/06128,/home/sergey/iqa-data/spaq/SPAQ/TestImage/06128.jpg,0.4486170212765957,0.28082847595214844
26330,spaq,spaq/06133,/home/sergey/iqa-data/spaq/SPAQ/TestImage/06133.jpg,0.7507446808510637,0.42399415373802185
26338,spaq,spaq/06141,/home/sergey/iqa-data/spaq/SPAQ/TestImage/06141.jpg,0.5546808510638298,0.28661519289016724
26339,spaq,spaq/06142,/home/sergey/iqa-data/spaq/SPAQ/TestImage/06142.jpg,0.5926595744680851,0.21783912181854248
26345,spaq,spaq/06148,/home/sergey/iqa-data/spaq/SPAQ/TestImage/06148.jpg,0.7854255319148936,0.32923513650894165
26363,spaq,spaq/06166,/home/sergey/iqa-data/spaq/SPAQ/TestImage/06166.jpg,0.2753191489361702,0.39859914779663086
26366,spaq,spaq/06169,/home/sergey/iqa-data/spaq/SPAQ/TestImage/06169.jpg,0.607872340425532,0.3945363461971283
26369,spaq,spaq/06172,/home/sergey/iqa-data/spaq/SPAQ/TestImage/06172.jpg,0.6854255319148936,0.4802948832511902
26372,spaq,spaq/06175,/home/sergey/iqa-data/spaq/SPAQ/TestImage/06175.jpg,0.2386170212765957,0.28088051080703735
26382,spaq,spaq/06185,/home/sergey/iqa-data/spaq/SPAQ/TestImage/06185.jpg,0.8125531914893617,0.3761998414993286
26389,spaq,spaq/06192,/home/sergey/iqa-data/spaq/SPAQ/TestImage/06192.jpg,0.2369148936170212,0.3326071798801422
26391,spaq,spaq/06194,/home/sergey/iqa-data/spaq/SPAQ/TestImage/06194.jpg,0.8063829787234043,0.3326491117477417
26405,spaq,spaq/06208,/home/sergey/iqa-data/spaq/SPAQ/TestImage/06208.jpg,0.7914893617021277,0.4869385063648224
26410,spaq,spaq/06213,/home/sergey/iqa-data/spaq/SPAQ/TestImage/06213.jpg,0.7101063829787234,0.46430718898773193
26416,spaq,spaq/06219,/home/sergey/iqa-data/spaq/SPAQ/TestImage/06219.jpg,0.6018085106382979,0.39932599663734436
26421,spaq,spaq/06224,/home/sergey/iqa-data/spaq/SPAQ/TestImage/06224.jpg,0.7796808510638299,0.4301373362541199
26424,spaq,spaq/06227,/home/sergey/iqa-data/spaq/SPAQ/TestImage/06227.jpg,0.2887234042553191,0.3284660279750824
26431,spaq,spaq/06234,/home/sergey/iqa-data/spaq/SPAQ/TestImage/06234.jpg,0.5071276595744681,0.24036549031734467
26443,spaq,spaq/06246,/home/sergey/iqa-data/spaq/SPAQ/TestImage/06246.jpg,0.5638297872340425,0.32756125926971436
26447,spaq,spaq/06250,/home/sergey/iqa-data/spaq/SPAQ/TestImage/06250.jpg,0.6737234042553192,0.40512964129447937
26449,spaq,spaq/06252,/home/sergey/iqa-data/spaq/SPAQ/TestImage/06252.jpg,0.4574468085106383,0.4033229351043701
26451,spaq,spaq/06254,/home/sergey/iqa-data/spaq/SPAQ/TestImage/06254.jpg,0.3864893617021276,0.27740103006362915
26460,spaq,spaq/06263,/home/sergey/iqa-data/spaq/SPAQ/TestImage/06263.jpg,0.2162765957446808,0.341928094625473
26462,spaq,spaq/06265,/home/sergey/iqa-data/spaq/SPAQ/TestImage/06265.jpg,0.6196808510638298,0.4364694058895111
26465,spaq,spaq/06268,/home/sergey/iqa-data/spaq/SPAQ/TestImage/06268.jpg,0.3617021276595745,0.37434184551239014
26474,spaq,spaq/06277,/home/sergey/iqa-data/spaq/SPAQ/TestImage/06277.jpg,0.2730851063829787,0.357747346162796
26479,spaq,spaq/06282,/home/sergey/iqa-data/spaq/SPAQ/TestImage/06282.jpg,0.6560638297872341,0.34052392840385437
26484,spaq,spaq/06287,/home/sergey/iqa-data/spaq/SPAQ/TestImage/06287.jpg,0.3332978723404255,0.3702528178691864
26494,spaq,spaq/06297,/home/sergey/iqa-data/spaq/SPAQ/TestImage/06297.jpg,0.4920212765957447,0.3005330264568329
26498,spaq,spaq/06301,/home/sergey/iqa-data/spaq/SPAQ/TestImage/06301.jpg,0.8598936170212765,0.45851388573646545
26503,spaq,spaq/06306,/home/sergey/iqa-data/spaq/SPAQ/TestImage/06306.jpg,0.8351063829787234,0.3129934072494507
26506,spaq,spaq/06309,/home/sergey/iqa-data/spaq/SPAQ/TestImage/06309.jpg,0.6884042553191488,0.3961853086948395
26512,spaq,spaq/06315,/home/sergey/iqa-data/spaq/SPAQ/TestImage/06315.jpg,0.5709574468085107,0.39651215076446533
26524,spaq,spaq/06327,/home/sergey/iqa-data/spaq/SPAQ/TestImage/06327.jpg,0.6045744680851064,0.34538066387176514
26526,spaq,spaq/06329,/home/sergey/iqa-data/spaq/SPAQ/TestImage/06329.jpg,0.3067021276595744,0.32076072692871094
26527,spaq,spaq/06330,/home/sergey/iqa-data/spaq/SPAQ/TestImage/06330.jpg,0.4609574468085106,0.3784560263156891
26529,spaq,spaq/06332,/home/sergey/iqa-data/spaq/SPAQ/TestImage/06332.jpg,0.2907446808510638,0.3430972099304199
26532,spaq,spaq/06335,/home/sergey/iqa-data/spaq/SPAQ/TestImage/06335.jpg,0.1507446808510638,0.34209710359573364
26535,spaq,spaq/06338,/home/sergey/iqa-data/spaq/SPAQ/TestImage/06338.jpg,0.4928723404255319,0.3910367786884308
26537,spaq,spaq/06340,/home/sergey/iqa-data/spaq/SPAQ/TestImage/06340.jpg,0.3351063829787234,0.4990866780281067
26547,spaq,spaq/06350,/home/sergey/iqa-data/spaq/SPAQ/TestImage/06350.jpg,0.5212765957446809,0.27647289633750916
26550,spaq,spaq/06353,/home/sergey/iqa-data/spaq/SPAQ/TestImage/06353.jpg,0.8738297872340426,0.429165244102478
26560,spaq,spaq/06363,/home/sergey/iqa-data/spaq/SPAQ/TestImage/06363.jpg,0.379468085106383,0.3549911081790924
26562,spaq,spaq/06365,/home/sergey/iqa-data/spaq/SPAQ/TestImage/06365.jpg,0.703936170212766,0.5218605995178223
26563,spaq,spaq/06366,/home/sergey/iqa-data/spaq/SPAQ/TestImage/06366.jpg,0.6401063829787235,0.47496840357780457
26565,spaq,spaq/06368,/home/sergey/iqa-data/spaq/SPAQ/TestImage/06368.jpg,0.4698936170212766,0.2816663682460785
26569,spaq,spaq/06372,/home/sergey/iqa-data/spaq/SPAQ/TestImage/06372.jpg,0.5452127659574468,0.29280731081962585
26578,spaq,spaq/06381,/home/sergey/iqa-data/spaq/SPAQ/TestImage/06381.jpg,0.6662765957446808,0.43225955963134766
26580,spaq,spaq/06383,/home/sergey/iqa-data/spaq/SPAQ/TestImage/06383.jpg,0.5413829787234042,0.5964670181274414
26586,spaq,spaq/06389,/home/sergey/iqa-data/spaq/SPAQ/TestImage/06389.jpg,0.637127659574468,0.23811598122119904
26587,spaq,spaq/06390,/home/sergey/iqa-data/spaq/SPAQ/TestImage/06390.jpg,0.800531914893617,0.47076305747032166
26588,spaq,spaq/06391,/home/sergey/iqa-data/spaq/SPAQ/TestImage/06391.jpg,0.8574468085106383,0.5416698455810547
26593,spaq,spaq/06396,/home/sergey/iqa-data/spaq/SPAQ/TestImage/06396.jpg,0.2162765957446808,0.36690762639045715
26594,spaq,spaq/06397,/home/sergey/iqa-data/spaq/SPAQ/TestImage/06397.jpg,0.1981914893617021,0.4113714098930359
26595,spaq,spaq/06398,/home/sergey/iqa-data/spaq/SPAQ/TestImage/06398.jpg,0.7080851063829787,0.2943919599056244
26598,spaq,spaq/06401,/home/sergey/iqa-data/spaq/SPAQ/TestImage/06401.jpg,0.7387234042553191,0.5805486440658569
26599,spaq,spaq/06402,/home/sergey/iqa-data/spaq/SPAQ/TestImage/06402.jpg,0.5718085106382979,0.36640310287475586
26606,spaq,spaq/06409,/home/sergey/iqa-data/spaq/SPAQ/TestImage/06409.jpg,0.2168085106382978,0.32736778259277344
26607,spaq,spaq/06410,/home/sergey/iqa-data/spaq/SPAQ/TestImage/06410.jpg,0.1542553191489361,0.4808081388473511
26613,spaq,spaq/06416,/home/sergey/iqa-data/spaq/SPAQ/TestImage/06416.jpg,0.7151063829787234,0.5317413806915283
26615,spaq,spaq/06418,/home/sergey/iqa-data/spaq/SPAQ/TestImage/06418.jpg,0.7174468085106382,0.4969032406806946
26623,spaq,spaq/06426,/home/sergey/iqa-data/spaq/SPAQ/TestImage/06426.jpg,0.6158510638297873,0.40342509746551514
26630,spaq,spaq/06433,/home/sergey/iqa-data/spaq/SPAQ/TestImage/06433.jpg,0.543936170212766,0.3582874536514282
26632,spaq,spaq/06435,/home/sergey/iqa-data/spaq/SPAQ/TestImage/06435.jpg,0.2540425531914893,0.46358320116996765
26640,spaq,spaq/06443,/home/sergey/iqa-data/spaq/SPAQ/TestImage/06443.jpg,0.3989361702127659,0.4487941861152649
26641,spaq,spaq/06444,/home/sergey/iqa-data/spaq/SPAQ/TestImage/06444.jpg,0.6436170212765957,0.28745245933532715
26645,spaq,spaq/06448,/home/sergey/iqa-data/spaq/SPAQ/TestImage/06448.jpg,0.3312765957446809,0.3713831305503845
26653,spaq,spaq/06456,/home/sergey/iqa-data/spaq/SPAQ/TestImage/06456.jpg,0.5653191489361702,0.2769869565963745
26667,spaq,spaq/06470,/home/sergey/iqa-data/spaq/SPAQ/TestImage/06470.jpg,0.2588297872340425,0.31921935081481934
26673,spaq,spaq/06476,/home/sergey/iqa-data/spaq/SPAQ/TestImage/06476.jpg,0.3631914893617021,0.3784925937652588
26681,spaq,spaq/06484,/home/sergey/iqa-data/spaq/SPAQ/TestImage/06484.jpg,0.7735106382978723,0.5174975395202637
26684,spaq,spaq/06487,/home/sergey/iqa-data/spaq/SPAQ/TestImage/06487.jpg,0.7593617021276595,0.48273733258247375
26687,spaq,spaq/06490,/home/sergey/iqa-data/spaq/SPAQ/TestImage/06490.jpg,0.8404255319148937,0.538974404335022
26690,spaq,spaq/06493,/home/sergey/iqa-data/spaq/SPAQ/TestImage/06493.jpg,0.3723404255319149,0.3472104072570801
26691,spaq,spaq/06494,/home/sergey/iqa-data/spaq/SPAQ/TestImage/06494.jpg,0.717340425531915,0.4628560543060303
26696,spaq,spaq/06499,/home/sergey/iqa-data/spaq/SPAQ/TestImage/06499.jpg,0.7992553191489361,0.4336274266242981
26700,spaq,spaq/06503,/home/sergey/iqa-data/spaq/SPAQ/TestImage/06503.jpg,0.6428723404255319,0.4092816710472107
26703,spaq,spaq/06506,/home/sergey/iqa-data/spaq/SPAQ/TestImage/06506.jpg,0.8237234042553192,0.4271097183227539
26705,spaq,spaq/06508,/home/sergey/iqa-data/spaq/SPAQ/TestImage/06508.jpg,0.8708510638297873,0.5450298190116882
26708,spaq,spaq/06511,/home/sergey/iqa-data/spaq/SPAQ/TestImage/06511.jpg,0.6109574468085106,0.3798917233943939
26715,spaq,spaq/06518,/home/sergey/iqa-data/spaq/SPAQ/TestImage/06518.jpg,0.2735106382978723,0.3830149173736572
26719,spaq,spaq/06522,/home/sergey/iqa-data/spaq/SPAQ/TestImage/06522.jpg,0.3271276595744681,0.3473700284957886
26727,spaq,spaq/06530,/home/sergey/iqa-data/spaq/SPAQ/TestImage/06530.jpg,0.6702127659574468,0.5062785744667053
26729,spaq,spaq/06532,/home/sergey/iqa-data/spaq/SPAQ/TestImage/06532.jpg,0.7309574468085106,0.5102009773254395
26730,spaq,spaq/06533,/home/sergey/iqa-data/spaq/SPAQ/TestImage/06533.jpg,0.4772340425531914,0.3294352889060974
26731,spaq,spaq/06534,/home/sergey/iqa-data/spaq/SPAQ/TestImage/06534.jpg,0.2154255319148936,0.3194592595100403
26734,spaq,spaq/06537,/home/sergey/iqa-data/spaq/SPAQ/TestImage/06537.jpg,0.3541489361702127,0.3455730080604553
26738,spaq,spaq/06541,/home/sergey/iqa-data/spaq/SPAQ/TestImage/06541.jpg,0.7371276595744681,0.2840362787246704
26740,spaq,spaq/06543,/home/sergey/iqa-data/spaq/SPAQ/TestImage/06543.jpg,0.8419148936170213,0.5899657607078552
26747,spaq,spaq/06550,/home/sergey/iqa-data/spaq/SPAQ/TestImage/06550.jpg,0.5075531914893617,0.438081294298172
26751,spaq,spaq/06554,/home/sergey/iqa-data/spaq/SPAQ/TestImage/06554.jpg,0.2686170212765957,0.20531558990478516
26755,spaq,spaq/06558,/home/sergey/iqa-data/spaq/SPAQ/TestImage/06558.jpg,0.7690425531914894,0.45510855317115784
26760,spaq,spaq/06563,/home/sergey/iqa-data/spaq/SPAQ/TestImage/06563.jpg,0.6210638297872341,0.5168728828430176
26780,spaq,spaq/06583,/home/sergey/iqa-data/spaq/SPAQ/TestImage/06583.jpg,0.3404255319148936,0.4413667917251587
26781,spaq,spaq/06584,/home/sergey/iqa-data/spaq/SPAQ/TestImage/06584.jpg,0.6364893617021277,0.525786817073822
26800,spaq,spaq/06603,/home/sergey/iqa-data/spaq/SPAQ/TestImage/06603.jpg,0.2943617021276596,0.4179084002971649
26804,spaq,spaq/06607,/home/sergey/iqa-data/spaq/SPAQ/TestImage/06607.jpg,0.2297872340425532,0.2725581228733063
26806,spaq,spaq/06609,/home/sergey/iqa-data/spaq/SPAQ/TestImage/06609.jpg,0.3425531914893617,0.4038615822792053
26810,spaq,spaq/06613,/home/sergey/iqa-data/spaq/SPAQ/TestImage/06613.jpg,0.3847872340425532,0.3334026038646698
26811,spaq,spaq/06614,/home/sergey/iqa-data/spaq/SPAQ/TestImage/06614.jpg,0.2085106382978723,0.3013928532600403
26813,spaq,spaq/06616,/home/sergey/iqa-data/spaq/SPAQ/TestImage/06616.jpg,0.2464893617021276,0.2730129659175873
26817,spaq,spaq/06620,/home/sergey/iqa-data/spaq/SPAQ/TestImage/06620.jpg,0.2638297872340425,0.314581036567688
26820,spaq,spaq/06623,/home/sergey/iqa-data/spaq/SPAQ/TestImage/06623.jpg,0.4875531914893616,0.5295920968055725
26824,spaq,spaq/06627,/home/sergey/iqa-data/spaq/SPAQ/TestImage/06627.jpg,0.3893617021276596,0.3304758071899414
26842,spaq,spaq/06645,/home/sergey/iqa-data/spaq/SPAQ/TestImage/06645.jpg,0.5877659574468085,0.4443202614784241
26844,spaq,spaq/06647,/home/sergey/iqa-data/spaq/SPAQ/TestImage/06647.jpg,0.2739361702127659,0.3901406526565552
26845,spaq,spaq/06648,/home/sergey/iqa-data/spaq/SPAQ/TestImage/06648.jpg,0.3430851063829787,0.28839871287345886
26846,spaq,spaq/06649,/home/sergey/iqa-data/spaq/SPAQ/TestImage/06649.jpg,0.6196808510638298,0.47064706683158875
26863,spaq,spaq/06666,/home/sergey/iqa-data/spaq/SPAQ/TestImage/06666.jpg,0.7857446808510639,0.4575865566730499
26874,spaq,spaq/06677,/home/sergey/iqa-data/spaq/SPAQ/TestImage/06677.jpg,0.5141489361702127,0.48922187089920044
26886,spaq,spaq/06689,/home/sergey/iqa-data/spaq/SPAQ/TestImage/06689.jpg,0.4503191489361702,0.35653558373451233
26888,spaq,spaq/06691,/home/sergey/iqa-data/spaq/SPAQ/TestImage/06691.jpg,0.5284042553191489,0.3922601044178009
26890,spaq,spaq/06693,/home/sergey/iqa-data/spaq/SPAQ/TestImage/06693.jpg,0.351063829787234,0.3340687155723572
26901,spaq,spaq/06704,/home/sergey/iqa-data/spaq/SPAQ/TestImage/06704.jpg,0.5496808510638298,0.4083161950111389
26902,spaq,spaq/06705,/home/sergey/iqa-data/spaq/SPAQ/TestImage/06705.jpg,0.7641489361702127,0.3741396367549896
26908,spaq,spaq/06711,/home/sergey/iqa-data/spaq/SPAQ/TestImage/06711.jpg,0.5851063829787234,0.5047475099563599
26909,spaq,spaq/06712,/home/sergey/iqa-data/spaq/SPAQ/TestImage/06712.jpg,0.3617021276595745,0.4434345066547394
26914,spaq,spaq/06717,/home/sergey/iqa-data/spaq/SPAQ/TestImage/06717.jpg,0.3176595744680851,0.30665796995162964
26921,spaq,spaq/06724,/home/sergey/iqa-data/spaq/SPAQ/TestImage/06724.jpg,0.4273404255319149,0.4413347840309143
26924,spaq,spaq/06727,/home/sergey/iqa-data/spaq/SPAQ/TestImage/06727.jpg,0.7468085106382979,0.2410469502210617
26931,spaq,spaq/06734,/home/sergey/iqa-data/spaq/SPAQ/TestImage/06734.jpg,0.0808510638297872,0.2218831181526184
26934,spaq,spaq/06737,/home/sergey/iqa-data/spaq/SPAQ/TestImage/06737.jpg,0.1613829787234042,0.3344663977622986
26936,spaq,spaq/06739,/home/sergey/iqa-data/spaq/SPAQ/TestImage/06739.jpg,0.0106382978723404,0.5113469362258911
26939,spaq,spaq/06742,/home/sergey/iqa-data/spaq/SPAQ/TestImage/06742.jpg,0.748936170212766,0.543583333492279
26948,spaq,spaq/06751,/home/sergey/iqa-data/spaq/SPAQ/TestImage/06751.jpg,0.723404255319149,0.5113604664802551
26949,spaq,spaq/06752,/home/sergey/iqa-data/spaq/SPAQ/TestImage/06752.jpg,0.7,0.4553334414958954
26954,spaq,spaq/06757,/home/sergey/iqa-data/spaq/SPAQ/TestImage/06757.jpg,0.7106382978723403,0.3651666045188904
26957,spaq,spaq/06760,/home/sergey/iqa-data/spaq/SPAQ/TestImage/06760.jpg,0.2801063829787233,0.33550944924354553
26959,spaq,spaq/06762,/home/sergey/iqa-data/spaq/SPAQ/TestImage/06762.jpg,0.672340425531915,0.18190720677375793
26962,spaq,spaq/06765,/home/sergey/iqa-data/spaq/SPAQ/TestImage/06765.jpg,0.723404255319149,0.5145697593688965
26966,spaq,spaq/06769,/home/sergey/iqa-data/spaq/SPAQ/TestImage/06769.jpg,0.1893617021276595,0.3623642921447754
26970,spaq,spaq/06773,/home/sergey/iqa-data/spaq/SPAQ/TestImage/06773.jpg,0.3808510638297872,0.39007604122161865
26972,spaq,spaq/06775,/home/sergey/iqa-data/spaq/SPAQ/TestImage/06775.jpg,0.4179787234042553,0.37088000774383545
26978,spaq,spaq/06781,/home/sergey/iqa-data/spaq/SPAQ/TestImage/06781.jpg,0.2659574468085106,0.30066075921058655
26981,spaq,spaq/06784,/home/sergey/iqa-data/spaq/SPAQ/TestImage/06784.jpg,0.448936170212766,0.42741063237190247
26986,spaq,spaq/06789,/home/sergey/iqa-data/spaq/SPAQ/TestImage/06789.jpg,0.2957446808510638,0.3885895907878876
26988,spaq,spaq/06791,/home/sergey/iqa-data/spaq/SPAQ/TestImage/06791.jpg,0.8138297872340425,0.38527587056159973
26992,spaq,spaq/06795,/home/sergey/iqa-data/spaq/SPAQ/TestImage/06795.jpg,0.6595744680851063,0.3936499059200287
26999,spaq,spaq/06802,/home/sergey/iqa-data/spaq/SPAQ/TestImage/06802.jpg,0.7712765957446809,0.338838130235672
27006,spaq,spaq/06809,/home/sergey/iqa-data/spaq/SPAQ/TestImage/06809.jpg,0.2925531914893617,0.4389972388744354
27007,spaq,spaq/06810,/home/sergey/iqa-data/spaq/SPAQ/TestImage/06810.jpg,0.2287234042553191,0.3815067410469055
27020,spaq,spaq/06823,/home/sergey/iqa-data/spaq/SPAQ/TestImage/06823.jpg,0.2801063829787233,0.41453444957733154
27023,spaq,spaq/06826,/home/sergey/iqa-data/spaq/SPAQ/TestImage/06826.jpg,0.4680851063829787,0.33436158299446106
27024,spaq,spaq/06827,/home/sergey/iqa-data/spaq/SPAQ/TestImage/06827.jpg,0.202127659574468,0.34525710344314575
27038,spaq,spaq/06841,/home/sergey/iqa-data/spaq/SPAQ/TestImage/06841.jpg,0.2659574468085106,0.22490370273590088
27048,spaq,spaq/06851,/home/sergey/iqa-data/spaq/SPAQ/TestImage/06851.jpg,0.5106382978723404,0.2884201407432556
27050,spaq,spaq/06853,/home/sergey/iqa-data/spaq/SPAQ/TestImage/06853.jpg,0.175531914893617,0.3814391493797302
27051,spaq,spaq/06854,/home/sergey/iqa-data/spaq/SPAQ/TestImage/06854.jpg,0.8882978723404256,0.3805752396583557
27057,spaq,spaq/06860,/home/sergey/iqa-data/spaq/SPAQ/TestImage/06860.jpg,0.2872340425531915,0.4002917408943176
27063,spaq,spaq/06866,/home/sergey/iqa-data/spaq/SPAQ/TestImage/06866.jpg,0.6212765957446809,0.33109867572784424
27065,spaq,spaq/06868,/home/sergey/iqa-data/spaq/SPAQ/TestImage/06868.jpg,0.1968085106382978,0.3131691515445709
27070,spaq,spaq/06873,/home/sergey/iqa-data/spaq/SPAQ/TestImage/06873.jpg,0.351063829787234,0.3181922435760498
27071,spaq,spaq/06874,/home/sergey/iqa-data/spaq/SPAQ/TestImage/06874.jpg,0.4095744680851064,0.2930043935775757
27073,spaq,spaq/06876,/home/sergey/iqa-data/spaq/SPAQ/TestImage/06876.jpg,0.4308510638297872,0.5342521667480469
27075,spaq,spaq/06878,/home/sergey/iqa-data/spaq/SPAQ/TestImage/06878.jpg,0.4654255319148936,0.2618033289909363
27084,spaq,spaq/06887,/home/sergey/iqa-data/spaq/SPAQ/TestImage/06887.jpg,0.3111702127659574,0.4351295232772827
27101,spaq,spaq/06904,/home/sergey/iqa-data/spaq/SPAQ/TestImage/06904.jpg,0.3856382978723404,0.3519901931285858
27102,spaq,spaq/06905,/home/sergey/iqa-data/spaq/SPAQ/TestImage/06905.jpg,0.7420212765957447,0.4769144058227539
27103,spaq,spaq/06906,/home/sergey/iqa-data/spaq/SPAQ/TestImage/06906.jpg,0.3457446808510638,0.2552408277988434
27107,spaq,spaq/06910,/home/sergey/iqa-data/spaq/SPAQ/TestImage/06910.jpg,0.4946808510638298,0.27867159247398376
27111,spaq,spaq/06914,/home/sergey/iqa-data/spaq/SPAQ/TestImage/06914.jpg,0.2957446808510638,0.358153373003006
27112,spaq,spaq/06915,/home/sergey/iqa-data/spaq/SPAQ/TestImage/06915.jpg,0.2632978723404255,0.4527301788330078
27115,spaq,spaq/06918,/home/sergey/iqa-data/spaq/SPAQ/TestImage/06918.jpg,0.5659574468085107,0.3042720854282379
27120,spaq,spaq/06923,/home/sergey/iqa-data/spaq/SPAQ/TestImage/06923.jpg,0.5877659574468085,0.3589986562728882
27123,spaq,spaq/06926,/home/sergey/iqa-data/spaq/SPAQ/TestImage/06926.jpg,0.5771276595744681,0.38636836409568787
27129,spaq,spaq/06932,/home/sergey/iqa-data/spaq/SPAQ/TestImage/06932.jpg,0.7372340425531915,0.4300197660923004
27132,spaq,spaq/06935,/home/sergey/iqa-data/spaq/SPAQ/TestImage/06935.jpg,0.3288297872340425,0.2769632637500763
27140,spaq,spaq/06943,/home/sergey/iqa-data/spaq/SPAQ/TestImage/06943.jpg,0.0437234042553191,0.2442225068807602
27145,spaq,spaq/06948,/home/sergey/iqa-data/spaq/SPAQ/TestImage/06948.jpg,0.4340425531914893,0.47480493783950806
27153,spaq,spaq/06956,/home/sergey/iqa-data/spaq/SPAQ/TestImage/06956.jpg,0.7563829787234042,0.5101927518844604
27155,spaq,spaq/06958,/home/sergey/iqa-data/spaq/SPAQ/TestImage/06958.jpg,0.4692553191489361,0.24340586364269257
27156,spaq,spaq/06959,/home/sergey/iqa-data/spaq/SPAQ/TestImage/06959.jpg,0.7636170212765958,0.4907369315624237
27168,spaq,spaq/06971,/home/sergey/iqa-data/spaq/SPAQ/TestImage/06971.jpg,0.3053191489361702,0.37654387950897217
27169,spaq,spaq/06972,/home/sergey/iqa-data/spaq/SPAQ/TestImage/06972.jpg,0.4542553191489362,0.4322148561477661
27170,spaq,spaq/06973,/home/sergey/iqa-data/spaq/SPAQ/TestImage/06973.jpg,0.8442553191489361,0.6055957078933716
27182,spaq,spaq/06985,/home/sergey/iqa-data/spaq/SPAQ/TestImage/06985.jpg,0.2606382978723404,0.4616103172302246
27185,spaq,spaq/06988,/home/sergey/iqa-data/spaq/SPAQ/TestImage/06988.jpg,0.623404255319149,0.3126828372478485
27189,spaq,spaq/06992,/home/sergey/iqa-data/spaq/SPAQ/TestImage/06992.jpg,0.7423404255319149,0.4234713613986969
27190,spaq,spaq/06993,/home/sergey/iqa-data/spaq/SPAQ/TestImage/06993.jpg,0.8214893617021276,0.518939733505249
27195,spaq,spaq/06998,/home/sergey/iqa-data/spaq/SPAQ/TestImage/06998.jpg,0.8013829787234042,0.41982635855674744
27208,spaq,spaq/07011,/home/sergey/iqa-data/spaq/SPAQ/TestImage/07011.jpg,0.4521276595744681,0.3482920527458191
27214,spaq,spaq/07017,/home/sergey/iqa-data/spaq/SPAQ/TestImage/07017.jpg,0.351063829787234,0.35358965396881104
27218,spaq,spaq/07021,/home/sergey/iqa-data/spaq/SPAQ/TestImage/07021.jpg,0.7925531914893617,0.44782590866088867
27221,spaq,spaq/07024,/home/sergey/iqa-data/spaq/SPAQ/TestImage/07024.jpg,0.7309574468085106,0.501817524433136
27236,spaq,spaq/07039,/home/sergey/iqa-data/spaq/SPAQ/TestImage/07039.jpg,0.3098936170212766,0.33223986625671387
27237,spaq,spaq/07040,/home/sergey/iqa-data/spaq/SPAQ/TestImage/07040.jpg,0.7553191489361702,0.3749808073043823
27240,spaq,spaq/07043,/home/sergey/iqa-data/spaq/SPAQ/TestImage/07043.jpg,0.2487234042553191,0.25327861309051514
27243,spaq,spaq/07046,/home/sergey/iqa-data/spaq/SPAQ/TestImage/07046.jpg,0.7978723404255319,0.4710138142108917
27247,spaq,spaq/07050,/home/sergey/iqa-data/spaq/SPAQ/TestImage/07050.jpg,0.6063829787234043,0.30953311920166016
27249,spaq,spaq/07052,/home/sergey/iqa-data/spaq/SPAQ/TestImage/07052.jpg,0.7674468085106383,0.33877453207969666
27256,spaq,spaq/07059,/home/sergey/iqa-data/spaq/SPAQ/TestImage/07059.jpg,0.2903191489361702,0.2866913676261902
27258,spaq,spaq/07061,/home/sergey/iqa-data/spaq/SPAQ/TestImage/07061.jpg,0.4774468085106383,0.4161190986633301
27259,spaq,spaq/07062,/home/sergey/iqa-data/spaq/SPAQ/TestImage/07062.jpg,0.0562765957446808,0.27218353748321533
27263,spaq,spaq/07066,/home/sergey/iqa-data/spaq/SPAQ/TestImage/07066.jpg,0.7646808510638298,0.45667895674705505
27272,spaq,spaq/07075,/home/sergey/iqa-data/spaq/SPAQ/TestImage/07075.jpg,0.3776595744680851,0.27953362464904785
27274,spaq,spaq/07077,/home/sergey/iqa-data/spaq/SPAQ/TestImage/07077.jpg,0.3776595744680851,0.38682180643081665
27277,spaq,spaq/07080,/home/sergey/iqa-data/spaq/SPAQ/TestImage/07080.jpg,0.2473404255319149,0.3475823402404785
27278,spaq,spaq/07081,/home/sergey/iqa-data/spaq/SPAQ/TestImage/07081.jpg,0.4936170212765957,0.35300344228744507
27290,spaq,spaq/07093,/home/sergey/iqa-data/spaq/SPAQ/TestImage/07093.jpg,0.5159574468085106,0.27362769842147827
27293,spaq,spaq/07096,/home/sergey/iqa-data/spaq/SPAQ/TestImage/07096.jpg,0.480531914893617,0.4269751310348511
27302,spaq,spaq/07105,/home/sergey/iqa-data/spaq/SPAQ/TestImage/07105.jpg,0.4601063829787234,0.4226503074169159
27306,spaq,spaq/07109,/home/sergey/iqa-data/spaq/SPAQ/TestImage/07109.jpg,0.1595744680851064,0.40523794293403625
27318,spaq,spaq/07121,/home/sergey/iqa-data/spaq/SPAQ/TestImage/07121.jpg,0.3643617021276595,0.5207157135009766
27327,spaq,spaq/07130,/home/sergey/iqa-data/spaq/SPAQ/TestImage/07130.jpg,0.8404255319148937,0.5224934816360474
27333,spaq,spaq/07136,/home/sergey/iqa-data/spaq/SPAQ/TestImage/07136.jpg,0.4893617021276595,0.47380247712135315
27336,spaq,spaq/07139,/home/sergey/iqa-data/spaq/SPAQ/TestImage/07139.jpg,0.5398936170212766,0.30527061223983765
27344,spaq,spaq/07147,/home/sergey/iqa-data/spaq/SPAQ/TestImage/07147.jpg,0.776595744680851,0.3018428683280945
27346,spaq,spaq/07149,/home/sergey/iqa-data/spaq/SPAQ/TestImage/07149.jpg,0.7319148936170212,0.5154446363449097
27364,spaq,spaq/07167,/home/sergey/iqa-data/spaq/SPAQ/TestImage/07167.jpg,0.7978723404255319,0.47041869163513184
27372,spaq,spaq/07175,/home/sergey/iqa-data/spaq/SPAQ/TestImage/07175.jpg,0.7085106382978723,0.35507434606552124
27379,spaq,spaq/07182,/home/sergey/iqa-data/spaq/SPAQ/TestImage/07182.jpg,0.7322340425531915,0.32005900144577026
27383,spaq,spaq/07186,/home/sergey/iqa-data/spaq/SPAQ/TestImage/07186.jpg,0.7052127659574469,0.4298252761363983
27392,spaq,spaq/07195,/home/sergey/iqa-data/spaq/SPAQ/TestImage/07195.jpg,0.4130851063829787,0.38217172026634216
27397,spaq,spaq/07200,/home/sergey/iqa-data/spaq/SPAQ/TestImage/07200.jpg,0.4113829787234043,0.4643111824989319
27398,spaq,spaq/07201,/home/sergey/iqa-data/spaq/SPAQ/TestImage/07201.jpg,0.648936170212766,0.24481160938739777
27400,spaq,spaq/07203,/home/sergey/iqa-data/spaq/SPAQ/TestImage/07203.jpg,0.8212765957446809,0.5170171856880188
27401,spaq,spaq/07204,/home/sergey/iqa-data/spaq/SPAQ/TestImage/07204.jpg,0.7893617021276597,0.3483399748802185
27403,spaq,spaq/07206,/home/sergey/iqa-data/spaq/SPAQ/TestImage/07206.jpg,0.7574468085106383,0.3877123296260834
27405,spaq,spaq/07208,/home/sergey/iqa-data/spaq/SPAQ/TestImage/07208.jpg,0.3872340425531915,0.48534679412841797
27412,spaq,spaq/07215,/home/sergey/iqa-data/spaq/SPAQ/TestImage/07215.jpg,0.952127659574468,0.4762435257434845
27425,spaq,spaq/07228,/home/sergey/iqa-data/spaq/SPAQ/TestImage/07228.jpg,0.8776595744680851,0.602598249912262
27428,spaq,spaq/07231,/home/sergey/iqa-data/spaq/SPAQ/TestImage/07231.jpg,0.6861702127659575,0.2556941509246826
27432,spaq,spaq/07235,/home/sergey/iqa-data/spaq/SPAQ/TestImage/07235.jpg,0.6276595744680851,0.40754255652427673
27446,spaq,spaq/07249,/home/sergey/iqa-data/spaq/SPAQ/TestImage/07249.jpg,0.4077659574468085,0.3107357919216156
27454,spaq,spaq/07257,/home/sergey/iqa-data/spaq/SPAQ/TestImage/07257.jpg,0.7659574468085106,0.44167929887771606
27460,spaq,spaq/07263,/home/sergey/iqa-data/spaq/SPAQ/TestImage/07263.jpg,0.3989361702127659,0.2508060038089752
27463,spaq,spaq/07266,/home/sergey/iqa-data/spaq/SPAQ/TestImage/07266.jpg,0.8563829787234043,0.41687852144241333
27467,spaq,spaq/07270,/home/sergey/iqa-data/spaq/SPAQ/TestImage/07270.jpg,0.8563829787234043,0.40000998973846436
27476,spaq,spaq/07279,/home/sergey/iqa-data/spaq/SPAQ/TestImage/07279.jpg,0.8829787234042553,0.470130056142807
27484,spaq,spaq/07287,/home/sergey/iqa-data/spaq/SPAQ/TestImage/07287.jpg,0.4432978723404255,0.2554084360599518
27497,spaq,spaq/07300,/home/sergey/iqa-data/spaq/SPAQ/TestImage/07300.jpg,0.723404255319149,0.29174813628196716
27507,spaq,spaq/07310,/home/sergey/iqa-data/spaq/SPAQ/TestImage/07310.jpg,0.9077659574468084,0.4546699821949005
27509,spaq,spaq/07312,/home/sergey/iqa-data/spaq/SPAQ/TestImage/07312.jpg,0.2553191489361702,0.4387163519859314
27516,spaq,spaq/07319,/home/sergey/iqa-data/spaq/SPAQ/TestImage/07319.jpg,0.6667021276595745,0.4603171646595001
27517,spaq,spaq/07320,/home/sergey/iqa-data/spaq/SPAQ/TestImage/07320.jpg,0.6382978723404256,0.4134540855884552
27520,spaq,spaq/07323,/home/sergey/iqa-data/spaq/SPAQ/TestImage/07323.jpg,0.879468085106383,0.3388565182685852
27533,spaq,spaq/07336,/home/sergey/iqa-data/spaq/SPAQ/TestImage/07336.jpg,0.8297872340425532,0.4086029529571533
27535,spaq,spaq/07338,/home/sergey/iqa-data/spaq/SPAQ/TestImage/07338.jpg,0.0,0.3231293261051178
27540,spaq,spaq/07343,/home/sergey/iqa-data/spaq/SPAQ/TestImage/07343.jpg,0.3439361702127659,0.46789321303367615
27542,spaq,spaq/07345,/home/sergey/iqa-data/spaq/SPAQ/TestImage/07345.jpg,0.5922340425531915,0.32001829147338867
27543,spaq,spaq/07346,/home/sergey/iqa-data/spaq/SPAQ/TestImage/07346.jpg,0.6630851063829787,0.5569071173667908
27544,spaq,spaq/07347,/home/sergey/iqa-data/spaq/SPAQ/TestImage/07347.jpg,0.9396808510638298,0.43841445446014404
27545,spaq,spaq/07348,/home/sergey/iqa-data/spaq/SPAQ/TestImage/07348.jpg,0.8617021276595744,0.5011810064315796
27547,spaq,spaq/07350,/home/sergey/iqa-data/spaq/SPAQ/TestImage/07350.jpg,0.5531914893617021,0.3772125542163849
27549,spaq,spaq/07352,/home/sergey/iqa-data/spaq/SPAQ/TestImage/07352.jpg,0.1361702127659574,0.4591439366340637
27552,spaq,spaq/07355,/home/sergey/iqa-data/spaq/SPAQ/TestImage/07355.jpg,0.0726595744680851,0.3676036298274994
27559,spaq,spaq/07362,/home/sergey/iqa-data/spaq/SPAQ/TestImage/07362.jpg,0.519468085106383,0.2822604775428772
27568,spaq,spaq/07371,/home/sergey/iqa-data/spaq/SPAQ/TestImage/07371.jpg,0.2,0.31384170055389404
27573,spaq,spaq/07376,/home/sergey/iqa-data/spaq/SPAQ/TestImage/07376.jpg,0.1297872340425531,0.39902931451797485
27578,spaq,spaq/07381,/home/sergey/iqa-data/spaq/SPAQ/TestImage/07381.jpg,0.1829787234042553,0.45667675137519836
27579,spaq,spaq/07382,/home/sergey/iqa-data/spaq/SPAQ/TestImage/07382.jpg,0.2148936170212766,0.3163507282733917
27584,spaq,spaq/07387,/home/sergey/iqa-data/spaq/SPAQ/TestImage/07387.jpg,0.1404255319148936,0.5196995139122009
27591,spaq,spaq/07394,/home/sergey/iqa-data/spaq/SPAQ/TestImage/07394.jpg,0.2361702127659574,0.5803714990615845
27594,spaq,spaq/07397,/home/sergey/iqa-data/spaq/SPAQ/TestImage/07397.jpg,0.1808510638297872,0.3547504246234894
27598,spaq,spaq/07401,/home/sergey/iqa-data/spaq/SPAQ/TestImage/07401.jpg,0.3148936170212766,0.2777104377746582
27606,spaq,spaq/07409,/home/sergey/iqa-data/spaq/SPAQ/TestImage/07409.jpg,0.5382978723404256,0.27134788036346436
27609,spaq,spaq/07412,/home/sergey/iqa-data/spaq/SPAQ/TestImage/07412.jpg,0.0691489361702127,0.3248116374015808
27610,spaq,spaq/07413,/home/sergey/iqa-data/spaq/SPAQ/TestImage/07413.jpg,0.3978723404255319,0.3994452953338623
27618,spaq,spaq/07421,/home/sergey/iqa-data/spaq/SPAQ/TestImage/07421.jpg,0.3692553191489361,0.4179188013076782
27621,spaq,spaq/07424,/home/sergey/iqa-data/spaq/SPAQ/TestImage/07424.jpg,0.5808510638297872,0.44036492705345154
27624,spaq,spaq/07427,/home/sergey/iqa-data/spaq/SPAQ/TestImage/07427.jpg,0.0957446808510638,0.2860662341117859
27637,spaq,spaq/07440,/home/sergey/iqa-data/spaq/SPAQ/TestImage/07440.jpg,0.3191489361702128,0.3251490592956543
27642,spaq,spaq/07445,/home/sergey/iqa-data/spaq/SPAQ/TestImage/07445.jpg,0.7044680851063829,0.5376666784286499
27647,spaq,spaq/07450,/home/sergey/iqa-data/spaq/SPAQ/TestImage/07450.jpg,0.6356382978723404,0.4517596662044525
27650,spaq,spaq/07453,/home/sergey/iqa-data/spaq/SPAQ/TestImage/07453.jpg,0.8024468085106383,0.53537917137146
27658,spaq,spaq/07461,/home/sergey/iqa-data/spaq/SPAQ/TestImage/07461.jpg,0.851063829787234,0.5486566424369812
27665,spaq,spaq/07468,/home/sergey/iqa-data/spaq/SPAQ/TestImage/07468.jpg,0.4109574468085106,0.3251643180847168
27667,spaq,spaq/07470,/home/sergey/iqa-data/spaq/SPAQ/TestImage/07470.jpg,0.4162765957446809,0.4055032730102539
27668,spaq,spaq/07471,/home/sergey/iqa-data/spaq/SPAQ/TestImage/07471.jpg,0.3962765957446808,0.23426157236099243
27670,spaq,spaq/07473,/home/sergey/iqa-data/spaq/SPAQ/TestImage/07473.jpg,0.8617021276595744,0.5063517093658447
27671,spaq,spaq/07474,/home/sergey/iqa-data/spaq/SPAQ/TestImage/07474.jpg,0.7327659574468085,0.5208975672721863
27674,spaq,spaq/07477,/home/sergey/iqa-data/spaq/SPAQ/TestImage/07477.jpg,0.8072340425531914,0.5136621594429016
27676,spaq,spaq/07479,/home/sergey/iqa-data/spaq/SPAQ/TestImage/07479.jpg,0.2224468085106383,0.446767121553421
27677,spaq,spaq/07480,/home/sergey/iqa-data/spaq/SPAQ/TestImage/07480.jpg,0.4375531914893617,0.38265466690063477
27680,spaq,spaq/07483,/home/sergey/iqa-data/spaq/SPAQ/TestImage/07483.jpg,0.5011702127659574,0.466223806142807
27698,spaq,spaq/07501,/home/sergey/iqa-data/spaq/SPAQ/TestImage/07501.jpg,0.7811702127659576,0.48245036602020264
27701,spaq,spaq/07504,/home/sergey/iqa-data/spaq/SPAQ/TestImage/07504.jpg,0.6720212765957447,0.3125161826610565
27703,spaq,spaq/07506,/home/sergey/iqa-data/spaq/SPAQ/TestImage/07506.jpg,0.7978723404255319,0.5051999092102051
27712,spaq,spaq/07515,/home/sergey/iqa-data/spaq/SPAQ/TestImage/07515.jpg,0.2765957446808511,0.2817174792289734
27716,spaq,spaq/07519,/home/sergey/iqa-data/spaq/SPAQ/TestImage/07519.jpg,0.5212765957446809,0.2696937620639801
27719,spaq,spaq/07522,/home/sergey/iqa-data/spaq/SPAQ/TestImage/07522.jpg,0.2819148936170212,0.261670857667923
27721,spaq,spaq/07524,/home/sergey/iqa-data/spaq/SPAQ/TestImage/07524.jpg,0.8670212765957447,0.417173832654953
27723,spaq,spaq/07526,/home/sergey/iqa-data/spaq/SPAQ/TestImage/07526.jpg,0.81,0.4417257308959961
27724,spaq,spaq/07527,/home/sergey/iqa-data/spaq/SPAQ/TestImage/07527.jpg,0.397127659574468,0.3871658146381378
27734,spaq,spaq/07537,/home/sergey/iqa-data/spaq/SPAQ/TestImage/07537.jpg,0.8315957446808511,0.438071072101593
27742,spaq,spaq/07545,/home/sergey/iqa-data/spaq/SPAQ/TestImage/07545.jpg,0.3262765957446809,0.44347938895225525
27746,spaq,spaq/07549,/home/sergey/iqa-data/spaq/SPAQ/TestImage/07549.jpg,0.324468085106383,0.39074409008026123
27749,spaq,spaq/07552,/home/sergey/iqa-data/spaq/SPAQ/TestImage/07552.jpg,0.7003191489361702,0.47799524664878845
27755,spaq,spaq/07558,/home/sergey/iqa-data/spaq/SPAQ/TestImage/07558.jpg,0.6829787234042554,0.38207894563674927
27767,spaq,spaq/07570,/home/sergey/iqa-data/spaq/SPAQ/TestImage/07570.jpg,0.3170212765957447,0.47759681940078735
27772,spaq,spaq/07575,/home/sergey/iqa-data/spaq/SPAQ/TestImage/07575.jpg,0.445,0.34320804476737976
27774,spaq,spaq/07577,/home/sergey/iqa-data/spaq/SPAQ/TestImage/07577.jpg,0.3528723404255319,0.30263209342956543
27775,spaq,spaq/07578,/home/sergey/iqa-data/spaq/SPAQ/TestImage/07578.jpg,0.102127659574468,0.5184153318405151
27782,spaq,spaq/07585,/home/sergey/iqa-data/spaq/SPAQ/TestImage/07585.jpg,0.3212765957446808,0.4785785973072052
27787,spaq,spaq/07590,/home/sergey/iqa-data/spaq/SPAQ/TestImage/07590.jpg,0.3652127659574468,0.3793443441390991
27790,spaq,spaq/07593,/home/sergey/iqa-data/spaq/SPAQ/TestImage/07593.jpg,0.4680851063829787,0.35823121666908264
27804,spaq,spaq/07607,/home/sergey/iqa-data/spaq/SPAQ/TestImage/07607.jpg,0.8106382978723404,0.4982641041278839
27805,spaq,spaq/07608,/home/sergey/iqa-data/spaq/SPAQ/TestImage/07608.jpg,0.776595744680851,0.30664998292922974
27826,spaq,spaq/07629,/home/sergey/iqa-data/spaq/SPAQ/TestImage/07629.jpg,0.2957446808510638,0.3223252296447754
27836,spaq,spaq/07639,/home/sergey/iqa-data/spaq/SPAQ/TestImage/07639.jpg,0.4875531914893616,0.48213645815849304
27837,spaq,spaq/07640,/home/sergey/iqa-data/spaq/SPAQ/TestImage/07640.jpg,0.6117021276595744,0.4849008321762085
27849,spaq,spaq/07652,/home/sergey/iqa-data/spaq/SPAQ/TestImage/07652.jpg,0.3981914893617021,0.3588690161705017
27851,spaq,spaq/07654,/home/sergey/iqa-data/spaq/SPAQ/TestImage/07654.jpg,0.1454255319148936,0.48702284693717957
27861,spaq,spaq/07664,/home/sergey/iqa-data/spaq/SPAQ/TestImage/07664.jpg,0.1879787234042553,0.2225031852722168
27870,spaq,spaq/07673,/home/sergey/iqa-data/spaq/SPAQ/TestImage/07673.jpg,0.3404255319148936,0.4448620080947876
27871,spaq,spaq/07674,/home/sergey/iqa-data/spaq/SPAQ/TestImage/07674.jpg,0.4893617021276595,0.3729717433452606
27882,spaq,spaq/07685,/home/sergey/iqa-data/spaq/SPAQ/TestImage/07685.jpg,0.7477659574468086,0.38173454999923706
27883,spaq,spaq/07686,/home/sergey/iqa-data/spaq/SPAQ/TestImage/07686.jpg,0.4396808510638297,0.3006555438041687
27892,spaq,spaq/07695,/home/sergey/iqa-data/spaq/SPAQ/TestImage/07695.jpg,0.2309574468085106,0.3890458047389984
27897,spaq,spaq/07700,/home/sergey/iqa-data/spaq/SPAQ/TestImage/07700.jpg,0.2148936170212766,0.3316029906272888
27899,spaq,spaq/07702,/home/sergey/iqa-data/spaq/SPAQ/TestImage/07702.jpg,0.1361702127659574,0.3959483206272125
27908,spaq,spaq/07711,/home/sergey/iqa-data/spaq/SPAQ/TestImage/07711.jpg,0.0361702127659574,0.27855005860328674
27912,spaq,spaq/07715,/home/sergey/iqa-data/spaq/SPAQ/TestImage/07715.jpg,0.374468085106383,0.4403597414493561
27923,spaq,spaq/07726,/home/sergey/iqa-data/spaq/SPAQ/TestImage/07726.jpg,0.2801063829787233,0.35879722237586975
27937,spaq,spaq/07740,/home/sergey/iqa-data/spaq/SPAQ/TestImage/07740.jpg,0.4148936170212766,0.31715017557144165
27945,spaq,spaq/07748,/home/sergey/iqa-data/spaq/SPAQ/TestImage/07748.jpg,0.4148936170212766,0.47690853476524353
27950,spaq,spaq/07753,/home/sergey/iqa-data/spaq/SPAQ/TestImage/07753.jpg,0.3914893617021276,0.49115222692489624
27953,spaq,spaq/07756,/home/sergey/iqa-data/spaq/SPAQ/TestImage/07756.jpg,0.648936170212766,0.2485409677028656
27954,spaq,spaq/07757,/home/sergey/iqa-data/spaq/SPAQ/TestImage/07757.jpg,0.8173404255319149,0.47342801094055176
27963,spaq,spaq/07766,/home/sergey/iqa-data/spaq/SPAQ/TestImage/07766.jpg,0.7535106382978723,0.3454570174217224
27968,spaq,spaq/07771,/home/sergey/iqa-data/spaq/SPAQ/TestImage/07771.jpg,0.8297872340425532,0.5479634404182434
27981,spaq,spaq/07784,/home/sergey/iqa-data/spaq/SPAQ/TestImage/07784.jpg,0.375,0.35450682044029236
27986,spaq,spaq/07789,/home/sergey/iqa-data/spaq/SPAQ/TestImage/07789.jpg,0.6641489361702129,0.4423453211784363
27988,spaq,spaq/07791,/home/sergey/iqa-data/spaq/SPAQ/TestImage/07791.jpg,0.4498936170212765,0.3291342854499817
27990,spaq,spaq/07793,/home/sergey/iqa-data/spaq/SPAQ/TestImage/07793.jpg,0.2796808510638298,0.2359209507703781
27993,spaq,spaq/07796,/home/sergey/iqa-data/spaq/SPAQ/TestImage/07796.jpg,0.7446808510638298,0.43022045493125916
27995,spaq,spaq/07798,/home/sergey/iqa-data/spaq/SPAQ/TestImage/07798.jpg,0.5035106382978723,0.3382898271083832
28003,spaq,spaq/07806,/home/sergey/iqa-data/spaq/SPAQ/TestImage/07806.jpg,0.526595744680851,0.4399164617061615
28012,spaq,spaq/07815,/home/sergey/iqa-data/spaq/SPAQ/TestImage/07815.jpg,0.2837234042553191,0.4867408871650696
28014,spaq,spaq/07817,/home/sergey/iqa-data/spaq/SPAQ/TestImage/07817.jpg,0.3989361702127659,0.4521426856517792
28023,spaq,spaq/07826,/home/sergey/iqa-data/spaq/SPAQ/TestImage/07826.jpg,0.4088297872340425,0.3739551603794098
28028,spaq,spaq/07831,/home/sergey/iqa-data/spaq/SPAQ/TestImage/07831.jpg,0.7198936170212766,0.39421021938323975
28035,spaq,spaq/07838,/home/sergey/iqa-data/spaq/SPAQ/TestImage/07838.jpg,0.5762765957446808,0.4071945250034332
28046,spaq,spaq/07849,/home/sergey/iqa-data/spaq/SPAQ/TestImage/07849.jpg,0.331595744680851,0.3155982494354248
28050,spaq,spaq/07853,/home/sergey/iqa-data/spaq/SPAQ/TestImage/07853.jpg,0.6902127659574467,0.3146396279335022
28057,spaq,spaq/07860,/home/sergey/iqa-data/spaq/SPAQ/TestImage/07860.jpg,0.3662765957446808,0.30988678336143494
28063,spaq,spaq/07866,/home/sergey/iqa-data/spaq/SPAQ/TestImage/07866.jpg,0.4220212765957447,0.4369802474975586
28066,spaq,spaq/07869,/home/sergey/iqa-data/spaq/SPAQ/TestImage/07869.jpg,0.2207446808510638,0.2832353115081787
28074,spaq,spaq/07877,/home/sergey/iqa-data/spaq/SPAQ/TestImage/07877.jpg,0.2446808510638297,0.4999687969684601
28075,spaq,spaq/07878,/home/sergey/iqa-data/spaq/SPAQ/TestImage/07878.jpg,0.6879787234042554,0.5199527144432068
28076,spaq,spaq/07879,/home/sergey/iqa-data/spaq/SPAQ/TestImage/07879.jpg,0.539468085106383,0.2674759328365326
28077,spaq,spaq/07880,/home/sergey/iqa-data/spaq/SPAQ/TestImage/07880.jpg,0.6048936170212766,0.40165990591049194
28078,spaq,spaq/07881,/home/sergey/iqa-data/spaq/SPAQ/TestImage/07881.jpg,0.3439361702127659,0.43839406967163086
28081,spaq,spaq/07884,/home/sergey/iqa-data/spaq/SPAQ/TestImage/07884.jpg,0.2401063829787234,0.5218397378921509
28084,spaq,spaq/07887,/home/sergey/iqa-data/spaq/SPAQ/TestImage/07887.jpg,0.425531914893617,0.43990761041641235
28093,spaq,spaq/07896,/home/sergey/iqa-data/spaq/SPAQ/TestImage/07896.jpg,0.3811702127659574,0.4315483272075653
28094,spaq,spaq/07897,/home/sergey/iqa-data/spaq/SPAQ/TestImage/07897.jpg,0.2907446808510638,0.34406423568725586
28095,spaq,spaq/07898,/home/sergey/iqa-data/spaq/SPAQ/TestImage/07898.jpg,0.4237234042553191,0.46674299240112305
28101,spaq,spaq/07904,/home/sergey/iqa-data/spaq/SPAQ/TestImage/07904.jpg,0.402127659574468,0.33174028992652893
28103,spaq,spaq/07906,/home/sergey/iqa-data/spaq/SPAQ/TestImage/07906.jpg,0.6680851063829787,0.5050371289253235
28109,spaq,spaq/07912,/home/sergey/iqa-data/spaq/SPAQ/TestImage/07912.jpg,0.2947872340425532,0.43443727493286133
28112,spaq,spaq/07915,/home/sergey/iqa-data/spaq/SPAQ/TestImage/07915.jpg,0.2393617021276596,0.3525387644767761
28113,spaq,spaq/07916,/home/sergey/iqa-data/spaq/SPAQ/TestImage/07916.jpg,0.8343617021276597,0.488211452960968
28127,spaq,spaq/07930,/home/sergey/iqa-data/spaq/SPAQ/TestImage/07930.jpg,0.3723404255319149,0.24917283654212952
28130,spaq,spaq/07933,/home/sergey/iqa-data/spaq/SPAQ/TestImage/07933.jpg,0.8045744680851064,0.46541109681129456
28131,spaq,spaq/07934,/home/sergey/iqa-data/spaq/SPAQ/TestImage/07934.jpg,0.7996808510638298,0.37966814637184143
28140,spaq,spaq/07943,/home/sergey/iqa-data/spaq/SPAQ/TestImage/07943.jpg,0.5106382978723404,0.42244628071784973
28142,spaq,spaq/07945,/home/sergey/iqa-data/spaq/SPAQ/TestImage/07945.jpg,0.3191489361702128,0.2786993086338043
28144,spaq,spaq/07947,/home/sergey/iqa-data/spaq/SPAQ/TestImage/07947.jpg,0.5106382978723404,0.3078363239765167
28145,spaq,spaq/07948,/home/sergey/iqa-data/spaq/SPAQ/TestImage/07948.jpg,0.3324468085106383,0.4322217106819153
28161,spaq,spaq/07964,/home/sergey/iqa-data/spaq/SPAQ/TestImage/07964.jpg,0.3847872340425532,0.3398692011833191
28164,spaq,spaq/07967,/home/sergey/iqa-data/spaq/SPAQ/TestImage/07967.jpg,0.471595744680851,0.35379719734191895
28167,spaq,spaq/07970,/home/sergey/iqa-data/spaq/SPAQ/TestImage/07970.jpg,0.2584042553191489,0.36502960324287415
28168,spaq,spaq/07971,/home/sergey/iqa-data/spaq/SPAQ/TestImage/07971.jpg,0.6170212765957447,0.3047700524330139
28172,spaq,spaq/07975,/home/sergey/iqa-data/spaq/SPAQ/TestImage/07975.jpg,0.568404255319149,0.39693301916122437
28173,spaq,spaq/07976,/home/sergey/iqa-data/spaq/SPAQ/TestImage/07976.jpg,0.6879787234042554,0.34777262806892395
28177,spaq,spaq/07980,/home/sergey/iqa-data/spaq/SPAQ/TestImage/07980.jpg,0.852872340425532,0.4304025173187256
28181,spaq,spaq/07984,/home/sergey/iqa-data/spaq/SPAQ/TestImage/07984.jpg,0.5063829787234043,0.33934566378593445
28185,spaq,spaq/07988,/home/sergey/iqa-data/spaq/SPAQ/TestImage/07988.jpg,0.3468085106382979,0.2596170902252197
28195,spaq,spaq/07998,/home/sergey/iqa-data/spaq/SPAQ/TestImage/07998.jpg,0.7680851063829788,0.36088767647743225
28199,spaq,spaq/08002,/home/sergey/iqa-data/spaq/SPAQ/TestImage/08002.jpg,0.4981914893617021,0.35176438093185425
28210,spaq,spaq/08013,/home/sergey/iqa-data/spaq/SPAQ/TestImage/08013.jpg,0.8191489361702128,0.4867105484008789
28213,spaq,spaq/08016,/home/sergey/iqa-data/spaq/SPAQ/TestImage/08016.jpg,0.2127659574468085,0.37224817276000977
28218,spaq,spaq/08021,/home/sergey/iqa-data/spaq/SPAQ/TestImage/08021.jpg,0.6808510638297872,0.3398483991622925
28219,spaq,spaq/08022,/home/sergey/iqa-data/spaq/SPAQ/TestImage/08022.jpg,0.425531914893617,0.3862231373786926
28241,spaq,spaq/08044,/home/sergey/iqa-data/spaq/SPAQ/TestImage/08044.jpg,0.3957446808510638,0.3282792866230011
28248,spaq,spaq/08051,/home/sergey/iqa-data/spaq/SPAQ/TestImage/08051.jpg,0.3380851063829787,0.43419280648231506
28251,spaq,spaq/08054,/home/sergey/iqa-data/spaq/SPAQ/TestImage/08054.jpg,0.7796808510638299,0.4292425513267517
28252,spaq,spaq/08055,/home/sergey/iqa-data/spaq/SPAQ/TestImage/08055.jpg,0.6003191489361702,0.45059266686439514
28253,spaq,spaq/08056,/home/sergey/iqa-data/spaq/SPAQ/TestImage/08056.jpg,0.4437234042553191,0.2821562886238098
28256,spaq,spaq/08059,/home/sergey/iqa-data/spaq/SPAQ/TestImage/08059.jpg,0.5379787234042553,0.24870747327804565
28261,spaq,spaq/08064,/home/sergey/iqa-data/spaq/SPAQ/TestImage/08064.jpg,0.7380851063829786,0.5079202055931091
28264,spaq,spaq/08067,/home/sergey/iqa-data/spaq/SPAQ/TestImage/08067.jpg,0.4695744680851064,0.49728503823280334
28268,spaq,spaq/08071,/home/sergey/iqa-data/spaq/SPAQ/TestImage/08071.jpg,0.6413829787234042,0.5322744846343994
28274,spaq,spaq/08077,/home/sergey/iqa-data/spaq/SPAQ/TestImage/08077.jpg,0.6474468085106383,0.3299238383769989
28283,spaq,spaq/08086,/home/sergey/iqa-data/spaq/SPAQ/TestImage/08086.jpg,0.6929787234042554,0.2513003945350647
28287,spaq,spaq/08090,/home/sergey/iqa-data/spaq/SPAQ/TestImage/08090.jpg,0.7593617021276595,0.37779051065444946
28308,spaq,spaq/08111,/home/sergey/iqa-data/spaq/SPAQ/TestImage/08111.jpg,0.4122340425531915,0.38694441318511963
28313,spaq,spaq/08116,/home/sergey/iqa-data/spaq/SPAQ/TestImage/08116.jpg,0.3864893617021276,0.4457968473434448
28320,spaq,spaq/08123,/home/sergey/iqa-data/spaq/SPAQ/TestImage/08123.jpg,0.6968085106382979,0.4314280152320862
28322,spaq,spaq/08125,/home/sergey/iqa-data/spaq/SPAQ/TestImage/08125.jpg,0.3176595744680851,0.37573304772377014
28336,spaq,spaq/08139,/home/sergey/iqa-data/spaq/SPAQ/TestImage/08139.jpg,0.8475531914893617,0.3481162488460541
28337,spaq,spaq/08140,/home/sergey/iqa-data/spaq/SPAQ/TestImage/08140.jpg,0.5035106382978723,0.32364141941070557
28338,spaq,spaq/08141,/home/sergey/iqa-data/spaq/SPAQ/TestImage/08141.jpg,0.8954255319148936,0.48591652512550354
28341,spaq,spaq/08144,/home/sergey/iqa-data/spaq/SPAQ/TestImage/08144.jpg,0.4822340425531914,0.327829509973526
28351,spaq,spaq/08154,/home/sergey/iqa-data/spaq/SPAQ/TestImage/08154.jpg,0.6258510638297872,0.34058648347854614
28374,spaq,spaq/08177,/home/sergey/iqa-data/spaq/SPAQ/TestImage/08177.jpg,0.6638297872340426,0.30865103006362915
28380,spaq,spaq/08183,/home/sergey/iqa-data/spaq/SPAQ/TestImage/08183.jpg,0.3901063829787234,0.4695318043231964
28381,spaq,spaq/08184,/home/sergey/iqa-data/spaq/SPAQ/TestImage/08184.jpg,0.2893617021276595,0.3007543087005615
28383,spaq,spaq/08186,/home/sergey/iqa-data/spaq/SPAQ/TestImage/08186.jpg,0.8688297872340426,0.6003995537757874
28387,spaq,spaq/08190,/home/sergey/iqa-data/spaq/SPAQ/TestImage/08190.jpg,0.8319148936170213,0.4469026029109955
28405,spaq,spaq/08208,/home/sergey/iqa-data/spaq/SPAQ/TestImage/08208.jpg,0.3382978723404255,0.37377944588661194
28408,spaq,spaq/08211,/home/sergey/iqa-data/spaq/SPAQ/TestImage/08211.jpg,0.2659574468085106,0.3599550127983093
28409,spaq,spaq/08212,/home/sergey/iqa-data/spaq/SPAQ/TestImage/08212.jpg,0.2898936170212766,0.3651666045188904
28411,spaq,spaq/08214,/home/sergey/iqa-data/spaq/SPAQ/TestImage/08214.jpg,0.4122340425531915,0.21729940176010132
28418,spaq,spaq/08221,/home/sergey/iqa-data/spaq/SPAQ/TestImage/08221.jpg,0.7446808510638298,0.3433701992034912
28423,spaq,spaq/08226,/home/sergey/iqa-data/spaq/SPAQ/TestImage/08226.jpg,0.3954255319148936,0.4511585235595703
28424,spaq,spaq/08227,/home/sergey/iqa-data/spaq/SPAQ/TestImage/08227.jpg,0.2952127659574468,0.4342494308948517
28431,spaq,spaq/08234,/home/sergey/iqa-data/spaq/SPAQ/TestImage/08234.jpg,0.4601063829787234,0.2659286558628082
28443,spaq,spaq/08246,/home/sergey/iqa-data/spaq/SPAQ/TestImage/08246.jpg,0.6861702127659575,0.39796921610832214
28445,spaq,spaq/08248,/home/sergey/iqa-data/spaq/SPAQ/TestImage/08248.jpg,0.3170212765957447,0.28853338956832886
28446,spaq,spaq/08249,/home/sergey/iqa-data/spaq/SPAQ/TestImage/08249.jpg,0.7042553191489362,0.5017192363739014
28447,spaq,spaq/08250,/home/sergey/iqa-data/spaq/SPAQ/TestImage/08250.jpg,0.2632978723404255,0.33835458755493164
28449,spaq,spaq/08252,/home/sergey/iqa-data/spaq/SPAQ/TestImage/08252.jpg,0.4015957446808511,0.27911487221717834
28450,spaq,spaq/08253,/home/sergey/iqa-data/spaq/SPAQ/TestImage/08253.jpg,0.7101063829787234,0.5314421057701111
28454,spaq,spaq/08257,/home/sergey/iqa-data/spaq/SPAQ/TestImage/08257.jpg,0.730531914893617,0.4363028109073639
28464,spaq,spaq/08267,/home/sergey/iqa-data/spaq/SPAQ/TestImage/08267.jpg,0.7777659574468085,0.3400852084159851
28467,spaq,spaq/08270,/home/sergey/iqa-data/spaq/SPAQ/TestImage/08270.jpg,0.7280851063829787,0.3882595896720886
28470,spaq,spaq/08273,/home/sergey/iqa-data/spaq/SPAQ/TestImage/08273.jpg,0.1961702127659574,0.41030657291412354
28472,spaq,spaq/08275,/home/sergey/iqa-data/spaq/SPAQ/TestImage/08275.jpg,0.7648936170212767,0.48204487562179565
28478,spaq,spaq/08281,/home/sergey/iqa-data/spaq/SPAQ/TestImage/08281.jpg,0.698936170212766,0.47245487570762634
28486,spaq,spaq/08289,/home/sergey/iqa-data/spaq/SPAQ/TestImage/08289.jpg,0.2080851063829787,0.3856090009212494
28491,spaq,spaq/08294,/home/sergey/iqa-data/spaq/SPAQ/TestImage/08294.jpg,0.8191489361702128,0.529053807258606
28494,spaq,spaq/08297,/home/sergey/iqa-data/spaq/SPAQ/TestImage/08297.jpg,0.5542553191489362,0.406386137008667
28496,spaq,spaq/08299,/home/sergey/iqa-data/spaq/SPAQ/TestImage/08299.jpg,0.7354255319148936,0.3074222207069397
28499,spaq,spaq/08302,/home/sergey/iqa-data/spaq/SPAQ/TestImage/08302.jpg,0.4019148936170212,0.3642067313194275
28507,spaq,spaq/08310,/home/sergey/iqa-data/spaq/SPAQ/TestImage/08310.jpg,0.2706382978723404,0.42130693793296814
28512,spaq,spaq/08315,/home/sergey/iqa-data/spaq/SPAQ/TestImage/08315.jpg,0.7636170212765958,0.515815258026123
28515,spaq,spaq/08318,/home/sergey/iqa-data/spaq/SPAQ/TestImage/08318.jpg,0.7967021276595745,0.40873339772224426
28523,spaq,spaq/08326,/home/sergey/iqa-data/spaq/SPAQ/TestImage/08326.jpg,0.6737234042553192,0.39869919419288635
28532,spaq,spaq/08335,/home/sergey/iqa-data/spaq/SPAQ/TestImage/08335.jpg,0.351063829787234,0.20731627941131592
28533,spaq,spaq/08336,/home/sergey/iqa-data/spaq/SPAQ/TestImage/08336.jpg,0.3042553191489361,0.25902268290519714
28539,spaq,spaq/08342,/home/sergey/iqa-data/spaq/SPAQ/TestImage/08342.jpg,0.4787234042553192,0.4487697184085846
28548,spaq,spaq/08351,/home/sergey/iqa-data/spaq/SPAQ/TestImage/08351.jpg,0.4946808510638298,0.46283239126205444
28550,spaq,spaq/08353,/home/sergey/iqa-data/spaq/SPAQ/TestImage/08353.jpg,0.6872340425531914,0.29910922050476074
28555,spaq,spaq/08358,/home/sergey/iqa-data/spaq/SPAQ/TestImage/08358.jpg,0.1127659574468085,0.39815670251846313
28559,spaq,spaq/08362,/home/sergey/iqa-data/spaq/SPAQ/TestImage/08362.jpg,0.7702127659574469,0.5186156034469604
28564,spaq,spaq/08367,/home/sergey/iqa-data/spaq/SPAQ/TestImage/08367.jpg,0.4609574468085106,0.3238055109977722
28567,spaq,spaq/08370,/home/sergey/iqa-data/spaq/SPAQ/TestImage/08370.jpg,0.5585106382978723,0.4113767445087433
28568,spaq,spaq/08371,/home/sergey/iqa-data/spaq/SPAQ/TestImage/08371.jpg,0.6680851063829787,0.3951546847820282
28572,spaq,spaq/08375,/home/sergey/iqa-data/spaq/SPAQ/TestImage/08375.jpg,0.4638297872340425,0.35257837176322937
28573,spaq,spaq/08376,/home/sergey/iqa-data/spaq/SPAQ/TestImage/08376.jpg,0.451063829787234,0.36814093589782715
28575,spaq,spaq/08378,/home/sergey/iqa-data/spaq/SPAQ/TestImage/08378.jpg,0.3276595744680851,0.3406209945678711
28576,spaq,spaq/08379,/home/sergey/iqa-data/spaq/SPAQ/TestImage/08379.jpg,0.5297872340425531,0.4660451412200928
28577,spaq,spaq/08380,/home/sergey/iqa-data/spaq/SPAQ/TestImage/08380.jpg,0.6364893617021277,0.2633129954338074
28584,spaq,spaq/08387,/home/sergey/iqa-data/spaq/SPAQ/TestImage/08387.jpg,0.7787234042553192,0.31757140159606934
28585,spaq,spaq/08388,/home/sergey/iqa-data/spaq/SPAQ/TestImage/08388.jpg,0.6630851063829787,0.3809165954589844
28605,spaq,spaq/08408,/home/sergey/iqa-data/spaq/SPAQ/TestImage/08408.jpg,0.8670212765957447,0.5332821607589722
28607,spaq,spaq/08410,/home/sergey/iqa-data/spaq/SPAQ/TestImage/08410.jpg,0.3457446808510638,0.3798762559890747
28609,spaq,spaq/08412,/home/sergey/iqa-data/spaq/SPAQ/TestImage/08412.jpg,0.7845744680851063,0.3490080237388611
28611,spaq,spaq/08414,/home/sergey/iqa-data/spaq/SPAQ/TestImage/08414.jpg,0.3085106382978723,0.42916613817214966
28623,spaq,spaq/08426,/home/sergey/iqa-data/spaq/SPAQ/TestImage/08426.jpg,0.602872340425532,0.2737351357936859
28630,spaq,spaq/08433,/home/sergey/iqa-data/spaq/SPAQ/TestImage/08433.jpg,0.3688297872340426,0.5053411722183228
28640,spaq,spaq/08443,/home/sergey/iqa-data/spaq/SPAQ/TestImage/08443.jpg,0.4574468085106383,0.26093751192092896
28641,spaq,spaq/08444,/home/sergey/iqa-data/spaq/SPAQ/TestImage/08444.jpg,0.7978723404255319,0.47562432289123535
28651,spaq,spaq/08454,/home/sergey/iqa-data/spaq/SPAQ/TestImage/08454.jpg,0.7092553191489361,0.37328866124153137
28652,spaq,spaq/08455,/home/sergey/iqa-data/spaq/SPAQ/TestImage/08455.jpg,0.5638297872340425,0.31838464736938477
28654,spaq,spaq/08457,/home/sergey/iqa-data/spaq/SPAQ/TestImage/08457.jpg,0.8545744680851064,0.5531796216964722
28656,spaq,spaq/08459,/home/sergey/iqa-data/spaq/SPAQ/TestImage/08459.jpg,0.3581914893617021,0.515556275844574
28658,spaq,spaq/08461,/home/sergey/iqa-data/spaq/SPAQ/TestImage/08461.jpg,0.7659574468085106,0.42789193987846375
28663,spaq,spaq/08466,/home/sergey/iqa-data/spaq/SPAQ/TestImage/08466.jpg,0.7925531914893617,0.5646011233329773
28677,spaq,spaq/08480,/home/sergey/iqa-data/spaq/SPAQ/TestImage/08480.jpg,0.4978723404255319,0.45091721415519714
28689,spaq,spaq/08492,/home/sergey/iqa-data/spaq/SPAQ/TestImage/08492.jpg,0.471595744680851,0.32586008310317993
28692,spaq,spaq/08495,/home/sergey/iqa-data/spaq/SPAQ/TestImage/08495.jpg,0.7939361702127659,0.5056573748588562
28693,spaq,spaq/08496,/home/sergey/iqa-data/spaq/SPAQ/TestImage/08496.jpg,0.4335106382978723,0.28214478492736816
28694,spaq,spaq/08497,/home/sergey/iqa-data/spaq/SPAQ/TestImage/08497.jpg,0.4402127659574468,0.32871997356414795
28707,spaq,spaq/08510,/home/sergey/iqa-data/spaq/SPAQ/TestImage/08510.jpg,0.4752127659574468,0.39198851585388184
28718,spaq,spaq/08521,/home/sergey/iqa-data/spaq/SPAQ/TestImage/08521.jpg,0.3577659574468085,0.4139257073402405
28722,spaq,spaq/08525,/home/sergey/iqa-data/spaq/SPAQ/TestImage/08525.jpg,0.8125531914893617,0.38655585050582886
28723,spaq,spaq/08526,/home/sergey/iqa-data/spaq/SPAQ/TestImage/08526.jpg,0.7327659574468085,0.4209924638271332
28724,spaq,spaq/08527,/home/sergey/iqa-data/spaq/SPAQ/TestImage/08527.jpg,0.6135106382978723,0.4616427421569824
28725,spaq,spaq/08528,/home/sergey/iqa-data/spaq/SPAQ/TestImage/08528.jpg,0.7352127659574468,0.42666223645210266
28739,spaq,spaq/08542,/home/sergey/iqa-data/spaq/SPAQ/TestImage/08542.jpg,0.1356382978723404,0.27286797761917114
28741,spaq,spaq/08544,/home/sergey/iqa-data/spaq/SPAQ/TestImage/08544.jpg,0.3537234042553192,0.3971114158630371
28746,spaq,spaq/08549,/home/sergey/iqa-data/spaq/SPAQ/TestImage/08549.jpg,0.6968085106382979,0.479297935962677
28752,spaq,spaq/08555,/home/sergey/iqa-data/spaq/SPAQ/TestImage/08555.jpg,0.3127659574468085,0.3430277705192566
28753,spaq,spaq/08556,/home/sergey/iqa-data/spaq/SPAQ/TestImage/08556.jpg,0.6622340425531915,0.6146546006202698
28762,spaq,spaq/08565,/home/sergey/iqa-data/spaq/SPAQ/TestImage/08565.jpg,0.6021276595744681,0.34271711111068726
28770,spaq,spaq/08573,/home/sergey/iqa-data/spaq/SPAQ/TestImage/08573.jpg,0.7021276595744681,0.5949832797050476
28778,spaq,spaq/08581,/home/sergey/iqa-data/spaq/SPAQ/TestImage/08581.jpg,0.574468085106383,0.24139639735221863
28780,spaq,spaq/08583,/home/sergey/iqa-data/spaq/SPAQ/TestImage/08583.jpg,0.7579787234042553,0.4673808217048645
28787,spaq,spaq/08590,/home/sergey/iqa-data/spaq/SPAQ/TestImage/08590.jpg,0.2606382978723404,0.333388090133667
28791,spaq,spaq/08594,/home/sergey/iqa-data/spaq/SPAQ/TestImage/08594.jpg,0.3351063829787234,0.375306636095047
28793,spaq,spaq/08596,/home/sergey/iqa-data/spaq/SPAQ/TestImage/08596.jpg,0.75,0.40409886837005615
28796,spaq,spaq/08599,/home/sergey/iqa-data/spaq/SPAQ/TestImage/08599.jpg,0.4964893617021276,0.4355665445327759
28798,spaq,spaq/08601,/home/sergey/iqa-data/spaq/SPAQ/TestImage/08601.jpg,0.251063829787234,0.3146474361419678
28799,spaq,spaq/08602,/home/sergey/iqa-data/spaq/SPAQ/TestImage/08602.jpg,0.9042553191489362,0.5321148633956909
28812,spaq,spaq/08615,/home/sergey/iqa-data/spaq/SPAQ/TestImage/08615.jpg,0.3811702127659574,0.47168639302253723
28815,spaq,spaq/08618,/home/sergey/iqa-data/spaq/SPAQ/TestImage/08618.jpg,0.8262765957446808,0.47529837489128113
28817,spaq,spaq/08620,/home/sergey/iqa-data/spaq/SPAQ/TestImage/08620.jpg,0.202127659574468,0.3335763216018677
28818,spaq,spaq/08621,/home/sergey/iqa-data/spaq/SPAQ/TestImage/08621.jpg,0.897872340425532,0.25607407093048096
28821,spaq,spaq/08624,/home/sergey/iqa-data/spaq/SPAQ/TestImage/08624.jpg,0.8446808510638298,0.3872204124927521
28822,spaq,spaq/08625,/home/sergey/iqa-data/spaq/SPAQ/TestImage/08625.jpg,0.9106382978723404,0.3235982060432434
28827,spaq,spaq/08630,/home/sergey/iqa-data/spaq/SPAQ/TestImage/08630.jpg,0.6829787234042554,0.3057681620121002
28830,spaq,spaq/08633,/home/sergey/iqa-data/spaq/SPAQ/TestImage/08633.jpg,0.4330851063829787,0.30567923188209534
28835,spaq,spaq/08638,/home/sergey/iqa-data/spaq/SPAQ/TestImage/08638.jpg,0.5354255319148936,0.30602729320526123
28838,spaq,spaq/08641,/home/sergey/iqa-data/spaq/SPAQ/TestImage/08641.jpg,0.8723404255319149,0.3107094466686249
28846,spaq,spaq/08649,/home/sergey/iqa-data/spaq/SPAQ/TestImage/08649.jpg,0.7595744680851064,0.37117335200309753
28848,spaq,spaq/08651,/home/sergey/iqa-data/spaq/SPAQ/TestImage/08651.jpg,0.7507446808510637,0.3685232996940613
28854,spaq,spaq/08657,/home/sergey/iqa-data/spaq/SPAQ/TestImage/08657.jpg,0.8723404255319149,0.35981059074401855
28857,spaq,spaq/08660,/home/sergey/iqa-data/spaq/SPAQ/TestImage/08660.jpg,0.9175531914893617,0.4412703812122345
28858,spaq,spaq/08661,/home/sergey/iqa-data/spaq/SPAQ/TestImage/08661.jpg,0.8670212765957447,0.45808857679367065
28863,spaq,spaq/08666,/home/sergey/iqa-data/spaq/SPAQ/TestImage/08666.jpg,0.2340425531914893,0.38660645484924316
28877,spaq,spaq/08680,/home/sergey/iqa-data/spaq/SPAQ/TestImage/08680.jpg,0.4414893617021276,0.40904000401496887
28878,spaq,spaq/08681,/home/sergey/iqa-data/spaq/SPAQ/TestImage/08681.jpg,0.4508510638297872,0.4286244511604309
28886,spaq,spaq/08689,/home/sergey/iqa-data/spaq/SPAQ/TestImage/08689.jpg,0.7434042553191489,0.28216081857681274
28888,spaq,spaq/08691,/home/sergey/iqa-data/spaq/SPAQ/TestImage/08691.jpg,0.7340425531914894,0.48728933930397034
28893,spaq,spaq/08696,/home/sergey/iqa-data/spaq/SPAQ/TestImage/08696.jpg,0.7636170212765958,0.350574254989624
28898,spaq,spaq/08701,/home/sergey/iqa-data/spaq/SPAQ/TestImage/08701.jpg,0.4645744680851064,0.33346521854400635
28919,spaq,spaq/08722,/home/sergey/iqa-data/spaq/SPAQ/TestImage/08722.jpg,0.7009574468085107,0.28752636909484863
28921,spaq,spaq/08724,/home/sergey/iqa-data/spaq/SPAQ/TestImage/08724.jpg,0.3297872340425531,0.369279682636261
28927,spaq,spaq/08730,/home/sergey/iqa-data/spaq/SPAQ/TestImage/08730.jpg,0.6170212765957447,0.34596118330955505
28939,spaq,spaq/08742,/home/sergey/iqa-data/spaq/SPAQ/TestImage/08742.jpg,0.7367021276595744,0.4596855044364929
28943,spaq,spaq/08746,/home/sergey/iqa-data/spaq/SPAQ/TestImage/08746.jpg,0.5091489361702127,0.3547053635120392
28948,spaq,spaq/08751,/home/sergey/iqa-data/spaq/SPAQ/TestImage/08751.jpg,0.2819148936170212,0.30394041538238525
28973,spaq,spaq/08776,/home/sergey/iqa-data/spaq/SPAQ/TestImage/08776.jpg,0.7898936170212766,0.544503390789032
28978,spaq,spaq/08781,/home/sergey/iqa-data/spaq/SPAQ/TestImage/08781.jpg,0.6861702127659575,0.3316385746002197
28981,spaq,spaq/08784,/home/sergey/iqa-data/spaq/SPAQ/TestImage/08784.jpg,0.8218085106382979,0.42258790135383606
28982,spaq,spaq/08785,/home/sergey/iqa-data/spaq/SPAQ/TestImage/08785.jpg,0.2686170212765957,0.2529163956642151
28983,spaq,spaq/08786,/home/sergey/iqa-data/spaq/SPAQ/TestImage/08786.jpg,0.7579787234042553,0.35779500007629395
28984,spaq,spaq/08787,/home/sergey/iqa-data/spaq/SPAQ/TestImage/08787.jpg,0.574468085106383,0.5583069324493408
28987,spaq,spaq/08790,/home/sergey/iqa-data/spaq/SPAQ/TestImage/08790.jpg,0.8617021276595744,0.46605610847473145
28988,spaq,spaq/08791,/home/sergey/iqa-data/spaq/SPAQ/TestImage/08791.jpg,0.3537234042553192,0.40378403663635254
28992,spaq,spaq/08795,/home/sergey/iqa-data/spaq/SPAQ/TestImage/08795.jpg,0.5106382978723404,0.4736800193786621
28993,spaq,spaq/08796,/home/sergey/iqa-data/spaq/SPAQ/TestImage/08796.jpg,0.2531914893617021,0.3760790526866913
28999,spaq,spaq/08802,/home/sergey/iqa-data/spaq/SPAQ/TestImage/08802.jpg,0.874468085106383,0.3367502689361572
29002,spaq,spaq/08805,/home/sergey/iqa-data/spaq/SPAQ/TestImage/08805.jpg,0.3164893617021276,0.36513522267341614
29008,spaq,spaq/08811,/home/sergey/iqa-data/spaq/SPAQ/TestImage/08811.jpg,0.6728723404255319,0.4578409194946289
29010,spaq,spaq/08813,/home/sergey/iqa-data/spaq/SPAQ/TestImage/08813.jpg,0.7686170212765957,0.3002954125404358
29012,spaq,spaq/08815,/home/sergey/iqa-data/spaq/SPAQ/TestImage/08815.jpg,0.2207446808510638,0.24743831157684326
29015,spaq,spaq/08818,/home/sergey/iqa-data/spaq/SPAQ/TestImage/08818.jpg,0.4441489361702128,0.3742387890815735
29019,spaq,spaq/08822,/home/sergey/iqa-data/spaq/SPAQ/TestImage/08822.jpg,0.8818085106382979,0.4316675364971161
29020,spaq,spaq/08823,/home/sergey/iqa-data/spaq/SPAQ/TestImage/08823.jpg,0.6442553191489362,0.46789416670799255
29021,spaq,spaq/08824,/home/sergey/iqa-data/spaq/SPAQ/TestImage/08824.jpg,0.8630851063829786,0.40405476093292236
29025,spaq,spaq/08828,/home/sergey/iqa-data/spaq/SPAQ/TestImage/08828.jpg,0.1648936170212765,0.40866148471832275
29027,spaq,spaq/08830,/home/sergey/iqa-data/spaq/SPAQ/TestImage/08830.jpg,0.3696808510638298,0.3714353144168854
29034,spaq,spaq/08837,/home/sergey/iqa-data/spaq/SPAQ/TestImage/08837.jpg,0.3851063829787234,0.3268128037452698
29038,spaq,spaq/08841,/home/sergey/iqa-data/spaq/SPAQ/TestImage/08841.jpg,0.7114893617021276,0.3017312288284302
29039,spaq,spaq/08842,/home/sergey/iqa-data/spaq/SPAQ/TestImage/08842.jpg,0.7952127659574468,0.36910489201545715
29042,spaq,spaq/08845,/home/sergey/iqa-data/spaq/SPAQ/TestImage/08845.jpg,0.7719148936170213,0.5403186678886414
29047,spaq,spaq/08850,/home/sergey/iqa-data/spaq/SPAQ/TestImage/08850.jpg,0.8525531914893617,0.39280062913894653
29052,spaq,spaq/08855,/home/sergey/iqa-data/spaq/SPAQ/TestImage/08855.jpg,0.6303191489361702,0.4231661856174469
29057,spaq,spaq/08860,/home/sergey/iqa-data/spaq/SPAQ/TestImage/08860.jpg,0.7354255319148936,0.4364251494407654
29061,spaq,spaq/08864,/home/sergey/iqa-data/spaq/SPAQ/TestImage/08864.jpg,0.4692553191489361,0.4590733051300049
29062,spaq,spaq/08865,/home/sergey/iqa-data/spaq/SPAQ/TestImage/08865.jpg,0.2792553191489361,0.3750794529914856
29066,spaq,spaq/08869,/home/sergey/iqa-data/spaq/SPAQ/TestImage/08869.jpg,0.5718085106382979,0.48345381021499634
29067,spaq,spaq/08870,/home/sergey/iqa-data/spaq/SPAQ/TestImage/08870.jpg,0.8818085106382979,0.4704267084598541
29076,spaq,spaq/08879,/home/sergey/iqa-data/spaq/SPAQ/TestImage/08879.jpg,0.5607446808510639,0.34385842084884644
29080,spaq,spaq/08883,/home/sergey/iqa-data/spaq/SPAQ/TestImage/08883.jpg,0.778936170212766,0.40766534209251404
29097,spaq,spaq/08900,/home/sergey/iqa-data/spaq/SPAQ/TestImage/08900.jpg,0.2832978723404255,0.4264248311519623
29102,spaq,spaq/08905,/home/sergey/iqa-data/spaq/SPAQ/TestImage/08905.jpg,0.5698936170212766,0.40192291140556335
29114,spaq,spaq/08917,/home/sergey/iqa-data/spaq/SPAQ/TestImage/08917.jpg,0.5726595744680851,0.31765490770339966
29129,spaq,spaq/08932,/home/sergey/iqa-data/spaq/SPAQ/TestImage/08932.jpg,0.0088297872340425,0.1872842013835907
29135,spaq,spaq/08938,/home/sergey/iqa-data/spaq/SPAQ/TestImage/08938.jpg,0.7109574468085106,0.33104178309440613
29137,spaq,spaq/08940,/home/sergey/iqa-data/spaq/SPAQ/TestImage/08940.jpg,0.1311702127659574,0.2882095277309418
29141,spaq,spaq/08944,/home/sergey/iqa-data/spaq/SPAQ/TestImage/08944.jpg,0.3563829787234042,0.35763561725616455
29148,spaq,spaq/08951,/home/sergey/iqa-data/spaq/SPAQ/TestImage/08951.jpg,0.7109574468085106,0.705944299697876
29149,spaq,spaq/08952,/home/sergey/iqa-data/spaq/SPAQ/TestImage/08952.jpg,0.2287234042553191,0.41347333788871765
29156,spaq,spaq/08959,/home/sergey/iqa-data/spaq/SPAQ/TestImage/08959.jpg,0.3156382978723404,0.28403156995773315
29158,spaq,spaq/08961,/home/sergey/iqa-data/spaq/SPAQ/TestImage/08961.jpg,0.7006382978723404,0.4588870406150818
29167,spaq,spaq/08970,/home/sergey/iqa-data/spaq/SPAQ/TestImage/08970.jpg,0.8206382978723404,0.39075618982315063
29170,spaq,spaq/08973,/home/sergey/iqa-data/spaq/SPAQ/TestImage/08973.jpg,0.8328723404255319,0.41342541575431824
29187,spaq,spaq/08990,/home/sergey/iqa-data/spaq/SPAQ/TestImage/08990.jpg,0.8324468085106383,0.453991174697876
29195,spaq,spaq/08998,/home/sergey/iqa-data/spaq/SPAQ/TestImage/08998.jpg,0.4851063829787234,0.3084186315536499
29198,spaq,spaq/09001,/home/sergey/iqa-data/spaq/SPAQ/TestImage/09001.jpg,0.5562765957446808,0.31263720989227295
29201,spaq,spaq/09004,/home/sergey/iqa-data/spaq/SPAQ/TestImage/09004.jpg,0.8492553191489361,0.4922422766685486
29202,spaq,spaq/09005,/home/sergey/iqa-data/spaq/SPAQ/TestImage/09005.jpg,0.6843617021276596,0.26899832487106323
29208,spaq,spaq/09011,/home/sergey/iqa-data/spaq/SPAQ/TestImage/09011.jpg,0.7180851063829787,0.5742497444152832
29224,spaq,spaq/09027,/home/sergey/iqa-data/spaq/SPAQ/TestImage/09027.jpg,0.6152127659574468,0.38488537073135376
29227,spaq,spaq/09030,/home/sergey/iqa-data/spaq/SPAQ/TestImage/09030.jpg,0.7925531914893617,0.4107739329338074
29237,spaq,spaq/09040,/home/sergey/iqa-data/spaq/SPAQ/TestImage/09040.jpg,0.6808510638297872,0.47062066197395325
29242,spaq,spaq/09045,/home/sergey/iqa-data/spaq/SPAQ/TestImage/09045.jpg,0.0896808510638297,0.22607891261577606
29248,spaq,spaq/09051,/home/sergey/iqa-data/spaq/SPAQ/TestImage/09051.jpg,0.3430851063829787,0.31818100810050964
29258,spaq,spaq/09061,/home/sergey/iqa-data/spaq/SPAQ/TestImage/09061.jpg,0.6258510638297872,0.3629187345504761
29260,spaq,spaq/09063,/home/sergey/iqa-data/spaq/SPAQ/TestImage/09063.jpg,0.7212765957446808,0.40871843695640564
29261,spaq,spaq/09064,/home/sergey/iqa-data/spaq/SPAQ/TestImage/09064.jpg,0.897127659574468,0.5783407688140869
29264,spaq,spaq/09067,/home/sergey/iqa-data/spaq/SPAQ/TestImage/09067.jpg,0.6787234042553191,0.2720401883125305
29288,spaq,spaq/09091,/home/sergey/iqa-data/spaq/SPAQ/TestImage/09091.jpg,0.1489361702127659,0.3817981481552124
29289,spaq,spaq/09092,/home/sergey/iqa-data/spaq/SPAQ/TestImage/09092.jpg,0.6978723404255318,0.3342963755130768
29298,spaq,spaq/09101,/home/sergey/iqa-data/spaq/SPAQ/TestImage/09101.jpg,0.425531914893617,0.3908311724662781
29305,spaq,spaq/09108,/home/sergey/iqa-data/spaq/SPAQ/TestImage/09108.jpg,0.4556382978723404,0.32771414518356323
29318,spaq,spaq/09121,/home/sergey/iqa-data/spaq/SPAQ/TestImage/09121.jpg,0.3758510638297872,0.3299318552017212
29319,spaq,spaq/09122,/home/sergey/iqa-data/spaq/SPAQ/TestImage/09122.jpg,0.3617021276595745,0.32981252670288086
29322,spaq,spaq/09125,/home/sergey/iqa-data/spaq/SPAQ/TestImage/09125.jpg,0.8085106382978723,0.6045318841934204
29332,spaq,spaq/09135,/home/sergey/iqa-data/spaq/SPAQ/TestImage/09135.jpg,0.7574468085106383,0.3120027184486389
29334,spaq,spaq/09137,/home/sergey/iqa-data/spaq/SPAQ/TestImage/09137.jpg,0.4957446808510638,0.3953287899494171
29336,spaq,spaq/09139,/home/sergey/iqa-data/spaq/SPAQ/TestImage/09139.jpg,0.2780851063829787,0.22515450417995453
29340,spaq,spaq/09143,/home/sergey/iqa-data/spaq/SPAQ/TestImage/09143.jpg,0.7787234042553192,0.41092485189437866
29343,spaq,spaq/09146,/home/sergey/iqa-data/spaq/SPAQ/TestImage/09146.jpg,0.648936170212766,0.4283045828342438
29347,spaq,spaq/09150,/home/sergey/iqa-data/spaq/SPAQ/TestImage/09150.jpg,0.8170212765957446,0.2391659915447235
29353,spaq,spaq/09156,/home/sergey/iqa-data/spaq/SPAQ/TestImage/09156.jpg,0.4297872340425532,0.29072773456573486
29354,spaq,spaq/09157,/home/sergey/iqa-data/spaq/SPAQ/TestImage/09157.jpg,0.374468085106383,0.26844334602355957
29359,spaq,spaq/09162,/home/sergey/iqa-data/spaq/SPAQ/TestImage/09162.jpg,0.6329787234042553,0.37798792123794556
29361,spaq,spaq/09164,/home/sergey/iqa-data/spaq/SPAQ/TestImage/09164.jpg,0.6702127659574468,0.4668399691581726
29362,spaq,spaq/09165,/home/sergey/iqa-data/spaq/SPAQ/TestImage/09165.jpg,0.8031914893617021,0.4547368884086609
29365,spaq,spaq/09168,/home/sergey/iqa-data/spaq/SPAQ/TestImage/09168.jpg,0.3382978723404255,0.3886093497276306
29371,spaq,spaq/09174,/home/sergey/iqa-data/spaq/SPAQ/TestImage/09174.jpg,0.7148936170212766,0.4741028845310211
29383,spaq,spaq/09186,/home/sergey/iqa-data/spaq/SPAQ/TestImage/09186.jpg,0.6831914893617022,0.4223247766494751
29384,spaq,spaq/09187,/home/sergey/iqa-data/spaq/SPAQ/TestImage/09187.jpg,0.2943617021276596,0.2907014489173889
29386,spaq,spaq/09189,/home/sergey/iqa-data/spaq/SPAQ/TestImage/09189.jpg,0.4776595744680851,0.38288432359695435
29387,spaq,spaq/09190,/home/sergey/iqa-data/spaq/SPAQ/TestImage/09190.jpg,0.721063829787234,0.4639434516429901
29394,spaq,spaq/09197,/home/sergey/iqa-data/spaq/SPAQ/TestImage/09197.jpg,0.4597872340425532,0.3386162221431732
29401,spaq,spaq/09204,/home/sergey/iqa-data/spaq/SPAQ/TestImage/09204.jpg,0.4815957446808511,0.2733980119228363
29405,spaq,spaq/09208,/home/sergey/iqa-data/spaq/SPAQ/TestImage/09208.jpg,0.3918085106382978,0.3688923716545105
29419,spaq,spaq/09222,/home/sergey/iqa-data/spaq/SPAQ/TestImage/09222.jpg,0.7481914893617021,0.428266316652298
29432,spaq,spaq/09235,/home/sergey/iqa-data/spaq/SPAQ/TestImage/09235.jpg,0.6351063829787235,0.3891436457633972
29437,spaq,spaq/09240,/home/sergey/iqa-data/spaq/SPAQ/TestImage/09240.jpg,0.1157446808510638,0.5679818987846375
29440,spaq,spaq/09243,/home/sergey/iqa-data/spaq/SPAQ/TestImage/09243.jpg,0.3541489361702127,0.46459266543388367
29443,spaq,spaq/09246,/home/sergey/iqa-data/spaq/SPAQ/TestImage/09246.jpg,0.647127659574468,0.39812350273132324
29450,spaq,spaq/09253,/home/sergey/iqa-data/spaq/SPAQ/TestImage/09253.jpg,0.7112765957446808,0.33220890164375305
29451,spaq,spaq/09254,/home/sergey/iqa-data/spaq/SPAQ/TestImage/09254.jpg,0.0194680851063829,0.319442480802536
29453,spaq,spaq/09256,/home/sergey/iqa-data/spaq/SPAQ/TestImage/09256.jpg,0.4065957446808511,0.409457802772522
29454,spaq,spaq/09257,/home/sergey/iqa-data/spaq/SPAQ/TestImage/09257.jpg,0.2854255319148936,0.2548551559448242
29458,spaq,spaq/09261,/home/sergey/iqa-data/spaq/SPAQ/TestImage/09261.jpg,0.4752127659574468,0.3614036440849304
29460,spaq,spaq/09263,/home/sergey/iqa-data/spaq/SPAQ/TestImage/09263.jpg,0.6790425531914893,0.27604296803474426
29463,spaq,spaq/09266,/home/sergey/iqa-data/spaq/SPAQ/TestImage/09266.jpg,0.7269148936170212,0.4153923988342285
29466,spaq,spaq/09269,/home/sergey/iqa-data/spaq/SPAQ/TestImage/09269.jpg,0.5137234042553191,0.35482120513916016
29473,spaq,spaq/09276,/home/sergey/iqa-data/spaq/SPAQ/TestImage/09276.jpg,0.535,0.4084293246269226
29477,spaq,spaq/09280,/home/sergey/iqa-data/spaq/SPAQ/TestImage/09280.jpg,0.1311702127659574,0.2932203412055969
29482,spaq,spaq/09285,/home/sergey/iqa-data/spaq/SPAQ/TestImage/09285.jpg,0.6535106382978724,0.5163618326187134
29486,spaq,spaq/09289,/home/sergey/iqa-data/spaq/SPAQ/TestImage/09289.jpg,0.2162765957446808,0.4459623694419861
29494,spaq,spaq/09297,/home/sergey/iqa-data/spaq/SPAQ/TestImage/09297.jpg,0.1648936170212765,0.44376304745674133
29500,spaq,spaq/09303,/home/sergey/iqa-data/spaq/SPAQ/TestImage/09303.jpg,0.3209574468085107,0.32726728916168213
29505,spaq,spaq/09308,/home/sergey/iqa-data/spaq/SPAQ/TestImage/09308.jpg,0.453936170212766,0.4863972067832947
29514,spaq,spaq/09317,/home/sergey/iqa-data/spaq/SPAQ/TestImage/09317.jpg,0.5074468085106383,0.4013531804084778
29516,spaq,spaq/09319,/home/sergey/iqa-data/spaq/SPAQ/TestImage/09319.jpg,0.3131914893617021,0.29441773891448975
29531,spaq,spaq/09334,/home/sergey/iqa-data/spaq/SPAQ/TestImage/09334.jpg,0.6196808510638298,0.5655183792114258
29535,spaq,spaq/09338,/home/sergey/iqa-data/spaq/SPAQ/TestImage/09338.jpg,0.8218085106382979,0.39783358573913574
29541,spaq,spaq/09344,/home/sergey/iqa-data/spaq/SPAQ/TestImage/09344.jpg,0.3282978723404255,0.3118516206741333
29543,spaq,spaq/09346,/home/sergey/iqa-data/spaq/SPAQ/TestImage/09346.jpg,0.8024468085106383,0.3693259358406067
29549,spaq,spaq/09352,/home/sergey/iqa-data/spaq/SPAQ/TestImage/09352.jpg,0.3631914893617021,0.3723617494106293
29567,spaq,spaq/09370,/home/sergey/iqa-data/spaq/SPAQ/TestImage/09370.jpg,0.4335106382978723,0.33658072352409363
29572,spaq,spaq/09375,/home/sergey/iqa-data/spaq/SPAQ/TestImage/09375.jpg,0.3297872340425531,0.4347517192363739
29575,spaq,spaq/09378,/home/sergey/iqa-data/spaq/SPAQ/TestImage/09378.jpg,0.2993617021276595,0.348175585269928
29579,spaq,spaq/09382,/home/sergey/iqa-data/spaq/SPAQ/TestImage/09382.jpg,0.196063829787234,0.3112131357192993
29580,spaq,spaq/09383,/home/sergey/iqa-data/spaq/SPAQ/TestImage/09383.jpg,0.5975531914893617,0.4833095669746399
29586,spaq,spaq/09389,/home/sergey/iqa-data/spaq/SPAQ/TestImage/09389.jpg,0.331595744680851,0.2839704155921936
29588,spaq,spaq/09391,/home/sergey/iqa-data/spaq/SPAQ/TestImage/09391.jpg,0.796063829787234,0.5373923778533936
29589,spaq,spaq/09392,/home/sergey/iqa-data/spaq/SPAQ/TestImage/09392.jpg,0.3989361702127659,0.4288966953754425
29591,spaq,spaq/09394,/home/sergey/iqa-data/spaq/SPAQ/TestImage/09394.jpg,0.0673404255319149,0.26823362708091736
29592,spaq,spaq/09395,/home/sergey/iqa-data/spaq/SPAQ/TestImage/09395.jpg,0.8067021276595745,0.3630148768424988
29593,spaq,spaq/09396,/home/sergey/iqa-data/spaq/SPAQ/TestImage/09396.jpg,0.675531914893617,0.32339492440223694
29598,spaq,spaq/09401,/home/sergey/iqa-data/spaq/SPAQ/TestImage/09401.jpg,0.8252127659574467,0.5099145174026489
29601,spaq,spaq/09404,/home/sergey/iqa-data/spaq/SPAQ/TestImage/09404.jpg,0.7279787234042554,0.44841358065605164
29606,spaq,spaq/09409,/home/sergey/iqa-data/spaq/SPAQ/TestImage/09409.jpg,0.1762765957446808,0.4668812155723572
29610,spaq,spaq/09413,/home/sergey/iqa-data/spaq/SPAQ/TestImage/09413.jpg,0.8222340425531915,0.5176625847816467
29612,spaq,spaq/09415,/home/sergey/iqa-data/spaq/SPAQ/TestImage/09415.jpg,0.1949999999999999,0.3470991253852844
29613,spaq,spaq/09416,/home/sergey/iqa-data/spaq/SPAQ/TestImage/09416.jpg,0.0939361702127659,0.3401378393173218
29614,spaq,spaq/09417,/home/sergey/iqa-data/spaq/SPAQ/TestImage/09417.jpg,0.0718085106382978,0.36291754245758057
29620,spaq,spaq/09423,/home/sergey/iqa-data/spaq/SPAQ/TestImage/09423.jpg,0.0620212765957446,0.3856843113899231
29636,spaq,spaq/09439,/home/sergey/iqa-data/spaq/SPAQ/TestImage/09439.jpg,0.055,0.3162083625793457
29639,spaq,spaq/09442,/home/sergey/iqa-data/spaq/SPAQ/TestImage/09442.jpg,0.7978723404255319,0.442736953496933
29644,spaq,spaq/09447,/home/sergey/iqa-data/spaq/SPAQ/TestImage/09447.jpg,0.1613829787234042,0.43139344453811646
29645,spaq,spaq/09448,/home/sergey/iqa-data/spaq/SPAQ/TestImage/09448.jpg,0.0851063829787234,0.5515077114105225
29648,spaq,spaq/09451,/home/sergey/iqa-data/spaq/SPAQ/TestImage/09451.jpg,0.7895744680851063,0.47247135639190674
29654,spaq,spaq/09457,/home/sergey/iqa-data/spaq/SPAQ/TestImage/09457.jpg,0.7411702127659575,0.4567459225654602
29667,spaq,spaq/09470,/home/sergey/iqa-data/spaq/SPAQ/TestImage/09470.jpg,0.8627659574468084,0.544262707233429
29669,spaq,spaq/09472,/home/sergey/iqa-data/spaq/SPAQ/TestImage/09472.jpg,0.8309574468085106,0.48462486267089844
29673,spaq,spaq/09476,/home/sergey/iqa-data/spaq/SPAQ/TestImage/09476.jpg,0.7127659574468085,0.3395194113254547
29683,spaq,spaq/09486,/home/sergey/iqa-data/spaq/SPAQ/TestImage/09486.jpg,0.7340425531914894,0.44710206985473633
29690,spaq,spaq/09493,/home/sergey/iqa-data/spaq/SPAQ/TestImage/09493.jpg,0.5191489361702127,0.4773963391780853
29695,spaq,spaq/09498,/home/sergey/iqa-data/spaq/SPAQ/TestImage/09498.jpg,0.776595744680851,0.49981027841567993
29696,spaq,spaq/09499,/home/sergey/iqa-data/spaq/SPAQ/TestImage/09499.jpg,0.4645744680851064,0.3729003071784973
29697,spaq,spaq/09500,/home/sergey/iqa-data/spaq/SPAQ/TestImage/09500.jpg,0.5861702127659575,0.4497998058795929
29701,spaq,spaq/09504,/home/sergey/iqa-data/spaq/SPAQ/TestImage/09504.jpg,0.7588297872340425,0.48481982946395874
29717,spaq,spaq/09520,/home/sergey/iqa-data/spaq/SPAQ/TestImage/09520.jpg,0.2593617021276596,0.3804166316986084
29718,spaq,spaq/09521,/home/sergey/iqa-data/spaq/SPAQ/TestImage/09521.jpg,0.758404255319149,0.3447009325027466
29720,spaq,spaq/09523,/home/sergey/iqa-data/spaq/SPAQ/TestImage/09523.jpg,0.7461702127659574,0.36559468507766724
29721,spaq,spaq/09524,/home/sergey/iqa-data/spaq/SPAQ/TestImage/09524.jpg,0.5372340425531915,0.35666635632514954
29724,spaq,spaq/09527,/home/sergey/iqa-data/spaq/SPAQ/TestImage/09527.jpg,0.2872340425531915,0.446601539850235
29729,spaq,spaq/09532,/home/sergey/iqa-data/spaq/SPAQ/TestImage/09532.jpg,0.4095744680851064,0.3686513900756836
29730,spaq,spaq/09533,/home/sergey/iqa-data/spaq/SPAQ/TestImage/09533.jpg,0.2747872340425532,0.21533595025539398
29731,spaq,spaq/09534,/home/sergey/iqa-data/spaq/SPAQ/TestImage/09534.jpg,0.2446808510638297,0.46216273307800293
29732,spaq,spaq/09535,/home/sergey/iqa-data/spaq/SPAQ/TestImage/09535.jpg,0.2518085106382979,0.479189395904541
29736,spaq,spaq/09539,/home/sergey/iqa-data/spaq/SPAQ/TestImage/09539.jpg,0.6773404255319149,0.4530862271785736
29739,spaq,spaq/09542,/home/sergey/iqa-data/spaq/SPAQ/TestImage/09542.jpg,0.6188297872340426,0.4108714163303375
29746,spaq,spaq/09549,/home/sergey/iqa-data/spaq/SPAQ/TestImage/09549.jpg,0.5035106382978723,0.2541024684906006
29748,spaq,spaq/09551,/home/sergey/iqa-data/spaq/SPAQ/TestImage/09551.jpg,0.5167021276595745,0.3478434085845947
29754,spaq,spaq/09557,/home/sergey/iqa-data/spaq/SPAQ/TestImage/09557.jpg,0.4286170212765957,0.35755598545074463
29759,spaq,spaq/09562,/home/sergey/iqa-data/spaq/SPAQ/TestImage/09562.jpg,0.695,0.374749094247818
29772,spaq,spaq/09575,/home/sergey/iqa-data/spaq/SPAQ/TestImage/09575.jpg,0.3120212765957447,0.4809260368347168
29773,spaq,spaq/09576,/home/sergey/iqa-data/spaq/SPAQ/TestImage/09576.jpg,0.5152127659574468,0.454409122467041
29774,spaq,spaq/09577,/home/sergey/iqa-data/spaq/SPAQ/TestImage/09577.jpg,0.3031914893617021,0.2789074778556824
29791,spaq,spaq/09594,/home/sergey/iqa-data/spaq/SPAQ/TestImage/09594.jpg,0.9224468085106382,0.4875105023384094
29795,spaq,spaq/09598,/home/sergey/iqa-data/spaq/SPAQ/TestImage/09598.jpg,0.0656382978723404,0.2580528259277344
29796,spaq,spaq/09599,/home/sergey/iqa-data/spaq/SPAQ/TestImage/09599.jpg,0.7720212765957446,0.49219051003456116
29798,spaq,spaq/09601,/home/sergey/iqa-data/spaq/SPAQ/TestImage/09601.jpg,0.852872340425532,0.3457163870334625
29799,spaq,spaq/09602,/home/sergey/iqa-data/spaq/SPAQ/TestImage/09602.jpg,0.4787234042553192,0.578489363193512
29806,spaq,spaq/09609,/home/sergey/iqa-data/spaq/SPAQ/TestImage/09609.jpg,0.4077659574468085,0.2897869646549225
29813,spaq,spaq/09616,/home/sergey/iqa-data/spaq/SPAQ/TestImage/09616.jpg,0.2943617021276596,0.34968703985214233
29821,spaq,spaq/09624,/home/sergey/iqa-data/spaq/SPAQ/TestImage/09624.jpg,0.555,0.25148487091064453
29822,spaq,spaq/09625,/home/sergey/iqa-data/spaq/SPAQ/TestImage/09625.jpg,0.4521276595744681,0.33765679597854614
29825,spaq,spaq/09628,/home/sergey/iqa-data/spaq/SPAQ/TestImage/09628.jpg,0.5762765957446808,0.41346287727355957
29845,spaq,spaq/09648,/home/sergey/iqa-data/spaq/SPAQ/TestImage/09648.jpg,0.0779787234042553,0.3059564530849457
29846,spaq,spaq/09649,/home/sergey/iqa-data/spaq/SPAQ/TestImage/09649.jpg,0.2411702127659574,0.3952942490577698
29849,spaq,spaq/09652,/home/sergey/iqa-data/spaq/SPAQ/TestImage/09652.jpg,0.4281914893617021,0.43998411297798157
29853,spaq,spaq/09656,/home/sergey/iqa-data/spaq/SPAQ/TestImage/09656.jpg,0.8617021276595744,0.34746766090393066
29860,spaq,spaq/09663,/home/sergey/iqa-data/spaq/SPAQ/TestImage/09663.jpg,0.9175531914893617,0.49789148569107056
29861,spaq,spaq/09664,/home/sergey/iqa-data/spaq/SPAQ/TestImage/09664.jpg,0.6542553191489362,0.27257227897644043
29864,spaq,spaq/09667,/home/sergey/iqa-data/spaq/SPAQ/TestImage/09667.jpg,0.7723404255319148,0.42554670572280884
29869,spaq,spaq/09672,/home/sergey/iqa-data/spaq/SPAQ/TestImage/09672.jpg,0.7845744680851063,0.4639680087566376
29876,spaq,spaq/09679,/home/sergey/iqa-data/spaq/SPAQ/TestImage/09679.jpg,0.3085106382978723,0.47307243943214417
29878,spaq,spaq/09681,/home/sergey/iqa-data/spaq/SPAQ/TestImage/09681.jpg,0.1622340425531915,0.24600861966609955
29881,spaq,spaq/09684,/home/sergey/iqa-data/spaq/SPAQ/TestImage/09684.jpg,0.6276595744680851,0.40764087438583374
29884,spaq,spaq/09687,/home/sergey/iqa-data/spaq/SPAQ/TestImage/09687.jpg,0.8553191489361702,0.5363506078720093
29885,spaq,spaq/09688,/home/sergey/iqa-data/spaq/SPAQ/TestImage/09688.jpg,0.8058510638297872,0.366685152053833
29890,spaq,spaq/09693,/home/sergey/iqa-data/spaq/SPAQ/TestImage/09693.jpg,0.7276595744680852,0.4058727025985718
29900,spaq,spaq/09703,/home/sergey/iqa-data/spaq/SPAQ/TestImage/09703.jpg,0.7845744680851063,0.4807104468345642
29903,spaq,spaq/09706,/home/sergey/iqa-data/spaq/SPAQ/TestImage/09706.jpg,0.476063829787234,0.3346506953239441
29905,spaq,spaq/09708,/home/sergey/iqa-data/spaq/SPAQ/TestImage/09708.jpg,0.7553191489361702,0.35297515988349915
29907,spaq,spaq/09710,/home/sergey/iqa-data/spaq/SPAQ/TestImage/09710.jpg,0.8617021276595744,0.3710772693157196
29908,spaq,spaq/09711,/home/sergey/iqa-data/spaq/SPAQ/TestImage/09711.jpg,0.5824468085106383,0.5754368305206299
29918,spaq,spaq/09721,/home/sergey/iqa-data/spaq/SPAQ/TestImage/09721.jpg,0.851063829787234,0.47352418303489685
29925,spaq,spaq/09728,/home/sergey/iqa-data/spaq/SPAQ/TestImage/09728.jpg,0.5771276595744681,0.2225201278924942
29936,spaq,spaq/09739,/home/sergey/iqa-data/spaq/SPAQ/TestImage/09739.jpg,0.3238297872340425,0.3701840937137604
29937,spaq,spaq/09740,/home/sergey/iqa-data/spaq/SPAQ/TestImage/09740.jpg,0.4479787234042553,0.3224453330039978
29940,spaq,spaq/09743,/home/sergey/iqa-data/spaq/SPAQ/TestImage/09743.jpg,0.9042553191489362,0.37090587615966797
29942,spaq,spaq/09745,/home/sergey/iqa-data/spaq/SPAQ/TestImage/09745.jpg,0.1690425531914893,0.3448474109172821
29949,spaq,spaq/09752,/home/sergey/iqa-data/spaq/SPAQ/TestImage/09752.jpg,0.591063829787234,0.44099003076553345
29957,spaq,spaq/09760,/home/sergey/iqa-data/spaq/SPAQ/TestImage/09760.jpg,0.8404255319148937,0.462243914604187
29958,spaq,spaq/09761,/home/sergey/iqa-data/spaq/SPAQ/TestImage/09761.jpg,0.6052127659574468,0.5235694050788879
29961,spaq,spaq/09764,/home/sergey/iqa-data/spaq/SPAQ/TestImage/09764.jpg,0.2223404255319148,0.36116594076156616
29962,spaq,spaq/09765,/home/sergey/iqa-data/spaq/SPAQ/TestImage/09765.jpg,0.5067021276595745,0.5886165499687195
29964,spaq,spaq/09767,/home/sergey/iqa-data/spaq/SPAQ/TestImage/09767.jpg,0.2141489361702127,0.3748786449432373
29975,spaq,spaq/09778,/home/sergey/iqa-data/spaq/SPAQ/TestImage/09778.jpg,0.5448936170212766,0.3651643991470337
29983,spaq,spaq/09786,/home/sergey/iqa-data/spaq/SPAQ/TestImage/09786.jpg,0.3588297872340425,0.38104677200317383
29994,spaq,spaq/09797,/home/sergey/iqa-data/spaq/SPAQ/TestImage/09797.jpg,0.5664893617021277,0.28700369596481323
29997,spaq,spaq/09800,/home/sergey/iqa-data/spaq/SPAQ/TestImage/09800.jpg,0.2247872340425531,0.34959957003593445
29998,spaq,spaq/09801,/home/sergey/iqa-data/spaq/SPAQ/TestImage/09801.jpg,0.5060638297872341,0.34269532561302185
30003,spaq,spaq/09806,/home/sergey/iqa-data/spaq/SPAQ/TestImage/09806.jpg,0.8361702127659574,0.5642064213752747
30015,spaq,spaq/09818,/home/sergey/iqa-data/spaq/SPAQ/TestImage/09818.jpg,0.4741489361702127,0.30603349208831787
30016,spaq,spaq/09819,/home/sergey/iqa-data/spaq/SPAQ/TestImage/09819.jpg,0.9301063829787236,0.47411465644836426
30023,spaq,spaq/09826,/home/sergey/iqa-data/spaq/SPAQ/TestImage/09826.jpg,0.3191489361702128,0.2848958373069763
30031,spaq,spaq/09834,/home/sergey/iqa-data/spaq/SPAQ/TestImage/09834.jpg,0.3723404255319149,0.45481911301612854
30044,spaq,spaq/09847,/home/sergey/iqa-data/spaq/SPAQ/TestImage/09847.jpg,0.496063829787234,0.4863572120666504
30060,spaq,spaq/09863,/home/sergey/iqa-data/spaq/SPAQ/TestImage/09863.jpg,0.4322340425531915,0.29288411140441895
30061,spaq,spaq/09864,/home/sergey/iqa-data/spaq/SPAQ/TestImage/09864.jpg,0.7461702127659574,0.3510240912437439
30075,spaq,spaq/09878,/home/sergey/iqa-data/spaq/SPAQ/TestImage/09878.jpg,0.2553191489361702,0.34937503933906555
30076,spaq,spaq/09879,/home/sergey/iqa-data/spaq/SPAQ/TestImage/09879.jpg,0.1957446808510638,0.19923296570777893
30084,spaq,spaq/09887,/home/sergey/iqa-data/spaq/SPAQ/TestImage/09887.jpg,0.5106382978723404,0.23238816857337952
30087,spaq,spaq/09890,/home/sergey/iqa-data/spaq/SPAQ/TestImage/09890.jpg,0.6914893617021277,0.485794335603714
30092,spaq,spaq/09895,/home/sergey/iqa-data/spaq/SPAQ/TestImage/09895.jpg,0.4319148936170213,0.1962236762046814
30094,spaq,spaq/09897,/home/sergey/iqa-data/spaq/SPAQ/TestImage/09897.jpg,0.726063829787234,0.5226406455039978
30095,spaq,spaq/09898,/home/sergey/iqa-data/spaq/SPAQ/TestImage/09898.jpg,0.7393617021276596,0.4940028190612793
30098,spaq,spaq/09901,/home/sergey/iqa-data/spaq/SPAQ/TestImage/09901.jpg,0.3696808510638298,0.4817056357860565
30100,spaq,spaq/09903,/home/sergey/iqa-data/spaq/SPAQ/TestImage/09903.jpg,0.7428723404255319,0.47533929347991943
30103,spaq,spaq/09906,/home/sergey/iqa-data/spaq/SPAQ/TestImage/09906.jpg,0.6037234042553191,0.3744027614593506
30108,spaq,spaq/09911,/home/sergey/iqa-data/spaq/SPAQ/TestImage/09911.jpg,0.3127659574468085,0.4579682946205139
30109,spaq,spaq/09912,/home/sergey/iqa-data/spaq/SPAQ/TestImage/09912.jpg,0.3138297872340425,0.3412393033504486
30110,spaq,spaq/09913,/home/sergey/iqa-data/spaq/SPAQ/TestImage/09913.jpg,0.324468085106383,0.3865598440170288
30120,spaq,spaq/09923,/home/sergey/iqa-data/spaq/SPAQ/TestImage/09923.jpg,0.1106382978723404,0.2816450595855713
30121,spaq,spaq/09924,/home/sergey/iqa-data/spaq/SPAQ/TestImage/09924.jpg,0.5936170212765958,0.30882692337036133
30123,spaq,spaq/09926,/home/sergey/iqa-data/spaq/SPAQ/TestImage/09926.jpg,0.7021276595744681,0.4210437834262848
30127,spaq,spaq/09930,/home/sergey/iqa-data/spaq/SPAQ/TestImage/09930.jpg,0.6143617021276596,0.4893304705619812
30128,spaq,spaq/09931,/home/sergey/iqa-data/spaq/SPAQ/TestImage/09931.jpg,0.5398936170212766,0.31546550989151
30143,spaq,spaq/09946,/home/sergey/iqa-data/spaq/SPAQ/TestImage/09946.jpg,0.1507446808510638,0.3545861840248108
30144,spaq,spaq/09947,/home/sergey/iqa-data/spaq/SPAQ/TestImage/09947.jpg,0.5288297872340426,0.2614824175834656
30147,spaq,spaq/09950,/home/sergey/iqa-data/spaq/SPAQ/TestImage/09950.jpg,0.4928723404255319,0.4505358040332794
30149,spaq,spaq/09952,/home/sergey/iqa-data/spaq/SPAQ/TestImage/09952.jpg,0.3457446808510638,0.3036239445209503
30158,spaq,spaq/09961,/home/sergey/iqa-data/spaq/SPAQ/TestImage/09961.jpg,0.1762765957446808,0.4771111011505127
30159,spaq,spaq/09962,/home/sergey/iqa-data/spaq/SPAQ/TestImage/09962.jpg,0.6720212765957447,0.43002963066101074
30160,spaq,spaq/09963,/home/sergey/iqa-data/spaq/SPAQ/TestImage/09963.jpg,0.2837234042553191,0.549633264541626
30161,spaq,spaq/09964,/home/sergey/iqa-data/spaq/SPAQ/TestImage/09964.jpg,0.7145744680851064,0.5229318737983704
30166,spaq,spaq/09969,/home/sergey/iqa-data/spaq/SPAQ/TestImage/09969.jpg,0.1454255319148936,0.35660794377326965
30169,spaq,spaq/09972,/home/sergey/iqa-data/spaq/SPAQ/TestImage/09972.jpg,0.5035106382978723,0.45816463232040405
30173,spaq,spaq/09976,/home/sergey/iqa-data/spaq/SPAQ/TestImage/09976.jpg,0.6428723404255319,0.4765831530094147
30175,spaq,spaq/09978,/home/sergey/iqa-data/spaq/SPAQ/TestImage/09978.jpg,0.5832978723404255,0.4233315885066986
30180,spaq,spaq/09983,/home/sergey/iqa-data/spaq/SPAQ/TestImage/09983.jpg,0.5869148936170213,0.5289247035980225
30183,spaq,spaq/09986,/home/sergey/iqa-data/spaq/SPAQ/TestImage/09986.jpg,0.7215957446808511,0.48392540216445923
30185,spaq,spaq/09988,/home/sergey/iqa-data/spaq/SPAQ/TestImage/09988.jpg,0.046063829787234,0.22333554923534393
30186,spaq,spaq/09989,/home/sergey/iqa-data/spaq/SPAQ/TestImage/09989.jpg,0.1648936170212765,0.31777438521385193
30191,spaq,spaq/09994,/home/sergey/iqa-data/spaq/SPAQ/TestImage/09994.jpg,0.5177659574468085,0.37693360447883606
30192,spaq,spaq/09995,/home/sergey/iqa-data/spaq/SPAQ/TestImage/09995.jpg,0.6986170212765958,0.4264403283596039
30198,spaq,spaq/10001,/home/sergey/iqa-data/spaq/SPAQ/TestImage/10001.jpg,0.6276595744680851,0.2645014524459839
30199,spaq,spaq/10002,/home/sergey/iqa-data/spaq/SPAQ/TestImage/10002.jpg,0.6298936170212766,0.4991472661495209
30201,spaq,spaq/10004,/home/sergey/iqa-data/spaq/SPAQ/TestImage/10004.jpg,0.3475531914893617,0.4140973389148712
30202,spaq,spaq/10005,/home/sergey/iqa-data/spaq/SPAQ/TestImage/10005.jpg,0.2109574468085106,0.29788345098495483
30205,spaq,spaq/10008,/home/sergey/iqa-data/spaq/SPAQ/TestImage/10008.jpg,0.6352127659574468,0.331584095954895
30212,spaq,spaq/10015,/home/sergey/iqa-data/spaq/SPAQ/TestImage/10015.jpg,0.642340425531915,0.44657716155052185
30214,spaq,spaq/10017,/home/sergey/iqa-data/spaq/SPAQ/TestImage/10017.jpg,0.5060638297872341,0.2531045377254486
30216,spaq,spaq/10019,/home/sergey/iqa-data/spaq/SPAQ/TestImage/10019.jpg,0.2880851063829787,0.3457482159137726
30218,spaq,spaq/10021,/home/sergey/iqa-data/spaq/SPAQ/TestImage/10021.jpg,0.4124468085106383,0.47317007184028625
30221,spaq,spaq/10024,/home/sergey/iqa-data/spaq/SPAQ/TestImage/10024.jpg,0.2491489361702127,0.4088165760040283
30226,spaq,spaq/10029,/home/sergey/iqa-data/spaq/SPAQ/TestImage/10029.jpg,0.8224468085106383,0.370481014251709
30232,spaq,spaq/10035,/home/sergey/iqa-data/spaq/SPAQ/TestImage/10035.jpg,0.9179787234042552,0.3933468163013458
30234,spaq,spaq/10037,/home/sergey/iqa-data/spaq/SPAQ/TestImage/10037.jpg,0.4035106382978723,0.4445144534111023
30237,spaq,spaq/10040,/home/sergey/iqa-data/spaq/SPAQ/TestImage/10040.jpg,0.306063829787234,0.36656156182289124
30250,spaq,spaq/10053,/home/sergey/iqa-data/spaq/SPAQ/TestImage/10053.jpg,0.7172340425531915,0.5359262228012085
30251,spaq,spaq/10054,/home/sergey/iqa-data/spaq/SPAQ/TestImage/10054.jpg,0.601063829787234,0.35648611187934875
30257,spaq,spaq/10060,/home/sergey/iqa-data/spaq/SPAQ/TestImage/10060.jpg,0.3698936170212766,0.4075339734554291
30262,spaq,spaq/10065,/home/sergey/iqa-data/spaq/SPAQ/TestImage/10065.jpg,0.8142553191489362,0.5498952269554138
30263,spaq,spaq/10066,/home/sergey/iqa-data/spaq/SPAQ/TestImage/10066.jpg,0.6480851063829788,0.48589399456977844
30268,spaq,spaq/10071,/home/sergey/iqa-data/spaq/SPAQ/TestImage/10071.jpg,0.2514893617021276,0.4172479212284088
30275,spaq,spaq/10078,/home/sergey/iqa-data/spaq/SPAQ/TestImage/10078.jpg,0.2162765957446808,0.4639120101928711
30281,spaq,spaq/10084,/home/sergey/iqa-data/spaq/SPAQ/TestImage/10084.jpg,0.3551063829787234,0.3181922435760498
30286,spaq,spaq/10089,/home/sergey/iqa-data/spaq/SPAQ/TestImage/10089.jpg,0.4973404255319149,0.5012482404708862
30289,spaq,spaq/10092,/home/sergey/iqa-data/spaq/SPAQ/TestImage/10092.jpg,0.7567021276595745,0.48272883892059326
30292,spaq,spaq/10095,/home/sergey/iqa-data/spaq/SPAQ/TestImage/10095.jpg,0.3817021276595745,0.43857425451278687
30300,spaq,spaq/10103,/home/sergey/iqa-data/spaq/SPAQ/TestImage/10103.jpg,0.1968085106382978,0.27796900272369385
30301,spaq,spaq/10104,/home/sergey/iqa-data/spaq/SPAQ/TestImage/10104.jpg,0.2620212765957446,0.44723764061927795
30304,spaq,spaq/10107,/home/sergey/iqa-data/spaq/SPAQ/TestImage/10107.jpg,0.3989361702127659,0.47154390811920166
30312,spaq,spaq/10115,/home/sergey/iqa-data/spaq/SPAQ/TestImage/10115.jpg,0.4348936170212766,0.5158277153968811
30320,spaq,spaq/10123,/home/sergey/iqa-data/spaq/SPAQ/TestImage/10123.jpg,0.8430851063829787,0.5206401348114014
30325,spaq,spaq/10128,/home/sergey/iqa-data/spaq/SPAQ/TestImage/10128.jpg,0.8098936170212766,0.49775010347366333
30329,spaq,spaq/10132,/home/sergey/iqa-data/spaq/SPAQ/TestImage/10132.jpg,0.2487234042553191,0.47118785977363586
30338,spaq,spaq/10141,/home/sergey/iqa-data/spaq/SPAQ/TestImage/10141.jpg,0.8843617021276595,0.5467348098754883
30345,spaq,spaq/10148,/home/sergey/iqa-data/spaq/SPAQ/TestImage/10148.jpg,0.6848936170212766,0.37777164578437805
30360,spaq,spaq/10163,/home/sergey/iqa-data/spaq/SPAQ/TestImage/10163.jpg,0.7112765957446808,0.5137720108032227
30364,spaq,spaq/10167,/home/sergey/iqa-data/spaq/SPAQ/TestImage/10167.jpg,0.264468085106383,0.2817174792289734
30384,spaq,spaq/10187,/home/sergey/iqa-data/spaq/SPAQ/TestImage/10187.jpg,0.8206382978723404,0.4552893340587616
30387,spaq,spaq/10190,/home/sergey/iqa-data/spaq/SPAQ/TestImage/10190.jpg,0.5562765957446808,0.45553651452064514
30390,spaq,spaq/10193,/home/sergey/iqa-data/spaq/SPAQ/TestImage/10193.jpg,0.6170212765957447,0.34900999069213867
30394,spaq,spaq/10197,/home/sergey/iqa-data/spaq/SPAQ/TestImage/10197.jpg,0.4969148936170213,0.3974449932575226
30400,spaq,spaq/10203,/home/sergey/iqa-data/spaq/SPAQ/TestImage/10203.jpg,0.6322340425531915,0.3442144989967346
30408,spaq,spaq/10211,/home/sergey/iqa-data/spaq/SPAQ/TestImage/10211.jpg,0.6003191489361702,0.4503020644187927
30409,spaq,spaq/10212,/home/sergey/iqa-data/spaq/SPAQ/TestImage/10212.jpg,0.6458510638297873,0.327480673789978
30413,spaq,spaq/10216,/home/sergey/iqa-data/spaq/SPAQ/TestImage/10216.jpg,0.8191489361702128,0.40485966205596924
30426,spaq,spaq/10229,/home/sergey/iqa-data/spaq/SPAQ/TestImage/10229.jpg,0.741595744680851,0.5107553601264954
30427,spaq,spaq/10230,/home/sergey/iqa-data/spaq/SPAQ/TestImage/10230.jpg,0.4893617021276595,0.47141140699386597
30433,spaq,spaq/10236,/home/sergey/iqa-data/spaq/SPAQ/TestImage/10236.jpg,0.3754255319148936,0.2591943144798279
30441,spaq,spaq/10244,/home/sergey/iqa-data/spaq/SPAQ/TestImage/10244.jpg,0.2859574468085106,0.347415953874588
30444,spaq,spaq/10247,/home/sergey/iqa-data/spaq/SPAQ/TestImage/10247.jpg,0.6210638297872341,0.4013531804084778
30451,spaq,spaq/10254,/home/sergey/iqa-data/spaq/SPAQ/TestImage/10254.jpg,0.3763829787234042,0.26203057169914246
30455,spaq,spaq/10258,/home/sergey/iqa-data/spaq/SPAQ/TestImage/10258.jpg,0.6077659574468085,0.4086773693561554
30461,spaq,spaq/10264,/home/sergey/iqa-data/spaq/SPAQ/TestImage/10264.jpg,0.5345744680851063,0.476723849773407
30463,spaq,spaq/10266,/home/sergey/iqa-data/spaq/SPAQ/TestImage/10266.jpg,0.2526595744680851,0.39819246530532837
30466,spaq,spaq/10269,/home/sergey/iqa-data/spaq/SPAQ/TestImage/10269.jpg,0.8058510638297872,0.5915133357048035
30470,spaq,spaq/10273,/home/sergey/iqa-data/spaq/SPAQ/TestImage/10273.jpg,0.820531914893617,0.5360304117202759
30485,spaq,spaq/10288,/home/sergey/iqa-data/spaq/SPAQ/TestImage/10288.jpg,0.2806382978723404,0.23629401624202728
30489,spaq,spaq/10292,/home/sergey/iqa-data/spaq/SPAQ/TestImage/10292.jpg,0.3497872340425532,0.25102341175079346
30493,spaq,spaq/10296,/home/sergey/iqa-data/spaq/SPAQ/TestImage/10296.jpg,0.2720212765957447,0.3931090533733368
30496,spaq,spaq/10299,/home/sergey/iqa-data/spaq/SPAQ/TestImage/10299.jpg,0.3328723404255319,0.38710206747055054
30504,spaq,spaq/10307,/home/sergey/iqa-data/spaq/SPAQ/TestImage/10307.jpg,0.5197872340425532,0.333111047744751
30513,spaq,spaq/10316,/home/sergey/iqa-data/spaq/SPAQ/TestImage/10316.jpg,0.7606382978723404,0.566585898399353
30535,spaq,spaq/10338,/home/sergey/iqa-data/spaq/SPAQ/TestImage/10338.jpg,0.5,0.3303515315055847
30537,spaq,spaq/10340,/home/sergey/iqa-data/spaq/SPAQ/TestImage/10340.jpg,0.4635106382978723,0.4049781858921051
30543,spaq,spaq/10346,/home/sergey/iqa-data/spaq/SPAQ/TestImage/10346.jpg,0.539468085106383,0.31777718663215637
30548,spaq,spaq/10351,/home/sergey/iqa-data/spaq/SPAQ/TestImage/10351.jpg,0.8996808510638297,0.3232843279838562
30553,spaq,spaq/10356,/home/sergey/iqa-data/spaq/SPAQ/TestImage/10356.jpg,0.6717021276595745,0.5010981559753418
30556,spaq,spaq/10359,/home/sergey/iqa-data/spaq/SPAQ/TestImage/10359.jpg,0.7264893617021277,0.4236767888069153
30558,spaq,spaq/10361,/home/sergey/iqa-data/spaq/SPAQ/TestImage/10361.jpg,0.7819148936170213,0.48165351152420044
30569,spaq,spaq/10372,/home/sergey/iqa-data/spaq/SPAQ/TestImage/10372.jpg,0.5603191489361702,0.3320431113243103
30574,spaq,spaq/10377,/home/sergey/iqa-data/spaq/SPAQ/TestImage/10377.jpg,0.7464893617021277,0.5058786869049072
30579,spaq,spaq/10382,/home/sergey/iqa-data/spaq/SPAQ/TestImage/10382.jpg,0.8688297872340426,0.475942462682724
30582,spaq,spaq/10385,/home/sergey/iqa-data/spaq/SPAQ/TestImage/10385.jpg,0.7003191489361702,0.5770895481109619
30587,spaq,spaq/10390,/home/sergey/iqa-data/spaq/SPAQ/TestImage/10390.jpg,0.4202127659574468,0.2757423520088196
30592,spaq,spaq/10395,/home/sergey/iqa-data/spaq/SPAQ/TestImage/10395.jpg,0.278404255319149,0.25265735387802124
30593,spaq,spaq/10396,/home/sergey/iqa-data/spaq/SPAQ/TestImage/10396.jpg,0.6418085106382978,0.482729971408844
30600,spaq,spaq/10403,/home/sergey/iqa-data/spaq/SPAQ/TestImage/10403.jpg,0.7553191489361702,0.3373722434043884
30601,spaq,spaq/10404,/home/sergey/iqa-data/spaq/SPAQ/TestImage/10404.jpg,0.3173404255319149,0.5296146273612976
30608,spaq,spaq/10411,/home/sergey/iqa-data/spaq/SPAQ/TestImage/10411.jpg,0.2162765957446808,0.5074647665023804
30609,spaq,spaq/10412,/home/sergey/iqa-data/spaq/SPAQ/TestImage/10412.jpg,0.7446808510638298,0.5004104971885681
30613,spaq,spaq/10416,/home/sergey/iqa-data/spaq/SPAQ/TestImage/10416.jpg,0.1319148936170212,0.4208301305770874
30616,spaq,spaq/10419,/home/sergey/iqa-data/spaq/SPAQ/TestImage/10419.jpg,0.4220212765957447,0.38663363456726074
30629,spaq,spaq/10432,/home/sergey/iqa-data/spaq/SPAQ/TestImage/10432.jpg,0.3297872340425531,0.4381324052810669
30631,spaq,spaq/10434,/home/sergey/iqa-data/spaq/SPAQ/TestImage/10434.jpg,0.2518085106382979,0.3301324248313904
30632,spaq,spaq/10435,/home/sergey/iqa-data/spaq/SPAQ/TestImage/10435.jpg,0.1212765957446808,0.3458835482597351
30635,spaq,spaq/10438,/home/sergey/iqa-data/spaq/SPAQ/TestImage/10438.jpg,0.4379787234042553,0.39987802505493164
30645,spaq,spaq/10448,/home/sergey/iqa-data/spaq/SPAQ/TestImage/10448.jpg,0.202127659574468,0.373967707157135
30649,spaq,spaq/10452,/home/sergey/iqa-data/spaq/SPAQ/TestImage/10452.jpg,0.2393617021276596,0.20902705192565918
30655,spaq,spaq/10458,/home/sergey/iqa-data/spaq/SPAQ/TestImage/10458.jpg,0.2411702127659574,0.4404759109020233
30661,spaq,spaq/10464,/home/sergey/iqa-data/spaq/SPAQ/TestImage/10464.jpg,0.7996808510638298,0.4485727548599243
30662,spaq,spaq/10465,/home/sergey/iqa-data/spaq/SPAQ/TestImage/10465.jpg,0.2890425531914893,0.5018476247787476
30666,spaq,spaq/10469,/home/sergey/iqa-data/spaq/SPAQ/TestImage/10469.jpg,0.7287234042553191,0.3912052810192108
30669,spaq,spaq/10472,/home/sergey/iqa-data/spaq/SPAQ/TestImage/10472.jpg,0.2518085106382979,0.30101215839385986
30673,spaq,spaq/10476,/home/sergey/iqa-data/spaq/SPAQ/TestImage/10476.jpg,0.2943617021276596,0.5208675265312195
30685,spaq,spaq/10488,/home/sergey/iqa-data/spaq/SPAQ/TestImage/10488.jpg,0.2819148936170212,0.5047605037689209
30690,spaq,spaq/10493,/home/sergey/iqa-data/spaq/SPAQ/TestImage/10493.jpg,0.6914893617021277,0.4829816222190857
30691,spaq,spaq/10494,/home/sergey/iqa-data/spaq/SPAQ/TestImage/10494.jpg,0.5177659574468085,0.4028802216053009
30692,spaq,spaq/10495,/home/sergey/iqa-data/spaq/SPAQ/TestImage/10495.jpg,0.4928723404255319,0.33632439374923706
30703,spaq,spaq/10506,/home/sergey/iqa-data/spaq/SPAQ/TestImage/10506.jpg,0.7446808510638298,0.4216969311237335
30706,spaq,spaq/10509,/home/sergey/iqa-data/spaq/SPAQ/TestImage/10509.jpg,0.3989361702127659,0.2936553657054901
30715,spaq,spaq/10518,/home/sergey/iqa-data/spaq/SPAQ/TestImage/10518.jpg,0.8404255319148937,0.48725467920303345
30724,spaq,spaq/10527,/home/sergey/iqa-data/spaq/SPAQ/TestImage/10527.jpg,0.8103191489361702,0.33069276809692383
30732,spaq,spaq/10535,/home/sergey/iqa-data/spaq/SPAQ/TestImage/10535.jpg,0.3226595744680851,0.4373648166656494
30733,spaq,spaq/10536,/home/sergey/iqa-data/spaq/SPAQ/TestImage/10536.jpg,0.5319148936170213,0.30500346422195435
30740,spaq,spaq/10543,/home/sergey/iqa-data/spaq/SPAQ/TestImage/10543.jpg,0.6098936170212765,0.23590373992919922
30750,spaq,spaq/10553,/home/sergey/iqa-data/spaq/SPAQ/TestImage/10553.jpg,0.2358510638297872,0.5007374286651611
30751,spaq,spaq/10554,/home/sergey/iqa-data/spaq/SPAQ/TestImage/10554.jpg,0.4024468085106383,0.3672994375228882
30759,spaq,spaq/10562,/home/sergey/iqa-data/spaq/SPAQ/TestImage/10562.jpg,0.4163829787234042,0.4848552942276001
30773,spaq,spaq/10576,/home/sergey/iqa-data/spaq/SPAQ/TestImage/10576.jpg,0.1018085106382978,0.407742440700531
30776,spaq,spaq/10579,/home/sergey/iqa-data/spaq/SPAQ/TestImage/10579.jpg,0.5379787234042553,0.39429327845573425
30779,spaq,spaq/10582,/home/sergey/iqa-data/spaq/SPAQ/TestImage/10582.jpg,0.1990425531914893,0.427966445684433
30780,spaq,spaq/10583,/home/sergey/iqa-data/spaq/SPAQ/TestImage/10583.jpg,0.1474468085106383,0.45652276277542114
30781,spaq,spaq/10584,/home/sergey/iqa-data/spaq/SPAQ/TestImage/10584.jpg,0.7659574468085106,0.3901003301143646
30795,spaq,spaq/10598,/home/sergey/iqa-data/spaq/SPAQ/TestImage/10598.jpg,0.1929787234042553,0.46120643615722656
30803,spaq,spaq/10606,/home/sergey/iqa-data/spaq/SPAQ/TestImage/10606.jpg,0.6641489361702129,0.37315040826797485
30804,spaq,spaq/10607,/home/sergey/iqa-data/spaq/SPAQ/TestImage/10607.jpg,0.5,0.4357147216796875
30807,spaq,spaq/10610,/home/sergey/iqa-data/spaq/SPAQ/TestImage/10610.jpg,0.2690425531914893,0.34079980850219727
30810,spaq,spaq/10613,/home/sergey/iqa-data/spaq/SPAQ/TestImage/10613.jpg,0.1747872340425532,0.3159774839878082
30813,spaq,spaq/10616,/home/sergey/iqa-data/spaq/SPAQ/TestImage/10616.jpg,0.4224468085106383,0.4245114028453827
30822,spaq,spaq/10625,/home/sergey/iqa-data/spaq/SPAQ/TestImage/10625.jpg,0.0922340425531915,0.424587607383728
30833,spaq,spaq/10636,/home/sergey/iqa-data/spaq/SPAQ/TestImage/10636.jpg,0.6975531914893617,0.4516824781894684
30837,spaq,spaq/10640,/home/sergey/iqa-data/spaq/SPAQ/TestImage/10640.jpg,0.2765957446808511,0.26597076654434204
30838,spaq,spaq/10641,/home/sergey/iqa-data/spaq/SPAQ/TestImage/10641.jpg,0.2067021276595744,0.3900708258152008
30839,spaq,spaq/10642,/home/sergey/iqa-data/spaq/SPAQ/TestImage/10642.jpg,0.7613829787234042,0.31364312767982483
30847,spaq,spaq/10650,/home/sergey/iqa-data/spaq/SPAQ/TestImage/10650.jpg,0.4011702127659574,0.40890681743621826
30848,spaq,spaq/10651,/home/sergey/iqa-data/spaq/SPAQ/TestImage/10651.jpg,0.857127659574468,0.44377392530441284
30850,spaq,spaq/10653,/home/sergey/iqa-data/spaq/SPAQ/TestImage/10653.jpg,0.6185106382978723,0.3852938115596771
30853,spaq,spaq/10656,/home/sergey/iqa-data/spaq/SPAQ/TestImage/10656.jpg,0.5865957446808511,0.3291758596897125
30856,spaq,spaq/10659,/home/sergey/iqa-data/spaq/SPAQ/TestImage/10659.jpg,0.6382978723404256,0.3072376847267151
30861,spaq,spaq/10664,/home/sergey/iqa-data/spaq/SPAQ/TestImage/10664.jpg,0.3085106382978723,0.4352020025253296
30865,spaq,spaq/10668,/home/sergey/iqa-data/spaq/SPAQ/TestImage/10668.jpg,0.2857446808510638,0.566109299659729
30867,spaq,spaq/10670,/home/sergey/iqa-data/spaq/SPAQ/TestImage/10670.jpg,0.7903191489361703,0.3748709559440613
30878,spaq,spaq/10681,/home/sergey/iqa-data/spaq/SPAQ/TestImage/10681.jpg,0.3479787234042553,0.540939450263977
30907,spaq,spaq/10710,/home/sergey/iqa-data/spaq/SPAQ/TestImage/10710.jpg,0.6975531914893617,0.2118721902370453
30910,spaq,spaq/10713,/home/sergey/iqa-data/spaq/SPAQ/TestImage/10713.jpg,0.8525531914893617,0.5905493497848511
30922,spaq,spaq/10725,/home/sergey/iqa-data/spaq/SPAQ/TestImage/10725.jpg,0.2887234042553191,0.4435633718967438
30929,spaq,spaq/10732,/home/sergey/iqa-data/spaq/SPAQ/TestImage/10732.jpg,0.1777659574468085,0.3656409978866577
30930,spaq,spaq/10733,/home/sergey/iqa-data/spaq/SPAQ/TestImage/10733.jpg,0.3890425531914893,0.2337638884782791
30931,spaq,spaq/10734,/home/sergey/iqa-data/spaq/SPAQ/TestImage/10734.jpg,0.3267021276595744,0.2615226209163666
30934,spaq,spaq/10737,/home/sergey/iqa-data/spaq/SPAQ/TestImage/10737.jpg,0.4528723404255319,0.37404724955558777
30935,spaq,spaq/10738,/home/sergey/iqa-data/spaq/SPAQ/TestImage/10738.jpg,0.6610638297872341,0.3388916850090027
30938,spaq,spaq/10741,/home/sergey/iqa-data/spaq/SPAQ/TestImage/10741.jpg,0.5832978723404255,0.357822448015213
30949,spaq,spaq/10752,/home/sergey/iqa-data/spaq/SPAQ/TestImage/10752.jpg,0.7325531914893617,0.44812920689582825
30956,spaq,spaq/10759,/home/sergey/iqa-data/spaq/SPAQ/TestImage/10759.jpg,0.1117021276595744,0.27826061844825745
30982,spaq,spaq/10785,/home/sergey/iqa-data/spaq/SPAQ/TestImage/10785.jpg,0.6854255319148936,0.4460495114326477
30984,spaq,spaq/10787,/home/sergey/iqa-data/spaq/SPAQ/TestImage/10787.jpg,0.615531914893617,0.45094332098960876
30997,spaq,spaq/10800,/home/sergey/iqa-data/spaq/SPAQ/TestImage/10800.jpg,0.3631914893617021,0.30490994453430176
31009,spaq,spaq/10812,/home/sergey/iqa-data/spaq/SPAQ/TestImage/10812.jpg,0.5452127659574468,0.4689580202102661
31014,spaq,spaq/10817,/home/sergey/iqa-data/spaq/SPAQ/TestImage/10817.jpg,0.2735106382978723,0.36948975920677185
31015,spaq,spaq/10818,/home/sergey/iqa-data/spaq/SPAQ/TestImage/10818.jpg,0.5638297872340425,0.42855536937713623
31027,spaq,spaq/10830,/home/sergey/iqa-data/spaq/SPAQ/TestImage/10830.jpg,0.5939361702127659,0.5960562825202942
31041,spaq,spaq/10844,/home/sergey/iqa-data/spaq/SPAQ/TestImage/10844.jpg,0.3545744680851063,0.24907004833221436
31043,spaq,spaq/10846,/home/sergey/iqa-data/spaq/SPAQ/TestImage/10846.jpg,0.0922340425531915,0.27606719732284546
31045,spaq,spaq/10848,/home/sergey/iqa-data/spaq/SPAQ/TestImage/10848.jpg,0.2287234042553191,0.33212706446647644
31046,spaq,spaq/10849,/home/sergey/iqa-data/spaq/SPAQ/TestImage/10849.jpg,0.3031914893617021,0.3093476891517639
31047,spaq,spaq/10850,/home/sergey/iqa-data/spaq/SPAQ/TestImage/10850.jpg,0.5425531914893617,0.3761001229286194
31051,spaq,spaq/10854,/home/sergey/iqa-data/spaq/SPAQ/TestImage/10854.jpg,0.8297872340425532,0.34902286529541016
31052,spaq,spaq/10855,/home/sergey/iqa-data/spaq/SPAQ/TestImage/10855.jpg,0.3617021276595745,0.35243725776672363
31060,spaq,spaq/10863,/home/sergey/iqa-data/spaq/SPAQ/TestImage/10863.jpg,0.324468085106383,0.38739824295043945
31071,spaq,spaq/10874,/home/sergey/iqa-data/spaq/SPAQ/TestImage/10874.jpg,0.6968085106382979,0.4587801992893219
31093,spaq,spaq/10896,/home/sergey/iqa-data/spaq/SPAQ/TestImage/10896.jpg,0.2613829787234042,0.432556688785553
31095,spaq,spaq/10898,/home/sergey/iqa-data/spaq/SPAQ/TestImage/10898.jpg,0.1945744680851063,0.4466094672679901
31098,spaq,spaq/10901,/home/sergey/iqa-data/spaq/SPAQ/TestImage/10901.jpg,0.2096808510638298,0.30233535170555115
31102,spaq,spaq/10905,/home/sergey/iqa-data/spaq/SPAQ/TestImage/10905.jpg,0.8617021276595744,0.5090984106063843
31114,spaq,spaq/10917,/home/sergey/iqa-data/spaq/SPAQ/TestImage/10917.jpg,0.196063829787234,0.46036168932914734
31126,spaq,spaq/10929,/home/sergey/iqa-data/spaq/SPAQ/TestImage/10929.jpg,0.4240425531914893,0.36861008405685425
31130,spaq,spaq/10933,/home/sergey/iqa-data/spaq/SPAQ/TestImage/10933.jpg,0.1063829787234042,0.3873465359210968
31134,spaq,spaq/10937,/home/sergey/iqa-data/spaq/SPAQ/TestImage/10937.jpg,0.5691489361702128,0.2734854817390442
31137,spaq,spaq/10940,/home/sergey/iqa-data/spaq/SPAQ/TestImage/10940.jpg,0.8130851063829788,0.4731145203113556
31141,spaq,spaq/10944,/home/sergey/iqa-data/spaq/SPAQ/TestImage/10944.jpg,0.2109574468085106,0.35883331298828125
31142,spaq,spaq/10945,/home/sergey/iqa-data/spaq/SPAQ/TestImage/10945.jpg,0.237127659574468,0.30328869819641113
31143,spaq,spaq/10946,/home/sergey/iqa-data/spaq/SPAQ/TestImage/10946.jpg,0.4194680851063829,0.39014777541160583
31149,spaq,spaq/10952,/home/sergey/iqa-data/spaq/SPAQ/TestImage/10952.jpg,0.6520212765957447,0.4147854149341583
31151,spaq,spaq/10954,/home/sergey/iqa-data/spaq/SPAQ/TestImage/10954.jpg,0.2203191489361702,0.41911107301712036
31159,spaq,spaq/10962,/home/sergey/iqa-data/spaq/SPAQ/TestImage/10962.jpg,0.8389361702127659,0.33877453207969666
31162,spaq,spaq/10965,/home/sergey/iqa-data/spaq/SPAQ/TestImage/10965.jpg,0.2507446808510638,0.35901114344596863
31163,spaq,spaq/10966,/home/sergey/iqa-data/spaq/SPAQ/TestImage/10966.jpg,0.7142553191489361,0.5319437980651855
31173,spaq,spaq/10976,/home/sergey/iqa-data/spaq/SPAQ/TestImage/10976.jpg,0.7081914893617021,0.2826716899871826
31182,spaq,spaq/10985,/home/sergey/iqa-data/spaq/SPAQ/TestImage/10985.jpg,0.384468085106383,0.26015597581863403
31192,spaq,spaq/10995,/home/sergey/iqa-data/spaq/SPAQ/TestImage/10995.jpg,0.8602127659574468,0.44217798113822937
31201,spaq,spaq/11004,/home/sergey/iqa-data/spaq/SPAQ/TestImage/11004.jpg,0.3343617021276596,0.3995504081249237
31208,spaq,spaq/11011,/home/sergey/iqa-data/spaq/SPAQ/TestImage/11011.jpg,0.3921276595744681,0.32311466336250305
31214,spaq,spaq/11017,/home/sergey/iqa-data/spaq/SPAQ/TestImage/11017.jpg,0.2963829787234042,0.3387349843978882
31223,spaq,spaq/11026,/home/sergey/iqa-data/spaq/SPAQ/TestImage/11026.jpg,0.7780851063829787,0.5934938788414001
31228,spaq,spaq/11031,/home/sergey/iqa-data/spaq/SPAQ/TestImage/11031.jpg,0.3297872340425531,0.4734475314617157
31229,spaq,spaq/11032,/home/sergey/iqa-data/spaq/SPAQ/TestImage/11032.jpg,0.723404255319149,0.33494046330451965
31237,spaq,spaq/11040,/home/sergey/iqa-data/spaq/SPAQ/TestImage/11040.jpg,0.7411702127659575,0.24931477010250092
31239,spaq,spaq/11042,/home/sergey/iqa-data/spaq/SPAQ/TestImage/11042.jpg,0.1626595744680851,0.35777902603149414
31244,spaq,spaq/11047,/home/sergey/iqa-data/spaq/SPAQ/TestImage/11047.jpg,0.3386170212765957,0.3865598440170288
31247,spaq,spaq/11050,/home/sergey/iqa-data/spaq/SPAQ/TestImage/11050.jpg,0.7624468085106383,0.2928905487060547
31249,spaq,spaq/11052,/home/sergey/iqa-data/spaq/SPAQ/TestImage/11052.jpg,0.3297872340425531,0.3398210108280182
31250,spaq,spaq/11053,/home/sergey/iqa-data/spaq/SPAQ/TestImage/11053.jpg,0.805,0.5347885489463806
31253,spaq,spaq/11056,/home/sergey/iqa-data/spaq/SPAQ/TestImage/11056.jpg,0.2535106382978723,0.2613257169723511
31255,spaq,spaq/11058,/home/sergey/iqa-data/spaq/SPAQ/TestImage/11058.jpg,0.5354255319148936,0.259085476398468
31258,spaq,spaq/11061,/home/sergey/iqa-data/spaq/SPAQ/TestImage/11061.jpg,0.8776595744680851,0.5967385768890381
31259,spaq,spaq/11062,/home/sergey/iqa-data/spaq/SPAQ/TestImage/11062.jpg,0.296063829787234,0.38050681352615356
31261,spaq,spaq/11064,/home/sergey/iqa-data/spaq/SPAQ/TestImage/11064.jpg,0.8936170212765957,0.5464484691619873
31262,spaq,spaq/11065,/home/sergey/iqa-data/spaq/SPAQ/TestImage/11065.jpg,0.7056382978723404,0.3381288945674896
31266,spaq,spaq/11069,/home/sergey/iqa-data/spaq/SPAQ/TestImage/11069.jpg,0.7411702127659575,0.28330400586128235
31267,spaq,spaq/11070,/home/sergey/iqa-data/spaq/SPAQ/TestImage/11070.jpg,0.4617021276595744,0.36428123712539673
31275,spaq,spaq/11078,/home/sergey/iqa-data/spaq/SPAQ/TestImage/11078.jpg,0.3262765957446809,0.2344081550836563
31276,spaq,spaq/11079,/home/sergey/iqa-data/spaq/SPAQ/TestImage/11079.jpg,0.2677659574468085,0.31603652238845825
31286,spaq,spaq/11089,/home/sergey/iqa-data/spaq/SPAQ/TestImage/11089.jpg,0.7003191489361702,0.5471986532211304
31287,spaq,spaq/11090,/home/sergey/iqa-data/spaq/SPAQ/TestImage/11090.jpg,0.6241489361702128,0.4028570055961609
31289,spaq,spaq/11092,/home/sergey/iqa-data/spaq/SPAQ/TestImage/11092.jpg,0.953936170212766,0.41504618525505066
31312,spaq,spaq/11115,/home/sergey/iqa-data/spaq/SPAQ/TestImage/11115.jpg,0.4167021276595745,0.4909026026725769
31316,spaq,spaq/11119,/home/sergey/iqa-data/spaq/SPAQ/TestImage/11119.jpg,0.5680851063829787,0.3276115953922272
31318,spaq,spaq/11121,/home/sergey/iqa-data/spaq/SPAQ/TestImage/11121.jpg,0.278404255319149,0.5433200001716614
