cache_index,dataset,reference,path,scaled_subjective_score,prediction
0,kadid10k,kadid10k/i01,/home/sergey/iqa-data/kadid10k/images/I01_01_01.png,0.9083969465648856,76.20521545410156
1,kadid10k,kadid10k/i01,/home/sergey/iqa-data/kadid10k/images/I01_01_02.png,0.8473282442748092,76.15816497802734
2,kadid10k,kadid10k/i01,/home/sergey/iqa-data/kadid10k/images/I01_01_03.png,0.4249363867684478,56.40216827392578
3,kadid10k,kadid10k/i01,/home/sergey/iqa-data/kadid10k/images/I01_01_04.png,0.1704834605597964,40.30659484863281
4,kadid10k,kadid10k/i01,/home/sergey/iqa-data/kadid10k/images/I01_01_05.png,0.0254452926208651,25.79613494873047
5,kadid10k,kadid10k/i01,/home/sergey/iqa-data/kadid10k/images/I01_02_01.png,0.7201017811704835,73.57833099365234
6,kadid10k,kadid10k/i01,/home/sergey/iqa-data/kadid10k/images/I01_02_02.png,0.3231552162849873,49.05070495605469
7,kadid10k,kadid10k/i01,/home/sergey/iqa-data/kadid10k/images/I01_02_03.png,0.1348600508905852,38.23724365234375
8,kadid10k,kadid10k/i01,/home/sergey/iqa-data/kadid10k/images/I01_02_04.png,0.0585241730279898,32.010318756103516
9,kadid10k,kadid10k/i01,/home/sergey/iqa-data/kadid10k/images/I01_02_05.png,0.0508905852417302,27.214969635009766
10,kadid10k,kadid10k/i01,/home/sergey/iqa-data/kadid10k/images/I01_03_01.png,0.94910941475827,76.20521545410156
11,kadid10k,kadid10k/i01,/home/sergey/iqa-data/kadid10k/images/I01_03_02.png,0.7557251908396948,75.51232147216797
12,kadid10k,kadid10k/i01,/home/sergey/iqa-data/kadid10k/images/I01_03_03.png,0.4325699745547074,60.29740524291992
13,kadid10k,kadid10k/i01,/home/sergey/iqa-data/kadid10k/images/I01_03_04.png,0.2620865139949109,45.757511138916016
14,kadid10k,kadid10k/i01,/home/sergey/iqa-data/kadid10k/images/I01_03_05.png,0.1272264631043257,36.560333251953125
15,kadid10k,kadid10k/i01,/home/sergey/iqa-data/kadid10k/images/I01_04_01.png,0.94910941475827,76.48316192626953
16,kadid10k,kadid10k/i01,/home/sergey/iqa-data/kadid10k/images/I01_04_02.png,0.2977099236641221,74.4018325805664
17,kadid10k,kadid10k/i01,/home/sergey/iqa-data/kadid10k/images/I01_04_03.png,0.094147582697201,72.4477310180664
18,kadid10k,kadid10k/i01,/home/sergey/iqa-data/kadid10k/images/I01_04_04.png,0.1272264631043257,74.10735321044922
19,kadid10k,kadid10k/i01,/home/sergey/iqa-data/kadid10k/images/I01_04_05.png,0.1195928753180661,63.163673400878906
20,kadid10k,kadid10k/i01,/home/sergey/iqa-data/kadid10k/images/I01_05_01.png,0.7633587786259542,77.40734100341797
21,kadid10k,kadid10k/i01,/home/sergey/iqa-data/kadid10k/images/I01_05_02.png,0.3053435114503817,78.11333465576172
22,kadid10k,kadid10k/i01,/home/sergey/iqa-data/kadid10k/images/I01_05_03.png,0.1450381679389313,79.1058120727539
23,kadid10k,kadid10k/i01,/home/sergey/iqa-data/kadid10k/images/I01_05_04.png,0.0839694656488549,79.38506317138672
24,kadid10k,kadid10k/i01,/home/sergey/iqa-data/kadid10k/images/I01_05_05.png,0.1526717557251908,79.51195526123047
25,kadid10k,kadid10k/i01,/home/sergey/iqa-data/kadid10k/images/I01_06_01.png,0.8218829516539442,71.82377624511719
26,kadid10k,kadid10k/i01,/home/sergey/iqa-data/kadid10k/images/I01_06_02.png,0.8651399491094149,70.30899810791016
27,kadid10k,kadid10k/i01,/home/sergey/iqa-data/kadid10k/images/I01_06_03.png,0.7379134860050891,69.34612274169922
28,kadid10k,kadid10k/i01,/home/sergey/iqa-data/kadid10k/images/I01_06_04.png,0.4834605597964376,69.73764038085938
29,kadid10k,kadid10k/i01,/home/sergey/iqa-data/kadid10k/images/I01_06_05.png,0.3231552162849873,73.62273406982422
30,kadid10k,kadid10k/i01,/home/sergey/iqa-data/kadid10k/images/I01_07_01.png,0.4402035623409669,74.442626953125
31,kadid10k,kadid10k/i01,/home/sergey/iqa-data/kadid10k/images/I01_07_02.png,0.3816793893129771,69.53548431396484
32,kadid10k,kadid10k/i01,/home/sergey/iqa-data/kadid10k/images/I01_07_03.png,0.3231552162849873,62.00296401977539
33,kadid10k,kadid10k/i01,/home/sergey/iqa-data/kadid10k/images/I01_07_04.png,0.3740458015267176,52.35292053222656
34,kadid10k,kadid10k/i01,/home/sergey/iqa-data/kadid10k/images/I01_07_05.png,0.3053435114503817,68.00951385498047
35,kadid10k,kadid10k/i01,/home/sergey/iqa-data/kadid10k/images/I01_08_01.png,0.9414758269720104,76.20521545410156
36,kadid10k,kadid10k/i01,/home/sergey/iqa-data/kadid10k/images/I01_08_02.png,0.7048346055979644,74.36563873291016
37,kadid10k,kadid10k/i01,/home/sergey/iqa-data/kadid10k/images/I01_08_03.png,0.4402035623409669,73.77119445800781
38,kadid10k,kadid10k/i01,/home/sergey/iqa-data/kadid10k/images/I01_08_04.png,0.2468193384223918,71.8978500366211
39,kadid10k,kadid10k/i01,/home/sergey/iqa-data/kadid10k/images/I01_08_05.png,0.1704834605597964,68.08085632324219
40,kadid10k,kadid10k/i01,/home/sergey/iqa-data/kadid10k/images/I01_09_01.png,0.916030534351145,76.64664459228516
41,kadid10k,kadid10k/i01,/home/sergey/iqa-data/kadid10k/images/I01_09_02.png,0.9338422391857508,77.1379623413086
42,kadid10k,kadid10k/i01,/home/sergey/iqa-data/kadid10k/images/I01_09_03.png,0.8651399491094149,76.93543243408203
43,kadid10k,kadid10k/i01,/home/sergey/iqa-data/kadid10k/images/I01_09_04.png,0.4834605597964376,72.63289642333984
44,kadid10k,kadid10k/i01,/home/sergey/iqa-data/kadid10k/images/I01_09_05.png,0.094147582697201,61.804386138916016
45,kadid10k,kadid10k/i01,/home/sergey/iqa-data/kadid10k/images/I01_10_01.png,0.8575063613231553,75.01537322998047
46,kadid10k,kadid10k/i01,/home/sergey/iqa-data/kadid10k/images/I01_10_02.png,0.7455470737913487,74.07172393798828
47,kadid10k,kadid10k/i01,/home/sergey/iqa-data/kadid10k/images/I01_10_03.png,0.7048346055979644,74.42144775390625
48,kadid10k,kadid10k/i01,/home/sergey/iqa-data/kadid10k/images/I01_10_04.png,0.1475826972010178,55.89772033691406
49,kadid10k,kadid10k/i01,/home/sergey/iqa-data/kadid10k/images/I01_10_05.png,0.0432569974554707,50.10222244262695
50,kadid10k,kadid10k/i01,/home/sergey/iqa-data/kadid10k/images/I01_11_01.png,0.7709923664122139,73.15018463134766
51,kadid10k,kadid10k/i01,/home/sergey/iqa-data/kadid10k/images/I01_11_02.png,0.5776081424936387,65.90542602539062
52,kadid10k,kadid10k/i01,/home/sergey/iqa-data/kadid10k/images/I01_11_03.png,0.4249363867684478,63.09690475463867
53,kadid10k,kadid10k/i01,/home/sergey/iqa-data/kadid10k/images/I01_11_04.png,0.3231552162849873,56.78521728515625
54,kadid10k,kadid10k/i01,/home/sergey/iqa-data/kadid10k/images/I01_11_05.png,0.3486005089058525,51.52362823486328
55,kadid10k,kadid10k/i01,/home/sergey/iqa-data/kadid10k/images/I01_12_01.png,0.8727735368956743,74.42761993408203
56,kadid10k,kadid10k/i01,/home/sergey/iqa-data/kadid10k/images/I01_12_02.png,0.6870229007633589,65.90480041503906
57,kadid10k,kadid10k/i01,/home/sergey/iqa-data/kadid10k/images/I01_12_03.png,0.450381679389313,56.516056060791016
58,kadid10k,kadid10k/i01,/home/sergey/iqa-data/kadid10k/images/I01_12_04.png,0.3486005089058525,50.43770980834961
59,kadid10k,kadid10k/i01,/home/sergey/iqa-data/kadid10k/images/I01_12_05.png,0.2468193384223918,49.90850067138672
60,kadid10k,kadid10k/i01,/home/sergey/iqa-data/kadid10k/images/I01_13_01.png,0.6793893129770993,75.5130844116211
61,kadid10k,kadid10k/i01,/home/sergey/iqa-data/kadid10k/images/I01_13_02.png,0.4758269720101782,73.84255981445312
62,kadid10k,kadid10k/i01,/home/sergey/iqa-data/kadid10k/images/I01_13_03.png,0.4071246819338422,71.62841033935547
63,kadid10k,kadid10k/i01,/home/sergey/iqa-data/kadid10k/images/I01_13_04.png,0.272264631043257,59.57411193847656
64,kadid10k,kadid10k/i01,/home/sergey/iqa-data/kadid10k/images/I01_13_05.png,0.2620865139949109,61.40937042236328
65,kadid10k,kadid10k/i01,/home/sergey/iqa-data/kadid10k/images/I01_14_01.png,0.9083969465648856,75.85958862304688
66,kadid10k,kadid10k/i01,/home/sergey/iqa-data/kadid10k/images/I01_14_02.png,0.6539440203562341,74.37431335449219
67,kadid10k,kadid10k/i01,/home/sergey/iqa-data/kadid10k/images/I01_14_03.png,0.5419847328244275,71.19799041748047
68,kadid10k,kadid10k/i01,/home/sergey/iqa-data/kadid10k/images/I01_14_04.png,0.3816793893129771,63.48385238647461
69,kadid10k,kadid10k/i01,/home/sergey/iqa-data/kadid10k/images/I01_14_05.png,0.3231552162849873,56.524169921875
70,kadid10k,kadid10k/i01,/home/sergey/iqa-data/kadid10k/images/I01_15_01.png,0.6539440203562341,74.7293930053711
71,kadid10k,kadid10k/i01,/home/sergey/iqa-data/kadid10k/images/I01_15_02.png,0.4147582697201017,72.61465454101562
72,kadid10k,kadid10k/i01,/home/sergey/iqa-data/kadid10k/images/I01_15_03.png,0.1959287531806616,70.11376953125
73,kadid10k,kadid10k/i01,/home/sergey/iqa-data/kadid10k/images/I01_15_04.png,0.1017811704834605,61.761871337890625
74,kadid10k,kadid10k/i01,/home/sergey/iqa-data/kadid10k/images/I01_15_05.png,0.0839694656488549,50.08885955810547
75,kadid10k,kadid10k/i01,/home/sergey/iqa-data/kadid10k/images/I01_16_01.png,0.8575063613231553,76.78189086914062
76,kadid10k,kadid10k/i01,/home/sergey/iqa-data/kadid10k/images/I01_16_02.png,0.8829516539440203,77.06954193115234
77,kadid10k,kadid10k/i01,/home/sergey/iqa-data/kadid10k/images/I01_16_03.png,0.7480916030534351,77.46414184570312
78,kadid10k,kadid10k/i01,/home/sergey/iqa-data/kadid10k/images/I01_16_04.png,0.5521628498727735,77.68354797363281
79,kadid10k,kadid10k/i01,/home/sergey/iqa-data/kadid10k/images/I01_16_05.png,0.3002544529262087,76.30803680419922
80,kadid10k,kadid10k/i01,/home/sergey/iqa-data/kadid10k/images/I01_17_01.png,0.89058524173028,75.88443756103516
81,kadid10k,kadid10k/i01,/home/sergey/iqa-data/kadid10k/images/I01_17_02.png,0.9083969465648856,75.62110137939453
82,kadid10k,kadid10k/i01,/home/sergey/iqa-data/kadid10k/images/I01_17_03.png,0.8473282442748092,75.44290924072266
83,kadid10k,kadid10k/i01,/home/sergey/iqa-data/kadid10k/images/I01_17_04.png,0.6106870229007634,74.67748260498047
84,kadid10k,kadid10k/i01,/home/sergey/iqa-data/kadid10k/images/I01_17_05.png,0.2875318066157761,72.26439666748047
85,kadid10k,kadid10k/i01,/home/sergey/iqa-data/kadid10k/images/I01_18_01.png,0.89058524173028,76.7722396850586
86,kadid10k,kadid10k/i01,/home/sergey/iqa-data/kadid10k/images/I01_18_02.png,0.9083969465648856,76.5792465209961
87,kadid10k,kadid10k/i01,/home/sergey/iqa-data/kadid10k/images/I01_18_03.png,0.9083969465648856,76.20521545410156
88,kadid10k,kadid10k/i01,/home/sergey/iqa-data/kadid10k/images/I01_18_04.png,0.8575063613231553,75.41793060302734
89,kadid10k,kadid10k/i01,/home/sergey/iqa-data/kadid10k/images/I01_18_05.png,0.7557251908396948,74.77873229980469
90,kadid10k,kadid10k/i01,/home/sergey/iqa-data/kadid10k/images/I01_19_01.png,0.8982188295165395,76.12114715576172
91,kadid10k,kadid10k/i01,/home/sergey/iqa-data/kadid10k/images/I01_19_02.png,0.7455470737913487,76.30545806884766
92,kadid10k,kadid10k/i01,/home/sergey/iqa-data/kadid10k/images/I01_19_03.png,0.450381679389313,75.36162567138672
93,kadid10k,kadid10k/i01,/home/sergey/iqa-data/kadid10k/images/I01_19_04.png,0.1348600508905852,75.08425903320312
94,kadid10k,kadid10k/i01,/home/sergey/iqa-data/kadid10k/images/I01_19_05.png,0.094147582697201,74.5961685180664
95,kadid10k,kadid10k/i01,/home/sergey/iqa-data/kadid10k/images/I01_20_01.png,0.8982188295165395,76.15564727783203
96,kadid10k,kadid10k/i01,/home/sergey/iqa-data/kadid10k/images/I01_20_02.png,0.7379134860050891,77.01155853271484
97,kadid10k,kadid10k/i01,/home/sergey/iqa-data/kadid10k/images/I01_20_03.png,0.7633587786259542,75.86299896240234
98,kadid10k,kadid10k/i01,/home/sergey/iqa-data/kadid10k/images/I01_20_04.png,0.5928753180661578,77.1050033569336
99,kadid10k,kadid10k/i01,/home/sergey/iqa-data/kadid10k/images/I01_20_05.png,0.5674300254452926,74.95481872558594
100,kadid10k,kadid10k/i01,/home/sergey/iqa-data/kadid10k/images/I01_21_01.png,0.6030534351145039,76.25215911865234
101,kadid10k,kadid10k/i01,/home/sergey/iqa-data/kadid10k/images/I01_21_02.png,0.3994910941475826,75.72479248046875
102,kadid10k,kadid10k/i01,/home/sergey/iqa-data/kadid10k/images/I01_21_03.png,0.2620865139949109,75.94694519042969
103,kadid10k,kadid10k/i01,/home/sergey/iqa-data/kadid10k/images/I01_21_04.png,0.2875318066157761,75.4861831665039
104,kadid10k,kadid10k/i01,/home/sergey/iqa-data/kadid10k/images/I01_21_05.png,0.1094147582697201,65.0511245727539
105,kadid10k,kadid10k/i01,/home/sergey/iqa-data/kadid10k/images/I01_22_01.png,0.9236641221374048,75.91217803955078
106,kadid10k,kadid10k/i01,/home/sergey/iqa-data/kadid10k/images/I01_22_02.png,0.7633587786259542,76.09451293945312
107,kadid10k,kadid10k/i01,/home/sergey/iqa-data/kadid10k/images/I01_22_03.png,0.7633587786259542,76.72039031982422
108,kadid10k,kadid10k/i01,/home/sergey/iqa-data/kadid10k/images/I01_22_04.png,0.5597964376590332,76.96553802490234
109,kadid10k,kadid10k/i01,/home/sergey/iqa-data/kadid10k/images/I01_22_05.png,0.3053435114503817,76.92717742919922
110,kadid10k,kadid10k/i01,/home/sergey/iqa-data/kadid10k/images/I01_23_01.png,0.4402035623409669,77.02041625976562
111,kadid10k,kadid10k/i01,/home/sergey/iqa-data/kadid10k/images/I01_23_02.png,0.2977099236641221,78.33055114746094
112,kadid10k,kadid10k/i01,/home/sergey/iqa-data/kadid10k/images/I01_23_03.png,0.3053435114503817,78.63910675048828
113,kadid10k,kadid10k/i01,/home/sergey/iqa-data/kadid10k/images/I01_23_04.png,0.3486005089058525,76.96084594726562
114,kadid10k,kadid10k/i01,/home/sergey/iqa-data/kadid10k/images/I01_23_05.png,0.1450381679389313,77.57196807861328
115,kadid10k,kadid10k/i01,/home/sergey/iqa-data/kadid10k/images/I01_24_01.png,0.6539440203562341,72.98340606689453
116,kadid10k,kadid10k/i01,/home/sergey/iqa-data/kadid10k/images/I01_24_02.png,0.3816793893129771,71.48778533935547
117,kadid10k,kadid10k/i01,/home/sergey/iqa-data/kadid10k/images/I01_24_03.png,0.2213740458015267,69.05603790283203
118,kadid10k,kadid10k/i01,/home/sergey/iqa-data/kadid10k/images/I01_24_04.png,0.1526717557251908,62.87902069091797
119,kadid10k,kadid10k/i01,/home/sergey/iqa-data/kadid10k/images/I01_24_05.png,0.1017811704834605,62.4609260559082
120,kadid10k,kadid10k/i01,/home/sergey/iqa-data/kadid10k/images/I01_25_01.png,0.6183206106870229,75.71642303466797
121,kadid10k,kadid10k/i01,/home/sergey/iqa-data/kadid10k/images/I01_25_02.png,0.7302798982188295,75.97940063476562
122,kadid10k,kadid10k/i01,/home/sergey/iqa-data/kadid10k/images/I01_25_03.png,0.8295165394402035,75.91023254394531
123,kadid10k,kadid10k/i01,/home/sergey/iqa-data/kadid10k/images/I01_25_04.png,0.806615776081425,76.85150909423828
124,kadid10k,kadid10k/i01,/home/sergey/iqa-data/kadid10k/images/I01_25_05.png,0.5776081424936387,77.61585235595703
500,kadid10k,kadid10k/i05,/home/sergey/iqa-data/kadid10k/images/I05_01_01.png,0.916030534351145,73.80915069580078
501,kadid10k,kadid10k/i05,/home/sergey/iqa-data/kadid10k/images/I05_01_02.png,0.8829516539440203,71.18657684326172
502,kadid10k,kadid10k/i05,/home/sergey/iqa-data/kadid10k/images/I05_01_03.png,0.4656488549618321,47.73643112182617
503,kadid10k,kadid10k/i05,/home/sergey/iqa-data/kadid10k/images/I05_01_04.png,0.178117048346056,35.231781005859375
504,kadid10k,kadid10k/i05,/home/sergey/iqa-data/kadid10k/images/I05_01_05.png,0.0432569974554707,28.194204330444336
505,kadid10k,kadid10k/i05,/home/sergey/iqa-data/kadid10k/images/I05_02_01.png,0.6793893129770993,62.890899658203125
506,kadid10k,kadid10k/i05,/home/sergey/iqa-data/kadid10k/images/I05_02_02.png,0.4147582697201017,42.88821792602539
507,kadid10k,kadid10k/i05,/home/sergey/iqa-data/kadid10k/images/I05_02_03.png,0.1450381679389313,30.246944427490234
508,kadid10k,kadid10k/i05,/home/sergey/iqa-data/kadid10k/images/I05_02_04.png,0.0839694656488549,28.667234420776367
509,kadid10k,kadid10k/i05,/home/sergey/iqa-data/kadid10k/images/I05_02_05.png,0.094147582697201,26.27845001220703
510,kadid10k,kadid10k/i05,/home/sergey/iqa-data/kadid10k/images/I05_03_01.png,0.8829516539440203,73.80915069580078
511,kadid10k,kadid10k/i05,/home/sergey/iqa-data/kadid10k/images/I05_03_02.png,0.7379134860050891,68.76822662353516
512,kadid10k,kadid10k/i05,/home/sergey/iqa-data/kadid10k/images/I05_03_03.png,0.4274809160305344,50.072601318359375
513,kadid10k,kadid10k/i05,/home/sergey/iqa-data/kadid10k/images/I05_03_04.png,0.2213740458015267,38.35057067871094
514,kadid10k,kadid10k/i05,/home/sergey/iqa-data/kadid10k/images/I05_03_05.png,0.1348600508905852,27.85239601135254
515,kadid10k,kadid10k/i05,/home/sergey/iqa-data/kadid10k/images/I05_04_01.png,0.9083969465648856,72.64366149902344
516,kadid10k,kadid10k/i05,/home/sergey/iqa-data/kadid10k/images/I05_04_02.png,0.5089058524173028,73.1442642211914
517,kadid10k,kadid10k/i05,/home/sergey/iqa-data/kadid10k/images/I05_04_03.png,0.1959287531806616,73.9938735961914
518,kadid10k,kadid10k/i05,/home/sergey/iqa-data/kadid10k/images/I05_04_04.png,0.1450381679389313,74.82926177978516
519,kadid10k,kadid10k/i05,/home/sergey/iqa-data/kadid10k/images/I05_04_05.png,0.1348600508905852,76.46378326416016
520,kadid10k,kadid10k/i05,/home/sergey/iqa-data/kadid10k/images/I05_05_01.png,0.8218829516539442,69.49938201904297
521,kadid10k,kadid10k/i05,/home/sergey/iqa-data/kadid10k/images/I05_05_02.png,0.3231552162849873,76.13600158691406
522,kadid10k,kadid10k/i05,/home/sergey/iqa-data/kadid10k/images/I05_05_03.png,0.2111959287531807,77.30272674560547
523,kadid10k,kadid10k/i05,/home/sergey/iqa-data/kadid10k/images/I05_05_04.png,0.1704834605597964,76.64351654052734
524,kadid10k,kadid10k/i05,/home/sergey/iqa-data/kadid10k/images/I05_05_05.png,0.1603053435114503,76.85187530517578
525,kadid10k,kadid10k/i05,/home/sergey/iqa-data/kadid10k/images/I05_06_01.png,0.8473282442748092,75.77498626708984
526,kadid10k,kadid10k/i05,/home/sergey/iqa-data/kadid10k/images/I05_06_02.png,0.8575063613231553,76.09174346923828
527,kadid10k,kadid10k/i05,/home/sergey/iqa-data/kadid10k/images/I05_06_03.png,0.83206106870229,75.33695220947266
528,kadid10k,kadid10k/i05,/home/sergey/iqa-data/kadid10k/images/I05_06_04.png,0.6692111959287532,73.05168914794922
529,kadid10k,kadid10k/i05,/home/sergey/iqa-data/kadid10k/images/I05_06_05.png,0.4834605597964376,69.43260192871094
530,kadid10k,kadid10k/i05,/home/sergey/iqa-data/kadid10k/images/I05_07_01.png,0.3994910941475826,66.98778533935547
531,kadid10k,kadid10k/i05,/home/sergey/iqa-data/kadid10k/images/I05_07_02.png,0.3384223918575064,55.02177047729492
532,kadid10k,kadid10k/i05,/home/sergey/iqa-data/kadid10k/images/I05_07_03.png,0.2798982188295166,50.91341018676758
533,kadid10k,kadid10k/i05,/home/sergey/iqa-data/kadid10k/images/I05_07_04.png,0.3129770992366412,46.32351303100586
534,kadid10k,kadid10k/i05,/home/sergey/iqa-data/kadid10k/images/I05_07_05.png,0.3129770992366412,60.70683288574219
535,kadid10k,kadid10k/i05,/home/sergey/iqa-data/kadid10k/images/I05_08_01.png,0.94910941475827,73.80915069580078
536,kadid10k,kadid10k/i05,/home/sergey/iqa-data/kadid10k/images/I05_08_02.png,0.6030534351145039,75.04150390625
537,kadid10k,kadid10k/i05,/home/sergey/iqa-data/kadid10k/images/I05_08_03.png,0.450381679389313,74.67558288574219
538,kadid10k,kadid10k/i05,/home/sergey/iqa-data/kadid10k/images/I05_08_04.png,0.1603053435114503,75.7629623413086
539,kadid10k,kadid10k/i05,/home/sergey/iqa-data/kadid10k/images/I05_08_05.png,0.178117048346056,77.30664825439453
540,kadid10k,kadid10k/i05,/home/sergey/iqa-data/kadid10k/images/I05_09_01.png,0.8396946564885497,73.56407165527344
541,kadid10k,kadid10k/i05,/home/sergey/iqa-data/kadid10k/images/I05_09_02.png,0.4071246819338422,57.70722579956055
542,kadid10k,kadid10k/i05,/home/sergey/iqa-data/kadid10k/images/I05_09_03.png,0.3486005089058525,50.11360168457031
543,kadid10k,kadid10k/i05,/home/sergey/iqa-data/kadid10k/images/I05_09_04.png,0.1450381679389313,39.426116943359375
544,kadid10k,kadid10k/i05,/home/sergey/iqa-data/kadid10k/images/I05_09_05.png,0.0585241730279898,31.774978637695312
545,kadid10k,kadid10k/i05,/home/sergey/iqa-data/kadid10k/images/I05_10_01.png,0.8727735368956743,70.15377044677734
546,kadid10k,kadid10k/i05,/home/sergey/iqa-data/kadid10k/images/I05_10_02.png,0.8651399491094149,71.84971618652344
547,kadid10k,kadid10k/i05,/home/sergey/iqa-data/kadid10k/images/I05_10_03.png,0.8396946564885497,64.04234313964844
548,kadid10k,kadid10k/i05,/home/sergey/iqa-data/kadid10k/images/I05_10_04.png,0.3740458015267176,40.592777252197266
549,kadid10k,kadid10k/i05,/home/sergey/iqa-data/kadid10k/images/I05_10_05.png,0.0687022900763358,34.73362350463867
550,kadid10k,kadid10k/i05,/home/sergey/iqa-data/kadid10k/images/I05_11_01.png,0.8651399491094149,67.98413848876953
551,kadid10k,kadid10k/i05,/home/sergey/iqa-data/kadid10k/images/I05_11_02.png,0.8218829516539442,66.27057647705078
552,kadid10k,kadid10k/i05,/home/sergey/iqa-data/kadid10k/images/I05_11_03.png,0.7201017811704835,64.41057586669922
553,kadid10k,kadid10k/i05,/home/sergey/iqa-data/kadid10k/images/I05_11_04.png,0.5928753180661578,57.98866653442383
554,kadid10k,kadid10k/i05,/home/sergey/iqa-data/kadid10k/images/I05_11_05.png,0.3893129770992366,57.32378005981445
555,kadid10k,kadid10k/i05,/home/sergey/iqa-data/kadid10k/images/I05_12_01.png,0.8982188295165395,72.18156433105469
556,kadid10k,kadid10k/i05,/home/sergey/iqa-data/kadid10k/images/I05_12_02.png,0.8727735368956743,66.199462890625
557,kadid10k,kadid10k/i05,/home/sergey/iqa-data/kadid10k/images/I05_12_03.png,0.7786259541984732,60.95072937011719
558,kadid10k,kadid10k/i05,/home/sergey/iqa-data/kadid10k/images/I05_12_04.png,0.5165394402035624,57.254180908203125
559,kadid10k,kadid10k/i05,/home/sergey/iqa-data/kadid10k/images/I05_12_05.png,0.4580152671755725,58.68510437011719
560,kadid10k,kadid10k/i05,/home/sergey/iqa-data/kadid10k/images/I05_13_01.png,0.6284987277353691,74.2950210571289
561,kadid10k,kadid10k/i05,/home/sergey/iqa-data/kadid10k/images/I05_13_02.png,0.4147582697201017,70.37995147705078
562,kadid10k,kadid10k/i05,/home/sergey/iqa-data/kadid10k/images/I05_13_03.png,0.3307888040712468,68.07269287109375
563,kadid10k,kadid10k/i05,/home/sergey/iqa-data/kadid10k/images/I05_13_04.png,0.272264631043257,60.106021881103516
564,kadid10k,kadid10k/i05,/home/sergey/iqa-data/kadid10k/images/I05_13_05.png,0.272264631043257,58.505062103271484
565,kadid10k,kadid10k/i05,/home/sergey/iqa-data/kadid10k/images/I05_14_01.png,0.8575063613231553,73.89816284179688
566,kadid10k,kadid10k/i05,/home/sergey/iqa-data/kadid10k/images/I05_14_02.png,0.8575063613231553,73.21088409423828
567,kadid10k,kadid10k/i05,/home/sergey/iqa-data/kadid10k/images/I05_14_03.png,0.8829516539440203,73.7824935913086
568,kadid10k,kadid10k/i05,/home/sergey/iqa-data/kadid10k/images/I05_14_04.png,0.8142493638676845,73.32416534423828
569,kadid10k,kadid10k/i05,/home/sergey/iqa-data/kadid10k/images/I05_14_05.png,0.6641221374045801,72.06221771240234
570,kadid10k,kadid10k/i05,/home/sergey/iqa-data/kadid10k/images/I05_15_01.png,0.6361323155216285,64.24565887451172
571,kadid10k,kadid10k/i05,/home/sergey/iqa-data/kadid10k/images/I05_15_02.png,0.4325699745547074,55.226829528808594
572,kadid10k,kadid10k/i05,/home/sergey/iqa-data/kadid10k/images/I05_15_03.png,0.2977099236641221,54.82975769042969
573,kadid10k,kadid10k/i05,/home/sergey/iqa-data/kadid10k/images/I05_15_04.png,0.2213740458015267,51.617305755615234
574,kadid10k,kadid10k/i05,/home/sergey/iqa-data/kadid10k/images/I05_15_05.png,0.1195928753180661,52.57792282104492
575,kadid10k,kadid10k/i05,/home/sergey/iqa-data/kadid10k/images/I05_16_01.png,0.8727735368956743,74.142333984375
576,kadid10k,kadid10k/i05,/home/sergey/iqa-data/kadid10k/images/I05_16_02.png,0.8575063613231553,74.14102172851562
577,kadid10k,kadid10k/i05,/home/sergey/iqa-data/kadid10k/images/I05_16_03.png,0.6793893129770993,72.6419448852539
578,kadid10k,kadid10k/i05,/home/sergey/iqa-data/kadid10k/images/I05_16_04.png,0.534351145038168,69.48184204101562
579,kadid10k,kadid10k/i05,/home/sergey/iqa-data/kadid10k/images/I05_16_05.png,0.3231552162849873,65.17595672607422
580,kadid10k,kadid10k/i05,/home/sergey/iqa-data/kadid10k/images/I05_17_01.png,0.89058524173028,73.5604248046875
581,kadid10k,kadid10k/i05,/home/sergey/iqa-data/kadid10k/images/I05_17_02.png,0.8829516539440203,73.19463348388672
582,kadid10k,kadid10k/i05,/home/sergey/iqa-data/kadid10k/images/I05_17_03.png,0.6437659033078881,72.18560028076172
583,kadid10k,kadid10k/i05,/home/sergey/iqa-data/kadid10k/images/I05_17_04.png,0.4325699745547074,67.25679779052734
584,kadid10k,kadid10k/i05,/home/sergey/iqa-data/kadid10k/images/I05_17_05.png,0.0763358778625954,55.304595947265625
585,kadid10k,kadid10k/i05,/home/sergey/iqa-data/kadid10k/images/I05_18_01.png,0.8651399491094149,73.95487213134766
586,kadid10k,kadid10k/i05,/home/sergey/iqa-data/kadid10k/images/I05_18_02.png,0.8829516539440203,74.09207916259766
587,kadid10k,kadid10k/i05,/home/sergey/iqa-data/kadid10k/images/I05_18_03.png,0.8575063613231553,73.80915069580078
588,kadid10k,kadid10k/i05,/home/sergey/iqa-data/kadid10k/images/I05_18_04.png,0.7633587786259542,71.51769256591797
589,kadid10k,kadid10k/i05,/home/sergey/iqa-data/kadid10k/images/I05_18_05.png,0.450381679389313,68.85882568359375
590,kadid10k,kadid10k/i05,/home/sergey/iqa-data/kadid10k/images/I05_19_01.png,0.7709923664122139,74.04180145263672
591,kadid10k,kadid10k/i05,/home/sergey/iqa-data/kadid10k/images/I05_19_02.png,0.6437659033078881,73.36849212646484
592,kadid10k,kadid10k/i05,/home/sergey/iqa-data/kadid10k/images/I05_19_03.png,0.5419847328244275,72.922607421875
593,kadid10k,kadid10k/i05,/home/sergey/iqa-data/kadid10k/images/I05_19_04.png,0.2544529262086514,69.76305389404297
594,kadid10k,kadid10k/i05,/home/sergey/iqa-data/kadid10k/images/I05_19_05.png,0.0585241730279898,72.459716796875
595,kadid10k,kadid10k/i05,/home/sergey/iqa-data/kadid10k/images/I05_20_01.png,0.8829516539440203,74.64606475830078
596,kadid10k,kadid10k/i05,/home/sergey/iqa-data/kadid10k/images/I05_20_02.png,0.8982188295165395,75.08336639404297
597,kadid10k,kadid10k/i05,/home/sergey/iqa-data/kadid10k/images/I05_20_03.png,0.8651399491094149,75.18209075927734
598,kadid10k,kadid10k/i05,/home/sergey/iqa-data/kadid10k/images/I05_20_04.png,0.8727735368956743,74.46215057373047
599,kadid10k,kadid10k/i05,/home/sergey/iqa-data/kadid10k/images/I05_20_05.png,0.7557251908396948,75.95442962646484
600,kadid10k,kadid10k/i05,/home/sergey/iqa-data/kadid10k/images/I05_21_01.png,0.806615776081425,75.20240020751953
601,kadid10k,kadid10k/i05,/home/sergey/iqa-data/kadid10k/images/I05_21_02.png,0.6870229007633589,76.98334503173828
602,kadid10k,kadid10k/i05,/home/sergey/iqa-data/kadid10k/images/I05_21_03.png,0.6106870229007634,76.8525619506836
603,kadid10k,kadid10k/i05,/home/sergey/iqa-data/kadid10k/images/I05_21_04.png,0.5776081424936387,73.9354019165039
604,kadid10k,kadid10k/i05,/home/sergey/iqa-data/kadid10k/images/I05_21_05.png,0.1017811704834605,44.76970672607422
605,kadid10k,kadid10k/i05,/home/sergey/iqa-data/kadid10k/images/I05_22_01.png,0.8396946564885497,72.4520034790039
606,kadid10k,kadid10k/i05,/home/sergey/iqa-data/kadid10k/images/I05_22_02.png,0.8982188295165395,71.54228210449219
607,kadid10k,kadid10k/i05,/home/sergey/iqa-data/kadid10k/images/I05_22_03.png,0.78117048346056,69.73323059082031
608,kadid10k,kadid10k/i05,/home/sergey/iqa-data/kadid10k/images/I05_22_04.png,0.7709923664122139,68.66068267822266
609,kadid10k,kadid10k/i05,/home/sergey/iqa-data/kadid10k/images/I05_22_05.png,0.806615776081425,70.09745788574219
610,kadid10k,kadid10k/i05,/home/sergey/iqa-data/kadid10k/images/I05_23_01.png,0.3384223918575064,73.5971450805664
611,kadid10k,kadid10k/i05,/home/sergey/iqa-data/kadid10k/images/I05_23_02.png,0.2798982188295166,73.01860809326172
612,kadid10k,kadid10k/i05,/home/sergey/iqa-data/kadid10k/images/I05_23_03.png,0.2213740458015267,74.84980010986328
613,kadid10k,kadid10k/i05,/home/sergey/iqa-data/kadid10k/images/I05_23_04.png,0.2035623409669211,74.86226654052734
614,kadid10k,kadid10k/i05,/home/sergey/iqa-data/kadid10k/images/I05_23_05.png,0.2035623409669211,76.19248962402344
615,kadid10k,kadid10k/i05,/home/sergey/iqa-data/kadid10k/images/I05_24_01.png,0.5267175572519084,71.57242584228516
616,kadid10k,kadid10k/i05,/home/sergey/iqa-data/kadid10k/images/I05_24_02.png,0.2290076335877862,70.4107437133789
617,kadid10k,kadid10k/i05,/home/sergey/iqa-data/kadid10k/images/I05_24_03.png,0.1959287531806616,71.08087158203125
618,kadid10k,kadid10k/i05,/home/sergey/iqa-data/kadid10k/images/I05_24_04.png,0.0585241730279898,69.37059020996094
619,kadid10k,kadid10k/i05,/home/sergey/iqa-data/kadid10k/images/I05_24_05.png,0.0508905852417302,68.89257049560547
620,kadid10k,kadid10k/i05,/home/sergey/iqa-data/kadid10k/images/I05_25_01.png,0.4834605597964376,70.07491302490234
621,kadid10k,kadid10k/i05,/home/sergey/iqa-data/kadid10k/images/I05_25_02.png,0.6361323155216285,71.5863265991211
622,kadid10k,kadid10k/i05,/home/sergey/iqa-data/kadid10k/images/I05_25_03.png,0.7633587786259542,72.59463500976562
623,kadid10k,kadid10k/i05,/home/sergey/iqa-data/kadid10k/images/I05_25_04.png,0.8218829516539442,74.03214263916016
624,kadid10k,kadid10k/i05,/home/sergey/iqa-data/kadid10k/images/I05_25_05.png,0.6615776081424937,73.05227661132812
2250,kadid10k,kadid10k/i19,/home/sergey/iqa-data/kadid10k/images/I19_01_01.png,0.8651399491094149,51.23855972290039
2251,kadid10k,kadid10k/i19,/home/sergey/iqa-data/kadid10k/images/I19_01_02.png,0.8218829516539442,46.99977493286133
2252,kadid10k,kadid10k/i19,/home/sergey/iqa-data/kadid10k/images/I19_01_03.png,0.450381679389313,33.43921661376953
2253,kadid10k,kadid10k/i19,/home/sergey/iqa-data/kadid10k/images/I19_01_04.png,0.2366412213740458,31.78174591064453
2254,kadid10k,kadid10k/i19,/home/sergey/iqa-data/kadid10k/images/I19_01_05.png,0.0687022900763358,27.1267032623291
2255,kadid10k,kadid10k/i19,/home/sergey/iqa-data/kadid10k/images/I19_02_01.png,0.712468193384224,41.49553298950195
2256,kadid10k,kadid10k/i19,/home/sergey/iqa-data/kadid10k/images/I19_02_02.png,0.3816793893129771,31.857852935791016
2257,kadid10k,kadid10k/i19,/home/sergey/iqa-data/kadid10k/images/I19_02_03.png,0.2544529262086514,31.602102279663086
2258,kadid10k,kadid10k/i19,/home/sergey/iqa-data/kadid10k/images/I19_02_04.png,0.1272264631043257,30.078317642211914
2259,kadid10k,kadid10k/i19,/home/sergey/iqa-data/kadid10k/images/I19_02_05.png,0.1017811704834605,27.389131546020508
2260,kadid10k,kadid10k/i19,/home/sergey/iqa-data/kadid10k/images/I19_03_01.png,0.9083969465648856,51.23855972290039
2261,kadid10k,kadid10k/i19,/home/sergey/iqa-data/kadid10k/images/I19_03_02.png,0.6946564885496184,44.712608337402344
2262,kadid10k,kadid10k/i19,/home/sergey/iqa-data/kadid10k/images/I19_03_03.png,0.5165394402035624,35.83148193359375
2263,kadid10k,kadid10k/i19,/home/sergey/iqa-data/kadid10k/images/I19_03_04.png,0.2977099236641221,31.33162498474121
2264,kadid10k,kadid10k/i19,/home/sergey/iqa-data/kadid10k/images/I19_03_05.png,0.2137404580152672,31.7073974609375
2265,kadid10k,kadid10k/i19,/home/sergey/iqa-data/kadid10k/images/I19_04_01.png,0.796437659033079,51.4635124206543
2266,kadid10k,kadid10k/i19,/home/sergey/iqa-data/kadid10k/images/I19_04_02.png,0.4580152671755725,52.68019485473633
2267,kadid10k,kadid10k/i19,/home/sergey/iqa-data/kadid10k/images/I19_04_03.png,0.1552162849872773,44.22047424316406
2268,kadid10k,kadid10k/i19,/home/sergey/iqa-data/kadid10k/images/I19_04_04.png,0.1348600508905852,39.71559143066406
2269,kadid10k,kadid10k/i19,/home/sergey/iqa-data/kadid10k/images/I19_04_05.png,0.094147582697201,36.19559860229492
2270,kadid10k,kadid10k/i19,/home/sergey/iqa-data/kadid10k/images/I19_05_01.png,0.8396946564885497,39.05516052246094
2271,kadid10k,kadid10k/i19,/home/sergey/iqa-data/kadid10k/images/I19_05_02.png,0.3384223918575064,40.40790557861328
2272,kadid10k,kadid10k/i19,/home/sergey/iqa-data/kadid10k/images/I19_05_03.png,0.1526717557251908,43.831626892089844
2273,kadid10k,kadid10k/i19,/home/sergey/iqa-data/kadid10k/images/I19_05_04.png,0.1450381679389313,40.83549499511719
2274,kadid10k,kadid10k/i19,/home/sergey/iqa-data/kadid10k/images/I19_05_05.png,0.2035623409669211,42.12489318847656
2275,kadid10k,kadid10k/i19,/home/sergey/iqa-data/kadid10k/images/I19_06_01.png,0.7379134860050891,47.106101989746094
2276,kadid10k,kadid10k/i19,/home/sergey/iqa-data/kadid10k/images/I19_06_02.png,0.5089058524173028,44.94270324707031
2277,kadid10k,kadid10k/i19,/home/sergey/iqa-data/kadid10k/images/I19_06_03.png,0.6106870229007634,43.715415954589844
2278,kadid10k,kadid10k/i19,/home/sergey/iqa-data/kadid10k/images/I19_06_04.png,0.4580152671755725,41.77012252807617
2279,kadid10k,kadid10k/i19,/home/sergey/iqa-data/kadid10k/images/I19_06_05.png,0.2290076335877862,38.426536560058594
2280,kadid10k,kadid10k/i19,/home/sergey/iqa-data/kadid10k/images/I19_07_01.png,0.4656488549618321,45.878719329833984
2281,kadid10k,kadid10k/i19,/home/sergey/iqa-data/kadid10k/images/I19_07_02.png,0.2468193384223918,40.22904586791992
2282,kadid10k,kadid10k/i19,/home/sergey/iqa-data/kadid10k/images/I19_07_03.png,0.3486005089058525,41.276023864746094
2283,kadid10k,kadid10k/i19,/home/sergey/iqa-data/kadid10k/images/I19_07_04.png,0.2798982188295166,36.108890533447266
2284,kadid10k,kadid10k/i19,/home/sergey/iqa-data/kadid10k/images/I19_07_05.png,0.2213740458015267,43.370140075683594
2285,kadid10k,kadid10k/i19,/home/sergey/iqa-data/kadid10k/images/I19_08_01.png,0.984732824427481,51.23855972290039
2286,kadid10k,kadid10k/i19,/home/sergey/iqa-data/kadid10k/images/I19_08_02.png,0.6106870229007634,49.62009811401367
2287,kadid10k,kadid10k/i19,/home/sergey/iqa-data/kadid10k/images/I19_08_03.png,0.4758269720101782,49.363372802734375
2288,kadid10k,kadid10k/i19,/home/sergey/iqa-data/kadid10k/images/I19_08_04.png,0.2977099236641221,46.518672943115234
2289,kadid10k,kadid10k/i19,/home/sergey/iqa-data/kadid10k/images/I19_08_05.png,0.1526717557251908,45.481266021728516
2290,kadid10k,kadid10k/i19,/home/sergey/iqa-data/kadid10k/images/I19_09_01.png,0.9236641221374048,49.253135681152344
2291,kadid10k,kadid10k/i19,/home/sergey/iqa-data/kadid10k/images/I19_09_02.png,0.8575063613231553,47.23222351074219
2292,kadid10k,kadid10k/i19,/home/sergey/iqa-data/kadid10k/images/I19_09_03.png,0.8473282442748092,45.82227325439453
2293,kadid10k,kadid10k/i19,/home/sergey/iqa-data/kadid10k/images/I19_09_04.png,0.6030534351145039,42.10953140258789
2294,kadid10k,kadid10k/i19,/home/sergey/iqa-data/kadid10k/images/I19_09_05.png,0.1857506361323155,38.44232940673828
2295,kadid10k,kadid10k/i19,/home/sergey/iqa-data/kadid10k/images/I19_10_01.png,0.7633587786259542,49.08362579345703
2296,kadid10k,kadid10k/i19,/home/sergey/iqa-data/kadid10k/images/I19_10_02.png,0.7302798982188295,47.73365783691406
2297,kadid10k,kadid10k/i19,/home/sergey/iqa-data/kadid10k/images/I19_10_03.png,0.7302798982188295,42.77997589111328
2298,kadid10k,kadid10k/i19,/home/sergey/iqa-data/kadid10k/images/I19_10_04.png,0.2620865139949109,39.228355407714844
2299,kadid10k,kadid10k/i19,/home/sergey/iqa-data/kadid10k/images/I19_10_05.png,0.0763358778625954,34.40534591674805
2300,kadid10k,kadid10k/i19,/home/sergey/iqa-data/kadid10k/images/I19_11_01.png,0.6946564885496184,60.05337142944336
2301,kadid10k,kadid10k/i19,/home/sergey/iqa-data/kadid10k/images/I19_11_02.png,0.5928753180661578,52.570030212402344
2302,kadid10k,kadid10k/i19,/home/sergey/iqa-data/kadid10k/images/I19_11_03.png,0.4325699745547074,52.41236877441406
2303,kadid10k,kadid10k/i19,/home/sergey/iqa-data/kadid10k/images/I19_11_04.png,0.3307888040712468,49.510231018066406
2304,kadid10k,kadid10k/i19,/home/sergey/iqa-data/kadid10k/images/I19_11_05.png,0.2213740458015267,27.762332916259766
2305,kadid10k,kadid10k/i19,/home/sergey/iqa-data/kadid10k/images/I19_12_01.png,0.916030534351145,57.093502044677734
2306,kadid10k,kadid10k/i19,/home/sergey/iqa-data/kadid10k/images/I19_12_02.png,0.5928753180661578,57.774925231933594
2307,kadid10k,kadid10k/i19,/home/sergey/iqa-data/kadid10k/images/I19_12_03.png,0.4656488549618321,55.63300704956055
2308,kadid10k,kadid10k/i19,/home/sergey/iqa-data/kadid10k/images/I19_12_04.png,0.3486005089058525,40.66151428222656
2309,kadid10k,kadid10k/i19,/home/sergey/iqa-data/kadid10k/images/I19_12_05.png,0.2875318066157761,26.529043197631836
2310,kadid10k,kadid10k/i19,/home/sergey/iqa-data/kadid10k/images/I19_13_01.png,0.4910941475826972,40.01118469238281
2311,kadid10k,kadid10k/i19,/home/sergey/iqa-data/kadid10k/images/I19_13_02.png,0.3740458015267176,37.113094329833984
2312,kadid10k,kadid10k/i19,/home/sergey/iqa-data/kadid10k/images/I19_13_03.png,0.2875318066157761,37.63267517089844
2313,kadid10k,kadid10k/i19,/home/sergey/iqa-data/kadid10k/images/I19_13_04.png,0.3307888040712468,29.84638214111328
2314,kadid10k,kadid10k/i19,/home/sergey/iqa-data/kadid10k/images/I19_13_05.png,0.2290076335877862,24.786537170410156
2315,kadid10k,kadid10k/i19,/home/sergey/iqa-data/kadid10k/images/I19_14_01.png,0.8142493638676845,56.22265625
2316,kadid10k,kadid10k/i19,/home/sergey/iqa-data/kadid10k/images/I19_14_02.png,0.5089058524173028,60.50862503051758
2317,kadid10k,kadid10k/i19,/home/sergey/iqa-data/kadid10k/images/I19_14_03.png,0.3994910941475826,61.286285400390625
2318,kadid10k,kadid10k/i19,/home/sergey/iqa-data/kadid10k/images/I19_14_04.png,0.3740458015267176,55.68085479736328
2319,kadid10k,kadid10k/i19,/home/sergey/iqa-data/kadid10k/images/I19_14_05.png,0.1857506361323155,50.05406188964844
2320,kadid10k,kadid10k/i19,/home/sergey/iqa-data/kadid10k/images/I19_15_01.png,0.7455470737913487,54.75568389892578
2321,kadid10k,kadid10k/i19,/home/sergey/iqa-data/kadid10k/images/I19_15_02.png,0.5089058524173028,52.77253723144531
2322,kadid10k,kadid10k/i19,/home/sergey/iqa-data/kadid10k/images/I19_15_03.png,0.4758269720101782,37.51344299316406
2323,kadid10k,kadid10k/i19,/home/sergey/iqa-data/kadid10k/images/I19_15_04.png,0.2213740458015267,30.523662567138672
2324,kadid10k,kadid10k/i19,/home/sergey/iqa-data/kadid10k/images/I19_15_05.png,0.1526717557251908,31.43357276916504
2325,kadid10k,kadid10k/i19,/home/sergey/iqa-data/kadid10k/images/I19_16_01.png,0.9083969465648856,50.59504318237305
2326,kadid10k,kadid10k/i19,/home/sergey/iqa-data/kadid10k/images/I19_16_02.png,0.9083969465648856,48.938690185546875
2327,kadid10k,kadid10k/i19,/home/sergey/iqa-data/kadid10k/images/I19_16_03.png,0.796437659033079,45.26466369628906
2328,kadid10k,kadid10k/i19,/home/sergey/iqa-data/kadid10k/images/I19_16_04.png,0.3816793893129771,42.38875198364258
2329,kadid10k,kadid10k/i19,/home/sergey/iqa-data/kadid10k/images/I19_16_05.png,0.1959287531806616,40.407249450683594
2330,kadid10k,kadid10k/i19,/home/sergey/iqa-data/kadid10k/images/I19_17_01.png,0.89058524173028,51.46671676635742
2331,kadid10k,kadid10k/i19,/home/sergey/iqa-data/kadid10k/images/I19_17_02.png,0.8829516539440203,51.623172760009766
2332,kadid10k,kadid10k/i19,/home/sergey/iqa-data/kadid10k/images/I19_17_03.png,0.89058524173028,50.86548614501953
2333,kadid10k,kadid10k/i19,/home/sergey/iqa-data/kadid10k/images/I19_17_04.png,0.7175572519083969,47.51074981689453
2334,kadid10k,kadid10k/i19,/home/sergey/iqa-data/kadid10k/images/I19_17_05.png,0.3740458015267176,38.792579650878906
2335,kadid10k,kadid10k/i19,/home/sergey/iqa-data/kadid10k/images/I19_18_01.png,0.89058524173028,46.88911437988281
2336,kadid10k,kadid10k/i19,/home/sergey/iqa-data/kadid10k/images/I19_18_02.png,0.83206106870229,49.32030487060547
2337,kadid10k,kadid10k/i19,/home/sergey/iqa-data/kadid10k/images/I19_18_03.png,0.9414758269720104,51.23855972290039
2338,kadid10k,kadid10k/i19,/home/sergey/iqa-data/kadid10k/images/I19_18_04.png,0.83206106870229,50.385498046875
2339,kadid10k,kadid10k/i19,/home/sergey/iqa-data/kadid10k/images/I19_18_05.png,0.7379134860050891,48.32453536987305
2340,kadid10k,kadid10k/i19,/home/sergey/iqa-data/kadid10k/images/I19_19_01.png,0.83206106870229,51.718563079833984
2341,kadid10k,kadid10k/i19,/home/sergey/iqa-data/kadid10k/images/I19_19_02.png,0.7201017811704835,53.1207389831543
2342,kadid10k,kadid10k/i19,/home/sergey/iqa-data/kadid10k/images/I19_19_03.png,0.4249363867684478,54.90707015991211
2343,kadid10k,kadid10k/i19,/home/sergey/iqa-data/kadid10k/images/I19_19_04.png,0.1450381679389313,58.34893798828125
2344,kadid10k,kadid10k/i19,/home/sergey/iqa-data/kadid10k/images/I19_19_05.png,0.0483460559796437,46.84869384765625
2345,kadid10k,kadid10k/i19,/home/sergey/iqa-data/kadid10k/images/I19_20_01.png,0.796437659033079,51.51329040527344
2346,kadid10k,kadid10k/i19,/home/sergey/iqa-data/kadid10k/images/I19_20_02.png,0.7455470737913487,50.7114143371582
2347,kadid10k,kadid10k/i19,/home/sergey/iqa-data/kadid10k/images/I19_20_03.png,0.5267175572519084,49.93438720703125
2348,kadid10k,kadid10k/i19,/home/sergey/iqa-data/kadid10k/images/I19_20_04.png,0.4249363867684478,50.76222229003906
2349,kadid10k,kadid10k/i19,/home/sergey/iqa-data/kadid10k/images/I19_20_05.png,0.3486005089058525,50.13910675048828
2350,kadid10k,kadid10k/i19,/home/sergey/iqa-data/kadid10k/images/I19_21_01.png,0.7633587786259542,52.74273681640625
2351,kadid10k,kadid10k/i19,/home/sergey/iqa-data/kadid10k/images/I19_21_02.png,0.6284987277353691,53.54278564453125
2352,kadid10k,kadid10k/i19,/home/sergey/iqa-data/kadid10k/images/I19_21_03.png,0.4580152671755725,49.784934997558594
2353,kadid10k,kadid10k/i19,/home/sergey/iqa-data/kadid10k/images/I19_21_04.png,0.4580152671755725,46.73760986328125
2354,kadid10k,kadid10k/i19,/home/sergey/iqa-data/kadid10k/images/I19_21_05.png,0.2111959287531807,41.754756927490234
2355,kadid10k,kadid10k/i19,/home/sergey/iqa-data/kadid10k/images/I19_22_01.png,0.8651399491094149,51.3049430847168
2356,kadid10k,kadid10k/i19,/home/sergey/iqa-data/kadid10k/images/I19_22_02.png,0.7888040712468193,52.01740264892578
2357,kadid10k,kadid10k/i19,/home/sergey/iqa-data/kadid10k/images/I19_22_03.png,0.6030534351145039,50.01869201660156
2358,kadid10k,kadid10k/i19,/home/sergey/iqa-data/kadid10k/images/I19_22_04.png,0.5852417302798982,51.638221740722656
2359,kadid10k,kadid10k/i19,/home/sergey/iqa-data/kadid10k/images/I19_22_05.png,0.4249363867684478,39.995574951171875
2360,kadid10k,kadid10k/i19,/home/sergey/iqa-data/kadid10k/images/I19_23_01.png,0.4834605597964376,53.4169807434082
2361,kadid10k,kadid10k/i19,/home/sergey/iqa-data/kadid10k/images/I19_23_02.png,0.3486005089058525,49.12849426269531
2362,kadid10k,kadid10k/i19,/home/sergey/iqa-data/kadid10k/images/I19_23_03.png,0.356234096692112,48.8459587097168
2363,kadid10k,kadid10k/i19,/home/sergey/iqa-data/kadid10k/images/I19_23_04.png,0.3384223918575064,51.58869171142578
2364,kadid10k,kadid10k/i19,/home/sergey/iqa-data/kadid10k/images/I19_23_05.png,0.2290076335877862,50.02775573730469
2365,kadid10k,kadid10k/i19,/home/sergey/iqa-data/kadid10k/images/I19_24_01.png,0.5852417302798982,51.343318939208984
2366,kadid10k,kadid10k/i19,/home/sergey/iqa-data/kadid10k/images/I19_24_02.png,0.2544529262086514,48.7423210144043
2367,kadid10k,kadid10k/i19,/home/sergey/iqa-data/kadid10k/images/I19_24_03.png,0.1603053435114503,49.283233642578125
2368,kadid10k,kadid10k/i19,/home/sergey/iqa-data/kadid10k/images/I19_24_04.png,0.1094147582697201,54.43977737426758
2369,kadid10k,kadid10k/i19,/home/sergey/iqa-data/kadid10k/images/I19_24_05.png,0.0585241730279898,57.65254592895508
2370,kadid10k,kadid10k/i19,/home/sergey/iqa-data/kadid10k/images/I19_25_01.png,0.6437659033078881,45.66712951660156
2371,kadid10k,kadid10k/i19,/home/sergey/iqa-data/kadid10k/images/I19_25_02.png,0.806615776081425,47.63637924194336
2372,kadid10k,kadid10k/i19,/home/sergey/iqa-data/kadid10k/images/I19_25_03.png,0.8778625954198475,49.198272705078125
2373,kadid10k,kadid10k/i19,/home/sergey/iqa-data/kadid10k/images/I19_25_04.png,0.8727735368956743,53.275936126708984
2374,kadid10k,kadid10k/i19,/home/sergey/iqa-data/kadid10k/images/I19_25_05.png,0.6437659033078881,53.79107666015625
3000,kadid10k,kadid10k/i25,/home/sergey/iqa-data/kadid10k/images/I25_01_01.png,0.8727735368956743,75.3752670288086
3001,kadid10k,kadid10k/i25,/home/sergey/iqa-data/kadid10k/images/I25_01_02.png,0.9236641221374048,72.76268005371094
3002,kadid10k,kadid10k/i25,/home/sergey/iqa-data/kadid10k/images/I25_01_03.png,0.5597964376590332,43.58943176269531
3003,kadid10k,kadid10k/i25,/home/sergey/iqa-data/kadid10k/images/I25_01_04.png,0.3307888040712468,25.815101623535156
3004,kadid10k,kadid10k/i25,/home/sergey/iqa-data/kadid10k/images/I25_01_05.png,0.094147582697201,21.855966567993164
3005,kadid10k,kadid10k/i25,/home/sergey/iqa-data/kadid10k/images/I25_02_01.png,0.806615776081425,67.62508392333984
3006,kadid10k,kadid10k/i25,/home/sergey/iqa-data/kadid10k/images/I25_02_02.png,0.4758269720101782,35.36555099487305
3007,kadid10k,kadid10k/i25,/home/sergey/iqa-data/kadid10k/images/I25_02_03.png,0.2213740458015267,25.557897567749023
3008,kadid10k,kadid10k/i25,/home/sergey/iqa-data/kadid10k/images/I25_02_04.png,0.1857506361323155,24.212383270263672
3009,kadid10k,kadid10k/i25,/home/sergey/iqa-data/kadid10k/images/I25_02_05.png,0.0763358778625954,21.809444427490234
3010,kadid10k,kadid10k/i25,/home/sergey/iqa-data/kadid10k/images/I25_03_01.png,0.9592875318066156,75.3752670288086
3011,kadid10k,kadid10k/i25,/home/sergey/iqa-data/kadid10k/images/I25_03_02.png,0.8727735368956743,70.90360260009766
3012,kadid10k,kadid10k/i25,/home/sergey/iqa-data/kadid10k/images/I25_03_03.png,0.534351145038168,45.793331146240234
3013,kadid10k,kadid10k/i25,/home/sergey/iqa-data/kadid10k/images/I25_03_04.png,0.4834605597964376,39.74268341064453
3014,kadid10k,kadid10k/i25,/home/sergey/iqa-data/kadid10k/images/I25_03_05.png,0.1857506361323155,29.88819694519043
3015,kadid10k,kadid10k/i25,/home/sergey/iqa-data/kadid10k/images/I25_04_01.png,0.8982188295165395,74.0470962524414
3016,kadid10k,kadid10k/i25,/home/sergey/iqa-data/kadid10k/images/I25_04_02.png,0.5165394402035624,70.46756744384766
3017,kadid10k,kadid10k/i25,/home/sergey/iqa-data/kadid10k/images/I25_04_03.png,0.2544529262086514,65.16483306884766
3018,kadid10k,kadid10k/i25,/home/sergey/iqa-data/kadid10k/images/I25_04_04.png,0.272264631043257,65.06002044677734
3019,kadid10k,kadid10k/i25,/home/sergey/iqa-data/kadid10k/images/I25_04_05.png,0.1653944020356234,64.78079986572266
3020,kadid10k,kadid10k/i25,/home/sergey/iqa-data/kadid10k/images/I25_05_01.png,0.89058524173028,71.95576477050781
3021,kadid10k,kadid10k/i25,/home/sergey/iqa-data/kadid10k/images/I25_05_02.png,0.4580152671755725,74.54730987548828
3022,kadid10k,kadid10k/i25,/home/sergey/iqa-data/kadid10k/images/I25_05_03.png,0.3129770992366412,75.30108642578125
3023,kadid10k,kadid10k/i25,/home/sergey/iqa-data/kadid10k/images/I25_05_04.png,0.3893129770992366,70.50711822509766
3024,kadid10k,kadid10k/i25,/home/sergey/iqa-data/kadid10k/images/I25_05_05.png,0.4402035623409669,69.02810668945312
3025,kadid10k,kadid10k/i25,/home/sergey/iqa-data/kadid10k/images/I25_06_01.png,0.8142493638676845,69.6412582397461
3026,kadid10k,kadid10k/i25,/home/sergey/iqa-data/kadid10k/images/I25_06_02.png,0.78117048346056,71.3025131225586
3027,kadid10k,kadid10k/i25,/home/sergey/iqa-data/kadid10k/images/I25_06_03.png,0.78117048346056,69.39498901367188
3028,kadid10k,kadid10k/i25,/home/sergey/iqa-data/kadid10k/images/I25_06_04.png,0.5597964376590332,63.88746643066406
3029,kadid10k,kadid10k/i25,/home/sergey/iqa-data/kadid10k/images/I25_06_05.png,0.3384223918575064,64.4703369140625
3030,kadid10k,kadid10k/i25,/home/sergey/iqa-data/kadid10k/images/I25_07_01.png,0.3816793893129771,73.23171997070312
3031,kadid10k,kadid10k/i25,/home/sergey/iqa-data/kadid10k/images/I25_07_02.png,0.3638676844783716,70.27494049072266
3032,kadid10k,kadid10k/i25,/home/sergey/iqa-data/kadid10k/images/I25_07_03.png,0.3638676844783716,68.11324310302734
3033,kadid10k,kadid10k/i25,/home/sergey/iqa-data/kadid10k/images/I25_07_04.png,0.3486005089058525,56.271602630615234
3034,kadid10k,kadid10k/i25,/home/sergey/iqa-data/kadid10k/images/I25_07_05.png,0.2468193384223918,73.99525451660156
3035,kadid10k,kadid10k/i25,/home/sergey/iqa-data/kadid10k/images/I25_08_01.png,0.94910941475827,75.3752670288086
3036,kadid10k,kadid10k/i25,/home/sergey/iqa-data/kadid10k/images/I25_08_02.png,0.5419847328244275,74.76231384277344
3037,kadid10k,kadid10k/i25,/home/sergey/iqa-data/kadid10k/images/I25_08_03.png,0.5419847328244275,73.1561508178711
3038,kadid10k,kadid10k/i25,/home/sergey/iqa-data/kadid10k/images/I25_08_04.png,0.178117048346056,66.99091339111328
3039,kadid10k,kadid10k/i25,/home/sergey/iqa-data/kadid10k/images/I25_08_05.png,0.0839694656488549,65.92915344238281
3040,kadid10k,kadid10k/i25,/home/sergey/iqa-data/kadid10k/images/I25_09_01.png,0.9414758269720104,75.183349609375
3041,kadid10k,kadid10k/i25,/home/sergey/iqa-data/kadid10k/images/I25_09_02.png,0.916030534351145,74.99213409423828
3042,kadid10k,kadid10k/i25,/home/sergey/iqa-data/kadid10k/images/I25_09_03.png,0.8142493638676845,73.58882141113281
3043,kadid10k,kadid10k/i25,/home/sergey/iqa-data/kadid10k/images/I25_09_04.png,0.5165394402035624,57.187713623046875
3044,kadid10k,kadid10k/i25,/home/sergey/iqa-data/kadid10k/images/I25_09_05.png,0.1348600508905852,30.320592880249023
3045,kadid10k,kadid10k/i25,/home/sergey/iqa-data/kadid10k/images/I25_10_01.png,0.8982188295165395,74.56652069091797
3046,kadid10k,kadid10k/i25,/home/sergey/iqa-data/kadid10k/images/I25_10_02.png,0.9236641221374048,73.80486297607422
3047,kadid10k,kadid10k/i25,/home/sergey/iqa-data/kadid10k/images/I25_10_03.png,0.8396946564885497,73.9354476928711
3048,kadid10k,kadid10k/i25,/home/sergey/iqa-data/kadid10k/images/I25_10_04.png,0.1526717557251908,48.50412368774414
3049,kadid10k,kadid10k/i25,/home/sergey/iqa-data/kadid10k/images/I25_10_05.png,0.0178117048346056,36.39973831176758
3050,kadid10k,kadid10k/i25,/home/sergey/iqa-data/kadid10k/images/I25_11_01.png,0.7888040712468193,69.65776824951172
3051,kadid10k,kadid10k/i25,/home/sergey/iqa-data/kadid10k/images/I25_11_02.png,0.6361323155216285,63.8869743347168
3052,kadid10k,kadid10k/i25,/home/sergey/iqa-data/kadid10k/images/I25_11_03.png,0.4834605597964376,60.737770080566406
3053,kadid10k,kadid10k/i25,/home/sergey/iqa-data/kadid10k/images/I25_11_04.png,0.450381679389313,57.025718688964844
3054,kadid10k,kadid10k/i25,/home/sergey/iqa-data/kadid10k/images/I25_11_05.png,0.3486005089058525,51.965789794921875
3055,kadid10k,kadid10k/i25,/home/sergey/iqa-data/kadid10k/images/I25_12_01.png,0.9083969465648856,72.13138580322266
3056,kadid10k,kadid10k/i25,/home/sergey/iqa-data/kadid10k/images/I25_12_02.png,0.6437659033078881,64.03504180908203
3057,kadid10k,kadid10k/i25,/home/sergey/iqa-data/kadid10k/images/I25_12_03.png,0.4834605597964376,62.88795471191406
3058,kadid10k,kadid10k/i25,/home/sergey/iqa-data/kadid10k/images/I25_12_04.png,0.3638676844783716,57.35099411010742
3059,kadid10k,kadid10k/i25,/home/sergey/iqa-data/kadid10k/images/I25_12_05.png,0.3129770992366412,55.698097229003906
3060,kadid10k,kadid10k/i25,/home/sergey/iqa-data/kadid10k/images/I25_13_01.png,0.6284987277353691,71.81204986572266
3061,kadid10k,kadid10k/i25,/home/sergey/iqa-data/kadid10k/images/I25_13_02.png,0.4605597964376591,69.0153579711914
3062,kadid10k,kadid10k/i25,/home/sergey/iqa-data/kadid10k/images/I25_13_03.png,0.3307888040712468,61.438045501708984
3063,kadid10k,kadid10k/i25,/home/sergey/iqa-data/kadid10k/images/I25_13_04.png,0.2977099236641221,50.844581604003906
3064,kadid10k,kadid10k/i25,/home/sergey/iqa-data/kadid10k/images/I25_13_05.png,0.2391857506361323,51.42321014404297
3065,kadid10k,kadid10k/i25,/home/sergey/iqa-data/kadid10k/images/I25_14_01.png,0.9083969465648856,74.592529296875
3066,kadid10k,kadid10k/i25,/home/sergey/iqa-data/kadid10k/images/I25_14_02.png,0.7709923664122139,72.60702514648438
3067,kadid10k,kadid10k/i25,/home/sergey/iqa-data/kadid10k/images/I25_14_03.png,0.6692111959287532,70.7181625366211
3068,kadid10k,kadid10k/i25,/home/sergey/iqa-data/kadid10k/images/I25_14_04.png,0.3231552162849873,66.7099838256836
3069,kadid10k,kadid10k/i25,/home/sergey/iqa-data/kadid10k/images/I25_14_05.png,0.2111959287531807,65.42171478271484
3070,kadid10k,kadid10k/i25,/home/sergey/iqa-data/kadid10k/images/I25_15_01.png,0.6692111959287532,60.6219482421875
3071,kadid10k,kadid10k/i25,/home/sergey/iqa-data/kadid10k/images/I25_15_02.png,0.3893129770992366,54.10344696044922
3072,kadid10k,kadid10k/i25,/home/sergey/iqa-data/kadid10k/images/I25_15_03.png,0.2468193384223918,50.58113098144531
3073,kadid10k,kadid10k/i25,/home/sergey/iqa-data/kadid10k/images/I25_15_04.png,0.0508905852417302,40.63842010498047
3074,kadid10k,kadid10k/i25,/home/sergey/iqa-data/kadid10k/images/I25_15_05.png,0.0763358778625954,45.69047546386719
3075,kadid10k,kadid10k/i25,/home/sergey/iqa-data/kadid10k/images/I25_16_01.png,0.9338422391857508,76.50589752197266
3076,kadid10k,kadid10k/i25,/home/sergey/iqa-data/kadid10k/images/I25_16_02.png,0.83206106870229,76.95906829833984
3077,kadid10k,kadid10k/i25,/home/sergey/iqa-data/kadid10k/images/I25_16_03.png,0.8447837150127228,76.99858093261719
3078,kadid10k,kadid10k/i25,/home/sergey/iqa-data/kadid10k/images/I25_16_04.png,0.6183206106870229,77.42467498779297
3079,kadid10k,kadid10k/i25,/home/sergey/iqa-data/kadid10k/images/I25_16_05.png,0.272264631043257,78.16516876220703
3080,kadid10k,kadid10k/i25,/home/sergey/iqa-data/kadid10k/images/I25_17_01.png,0.94910941475827,74.45075988769531
3081,kadid10k,kadid10k/i25,/home/sergey/iqa-data/kadid10k/images/I25_17_02.png,0.9414758269720104,73.28926086425781
3082,kadid10k,kadid10k/i25,/home/sergey/iqa-data/kadid10k/images/I25_17_03.png,0.89058524173028,69.80403900146484
3083,kadid10k,kadid10k/i25,/home/sergey/iqa-data/kadid10k/images/I25_17_04.png,0.6870229007633589,59.430049896240234
3084,kadid10k,kadid10k/i25,/home/sergey/iqa-data/kadid10k/images/I25_17_05.png,0.2035623409669211,44.12451171875
3085,kadid10k,kadid10k/i25,/home/sergey/iqa-data/kadid10k/images/I25_18_01.png,0.8727735368956743,76.74017333984375
3086,kadid10k,kadid10k/i25,/home/sergey/iqa-data/kadid10k/images/I25_18_02.png,0.94910941475827,76.26277160644531
3087,kadid10k,kadid10k/i25,/home/sergey/iqa-data/kadid10k/images/I25_18_03.png,0.9083969465648856,75.3752670288086
3088,kadid10k,kadid10k/i25,/home/sergey/iqa-data/kadid10k/images/I25_18_04.png,0.8829516539440203,71.49506378173828
3089,kadid10k,kadid10k/i25,/home/sergey/iqa-data/kadid10k/images/I25_18_05.png,0.6946564885496184,66.3615493774414
3090,kadid10k,kadid10k/i25,/home/sergey/iqa-data/kadid10k/images/I25_19_01.png,0.9592875318066156,75.54973602294922
3091,kadid10k,kadid10k/i25,/home/sergey/iqa-data/kadid10k/images/I25_19_02.png,0.8473282442748092,75.08123016357422
3092,kadid10k,kadid10k/i25,/home/sergey/iqa-data/kadid10k/images/I25_19_03.png,0.8396946564885497,74.87873077392578
3093,kadid10k,kadid10k/i25,/home/sergey/iqa-data/kadid10k/images/I25_19_04.png,0.4147582697201017,74.01318359375
3094,kadid10k,kadid10k/i25,/home/sergey/iqa-data/kadid10k/images/I25_19_05.png,0.1857506361323155,63.29637908935547
3095,kadid10k,kadid10k/i25,/home/sergey/iqa-data/kadid10k/images/I25_20_01.png,0.9236641221374048,75.34793853759766
3096,kadid10k,kadid10k/i25,/home/sergey/iqa-data/kadid10k/images/I25_20_02.png,0.7455470737913487,72.86821746826172
3097,kadid10k,kadid10k/i25,/home/sergey/iqa-data/kadid10k/images/I25_20_03.png,0.4580152671755725,73.5363998413086
3098,kadid10k,kadid10k/i25,/home/sergey/iqa-data/kadid10k/images/I25_20_04.png,0.6437659033078881,73.3671646118164
3099,kadid10k,kadid10k/i25,/home/sergey/iqa-data/kadid10k/images/I25_20_05.png,0.6106870229007634,74.01892852783203
3100,kadid10k,kadid10k/i25,/home/sergey/iqa-data/kadid10k/images/I25_21_01.png,0.9236641221374048,74.1805191040039
3101,kadid10k,kadid10k/i25,/home/sergey/iqa-data/kadid10k/images/I25_21_02.png,0.7633587786259542,75.31439208984375
3102,kadid10k,kadid10k/i25,/home/sergey/iqa-data/kadid10k/images/I25_21_03.png,0.6539440203562341,75.69397735595703
3103,kadid10k,kadid10k/i25,/home/sergey/iqa-data/kadid10k/images/I25_21_04.png,0.7709923664122139,74.97955322265625
3104,kadid10k,kadid10k/i25,/home/sergey/iqa-data/kadid10k/images/I25_21_05.png,0.3994910941475826,63.448158264160156
3105,kadid10k,kadid10k/i25,/home/sergey/iqa-data/kadid10k/images/I25_22_01.png,0.9083969465648856,74.69450378417969
3106,kadid10k,kadid10k/i25,/home/sergey/iqa-data/kadid10k/images/I25_22_02.png,0.8473282442748092,75.16342163085938
3107,kadid10k,kadid10k/i25,/home/sergey/iqa-data/kadid10k/images/I25_22_03.png,0.8396946564885497,74.46350860595703
3108,kadid10k,kadid10k/i25,/home/sergey/iqa-data/kadid10k/images/I25_22_04.png,0.7302798982188295,74.69730377197266
3109,kadid10k,kadid10k/i25,/home/sergey/iqa-data/kadid10k/images/I25_22_05.png,0.4580152671755725,74.69666290283203
3110,kadid10k,kadid10k/i25,/home/sergey/iqa-data/kadid10k/images/I25_23_01.png,0.3638676844783716,75.95315551757812
3111,kadid10k,kadid10k/i25,/home/sergey/iqa-data/kadid10k/images/I25_23_02.png,0.3486005089058525,73.9031753540039
3112,kadid10k,kadid10k/i25,/home/sergey/iqa-data/kadid10k/images/I25_23_03.png,0.3129770992366412,71.02392578125
3113,kadid10k,kadid10k/i25,/home/sergey/iqa-data/kadid10k/images/I25_23_04.png,0.2977099236641221,74.48179626464844
3114,kadid10k,kadid10k/i25,/home/sergey/iqa-data/kadid10k/images/I25_23_05.png,0.2544529262086514,73.04629516601562
3115,kadid10k,kadid10k/i25,/home/sergey/iqa-data/kadid10k/images/I25_24_01.png,0.7633587786259542,74.14982604980469
3116,kadid10k,kadid10k/i25,/home/sergey/iqa-data/kadid10k/images/I25_24_02.png,0.4147582697201017,73.43680572509766
3117,kadid10k,kadid10k/i25,/home/sergey/iqa-data/kadid10k/images/I25_24_03.png,0.3053435114503817,72.53077697753906
3118,kadid10k,kadid10k/i25,/home/sergey/iqa-data/kadid10k/images/I25_24_04.png,0.1450381679389313,70.87903594970703
3119,kadid10k,kadid10k/i25,/home/sergey/iqa-data/kadid10k/images/I25_24_05.png,0.0687022900763358,70.0824966430664
3120,kadid10k,kadid10k/i25,/home/sergey/iqa-data/kadid10k/images/I25_25_01.png,0.6437659033078881,65.97425079345703
3121,kadid10k,kadid10k/i25,/home/sergey/iqa-data/kadid10k/images/I25_25_02.png,0.7455470737913487,69.3564224243164
3122,kadid10k,kadid10k/i25,/home/sergey/iqa-data/kadid10k/images/I25_25_03.png,0.89058524173028,72.7472152709961
3123,kadid10k,kadid10k/i25,/home/sergey/iqa-data/kadid10k/images/I25_25_04.png,0.9338422391857508,76.2811508178711
3124,kadid10k,kadid10k/i25,/home/sergey/iqa-data/kadid10k/images/I25_25_05.png,0.6437659033078881,76.63089752197266
3250,kadid10k,kadid10k/i27,/home/sergey/iqa-data/kadid10k/images/I27_01_01.png,0.8982188295165395,75.4552993774414
3251,kadid10k,kadid10k/i27,/home/sergey/iqa-data/kadid10k/images/I27_01_02.png,0.806615776081425,74.45349884033203
3252,kadid10k,kadid10k/i27,/home/sergey/iqa-data/kadid10k/images/I27_01_03.png,0.356234096692112,62.760650634765625
3253,kadid10k,kadid10k/i27,/home/sergey/iqa-data/kadid10k/images/I27_01_04.png,0.1704834605597964,33.95526123046875
3254,kadid10k,kadid10k/i27,/home/sergey/iqa-data/kadid10k/images/I27_01_05.png,0.0508905852417302,27.52032470703125
3255,kadid10k,kadid10k/i27,/home/sergey/iqa-data/kadid10k/images/I27_02_01.png,0.6437659033078881,72.44964599609375
3256,kadid10k,kadid10k/i27,/home/sergey/iqa-data/kadid10k/images/I27_02_02.png,0.2798982188295166,50.391300201416016
3257,kadid10k,kadid10k/i27,/home/sergey/iqa-data/kadid10k/images/I27_02_03.png,0.178117048346056,31.65912628173828
3258,kadid10k,kadid10k/i27,/home/sergey/iqa-data/kadid10k/images/I27_02_04.png,0.0839694656488549,27.588878631591797
3259,kadid10k,kadid10k/i27,/home/sergey/iqa-data/kadid10k/images/I27_02_05.png,0.0432569974554707,26.590543746948242
3260,kadid10k,kadid10k/i27,/home/sergey/iqa-data/kadid10k/images/I27_03_01.png,0.8651399491094149,75.4552993774414
3261,kadid10k,kadid10k/i27,/home/sergey/iqa-data/kadid10k/images/I27_03_02.png,0.5776081424936387,73.69962310791016
3262,kadid10k,kadid10k/i27,/home/sergey/iqa-data/kadid10k/images/I27_03_03.png,0.3816793893129771,64.2109603881836
3263,kadid10k,kadid10k/i27,/home/sergey/iqa-data/kadid10k/images/I27_03_04.png,0.1272264631043257,52.02235412597656
3264,kadid10k,kadid10k/i27,/home/sergey/iqa-data/kadid10k/images/I27_03_05.png,0.1704834605597964,41.3264045715332
3265,kadid10k,kadid10k/i27,/home/sergey/iqa-data/kadid10k/images/I27_04_01.png,0.7888040712468193,74.93941497802734
3266,kadid10k,kadid10k/i27,/home/sergey/iqa-data/kadid10k/images/I27_04_02.png,0.3231552162849873,76.60332489013672
3267,kadid10k,kadid10k/i27,/home/sergey/iqa-data/kadid10k/images/I27_04_03.png,0.1959287531806616,77.50484466552734
3268,kadid10k,kadid10k/i27,/home/sergey/iqa-data/kadid10k/images/I27_04_04.png,0.0432569974554707,77.04046630859375
3269,kadid10k,kadid10k/i27,/home/sergey/iqa-data/kadid10k/images/I27_04_05.png,0.0687022900763358,77.51187896728516
3270,kadid10k,kadid10k/i27,/home/sergey/iqa-data/kadid10k/images/I27_05_01.png,0.7633587786259542,76.27969360351562
3271,kadid10k,kadid10k/i27,/home/sergey/iqa-data/kadid10k/images/I27_05_02.png,0.2366412213740458,77.72867584228516
3272,kadid10k,kadid10k/i27,/home/sergey/iqa-data/kadid10k/images/I27_05_03.png,0.1450381679389313,78.8418197631836
3273,kadid10k,kadid10k/i27,/home/sergey/iqa-data/kadid10k/images/I27_05_04.png,0.1603053435114503,78.73394775390625
3274,kadid10k,kadid10k/i27,/home/sergey/iqa-data/kadid10k/images/I27_05_05.png,0.094147582697201,78.51227569580078
3275,kadid10k,kadid10k/i27,/home/sergey/iqa-data/kadid10k/images/I27_06_01.png,0.8575063613231553,75.2258529663086
3276,kadid10k,kadid10k/i27,/home/sergey/iqa-data/kadid10k/images/I27_06_02.png,0.7888040712468193,75.22440338134766
3277,kadid10k,kadid10k/i27,/home/sergey/iqa-data/kadid10k/images/I27_06_03.png,0.6437659033078881,74.40068817138672
3278,kadid10k,kadid10k/i27,/home/sergey/iqa-data/kadid10k/images/I27_06_04.png,0.5521628498727735,73.17367553710938
3279,kadid10k,kadid10k/i27,/home/sergey/iqa-data/kadid10k/images/I27_06_05.png,0.2977099236641221,74.0048599243164
3280,kadid10k,kadid10k/i27,/home/sergey/iqa-data/kadid10k/images/I27_07_01.png,0.356234096692112,75.6622314453125
3281,kadid10k,kadid10k/i27,/home/sergey/iqa-data/kadid10k/images/I27_07_02.png,0.2544529262086514,74.31009674072266
3282,kadid10k,kadid10k/i27,/home/sergey/iqa-data/kadid10k/images/I27_07_03.png,0.1704834605597964,68.5014419555664
3283,kadid10k,kadid10k/i27,/home/sergey/iqa-data/kadid10k/images/I27_07_04.png,0.2544529262086514,51.79096603393555
3284,kadid10k,kadid10k/i27,/home/sergey/iqa-data/kadid10k/images/I27_07_05.png,0.178117048346056,75.11348724365234
3285,kadid10k,kadid10k/i27,/home/sergey/iqa-data/kadid10k/images/I27_08_01.png,0.8727735368956743,75.4552993774414
3286,kadid10k,kadid10k/i27,/home/sergey/iqa-data/kadid10k/images/I27_08_02.png,0.5419847328244275,75.25519561767578
3287,kadid10k,kadid10k/i27,/home/sergey/iqa-data/kadid10k/images/I27_08_03.png,0.3384223918575064,75.82859802246094
3288,kadid10k,kadid10k/i27,/home/sergey/iqa-data/kadid10k/images/I27_08_04.png,0.1272264631043257,75.1829605102539
3289,kadid10k,kadid10k/i27,/home/sergey/iqa-data/kadid10k/images/I27_08_05.png,0.1272264631043257,74.25472259521484
3290,kadid10k,kadid10k/i27,/home/sergey/iqa-data/kadid10k/images/I27_09_01.png,0.8829516539440203,75.02808380126953
3291,kadid10k,kadid10k/i27,/home/sergey/iqa-data/kadid10k/images/I27_09_02.png,0.8218829516539442,74.95482635498047
3292,kadid10k,kadid10k/i27,/home/sergey/iqa-data/kadid10k/images/I27_09_03.png,0.83206106870229,74.5802993774414
3293,kadid10k,kadid10k/i27,/home/sergey/iqa-data/kadid10k/images/I27_09_04.png,0.3486005089058525,72.43856048583984
3294,kadid10k,kadid10k/i27,/home/sergey/iqa-data/kadid10k/images/I27_09_05.png,0.0432569974554707,49.08415985107422
3295,kadid10k,kadid10k/i27,/home/sergey/iqa-data/kadid10k/images/I27_10_01.png,0.7557251908396948,74.6955795288086
3296,kadid10k,kadid10k/i27,/home/sergey/iqa-data/kadid10k/images/I27_10_02.png,0.7379134860050891,74.46385955810547
3297,kadid10k,kadid10k/i27,/home/sergey/iqa-data/kadid10k/images/I27_10_03.png,0.6539440203562341,73.66996002197266
3298,kadid10k,kadid10k/i27,/home/sergey/iqa-data/kadid10k/images/I27_10_04.png,0.1704834605597964,74.51727294921875
3299,kadid10k,kadid10k/i27,/home/sergey/iqa-data/kadid10k/images/I27_10_05.png,0.1195928753180661,64.13471221923828
3300,kadid10k,kadid10k/i27,/home/sergey/iqa-data/kadid10k/images/I27_11_01.png,0.5674300254452926,76.09392547607422
3301,kadid10k,kadid10k/i27,/home/sergey/iqa-data/kadid10k/images/I27_11_02.png,0.5089058524173028,75.56512451171875
3302,kadid10k,kadid10k/i27,/home/sergey/iqa-data/kadid10k/images/I27_11_03.png,0.4147582697201017,74.87249755859375
3303,kadid10k,kadid10k/i27,/home/sergey/iqa-data/kadid10k/images/I27_11_04.png,0.3384223918575064,73.80298614501953
3304,kadid10k,kadid10k/i27,/home/sergey/iqa-data/kadid10k/images/I27_11_05.png,0.2213740458015267,72.6238021850586
3305,kadid10k,kadid10k/i27,/home/sergey/iqa-data/kadid10k/images/I27_12_01.png,0.8218829516539442,76.32434844970703
3306,kadid10k,kadid10k/i27,/home/sergey/iqa-data/kadid10k/images/I27_12_02.png,0.5597964376590332,75.33919525146484
3307,kadid10k,kadid10k/i27,/home/sergey/iqa-data/kadid10k/images/I27_12_03.png,0.4147582697201017,75.21314239501953
3308,kadid10k,kadid10k/i27,/home/sergey/iqa-data/kadid10k/images/I27_12_04.png,0.3307888040712468,72.62874603271484
3309,kadid10k,kadid10k/i27,/home/sergey/iqa-data/kadid10k/images/I27_12_05.png,0.2468193384223918,72.08892822265625
3310,kadid10k,kadid10k/i27,/home/sergey/iqa-data/kadid10k/images/I27_13_01.png,0.6946564885496184,75.84503936767578
3311,kadid10k,kadid10k/i27,/home/sergey/iqa-data/kadid10k/images/I27_13_02.png,0.5089058524173028,75.07268524169922
3312,kadid10k,kadid10k/i27,/home/sergey/iqa-data/kadid10k/images/I27_13_03.png,0.4147582697201017,73.98949432373047
3313,kadid10k,kadid10k/i27,/home/sergey/iqa-data/kadid10k/images/I27_13_04.png,0.3307888040712468,74.1731948852539
3314,kadid10k,kadid10k/i27,/home/sergey/iqa-data/kadid10k/images/I27_13_05.png,0.2798982188295166,73.13794708251953
3315,kadid10k,kadid10k/i27,/home/sergey/iqa-data/kadid10k/images/I27_14_01.png,0.6793893129770993,76.1860580444336
3316,kadid10k,kadid10k/i27,/home/sergey/iqa-data/kadid10k/images/I27_14_02.png,0.5012722646310434,75.66999053955078
3317,kadid10k,kadid10k/i27,/home/sergey/iqa-data/kadid10k/images/I27_14_03.png,0.2951653944020357,74.1987075805664
3318,kadid10k,kadid10k/i27,/home/sergey/iqa-data/kadid10k/images/I27_14_04.png,0.2798982188295166,74.56925201416016
3319,kadid10k,kadid10k/i27,/home/sergey/iqa-data/kadid10k/images/I27_14_05.png,0.1603053435114503,74.1076889038086
3320,kadid10k,kadid10k/i27,/home/sergey/iqa-data/kadid10k/images/I27_15_01.png,0.7048346055979644,75.92539978027344
3321,kadid10k,kadid10k/i27,/home/sergey/iqa-data/kadid10k/images/I27_15_02.png,0.356234096692112,75.98070526123047
3322,kadid10k,kadid10k/i27,/home/sergey/iqa-data/kadid10k/images/I27_15_03.png,0.2875318066157761,75.00975036621094
3323,kadid10k,kadid10k/i27,/home/sergey/iqa-data/kadid10k/images/I27_15_04.png,0.1959287531806616,70.14425659179688
3324,kadid10k,kadid10k/i27,/home/sergey/iqa-data/kadid10k/images/I27_15_05.png,0.1323155216284987,63.1395378112793
3325,kadid10k,kadid10k/i27,/home/sergey/iqa-data/kadid10k/images/I27_16_01.png,0.83206106870229,75.73145294189453
3326,kadid10k,kadid10k/i27,/home/sergey/iqa-data/kadid10k/images/I27_16_02.png,0.6870229007633589,75.9999771118164
3327,kadid10k,kadid10k/i27,/home/sergey/iqa-data/kadid10k/images/I27_16_03.png,0.450381679389313,76.45149993896484
3328,kadid10k,kadid10k/i27,/home/sergey/iqa-data/kadid10k/images/I27_16_04.png,0.2035623409669211,74.23030090332031
3329,kadid10k,kadid10k/i27,/home/sergey/iqa-data/kadid10k/images/I27_16_05.png,0.1195928753180661,68.13381958007812
3330,kadid10k,kadid10k/i27,/home/sergey/iqa-data/kadid10k/images/I27_17_01.png,0.9083969465648856,75.31348419189453
3331,kadid10k,kadid10k/i27,/home/sergey/iqa-data/kadid10k/images/I27_17_02.png,0.8727735368956743,75.17235565185547
3332,kadid10k,kadid10k/i27,/home/sergey/iqa-data/kadid10k/images/I27_17_03.png,0.7557251908396948,74.82665252685547
3333,kadid10k,kadid10k/i27,/home/sergey/iqa-data/kadid10k/images/I27_17_04.png,0.712468193384224,72.53356170654297
3334,kadid10k,kadid10k/i27,/home/sergey/iqa-data/kadid10k/images/I27_17_05.png,0.5674300254452926,69.4275131225586
3335,kadid10k,kadid10k/i27,/home/sergey/iqa-data/kadid10k/images/I27_18_01.png,0.6615776081424937,75.59334564208984
3336,kadid10k,kadid10k/i27,/home/sergey/iqa-data/kadid10k/images/I27_18_02.png,0.7709923664122139,75.52345275878906
3337,kadid10k,kadid10k/i27,/home/sergey/iqa-data/kadid10k/images/I27_18_03.png,0.9083969465648856,75.4552993774414
3338,kadid10k,kadid10k/i27,/home/sergey/iqa-data/kadid10k/images/I27_18_04.png,0.8982188295165395,75.38697052001953
3339,kadid10k,kadid10k/i27,/home/sergey/iqa-data/kadid10k/images/I27_18_05.png,0.7709923664122139,75.2667465209961
3340,kadid10k,kadid10k/i27,/home/sergey/iqa-data/kadid10k/images/I27_19_01.png,0.7709923664122139,75.14322662353516
3341,kadid10k,kadid10k/i27,/home/sergey/iqa-data/kadid10k/images/I27_19_02.png,0.712468193384224,74.4690170288086
3342,kadid10k,kadid10k/i27,/home/sergey/iqa-data/kadid10k/images/I27_19_03.png,0.3816793893129771,72.29235076904297
3343,kadid10k,kadid10k/i27,/home/sergey/iqa-data/kadid10k/images/I27_19_04.png,0.1348600508905852,75.01268768310547
3344,kadid10k,kadid10k/i27,/home/sergey/iqa-data/kadid10k/images/I27_19_05.png,0.0254452926208651,74.18338775634766
3345,kadid10k,kadid10k/i27,/home/sergey/iqa-data/kadid10k/images/I27_20_01.png,0.8982188295165395,75.53333282470703
3346,kadid10k,kadid10k/i27,/home/sergey/iqa-data/kadid10k/images/I27_20_02.png,0.450381679389313,75.8282241821289
3347,kadid10k,kadid10k/i27,/home/sergey/iqa-data/kadid10k/images/I27_20_03.png,0.6284987277353691,75.81681823730469
3348,kadid10k,kadid10k/i27,/home/sergey/iqa-data/kadid10k/images/I27_20_04.png,0.3129770992366412,75.78899383544922
3349,kadid10k,kadid10k/i27,/home/sergey/iqa-data/kadid10k/images/I27_20_05.png,0.3740458015267176,75.09138488769531
3350,kadid10k,kadid10k/i27,/home/sergey/iqa-data/kadid10k/images/I27_21_01.png,0.6284987277353691,73.9968032836914
3351,kadid10k,kadid10k/i27,/home/sergey/iqa-data/kadid10k/images/I27_21_02.png,0.2875318066157761,73.3792495727539
3352,kadid10k,kadid10k/i27,/home/sergey/iqa-data/kadid10k/images/I27_21_03.png,0.3486005089058525,74.25797271728516
3353,kadid10k,kadid10k/i27,/home/sergey/iqa-data/kadid10k/images/I27_21_04.png,0.2137404580152672,74.84803771972656
3354,kadid10k,kadid10k/i27,/home/sergey/iqa-data/kadid10k/images/I27_21_05.png,0.0432569974554707,71.45287322998047
3355,kadid10k,kadid10k/i27,/home/sergey/iqa-data/kadid10k/images/I27_22_01.png,0.7379134860050891,75.69454193115234
3356,kadid10k,kadid10k/i27,/home/sergey/iqa-data/kadid10k/images/I27_22_02.png,0.6870229007633589,75.12084197998047
3357,kadid10k,kadid10k/i27,/home/sergey/iqa-data/kadid10k/images/I27_22_03.png,0.6106870229007634,74.83182525634766
3358,kadid10k,kadid10k/i27,/home/sergey/iqa-data/kadid10k/images/I27_22_04.png,0.3053435114503817,73.82638549804688
3359,kadid10k,kadid10k/i27,/home/sergey/iqa-data/kadid10k/images/I27_22_05.png,0.2468193384223918,74.16524505615234
3360,kadid10k,kadid10k/i27,/home/sergey/iqa-data/kadid10k/images/I27_23_01.png,0.3893129770992366,76.75199127197266
3361,kadid10k,kadid10k/i27,/home/sergey/iqa-data/kadid10k/images/I27_23_02.png,0.356234096692112,76.5848617553711
3362,kadid10k,kadid10k/i27,/home/sergey/iqa-data/kadid10k/images/I27_23_03.png,0.3740458015267176,77.30241394042969
3363,kadid10k,kadid10k/i27,/home/sergey/iqa-data/kadid10k/images/I27_23_04.png,0.3384223918575064,76.95909881591797
3364,kadid10k,kadid10k/i27,/home/sergey/iqa-data/kadid10k/images/I27_23_05.png,0.2875318066157761,76.89488983154297
3365,kadid10k,kadid10k/i27,/home/sergey/iqa-data/kadid10k/images/I27_24_01.png,0.4656488549618321,74.89136505126953
3366,kadid10k,kadid10k/i27,/home/sergey/iqa-data/kadid10k/images/I27_24_02.png,0.2798982188295166,73.45890808105469
3367,kadid10k,kadid10k/i27,/home/sergey/iqa-data/kadid10k/images/I27_24_03.png,0.1704834605597964,72.27005004882812
3368,kadid10k,kadid10k/i27,/home/sergey/iqa-data/kadid10k/images/I27_24_04.png,0.094147582697201,71.51128387451172
3369,kadid10k,kadid10k/i27,/home/sergey/iqa-data/kadid10k/images/I27_24_05.png,0.0330788804071246,72.53524017333984
3370,kadid10k,kadid10k/i27,/home/sergey/iqa-data/kadid10k/images/I27_25_01.png,0.5674300254452926,75.81390380859375
3371,kadid10k,kadid10k/i27,/home/sergey/iqa-data/kadid10k/images/I27_25_02.png,0.6946564885496184,75.7131576538086
3372,kadid10k,kadid10k/i27,/home/sergey/iqa-data/kadid10k/images/I27_25_03.png,0.7709923664122139,75.63591766357422
3373,kadid10k,kadid10k/i27,/home/sergey/iqa-data/kadid10k/images/I27_25_04.png,0.7633587786259542,75.42012023925781
3374,kadid10k,kadid10k/i27,/home/sergey/iqa-data/kadid10k/images/I27_25_05.png,0.5267175572519084,75.61138153076172
3375,kadid10k,kadid10k/i28,/home/sergey/iqa-data/kadid10k/images/I28_01_01.png,0.9083969465648856,65.62078094482422
3376,kadid10k,kadid10k/i28,/home/sergey/iqa-data/kadid10k/images/I28_01_02.png,0.9363867684478372,65.03382110595703
3377,kadid10k,kadid10k/i28,/home/sergey/iqa-data/kadid10k/images/I28_01_03.png,0.7633587786259542,57.723915100097656
3378,kadid10k,kadid10k/i28,/home/sergey/iqa-data/kadid10k/images/I28_01_04.png,0.3027989821882951,29.74526596069336
3379,kadid10k,kadid10k/i28,/home/sergey/iqa-data/kadid10k/images/I28_01_05.png,0.094147582697201,24.129058837890625
3380,kadid10k,kadid10k/i28,/home/sergey/iqa-data/kadid10k/images/I28_02_01.png,0.8218829516539442,63.09736633300781
3381,kadid10k,kadid10k/i28,/home/sergey/iqa-data/kadid10k/images/I28_02_02.png,0.5597964376590332,53.35771560668945
3382,kadid10k,kadid10k/i28,/home/sergey/iqa-data/kadid10k/images/I28_02_03.png,0.2366412213740458,27.69524574279785
3383,kadid10k,kadid10k/i28,/home/sergey/iqa-data/kadid10k/images/I28_02_04.png,0.1704834605597964,24.930334091186523
3384,kadid10k,kadid10k/i28,/home/sergey/iqa-data/kadid10k/images/I28_02_05.png,0.1450381679389313,24.30716896057129
3385,kadid10k,kadid10k/i28,/home/sergey/iqa-data/kadid10k/images/I28_03_01.png,0.8829516539440203,65.62078094482422
3386,kadid10k,kadid10k/i28,/home/sergey/iqa-data/kadid10k/images/I28_03_02.png,0.8727735368956743,64.79336547851562
3387,kadid10k,kadid10k/i28,/home/sergey/iqa-data/kadid10k/images/I28_03_03.png,0.7379134860050891,57.20890808105469
3388,kadid10k,kadid10k/i28,/home/sergey/iqa-data/kadid10k/images/I28_03_04.png,0.4402035623409669,42.149864196777344
3389,kadid10k,kadid10k/i28,/home/sergey/iqa-data/kadid10k/images/I28_03_05.png,0.2977099236641221,34.53092575073242
3390,kadid10k,kadid10k/i28,/home/sergey/iqa-data/kadid10k/images/I28_04_01.png,0.806615776081425,64.9151611328125
3391,kadid10k,kadid10k/i28,/home/sergey/iqa-data/kadid10k/images/I28_04_02.png,0.3638676844783716,62.880428314208984
3392,kadid10k,kadid10k/i28,/home/sergey/iqa-data/kadid10k/images/I28_04_03.png,0.1272264631043257,62.46747589111328
3393,kadid10k,kadid10k/i28,/home/sergey/iqa-data/kadid10k/images/I28_04_04.png,0.0839694656488549,63.746864318847656
3394,kadid10k,kadid10k/i28,/home/sergey/iqa-data/kadid10k/images/I28_04_05.png,0.0178117048346056,56.94314956665039
3395,kadid10k,kadid10k/i28,/home/sergey/iqa-data/kadid10k/images/I28_05_01.png,0.8473282442748092,64.53209686279297
3396,kadid10k,kadid10k/i28,/home/sergey/iqa-data/kadid10k/images/I28_05_02.png,0.5776081424936387,64.94068908691406
3397,kadid10k,kadid10k/i28,/home/sergey/iqa-data/kadid10k/images/I28_05_03.png,0.6183206106870229,65.8869400024414
3398,kadid10k,kadid10k/i28,/home/sergey/iqa-data/kadid10k/images/I28_05_04.png,0.534351145038168,66.2954330444336
3399,kadid10k,kadid10k/i28,/home/sergey/iqa-data/kadid10k/images/I28_05_05.png,0.5089058524173028,65.4555892944336
3400,kadid10k,kadid10k/i28,/home/sergey/iqa-data/kadid10k/images/I28_06_01.png,0.6946564885496184,61.27397537231445
3401,kadid10k,kadid10k/i28,/home/sergey/iqa-data/kadid10k/images/I28_06_02.png,0.6615776081424937,61.97105026245117
3402,kadid10k,kadid10k/i28,/home/sergey/iqa-data/kadid10k/images/I28_06_03.png,0.648854961832061,59.68359375
3403,kadid10k,kadid10k/i28,/home/sergey/iqa-data/kadid10k/images/I28_06_04.png,0.6106870229007634,60.04574966430664
3404,kadid10k,kadid10k/i28,/home/sergey/iqa-data/kadid10k/images/I28_06_05.png,0.3740458015267176,68.643798828125
3405,kadid10k,kadid10k/i28,/home/sergey/iqa-data/kadid10k/images/I28_07_01.png,0.3740458015267176,68.5827407836914
3406,kadid10k,kadid10k/i28,/home/sergey/iqa-data/kadid10k/images/I28_07_02.png,0.356234096692112,68.46752166748047
3407,kadid10k,kadid10k/i28,/home/sergey/iqa-data/kadid10k/images/I28_07_03.png,0.2366412213740458,68.5204849243164
3408,kadid10k,kadid10k/i28,/home/sergey/iqa-data/kadid10k/images/I28_07_04.png,0.2213740458015267,63.81481170654297
3409,kadid10k,kadid10k/i28,/home/sergey/iqa-data/kadid10k/images/I28_07_05.png,0.2544529262086514,67.6043701171875
3410,kadid10k,kadid10k/i28,/home/sergey/iqa-data/kadid10k/images/I28_08_01.png,0.94910941475827,65.62078094482422
3411,kadid10k,kadid10k/i28,/home/sergey/iqa-data/kadid10k/images/I28_08_02.png,0.6437659033078881,64.9800796508789
3412,kadid10k,kadid10k/i28,/home/sergey/iqa-data/kadid10k/images/I28_08_03.png,0.3740458015267176,66.49024200439453
3413,kadid10k,kadid10k/i28,/home/sergey/iqa-data/kadid10k/images/I28_08_04.png,0.1450381679389313,69.83357238769531
3414,kadid10k,kadid10k/i28,/home/sergey/iqa-data/kadid10k/images/I28_08_05.png,0.1017811704834605,69.50615692138672
3415,kadid10k,kadid10k/i28,/home/sergey/iqa-data/kadid10k/images/I28_09_01.png,0.8651399491094149,65.32891082763672
3416,kadid10k,kadid10k/i28,/home/sergey/iqa-data/kadid10k/images/I28_09_02.png,0.8218829516539442,61.812278747558594
3417,kadid10k,kadid10k/i28,/home/sergey/iqa-data/kadid10k/images/I28_09_03.png,0.8829516539440203,58.90624237060547
3418,kadid10k,kadid10k/i28,/home/sergey/iqa-data/kadid10k/images/I28_09_04.png,0.5089058524173028,45.82715606689453
3419,kadid10k,kadid10k/i28,/home/sergey/iqa-data/kadid10k/images/I28_09_05.png,0.1017811704834605,25.332822799682617
3420,kadid10k,kadid10k/i28,/home/sergey/iqa-data/kadid10k/images/I28_10_01.png,0.8218829516539442,62.49065399169922
3421,kadid10k,kadid10k/i28,/home/sergey/iqa-data/kadid10k/images/I28_10_02.png,0.796437659033079,62.59164810180664
3422,kadid10k,kadid10k/i28,/home/sergey/iqa-data/kadid10k/images/I28_10_03.png,0.712468193384224,61.24653625488281
3423,kadid10k,kadid10k/i28,/home/sergey/iqa-data/kadid10k/images/I28_10_04.png,0.2620865139949109,51.231292724609375
3424,kadid10k,kadid10k/i28,/home/sergey/iqa-data/kadid10k/images/I28_10_05.png,0.0763358778625954,36.48522186279297
3425,kadid10k,kadid10k/i28,/home/sergey/iqa-data/kadid10k/images/I28_11_01.png,0.7888040712468193,64.4691390991211
3426,kadid10k,kadid10k/i28,/home/sergey/iqa-data/kadid10k/images/I28_11_02.png,0.6284987277353691,61.299163818359375
3427,kadid10k,kadid10k/i28,/home/sergey/iqa-data/kadid10k/images/I28_11_03.png,0.4910941475826972,60.197967529296875
3428,kadid10k,kadid10k/i28,/home/sergey/iqa-data/kadid10k/images/I28_11_04.png,0.4325699745547074,56.448734283447266
3429,kadid10k,kadid10k/i28,/home/sergey/iqa-data/kadid10k/images/I28_11_05.png,0.3384223918575064,54.903663635253906
3430,kadid10k,kadid10k/i28,/home/sergey/iqa-data/kadid10k/images/I28_12_01.png,0.8829516539440203,66.1565170288086
3431,kadid10k,kadid10k/i28,/home/sergey/iqa-data/kadid10k/images/I28_12_02.png,0.6615776081424937,62.55830383300781
3432,kadid10k,kadid10k/i28,/home/sergey/iqa-data/kadid10k/images/I28_12_03.png,0.5597964376590332,59.51891326904297
3433,kadid10k,kadid10k/i28,/home/sergey/iqa-data/kadid10k/images/I28_12_04.png,0.4249363867684478,56.86921310424805
3434,kadid10k,kadid10k/i28,/home/sergey/iqa-data/kadid10k/images/I28_12_05.png,0.3816793893129771,53.835655212402344
3435,kadid10k,kadid10k/i28,/home/sergey/iqa-data/kadid10k/images/I28_13_01.png,0.5419847328244275,61.76177215576172
3436,kadid10k,kadid10k/i28,/home/sergey/iqa-data/kadid10k/images/I28_13_02.png,0.4656488549618321,63.07884979248047
3437,kadid10k,kadid10k/i28,/home/sergey/iqa-data/kadid10k/images/I28_13_03.png,0.4071246819338422,62.106082916259766
3438,kadid10k,kadid10k/i28,/home/sergey/iqa-data/kadid10k/images/I28_13_04.png,0.2468193384223918,59.954559326171875
3439,kadid10k,kadid10k/i28,/home/sergey/iqa-data/kadid10k/images/I28_13_05.png,0.2977099236641221,58.374691009521484
3440,kadid10k,kadid10k/i28,/home/sergey/iqa-data/kadid10k/images/I28_14_01.png,0.9083969465648856,65.6081314086914
3441,kadid10k,kadid10k/i28,/home/sergey/iqa-data/kadid10k/images/I28_14_02.png,0.7557251908396948,65.95648956298828
3442,kadid10k,kadid10k/i28,/home/sergey/iqa-data/kadid10k/images/I28_14_03.png,0.6030534351145039,65.08708953857422
3443,kadid10k,kadid10k/i28,/home/sergey/iqa-data/kadid10k/images/I28_14_04.png,0.4402035623409669,65.31671905517578
3444,kadid10k,kadid10k/i28,/home/sergey/iqa-data/kadid10k/images/I28_14_05.png,0.3638676844783716,68.1983413696289
3445,kadid10k,kadid10k/i28,/home/sergey/iqa-data/kadid10k/images/I28_15_01.png,0.6437659033078881,61.36308288574219
3446,kadid10k,kadid10k/i28,/home/sergey/iqa-data/kadid10k/images/I28_15_02.png,0.5419847328244275,66.93863677978516
3447,kadid10k,kadid10k/i28,/home/sergey/iqa-data/kadid10k/images/I28_15_03.png,0.3231552162849873,65.29161071777344
3448,kadid10k,kadid10k/i28,/home/sergey/iqa-data/kadid10k/images/I28_15_04.png,0.1959287531806616,63.001197814941406
3449,kadid10k,kadid10k/i28,/home/sergey/iqa-data/kadid10k/images/I28_15_05.png,0.1450381679389313,65.10089874267578
3450,kadid10k,kadid10k/i28,/home/sergey/iqa-data/kadid10k/images/I28_16_01.png,0.9236641221374048,65.6059341430664
3451,kadid10k,kadid10k/i28,/home/sergey/iqa-data/kadid10k/images/I28_16_02.png,0.8982188295165395,65.6229019165039
3452,kadid10k,kadid10k/i28,/home/sergey/iqa-data/kadid10k/images/I28_16_03.png,0.8218829516539442,65.55170440673828
3453,kadid10k,kadid10k/i28,/home/sergey/iqa-data/kadid10k/images/I28_16_04.png,0.534351145038168,66.29036712646484
3454,kadid10k,kadid10k/i28,/home/sergey/iqa-data/kadid10k/images/I28_16_05.png,0.3307888040712468,67.91614532470703
3455,kadid10k,kadid10k/i28,/home/sergey/iqa-data/kadid10k/images/I28_17_01.png,0.9592875318066156,65.78182220458984
3456,kadid10k,kadid10k/i28,/home/sergey/iqa-data/kadid10k/images/I28_17_02.png,0.9083969465648856,65.7520751953125
3457,kadid10k,kadid10k/i28,/home/sergey/iqa-data/kadid10k/images/I28_17_03.png,0.8142493638676845,65.83972930908203
3458,kadid10k,kadid10k/i28,/home/sergey/iqa-data/kadid10k/images/I28_17_04.png,0.6437659033078881,65.02681732177734
3459,kadid10k,kadid10k/i28,/home/sergey/iqa-data/kadid10k/images/I28_17_05.png,0.2544529262086514,61.19102478027344
3460,kadid10k,kadid10k/i28,/home/sergey/iqa-data/kadid10k/images/I28_18_01.png,0.8575063613231553,64.36327362060547
3461,kadid10k,kadid10k/i28,/home/sergey/iqa-data/kadid10k/images/I28_18_02.png,0.916030534351145,64.90009307861328
3462,kadid10k,kadid10k/i28,/home/sergey/iqa-data/kadid10k/images/I28_18_03.png,0.8218829516539442,65.62078094482422
3463,kadid10k,kadid10k/i28,/home/sergey/iqa-data/kadid10k/images/I28_18_04.png,0.8982188295165395,65.77481842041016
3464,kadid10k,kadid10k/i28,/home/sergey/iqa-data/kadid10k/images/I28_18_05.png,0.8218829516539442,64.5360336303711
3465,kadid10k,kadid10k/i28,/home/sergey/iqa-data/kadid10k/images/I28_19_01.png,0.89058524173028,65.55162811279297
3466,kadid10k,kadid10k/i28,/home/sergey/iqa-data/kadid10k/images/I28_19_02.png,0.8727735368956743,65.31846618652344
3467,kadid10k,kadid10k/i28,/home/sergey/iqa-data/kadid10k/images/I28_19_03.png,0.7048346055979644,66.01880645751953
3468,kadid10k,kadid10k/i28,/home/sergey/iqa-data/kadid10k/images/I28_19_04.png,0.3129770992366412,67.447509765625
3469,kadid10k,kadid10k/i28,/home/sergey/iqa-data/kadid10k/images/I28_19_05.png,0.1348600508905852,61.484840393066406
3470,kadid10k,kadid10k/i28,/home/sergey/iqa-data/kadid10k/images/I28_20_01.png,0.8218829516539442,65.72618865966797
3471,kadid10k,kadid10k/i28,/home/sergey/iqa-data/kadid10k/images/I28_20_02.png,0.6361323155216285,66.6355209350586
3472,kadid10k,kadid10k/i28,/home/sergey/iqa-data/kadid10k/images/I28_20_03.png,0.6030534351145039,66.5393295288086
3473,kadid10k,kadid10k/i28,/home/sergey/iqa-data/kadid10k/images/I28_20_04.png,0.5419847328244275,67.05242156982422
3474,kadid10k,kadid10k/i28,/home/sergey/iqa-data/kadid10k/images/I28_20_05.png,0.4910941475826972,66.24444580078125
3475,kadid10k,kadid10k/i28,/home/sergey/iqa-data/kadid10k/images/I28_21_01.png,0.7633587786259542,66.19683074951172
3476,kadid10k,kadid10k/i28,/home/sergey/iqa-data/kadid10k/images/I28_21_02.png,0.6539440203562341,66.19232940673828
3477,kadid10k,kadid10k/i28,/home/sergey/iqa-data/kadid10k/images/I28_21_03.png,0.5674300254452926,67.08275604248047
3478,kadid10k,kadid10k/i28,/home/sergey/iqa-data/kadid10k/images/I28_21_04.png,0.5267175572519084,65.22577667236328
3479,kadid10k,kadid10k/i28,/home/sergey/iqa-data/kadid10k/images/I28_21_05.png,0.1959287531806616,57.98212432861328
3480,kadid10k,kadid10k/i28,/home/sergey/iqa-data/kadid10k/images/I28_22_01.png,0.8142493638676845,65.89112091064453
3481,kadid10k,kadid10k/i28,/home/sergey/iqa-data/kadid10k/images/I28_22_02.png,0.6437659033078881,66.40448760986328
3482,kadid10k,kadid10k/i28,/home/sergey/iqa-data/kadid10k/images/I28_22_03.png,0.6793893129770993,65.84551239013672
3483,kadid10k,kadid10k/i28,/home/sergey/iqa-data/kadid10k/images/I28_22_04.png,0.4910941475826972,64.0090560913086
3484,kadid10k,kadid10k/i28,/home/sergey/iqa-data/kadid10k/images/I28_22_05.png,0.3307888040712468,62.925315856933594
3485,kadid10k,kadid10k/i28,/home/sergey/iqa-data/kadid10k/images/I28_23_01.png,0.5852417302798982,65.59512329101562
3486,kadid10k,kadid10k/i28,/home/sergey/iqa-data/kadid10k/images/I28_23_02.png,0.2620865139949109,66.3067398071289
3487,kadid10k,kadid10k/i28,/home/sergey/iqa-data/kadid10k/images/I28_23_03.png,0.4300254452926209,63.60078430175781
3488,kadid10k,kadid10k/i28,/home/sergey/iqa-data/kadid10k/images/I28_23_04.png,0.3231552162849873,67.3414077758789
3489,kadid10k,kadid10k/i28,/home/sergey/iqa-data/kadid10k/images/I28_23_05.png,0.2620865139949109,65.39166259765625
3490,kadid10k,kadid10k/i28,/home/sergey/iqa-data/kadid10k/images/I28_24_01.png,0.8142493638676845,64.81270599365234
3491,kadid10k,kadid10k/i28,/home/sergey/iqa-data/kadid10k/images/I28_24_02.png,0.5089058524173028,64.2942123413086
3492,kadid10k,kadid10k/i28,/home/sergey/iqa-data/kadid10k/images/I28_24_03.png,0.4758269720101782,64.700439453125
3493,kadid10k,kadid10k/i28,/home/sergey/iqa-data/kadid10k/images/I28_24_04.png,0.2875318066157761,65.7257308959961
3494,kadid10k,kadid10k/i28,/home/sergey/iqa-data/kadid10k/images/I28_24_05.png,0.1526717557251908,66.9672622680664
3495,kadid10k,kadid10k/i28,/home/sergey/iqa-data/kadid10k/images/I28_25_01.png,0.6310432569974556,60.57554244995117
3496,kadid10k,kadid10k/i28,/home/sergey/iqa-data/kadid10k/images/I28_25_02.png,0.796437659033079,62.2042236328125
3497,kadid10k,kadid10k/i28,/home/sergey/iqa-data/kadid10k/images/I28_25_03.png,0.8727735368956743,63.74775695800781
3498,kadid10k,kadid10k/i28,/home/sergey/iqa-data/kadid10k/images/I28_25_04.png,0.8651399491094149,66.83460235595703
3499,kadid10k,kadid10k/i28,/home/sergey/iqa-data/kadid10k/images/I28_25_05.png,0.6946564885496184,67.82015228271484
3625,kadid10k,kadid10k/i30,/home/sergey/iqa-data/kadid10k/images/I30_01_01.png,0.916030534351145,65.92508697509766
3626,kadid10k,kadid10k/i30,/home/sergey/iqa-data/kadid10k/images/I30_01_02.png,0.916030534351145,64.22442626953125
3627,kadid10k,kadid10k/i30,/home/sergey/iqa-data/kadid10k/images/I30_01_03.png,0.7455470737913487,62.08673095703125
3628,kadid10k,kadid10k/i30,/home/sergey/iqa-data/kadid10k/images/I30_01_04.png,0.4147582697201017,49.586143493652344
3629,kadid10k,kadid10k/i30,/home/sergey/iqa-data/kadid10k/images/I30_01_05.png,0.0661577608142493,26.278091430664062
3630,kadid10k,kadid10k/i30,/home/sergey/iqa-data/kadid10k/images/I30_02_01.png,0.9338422391857508,62.66740417480469
3631,kadid10k,kadid10k/i30,/home/sergey/iqa-data/kadid10k/images/I30_02_02.png,0.6895674300254453,61.467918395996094
3632,kadid10k,kadid10k/i30,/home/sergey/iqa-data/kadid10k/images/I30_02_03.png,0.3053435114503817,44.85160446166992
3633,kadid10k,kadid10k/i30,/home/sergey/iqa-data/kadid10k/images/I30_02_04.png,0.1959287531806616,29.52080535888672
3634,kadid10k,kadid10k/i30,/home/sergey/iqa-data/kadid10k/images/I30_02_05.png,0.1272264631043257,26.85829734802246
3635,kadid10k,kadid10k/i30,/home/sergey/iqa-data/kadid10k/images/I30_03_01.png,0.9338422391857508,65.92508697509766
3636,kadid10k,kadid10k/i30,/home/sergey/iqa-data/kadid10k/images/I30_03_02.png,0.9414758269720104,62.938114166259766
3637,kadid10k,kadid10k/i30,/home/sergey/iqa-data/kadid10k/images/I30_03_03.png,0.6870229007633589,65.62799072265625
3638,kadid10k,kadid10k/i30,/home/sergey/iqa-data/kadid10k/images/I30_03_04.png,0.5089058524173028,64.26564025878906
3639,kadid10k,kadid10k/i30,/home/sergey/iqa-data/kadid10k/images/I30_03_05.png,0.3384223918575064,60.885047912597656
3640,kadid10k,kadid10k/i30,/home/sergey/iqa-data/kadid10k/images/I30_04_01.png,0.9236641221374048,69.13611602783203
3641,kadid10k,kadid10k/i30,/home/sergey/iqa-data/kadid10k/images/I30_04_02.png,0.5852417302798982,47.375770568847656
3642,kadid10k,kadid10k/i30,/home/sergey/iqa-data/kadid10k/images/I30_04_03.png,0.2290076335877862,40.56363296508789
3643,kadid10k,kadid10k/i30,/home/sergey/iqa-data/kadid10k/images/I30_04_04.png,0.1272264631043257,38.634132385253906
3644,kadid10k,kadid10k/i30,/home/sergey/iqa-data/kadid10k/images/I30_04_05.png,0.0178117048346056,24.016244888305664
3645,kadid10k,kadid10k/i30,/home/sergey/iqa-data/kadid10k/images/I30_05_01.png,0.9592875318066156,65.17850494384766
3646,kadid10k,kadid10k/i30,/home/sergey/iqa-data/kadid10k/images/I30_05_02.png,0.7201017811704835,64.01264953613281
3647,kadid10k,kadid10k/i30,/home/sergey/iqa-data/kadid10k/images/I30_05_03.png,0.4834605597964376,65.5000228881836
3648,kadid10k,kadid10k/i30,/home/sergey/iqa-data/kadid10k/images/I30_05_04.png,0.4580152671755725,61.759063720703125
3649,kadid10k,kadid10k/i30,/home/sergey/iqa-data/kadid10k/images/I30_05_05.png,0.3816793893129771,60.49951934814453
3650,kadid10k,kadid10k/i30,/home/sergey/iqa-data/kadid10k/images/I30_06_01.png,0.8651399491094149,66.34398651123047
3651,kadid10k,kadid10k/i30,/home/sergey/iqa-data/kadid10k/images/I30_06_02.png,0.8575063613231553,66.9300308227539
3652,kadid10k,kadid10k/i30,/home/sergey/iqa-data/kadid10k/images/I30_06_03.png,0.7302798982188295,66.64759063720703
3653,kadid10k,kadid10k/i30,/home/sergey/iqa-data/kadid10k/images/I30_06_04.png,0.7201017811704835,67.56887817382812
3654,kadid10k,kadid10k/i30,/home/sergey/iqa-data/kadid10k/images/I30_06_05.png,0.5419847328244275,72.0304183959961
3655,kadid10k,kadid10k/i30,/home/sergey/iqa-data/kadid10k/images/I30_07_01.png,0.6106870229007634,67.14432525634766
3656,kadid10k,kadid10k/i30,/home/sergey/iqa-data/kadid10k/images/I30_07_02.png,0.272264631043257,66.92475128173828
3657,kadid10k,kadid10k/i30,/home/sergey/iqa-data/kadid10k/images/I30_07_03.png,0.3053435114503817,67.48793029785156
3658,kadid10k,kadid10k/i30,/home/sergey/iqa-data/kadid10k/images/I30_07_04.png,0.3027989821882951,62.7237663269043
3659,kadid10k,kadid10k/i30,/home/sergey/iqa-data/kadid10k/images/I30_07_05.png,0.2366412213740458,72.20221710205078
3660,kadid10k,kadid10k/i30,/home/sergey/iqa-data/kadid10k/images/I30_08_01.png,0.9338422391857508,65.92508697509766
3661,kadid10k,kadid10k/i30,/home/sergey/iqa-data/kadid10k/images/I30_08_02.png,0.8396946564885497,59.516605377197266
3662,kadid10k,kadid10k/i30,/home/sergey/iqa-data/kadid10k/images/I30_08_03.png,0.5928753180661578,57.6539421081543
3663,kadid10k,kadid10k/i30,/home/sergey/iqa-data/kadid10k/images/I30_08_04.png,0.4071246819338422,48.512901306152344
3664,kadid10k,kadid10k/i30,/home/sergey/iqa-data/kadid10k/images/I30_08_05.png,0.1094147582697201,46.28643035888672
3665,kadid10k,kadid10k/i30,/home/sergey/iqa-data/kadid10k/images/I30_09_01.png,0.9363867684478372,65.6483383178711
3666,kadid10k,kadid10k/i30,/home/sergey/iqa-data/kadid10k/images/I30_09_02.png,0.916030534351145,65.2734375
3667,kadid10k,kadid10k/i30,/home/sergey/iqa-data/kadid10k/images/I30_09_03.png,0.94910941475827,64.61320495605469
3668,kadid10k,kadid10k/i30,/home/sergey/iqa-data/kadid10k/images/I30_09_04.png,0.6870229007633589,60.66999053955078
3669,kadid10k,kadid10k/i30,/home/sergey/iqa-data/kadid10k/images/I30_09_05.png,0.1857506361323155,45.08055877685547
3670,kadid10k,kadid10k/i30,/home/sergey/iqa-data/kadid10k/images/I30_10_01.png,0.8982188295165395,65.0978012084961
3671,kadid10k,kadid10k/i30,/home/sergey/iqa-data/kadid10k/images/I30_10_02.png,0.8829516539440203,63.5682373046875
3672,kadid10k,kadid10k/i30,/home/sergey/iqa-data/kadid10k/images/I30_10_03.png,0.8575063613231553,63.07742691040039
3673,kadid10k,kadid10k/i30,/home/sergey/iqa-data/kadid10k/images/I30_10_04.png,0.1959287531806616,54.123565673828125
3674,kadid10k,kadid10k/i30,/home/sergey/iqa-data/kadid10k/images/I30_10_05.png,0.0585241730279898,37.99993133544922
3675,kadid10k,kadid10k/i30,/home/sergey/iqa-data/kadid10k/images/I30_11_01.png,0.6793893129770993,62.536563873291016
3676,kadid10k,kadid10k/i30,/home/sergey/iqa-data/kadid10k/images/I30_11_02.png,0.5597964376590332,55.410972595214844
3677,kadid10k,kadid10k/i30,/home/sergey/iqa-data/kadid10k/images/I30_11_03.png,0.5012722646310434,56.23152160644531
3678,kadid10k,kadid10k/i30,/home/sergey/iqa-data/kadid10k/images/I30_11_04.png,0.4402035623409669,58.276702880859375
3679,kadid10k,kadid10k/i30,/home/sergey/iqa-data/kadid10k/images/I30_11_05.png,0.3358778625954198,60.667293548583984
3680,kadid10k,kadid10k/i30,/home/sergey/iqa-data/kadid10k/images/I30_12_01.png,0.8727735368956743,64.64717864990234
3681,kadid10k,kadid10k/i30,/home/sergey/iqa-data/kadid10k/images/I30_12_02.png,0.6106870229007634,56.38895034790039
3682,kadid10k,kadid10k/i30,/home/sergey/iqa-data/kadid10k/images/I30_12_03.png,0.5165394402035624,59.90833282470703
3683,kadid10k,kadid10k/i30,/home/sergey/iqa-data/kadid10k/images/I30_12_04.png,0.450381679389313,58.75271987915039
3684,kadid10k,kadid10k/i30,/home/sergey/iqa-data/kadid10k/images/I30_12_05.png,0.3129770992366412,61.62635803222656
3685,kadid10k,kadid10k/i30,/home/sergey/iqa-data/kadid10k/images/I30_13_01.png,0.7048346055979644,62.66511535644531
3686,kadid10k,kadid10k/i30,/home/sergey/iqa-data/kadid10k/images/I30_13_02.png,0.5012722646310434,57.838783264160156
3687,kadid10k,kadid10k/i30,/home/sergey/iqa-data/kadid10k/images/I30_13_03.png,0.3893129770992366,57.53087615966797
3688,kadid10k,kadid10k/i30,/home/sergey/iqa-data/kadid10k/images/I30_13_04.png,0.4147582697201017,55.69612121582031
3689,kadid10k,kadid10k/i30,/home/sergey/iqa-data/kadid10k/images/I30_13_05.png,0.3206106870229007,57.5353889465332
3690,kadid10k,kadid10k/i30,/home/sergey/iqa-data/kadid10k/images/I30_14_01.png,0.8651399491094149,64.097900390625
3691,kadid10k,kadid10k/i30,/home/sergey/iqa-data/kadid10k/images/I30_14_02.png,0.5521628498727735,56.794471740722656
3692,kadid10k,kadid10k/i30,/home/sergey/iqa-data/kadid10k/images/I30_14_03.png,0.4656488549618321,56.262306213378906
3693,kadid10k,kadid10k/i30,/home/sergey/iqa-data/kadid10k/images/I30_14_04.png,0.3307888040712468,58.3399772644043
3694,kadid10k,kadid10k/i30,/home/sergey/iqa-data/kadid10k/images/I30_14_05.png,0.2798982188295166,57.19082260131836
3695,kadid10k,kadid10k/i30,/home/sergey/iqa-data/kadid10k/images/I30_15_01.png,0.7302798982188295,62.88748550415039
3696,kadid10k,kadid10k/i30,/home/sergey/iqa-data/kadid10k/images/I30_15_02.png,0.4071246819338422,57.038368225097656
3697,kadid10k,kadid10k/i30,/home/sergey/iqa-data/kadid10k/images/I30_15_03.png,0.2875318066157761,50.99208450317383
3698,kadid10k,kadid10k/i30,/home/sergey/iqa-data/kadid10k/images/I30_15_04.png,0.0839694656488549,47.353424072265625
3699,kadid10k,kadid10k/i30,/home/sergey/iqa-data/kadid10k/images/I30_15_05.png,0.0763358778625954,40.15787887573242
3700,kadid10k,kadid10k/i30,/home/sergey/iqa-data/kadid10k/images/I30_16_01.png,0.9236641221374048,66.9090576171875
3701,kadid10k,kadid10k/i30,/home/sergey/iqa-data/kadid10k/images/I30_16_02.png,0.8142493638676845,67.90788269042969
3702,kadid10k,kadid10k/i30,/home/sergey/iqa-data/kadid10k/images/I30_16_03.png,0.6615776081424937,66.19286346435547
3703,kadid10k,kadid10k/i30,/home/sergey/iqa-data/kadid10k/images/I30_16_04.png,0.3816793893129771,53.91728973388672
3704,kadid10k,kadid10k/i30,/home/sergey/iqa-data/kadid10k/images/I30_16_05.png,0.1221374045801526,40.83934020996094
3705,kadid10k,kadid10k/i30,/home/sergey/iqa-data/kadid10k/images/I30_17_01.png,0.94910941475827,65.48607635498047
3706,kadid10k,kadid10k/i30,/home/sergey/iqa-data/kadid10k/images/I30_17_02.png,0.89058524173028,65.13009643554688
3707,kadid10k,kadid10k/i30,/home/sergey/iqa-data/kadid10k/images/I30_17_03.png,0.8651399491094149,64.5062026977539
3708,kadid10k,kadid10k/i30,/home/sergey/iqa-data/kadid10k/images/I30_17_04.png,0.6793893129770993,63.745819091796875
3709,kadid10k,kadid10k/i30,/home/sergey/iqa-data/kadid10k/images/I30_17_05.png,0.4249363867684478,60.25514221191406
3710,kadid10k,kadid10k/i30,/home/sergey/iqa-data/kadid10k/images/I30_18_01.png,0.7633587786259542,66.82833099365234
3711,kadid10k,kadid10k/i30,/home/sergey/iqa-data/kadid10k/images/I30_18_02.png,0.8982188295165395,66.62543487548828
3712,kadid10k,kadid10k/i30,/home/sergey/iqa-data/kadid10k/images/I30_18_03.png,0.974554707379135,65.92508697509766
3713,kadid10k,kadid10k/i30,/home/sergey/iqa-data/kadid10k/images/I30_18_04.png,0.9185750636132316,65.0771255493164
3714,kadid10k,kadid10k/i30,/home/sergey/iqa-data/kadid10k/images/I30_18_05.png,0.8396946564885497,63.681053161621094
3715,kadid10k,kadid10k/i30,/home/sergey/iqa-data/kadid10k/images/I30_19_01.png,0.9923664122137408,65.94759368896484
3716,kadid10k,kadid10k/i30,/home/sergey/iqa-data/kadid10k/images/I30_19_02.png,0.916030534351145,65.86348724365234
3717,kadid10k,kadid10k/i30,/home/sergey/iqa-data/kadid10k/images/I30_19_03.png,0.83206106870229,65.7804946899414
3718,kadid10k,kadid10k/i30,/home/sergey/iqa-data/kadid10k/images/I30_19_04.png,0.3893129770992366,65.25083923339844
3719,kadid10k,kadid10k/i30,/home/sergey/iqa-data/kadid10k/images/I30_19_05.png,0.2111959287531807,64.73960876464844
3720,kadid10k,kadid10k/i30,/home/sergey/iqa-data/kadid10k/images/I30_20_01.png,0.8473282442748092,65.94154357910156
3721,kadid10k,kadid10k/i30,/home/sergey/iqa-data/kadid10k/images/I30_20_02.png,0.6793893129770993,64.83670806884766
3722,kadid10k,kadid10k/i30,/home/sergey/iqa-data/kadid10k/images/I30_20_03.png,0.712468193384224,66.58468627929688
3723,kadid10k,kadid10k/i30,/home/sergey/iqa-data/kadid10k/images/I30_20_04.png,0.7150127226463106,67.45674896240234
3724,kadid10k,kadid10k/i30,/home/sergey/iqa-data/kadid10k/images/I30_20_05.png,0.5165394402035624,67.57262420654297
3725,kadid10k,kadid10k/i30,/home/sergey/iqa-data/kadid10k/images/I30_21_01.png,0.83206106870229,64.58769989013672
3726,kadid10k,kadid10k/i30,/home/sergey/iqa-data/kadid10k/images/I30_21_02.png,0.6946564885496184,66.28658294677734
3727,kadid10k,kadid10k/i30,/home/sergey/iqa-data/kadid10k/images/I30_21_03.png,0.6819338422391859,65.77727508544922
3728,kadid10k,kadid10k/i30,/home/sergey/iqa-data/kadid10k/images/I30_21_04.png,0.6946564885496184,65.55400848388672
3729,kadid10k,kadid10k/i30,/home/sergey/iqa-data/kadid10k/images/I30_21_05.png,0.2544529262086514,61.50625228881836
3730,kadid10k,kadid10k/i30,/home/sergey/iqa-data/kadid10k/images/I30_22_01.png,0.8396946564885497,65.56134033203125
3731,kadid10k,kadid10k/i30,/home/sergey/iqa-data/kadid10k/images/I30_22_02.png,0.6793893129770993,65.11023712158203
3732,kadid10k,kadid10k/i30,/home/sergey/iqa-data/kadid10k/images/I30_22_03.png,0.5776081424936387,65.5526351928711
3733,kadid10k,kadid10k/i30,/home/sergey/iqa-data/kadid10k/images/I30_22_04.png,0.450381679389313,66.82322692871094
3734,kadid10k,kadid10k/i30,/home/sergey/iqa-data/kadid10k/images/I30_22_05.png,0.3994910941475826,65.80506134033203
3735,kadid10k,kadid10k/i30,/home/sergey/iqa-data/kadid10k/images/I30_23_01.png,0.3384223918575064,65.5715103149414
3736,kadid10k,kadid10k/i30,/home/sergey/iqa-data/kadid10k/images/I30_23_02.png,0.2875318066157761,63.83665466308594
3737,kadid10k,kadid10k/i30,/home/sergey/iqa-data/kadid10k/images/I30_23_03.png,0.3231552162849873,66.08924102783203
3738,kadid10k,kadid10k/i30,/home/sergey/iqa-data/kadid10k/images/I30_23_04.png,0.2875318066157761,67.97374725341797
3739,kadid10k,kadid10k/i30,/home/sergey/iqa-data/kadid10k/images/I30_23_05.png,0.356234096692112,67.31330108642578
3740,kadid10k,kadid10k/i30,/home/sergey/iqa-data/kadid10k/images/I30_24_01.png,0.8473282442748092,64.97874450683594
3741,kadid10k,kadid10k/i30,/home/sergey/iqa-data/kadid10k/images/I30_24_02.png,0.6870229007633589,65.66230010986328
3742,kadid10k,kadid10k/i30,/home/sergey/iqa-data/kadid10k/images/I30_24_03.png,0.5267175572519084,65.2936782836914
3743,kadid10k,kadid10k/i30,/home/sergey/iqa-data/kadid10k/images/I30_24_04.png,0.3053435114503817,64.1113052368164
3744,kadid10k,kadid10k/i30,/home/sergey/iqa-data/kadid10k/images/I30_24_05.png,0.1450381679389313,66.7402572631836
3745,kadid10k,kadid10k/i30,/home/sergey/iqa-data/kadid10k/images/I30_25_01.png,0.6692111959287532,63.27051544189453
3746,kadid10k,kadid10k/i30,/home/sergey/iqa-data/kadid10k/images/I30_25_02.png,0.8651399491094149,63.24022674560547
3747,kadid10k,kadid10k/i30,/home/sergey/iqa-data/kadid10k/images/I30_25_03.png,0.9669211195928752,63.97262191772461
3748,kadid10k,kadid10k/i30,/home/sergey/iqa-data/kadid10k/images/I30_25_04.png,0.8651399491094149,68.20668029785156
3749,kadid10k,kadid10k/i30,/home/sergey/iqa-data/kadid10k/images/I30_25_05.png,0.6946564885496184,67.90872955322266
4125,kadid10k,kadid10k/i34,/home/sergey/iqa-data/kadid10k/images/I34_01_01.png,0.916030534351145,69.90373229980469
4126,kadid10k,kadid10k/i34,/home/sergey/iqa-data/kadid10k/images/I34_01_02.png,0.8575063613231553,69.86040496826172
4127,kadid10k,kadid10k/i34,/home/sergey/iqa-data/kadid10k/images/I34_01_03.png,0.5012722646310434,53.521820068359375
4128,kadid10k,kadid10k/i34,/home/sergey/iqa-data/kadid10k/images/I34_01_04.png,0.178117048346056,34.541107177734375
4129,kadid10k,kadid10k/i34,/home/sergey/iqa-data/kadid10k/images/I34_01_05.png,0.0763358778625954,24.089427947998047
4130,kadid10k,kadid10k/i34,/home/sergey/iqa-data/kadid10k/images/I34_02_01.png,0.7201017811704835,66.98242950439453
4131,kadid10k,kadid10k/i34,/home/sergey/iqa-data/kadid10k/images/I34_02_02.png,0.4249363867684478,49.41598129272461
4132,kadid10k,kadid10k/i34,/home/sergey/iqa-data/kadid10k/images/I34_02_03.png,0.2035623409669211,32.32806396484375
4133,kadid10k,kadid10k/i34,/home/sergey/iqa-data/kadid10k/images/I34_02_04.png,0.094147582697201,27.165151596069336
4134,kadid10k,kadid10k/i34,/home/sergey/iqa-data/kadid10k/images/I34_02_05.png,0.0839694656488549,23.769609451293945
4135,kadid10k,kadid10k/i34,/home/sergey/iqa-data/kadid10k/images/I34_03_01.png,0.8727735368956743,69.90373229980469
4136,kadid10k,kadid10k/i34,/home/sergey/iqa-data/kadid10k/images/I34_03_02.png,0.7709923664122139,69.00558471679688
4137,kadid10k,kadid10k/i34,/home/sergey/iqa-data/kadid10k/images/I34_03_03.png,0.4834605597964376,61.572120666503906
4138,kadid10k,kadid10k/i34,/home/sergey/iqa-data/kadid10k/images/I34_03_04.png,0.2977099236641221,45.65953826904297
4139,kadid10k,kadid10k/i34,/home/sergey/iqa-data/kadid10k/images/I34_03_05.png,0.178117048346056,29.13985824584961
4140,kadid10k,kadid10k/i34,/home/sergey/iqa-data/kadid10k/images/I34_04_01.png,0.916030534351145,69.63347625732422
4141,kadid10k,kadid10k/i34,/home/sergey/iqa-data/kadid10k/images/I34_04_02.png,0.3994910941475826,71.65247344970703
4142,kadid10k,kadid10k/i34,/home/sergey/iqa-data/kadid10k/images/I34_04_03.png,0.2111959287531807,72.40616607666016
4143,kadid10k,kadid10k/i34,/home/sergey/iqa-data/kadid10k/images/I34_04_04.png,0.2977099236641221,70.91403198242188
4144,kadid10k,kadid10k/i34,/home/sergey/iqa-data/kadid10k/images/I34_04_05.png,0.0585241730279898,66.72825622558594
4145,kadid10k,kadid10k/i34,/home/sergey/iqa-data/kadid10k/images/I34_05_01.png,0.7888040712468193,74.54438018798828
4146,kadid10k,kadid10k/i34,/home/sergey/iqa-data/kadid10k/images/I34_05_02.png,0.4910941475826972,75.59038543701172
4147,kadid10k,kadid10k/i34,/home/sergey/iqa-data/kadid10k/images/I34_05_03.png,0.1704834605597964,76.71707916259766
4148,kadid10k,kadid10k/i34,/home/sergey/iqa-data/kadid10k/images/I34_05_04.png,0.1603053435114503,76.1415023803711
4149,kadid10k,kadid10k/i34,/home/sergey/iqa-data/kadid10k/images/I34_05_05.png,0.1017811704834605,75.45402526855469
4150,kadid10k,kadid10k/i34,/home/sergey/iqa-data/kadid10k/images/I34_06_01.png,0.8218829516539442,63.42491149902344
4151,kadid10k,kadid10k/i34,/home/sergey/iqa-data/kadid10k/images/I34_06_02.png,0.7633587786259542,61.104549407958984
4152,kadid10k,kadid10k/i34,/home/sergey/iqa-data/kadid10k/images/I34_06_03.png,0.7557251908396948,58.856563568115234
4153,kadid10k,kadid10k/i34,/home/sergey/iqa-data/kadid10k/images/I34_06_04.png,0.7302798982188295,61.587928771972656
4154,kadid10k,kadid10k/i34,/home/sergey/iqa-data/kadid10k/images/I34_06_05.png,0.356234096692112,68.83203887939453
4155,kadid10k,kadid10k/i34,/home/sergey/iqa-data/kadid10k/images/I34_07_01.png,0.4758269720101782,73.0013656616211
4156,kadid10k,kadid10k/i34,/home/sergey/iqa-data/kadid10k/images/I34_07_02.png,0.3994910941475826,70.13396453857422
4157,kadid10k,kadid10k/i34,/home/sergey/iqa-data/kadid10k/images/I34_07_03.png,0.3129770992366412,65.72933197021484
4158,kadid10k,kadid10k/i34,/home/sergey/iqa-data/kadid10k/images/I34_07_04.png,0.2977099236641221,62.35330581665039
4159,kadid10k,kadid10k/i34,/home/sergey/iqa-data/kadid10k/images/I34_07_05.png,0.4605597964376591,76.81610107421875
4160,kadid10k,kadid10k/i34,/home/sergey/iqa-data/kadid10k/images/I34_08_01.png,0.9338422391857508,69.90373229980469
4161,kadid10k,kadid10k/i34,/home/sergey/iqa-data/kadid10k/images/I34_08_02.png,0.5165394402035624,70.44597625732422
4162,kadid10k,kadid10k/i34,/home/sergey/iqa-data/kadid10k/images/I34_08_03.png,0.4071246819338422,72.2384033203125
4163,kadid10k,kadid10k/i34,/home/sergey/iqa-data/kadid10k/images/I34_08_04.png,0.2035623409669211,75.03112030029297
4164,kadid10k,kadid10k/i34,/home/sergey/iqa-data/kadid10k/images/I34_08_05.png,0.094147582697201,74.36262512207031
4165,kadid10k,kadid10k/i34,/home/sergey/iqa-data/kadid10k/images/I34_09_01.png,0.916030534351145,69.77969360351562
4166,kadid10k,kadid10k/i34,/home/sergey/iqa-data/kadid10k/images/I34_09_02.png,0.8218829516539442,66.97332763671875
4167,kadid10k,kadid10k/i34,/home/sergey/iqa-data/kadid10k/images/I34_09_03.png,0.7379134860050891,67.06660461425781
4168,kadid10k,kadid10k/i34,/home/sergey/iqa-data/kadid10k/images/I34_09_04.png,0.4020356234096692,51.967063903808594
4169,kadid10k,kadid10k/i34,/home/sergey/iqa-data/kadid10k/images/I34_09_05.png,0.0508905852417302,34.64856719970703
4170,kadid10k,kadid10k/i34,/home/sergey/iqa-data/kadid10k/images/I34_10_01.png,0.89058524173028,65.61734771728516
4171,kadid10k,kadid10k/i34,/home/sergey/iqa-data/kadid10k/images/I34_10_02.png,0.89058524173028,65.34868621826172
4172,kadid10k,kadid10k/i34,/home/sergey/iqa-data/kadid10k/images/I34_10_03.png,0.712468193384224,66.58740997314453
4173,kadid10k,kadid10k/i34,/home/sergey/iqa-data/kadid10k/images/I34_10_04.png,0.1348600508905852,49.54439926147461
4174,kadid10k,kadid10k/i34,/home/sergey/iqa-data/kadid10k/images/I34_10_05.png,0.0432569974554707,38.048954010009766
4175,kadid10k,kadid10k/i34,/home/sergey/iqa-data/kadid10k/images/I34_11_01.png,0.78117048346056,65.15691375732422
4176,kadid10k,kadid10k/i34,/home/sergey/iqa-data/kadid10k/images/I34_11_02.png,0.5521628498727735,61.250431060791016
4177,kadid10k,kadid10k/i34,/home/sergey/iqa-data/kadid10k/images/I34_11_03.png,0.5674300254452926,58.172393798828125
4178,kadid10k,kadid10k/i34,/home/sergey/iqa-data/kadid10k/images/I34_11_04.png,0.3893129770992366,57.04572677612305
4179,kadid10k,kadid10k/i34,/home/sergey/iqa-data/kadid10k/images/I34_11_05.png,0.2544529262086514,61.48600769042969
4180,kadid10k,kadid10k/i34,/home/sergey/iqa-data/kadid10k/images/I34_12_01.png,0.8727735368956743,68.92859649658203
4181,kadid10k,kadid10k/i34,/home/sergey/iqa-data/kadid10k/images/I34_12_02.png,0.7201017811704835,61.600406646728516
4182,kadid10k,kadid10k/i34,/home/sergey/iqa-data/kadid10k/images/I34_12_03.png,0.5012722646310434,55.4200325012207
4183,kadid10k,kadid10k/i34,/home/sergey/iqa-data/kadid10k/images/I34_12_04.png,0.4580152671755725,57.1663818359375
4184,kadid10k,kadid10k/i34,/home/sergey/iqa-data/kadid10k/images/I34_12_05.png,0.3384223918575064,60.8702392578125
4185,kadid10k,kadid10k/i34,/home/sergey/iqa-data/kadid10k/images/I34_13_01.png,0.6361323155216285,68.65257263183594
4186,kadid10k,kadid10k/i34,/home/sergey/iqa-data/kadid10k/images/I34_13_02.png,0.3994910941475826,67.21443176269531
4187,kadid10k,kadid10k/i34,/home/sergey/iqa-data/kadid10k/images/I34_13_03.png,0.4147582697201017,62.53192138671875
4188,kadid10k,kadid10k/i34,/home/sergey/iqa-data/kadid10k/images/I34_13_04.png,0.272264631043257,61.066680908203125
4189,kadid10k,kadid10k/i34,/home/sergey/iqa-data/kadid10k/images/I34_13_05.png,0.2951653944020357,59.83461380004883
4190,kadid10k,kadid10k/i34,/home/sergey/iqa-data/kadid10k/images/I34_14_01.png,0.8142493638676845,69.6263656616211
4191,kadid10k,kadid10k/i34,/home/sergey/iqa-data/kadid10k/images/I34_14_02.png,0.5776081424936387,67.51731872558594
4192,kadid10k,kadid10k/i34,/home/sergey/iqa-data/kadid10k/images/I34_14_03.png,0.4325699745547074,69.04943084716797
4193,kadid10k,kadid10k/i34,/home/sergey/iqa-data/kadid10k/images/I34_14_04.png,0.4147582697201017,71.7629623413086
4194,kadid10k,kadid10k/i34,/home/sergey/iqa-data/kadid10k/images/I34_14_05.png,0.3129770992366412,73.66690826416016
4195,kadid10k,kadid10k/i34,/home/sergey/iqa-data/kadid10k/images/I34_15_01.png,0.5419847328244275,65.11787414550781
4196,kadid10k,kadid10k/i34,/home/sergey/iqa-data/kadid10k/images/I34_15_02.png,0.3740458015267176,59.972557067871094
4197,kadid10k,kadid10k/i34,/home/sergey/iqa-data/kadid10k/images/I34_15_03.png,0.2213740458015267,52.16508483886719
4198,kadid10k,kadid10k/i34,/home/sergey/iqa-data/kadid10k/images/I34_15_04.png,0.1526717557251908,52.54294204711914
4199,kadid10k,kadid10k/i34,/home/sergey/iqa-data/kadid10k/images/I34_15_05.png,0.1017811704834605,56.12712860107422
4200,kadid10k,kadid10k/i34,/home/sergey/iqa-data/kadid10k/images/I34_16_01.png,0.8829516539440203,70.60684967041016
4201,kadid10k,kadid10k/i34,/home/sergey/iqa-data/kadid10k/images/I34_16_02.png,0.8142493638676845,71.66893005371094
4202,kadid10k,kadid10k/i34,/home/sergey/iqa-data/kadid10k/images/I34_16_03.png,0.534351145038168,73.50554656982422
4203,kadid10k,kadid10k/i34,/home/sergey/iqa-data/kadid10k/images/I34_16_04.png,0.2875318066157761,62.86587142944336
4204,kadid10k,kadid10k/i34,/home/sergey/iqa-data/kadid10k/images/I34_16_05.png,0.1450381679389313,52.81581115722656
4205,kadid10k,kadid10k/i34,/home/sergey/iqa-data/kadid10k/images/I34_17_01.png,0.9236641221374048,69.76746368408203
4206,kadid10k,kadid10k/i34,/home/sergey/iqa-data/kadid10k/images/I34_17_02.png,0.916030534351145,69.84251403808594
4207,kadid10k,kadid10k/i34,/home/sergey/iqa-data/kadid10k/images/I34_17_03.png,0.712468193384224,70.4563980102539
4208,kadid10k,kadid10k/i34,/home/sergey/iqa-data/kadid10k/images/I34_17_04.png,0.6183206106870229,71.62992095947266
4209,kadid10k,kadid10k/i34,/home/sergey/iqa-data/kadid10k/images/I34_17_05.png,0.2544529262086514,69.60523986816406
4210,kadid10k,kadid10k/i34,/home/sergey/iqa-data/kadid10k/images/I34_18_01.png,0.7201017811704835,70.22285461425781
4211,kadid10k,kadid10k/i34,/home/sergey/iqa-data/kadid10k/images/I34_18_02.png,0.9236641221374048,69.9875717163086
4212,kadid10k,kadid10k/i34,/home/sergey/iqa-data/kadid10k/images/I34_18_03.png,0.9312977099236642,69.90373229980469
4213,kadid10k,kadid10k/i34,/home/sergey/iqa-data/kadid10k/images/I34_18_04.png,0.8473282442748092,69.23419189453125
4214,kadid10k,kadid10k/i34,/home/sergey/iqa-data/kadid10k/images/I34_18_05.png,0.6793893129770993,66.89634704589844
4215,kadid10k,kadid10k/i34,/home/sergey/iqa-data/kadid10k/images/I34_19_01.png,0.8651399491094149,69.9502944946289
4216,kadid10k,kadid10k/i34,/home/sergey/iqa-data/kadid10k/images/I34_19_02.png,0.8142493638676845,69.02182006835938
4217,kadid10k,kadid10k/i34,/home/sergey/iqa-data/kadid10k/images/I34_19_03.png,0.6743002544529262,68.7129135131836
4218,kadid10k,kadid10k/i34,/home/sergey/iqa-data/kadid10k/images/I34_19_04.png,0.1959287531806616,76.3218765258789
4219,kadid10k,kadid10k/i34,/home/sergey/iqa-data/kadid10k/images/I34_19_05.png,0.094147582697201,63.46049880981445
4220,kadid10k,kadid10k/i34,/home/sergey/iqa-data/kadid10k/images/I34_20_01.png,0.89058524173028,70.4793930053711
4221,kadid10k,kadid10k/i34,/home/sergey/iqa-data/kadid10k/images/I34_20_02.png,0.7455470737913487,69.40995025634766
4222,kadid10k,kadid10k/i34,/home/sergey/iqa-data/kadid10k/images/I34_20_03.png,0.78117048346056,71.06792449951172
4223,kadid10k,kadid10k/i34,/home/sergey/iqa-data/kadid10k/images/I34_20_04.png,0.6106870229007634,68.7576675415039
4224,kadid10k,kadid10k/i34,/home/sergey/iqa-data/kadid10k/images/I34_20_05.png,0.6106870229007634,71.01224517822266
4225,kadid10k,kadid10k/i34,/home/sergey/iqa-data/kadid10k/images/I34_21_01.png,0.806615776081425,71.13837432861328
4226,kadid10k,kadid10k/i34,/home/sergey/iqa-data/kadid10k/images/I34_21_02.png,0.6106870229007634,67.8421859741211
4227,kadid10k,kadid10k/i34,/home/sergey/iqa-data/kadid10k/images/I34_21_03.png,0.4656488549618321,68.7983169555664
4228,kadid10k,kadid10k/i34,/home/sergey/iqa-data/kadid10k/images/I34_21_04.png,0.4249363867684478,68.35564422607422
4229,kadid10k,kadid10k/i34,/home/sergey/iqa-data/kadid10k/images/I34_21_05.png,0.1272264631043257,53.205718994140625
4230,kadid10k,kadid10k/i34,/home/sergey/iqa-data/kadid10k/images/I34_22_01.png,0.8575063613231553,69.67864227294922
4231,kadid10k,kadid10k/i34,/home/sergey/iqa-data/kadid10k/images/I34_22_02.png,0.8829516539440203,69.13538360595703
4232,kadid10k,kadid10k/i34,/home/sergey/iqa-data/kadid10k/images/I34_22_03.png,0.7302798982188295,69.64134216308594
4233,kadid10k,kadid10k/i34,/home/sergey/iqa-data/kadid10k/images/I34_22_04.png,0.6183206106870229,66.77788543701172
4234,kadid10k,kadid10k/i34,/home/sergey/iqa-data/kadid10k/images/I34_22_05.png,0.3129770992366412,70.00203704833984
4235,kadid10k,kadid10k/i34,/home/sergey/iqa-data/kadid10k/images/I34_23_01.png,0.3307888040712468,71.28236389160156
4236,kadid10k,kadid10k/i34,/home/sergey/iqa-data/kadid10k/images/I34_23_02.png,0.3384223918575064,72.425048828125
4237,kadid10k,kadid10k/i34,/home/sergey/iqa-data/kadid10k/images/I34_23_03.png,0.3486005089058525,70.86236572265625
4238,kadid10k,kadid10k/i34,/home/sergey/iqa-data/kadid10k/images/I34_23_04.png,0.272264631043257,73.85025787353516
4239,kadid10k,kadid10k/i34,/home/sergey/iqa-data/kadid10k/images/I34_23_05.png,0.1603053435114503,73.54546356201172
4240,kadid10k,kadid10k/i34,/home/sergey/iqa-data/kadid10k/images/I34_24_01.png,0.6870229007633589,67.50245666503906
4241,kadid10k,kadid10k/i34,/home/sergey/iqa-data/kadid10k/images/I34_24_02.png,0.4656488549618321,69.52570343017578
4242,kadid10k,kadid10k/i34,/home/sergey/iqa-data/kadid10k/images/I34_24_03.png,0.3638676844783716,70.59950256347656
4243,kadid10k,kadid10k/i34,/home/sergey/iqa-data/kadid10k/images/I34_24_04.png,0.1526717557251908,68.9665298461914
4244,kadid10k,kadid10k/i34,/home/sergey/iqa-data/kadid10k/images/I34_24_05.png,0.0687022900763358,68.1747817993164
4245,kadid10k,kadid10k/i34,/home/sergey/iqa-data/kadid10k/images/I34_25_01.png,0.5165394402035624,65.12696838378906
4246,kadid10k,kadid10k/i34,/home/sergey/iqa-data/kadid10k/images/I34_25_02.png,0.6183206106870229,67.41900634765625
4247,kadid10k,kadid10k/i34,/home/sergey/iqa-data/kadid10k/images/I34_25_03.png,0.83206106870229,68.51747131347656
4248,kadid10k,kadid10k/i34,/home/sergey/iqa-data/kadid10k/images/I34_25_04.png,0.7633587786259542,70.17292785644531
4249,kadid10k,kadid10k/i34,/home/sergey/iqa-data/kadid10k/images/I34_25_05.png,0.4147582697201017,68.14595794677734
4625,kadid10k,kadid10k/i38,/home/sergey/iqa-data/kadid10k/images/I38_01_01.png,0.9414758269720104,67.01700592041016
4626,kadid10k,kadid10k/i38,/home/sergey/iqa-data/kadid10k/images/I38_01_02.png,0.9236641221374048,68.44200897216797
4627,kadid10k,kadid10k/i38,/home/sergey/iqa-data/kadid10k/images/I38_01_03.png,0.6106870229007634,64.8403549194336
4628,kadid10k,kadid10k/i38,/home/sergey/iqa-data/kadid10k/images/I38_01_04.png,0.2213740458015267,38.08546447753906
4629,kadid10k,kadid10k/i38,/home/sergey/iqa-data/kadid10k/images/I38_01_05.png,0.1094147582697201,25.25282859802246
4630,kadid10k,kadid10k/i38,/home/sergey/iqa-data/kadid10k/images/I38_02_01.png,0.7455470737913487,68.01142120361328
4631,kadid10k,kadid10k/i38,/home/sergey/iqa-data/kadid10k/images/I38_02_02.png,0.3638676844783716,58.341583251953125
4632,kadid10k,kadid10k/i38,/home/sergey/iqa-data/kadid10k/images/I38_02_03.png,0.2366412213740458,36.64731216430664
4633,kadid10k,kadid10k/i38,/home/sergey/iqa-data/kadid10k/images/I38_02_04.png,0.1017811704834605,31.2088680267334
4634,kadid10k,kadid10k/i38,/home/sergey/iqa-data/kadid10k/images/I38_02_05.png,0.0687022900763358,27.00839614868164
4635,kadid10k,kadid10k/i38,/home/sergey/iqa-data/kadid10k/images/I38_03_01.png,0.9338422391857508,67.01700592041016
4636,kadid10k,kadid10k/i38,/home/sergey/iqa-data/kadid10k/images/I38_03_02.png,0.8142493638676845,68.49979400634766
4637,kadid10k,kadid10k/i38,/home/sergey/iqa-data/kadid10k/images/I38_03_03.png,0.5674300254452926,68.04865264892578
4638,kadid10k,kadid10k/i38,/home/sergey/iqa-data/kadid10k/images/I38_03_04.png,0.3307888040712468,62.341392517089844
4639,kadid10k,kadid10k/i38,/home/sergey/iqa-data/kadid10k/images/I38_03_05.png,0.1959287531806616,55.08903503417969
4640,kadid10k,kadid10k/i38,/home/sergey/iqa-data/kadid10k/images/I38_04_01.png,0.9083969465648856,68.60934448242188
4641,kadid10k,kadid10k/i38,/home/sergey/iqa-data/kadid10k/images/I38_04_02.png,0.5521628498727735,75.27671813964844
4642,kadid10k,kadid10k/i38,/home/sergey/iqa-data/kadid10k/images/I38_04_03.png,0.2213740458015267,73.3344497680664
4643,kadid10k,kadid10k/i38,/home/sergey/iqa-data/kadid10k/images/I38_04_04.png,0.2213740458015267,70.71745300292969
4644,kadid10k,kadid10k/i38,/home/sergey/iqa-data/kadid10k/images/I38_04_05.png,0.1348600508905852,73.7235336303711
4645,kadid10k,kadid10k/i38,/home/sergey/iqa-data/kadid10k/images/I38_05_01.png,0.7633587786259542,72.44754791259766
4646,kadid10k,kadid10k/i38,/home/sergey/iqa-data/kadid10k/images/I38_05_02.png,0.2366412213740458,74.6822280883789
4647,kadid10k,kadid10k/i38,/home/sergey/iqa-data/kadid10k/images/I38_05_03.png,0.178117048346056,75.53272247314453
4648,kadid10k,kadid10k/i38,/home/sergey/iqa-data/kadid10k/images/I38_05_04.png,0.1450381679389313,75.93848419189453
4649,kadid10k,kadid10k/i38,/home/sergey/iqa-data/kadid10k/images/I38_05_05.png,0.1450381679389313,74.88715362548828
4650,kadid10k,kadid10k/i38,/home/sergey/iqa-data/kadid10k/images/I38_06_01.png,0.89058524173028,62.24898910522461
4651,kadid10k,kadid10k/i38,/home/sergey/iqa-data/kadid10k/images/I38_06_02.png,0.8727735368956743,61.012149810791016
4652,kadid10k,kadid10k/i38,/home/sergey/iqa-data/kadid10k/images/I38_06_03.png,0.7633587786259542,61.26079177856445
4653,kadid10k,kadid10k/i38,/home/sergey/iqa-data/kadid10k/images/I38_06_04.png,0.6870229007633589,66.19173431396484
4654,kadid10k,kadid10k/i38,/home/sergey/iqa-data/kadid10k/images/I38_06_05.png,0.3486005089058525,71.60505676269531
4655,kadid10k,kadid10k/i38,/home/sergey/iqa-data/kadid10k/images/I38_07_01.png,0.6793893129770993,67.07936096191406
4656,kadid10k,kadid10k/i38,/home/sergey/iqa-data/kadid10k/images/I38_07_02.png,0.3435114503816794,65.56974792480469
4657,kadid10k,kadid10k/i38,/home/sergey/iqa-data/kadid10k/images/I38_07_03.png,0.4249363867684478,66.50199127197266
4658,kadid10k,kadid10k/i38,/home/sergey/iqa-data/kadid10k/images/I38_07_04.png,0.4580152671755725,66.21444702148438
4659,kadid10k,kadid10k/i38,/home/sergey/iqa-data/kadid10k/images/I38_07_05.png,0.3486005089058525,72.12991333007812
4660,kadid10k,kadid10k/i38,/home/sergey/iqa-data/kadid10k/images/I38_08_01.png,0.9338422391857508,67.01700592041016
4661,kadid10k,kadid10k/i38,/home/sergey/iqa-data/kadid10k/images/I38_08_02.png,0.6539440203562341,70.88984680175781
4662,kadid10k,kadid10k/i38,/home/sergey/iqa-data/kadid10k/images/I38_08_03.png,0.450381679389313,73.1943130493164
4663,kadid10k,kadid10k/i38,/home/sergey/iqa-data/kadid10k/images/I38_08_04.png,0.2977099236641221,74.14722442626953
4664,kadid10k,kadid10k/i38,/home/sergey/iqa-data/kadid10k/images/I38_08_05.png,0.1094147582697201,74.70343017578125
4665,kadid10k,kadid10k/i38,/home/sergey/iqa-data/kadid10k/images/I38_09_01.png,0.9592875318066156,66.87464141845703
4666,kadid10k,kadid10k/i38,/home/sergey/iqa-data/kadid10k/images/I38_09_02.png,0.9592875318066156,67.5623550415039
4667,kadid10k,kadid10k/i38,/home/sergey/iqa-data/kadid10k/images/I38_09_03.png,0.8982188295165395,67.61638641357422
4668,kadid10k,kadid10k/i38,/home/sergey/iqa-data/kadid10k/images/I38_09_04.png,0.6870229007633589,68.26879119873047
4669,kadid10k,kadid10k/i38,/home/sergey/iqa-data/kadid10k/images/I38_09_05.png,0.2111959287531807,60.3039436340332
4670,kadid10k,kadid10k/i38,/home/sergey/iqa-data/kadid10k/images/I38_10_01.png,0.8142493638676845,67.72317504882812
4671,kadid10k,kadid10k/i38,/home/sergey/iqa-data/kadid10k/images/I38_10_02.png,0.8447837150127228,67.5623550415039
4672,kadid10k,kadid10k/i38,/home/sergey/iqa-data/kadid10k/images/I38_10_03.png,0.5597964376590332,68.6426010131836
4673,kadid10k,kadid10k/i38,/home/sergey/iqa-data/kadid10k/images/I38_10_04.png,0.1959287531806616,56.63542175292969
4674,kadid10k,kadid10k/i38,/home/sergey/iqa-data/kadid10k/images/I38_10_05.png,0.0432569974554707,36.704444885253906
4675,kadid10k,kadid10k/i38,/home/sergey/iqa-data/kadid10k/images/I38_11_01.png,0.6284987277353691,58.16141891479492
4676,kadid10k,kadid10k/i38,/home/sergey/iqa-data/kadid10k/images/I38_11_02.png,0.5012722646310434,56.943153381347656
4677,kadid10k,kadid10k/i38,/home/sergey/iqa-data/kadid10k/images/I38_11_03.png,0.450381679389313,57.48752212524414
4678,kadid10k,kadid10k/i38,/home/sergey/iqa-data/kadid10k/images/I38_11_04.png,0.3816793893129771,54.42108154296875
4679,kadid10k,kadid10k/i38,/home/sergey/iqa-data/kadid10k/images/I38_11_05.png,0.2620865139949109,56.614036560058594
4680,kadid10k,kadid10k/i38,/home/sergey/iqa-data/kadid10k/images/I38_12_01.png,0.8396946564885497,61.324066162109375
4681,kadid10k,kadid10k/i38,/home/sergey/iqa-data/kadid10k/images/I38_12_02.png,0.5674300254452926,58.12847900390625
4682,kadid10k,kadid10k/i38,/home/sergey/iqa-data/kadid10k/images/I38_12_03.png,0.4071246819338422,55.96921920776367
4683,kadid10k,kadid10k/i38,/home/sergey/iqa-data/kadid10k/images/I38_12_04.png,0.3384223918575064,55.1955451965332
4684,kadid10k,kadid10k/i38,/home/sergey/iqa-data/kadid10k/images/I38_12_05.png,0.3053435114503817,55.71812438964844
4685,kadid10k,kadid10k/i38,/home/sergey/iqa-data/kadid10k/images/I38_13_01.png,0.5597964376590332,62.882049560546875
4686,kadid10k,kadid10k/i38,/home/sergey/iqa-data/kadid10k/images/I38_13_02.png,0.4249363867684478,61.602237701416016
4687,kadid10k,kadid10k/i38,/home/sergey/iqa-data/kadid10k/images/I38_13_03.png,0.3231552162849873,54.93510818481445
4688,kadid10k,kadid10k/i38,/home/sergey/iqa-data/kadid10k/images/I38_13_04.png,0.3129770992366412,59.799560546875
4689,kadid10k,kadid10k/i38,/home/sergey/iqa-data/kadid10k/images/I38_13_05.png,0.2798982188295166,58.66564178466797
4690,kadid10k,kadid10k/i38,/home/sergey/iqa-data/kadid10k/images/I38_14_01.png,0.8575063613231553,64.77774810791016
4691,kadid10k,kadid10k/i38,/home/sergey/iqa-data/kadid10k/images/I38_14_02.png,0.5776081424936387,59.81524658203125
4692,kadid10k,kadid10k/i38,/home/sergey/iqa-data/kadid10k/images/I38_14_03.png,0.4834605597964376,57.18026351928711
4693,kadid10k,kadid10k/i38,/home/sergey/iqa-data/kadid10k/images/I38_14_04.png,0.3638676844783716,58.27556228637695
4694,kadid10k,kadid10k/i38,/home/sergey/iqa-data/kadid10k/images/I38_14_05.png,0.1857506361323155,61.31993865966797
4695,kadid10k,kadid10k/i38,/home/sergey/iqa-data/kadid10k/images/I38_15_01.png,0.5928753180661578,64.40601348876953
4696,kadid10k,kadid10k/i38,/home/sergey/iqa-data/kadid10k/images/I38_15_02.png,0.2544529262086514,56.038673400878906
4697,kadid10k,kadid10k/i38,/home/sergey/iqa-data/kadid10k/images/I38_15_03.png,0.2111959287531807,51.48926544189453
4698,kadid10k,kadid10k/i38,/home/sergey/iqa-data/kadid10k/images/I38_15_04.png,0.089058524173028,51.54449462890625
4699,kadid10k,kadid10k/i38,/home/sergey/iqa-data/kadid10k/images/I38_15_05.png,0.0432569974554707,54.818321228027344
4700,kadid10k,kadid10k/i38,/home/sergey/iqa-data/kadid10k/images/I38_16_01.png,0.9033078880407124,66.3700180053711
4701,kadid10k,kadid10k/i38,/home/sergey/iqa-data/kadid10k/images/I38_16_02.png,0.8142493638676845,69.82660675048828
4702,kadid10k,kadid10k/i38,/home/sergey/iqa-data/kadid10k/images/I38_16_03.png,0.6437659033078881,76.08409881591797
4703,kadid10k,kadid10k/i38,/home/sergey/iqa-data/kadid10k/images/I38_16_04.png,0.5089058524173028,77.65811920166016
4704,kadid10k,kadid10k/i38,/home/sergey/iqa-data/kadid10k/images/I38_16_05.png,0.2544529262086514,62.399600982666016
4705,kadid10k,kadid10k/i38,/home/sergey/iqa-data/kadid10k/images/I38_17_01.png,0.8829516539440203,67.66521453857422
4706,kadid10k,kadid10k/i38,/home/sergey/iqa-data/kadid10k/images/I38_17_02.png,0.8829516539440203,68.47003936767578
4707,kadid10k,kadid10k/i38,/home/sergey/iqa-data/kadid10k/images/I38_17_03.png,0.7302798982188295,70.3543930053711
4708,kadid10k,kadid10k/i38,/home/sergey/iqa-data/kadid10k/images/I38_17_04.png,0.4910941475826972,69.62226104736328
4709,kadid10k,kadid10k/i38,/home/sergey/iqa-data/kadid10k/images/I38_17_05.png,0.178117048346056,59.45790100097656
4710,kadid10k,kadid10k/i38,/home/sergey/iqa-data/kadid10k/images/I38_18_01.png,0.78117048346056,66.69429779052734
4711,kadid10k,kadid10k/i38,/home/sergey/iqa-data/kadid10k/images/I38_18_02.png,0.9287531806615776,65.83094024658203
4712,kadid10k,kadid10k/i38,/home/sergey/iqa-data/kadid10k/images/I38_18_03.png,0.94910941475827,67.01700592041016
4713,kadid10k,kadid10k/i38,/home/sergey/iqa-data/kadid10k/images/I38_18_04.png,0.7709923664122139,67.6487045288086
4714,kadid10k,kadid10k/i38,/home/sergey/iqa-data/kadid10k/images/I38_18_05.png,0.7888040712468193,69.16419219970703
4715,kadid10k,kadid10k/i38,/home/sergey/iqa-data/kadid10k/images/I38_19_01.png,0.89058524173028,66.00233459472656
4716,kadid10k,kadid10k/i38,/home/sergey/iqa-data/kadid10k/images/I38_19_02.png,0.8218829516539442,66.041748046875
4717,kadid10k,kadid10k/i38,/home/sergey/iqa-data/kadid10k/images/I38_19_03.png,0.5521628498727735,69.06548309326172
4718,kadid10k,kadid10k/i38,/home/sergey/iqa-data/kadid10k/images/I38_19_04.png,0.1704834605597964,74.99298095703125
4719,kadid10k,kadid10k/i38,/home/sergey/iqa-data/kadid10k/images/I38_19_05.png,0.0585241730279898,74.18395233154297
4720,kadid10k,kadid10k/i38,/home/sergey/iqa-data/kadid10k/images/I38_20_01.png,0.8982188295165395,67.47966766357422
4721,kadid10k,kadid10k/i38,/home/sergey/iqa-data/kadid10k/images/I38_20_02.png,0.7709923664122139,68.29988861083984
4722,kadid10k,kadid10k/i38,/home/sergey/iqa-data/kadid10k/images/I38_20_03.png,0.83206106870229,69.5003662109375
4723,kadid10k,kadid10k/i38,/home/sergey/iqa-data/kadid10k/images/I38_20_04.png,0.8396946564885497,67.69417572021484
4724,kadid10k,kadid10k/i38,/home/sergey/iqa-data/kadid10k/images/I38_20_05.png,0.6106870229007634,66.87210845947266
4725,kadid10k,kadid10k/i38,/home/sergey/iqa-data/kadid10k/images/I38_21_01.png,0.3893129770992366,69.7114486694336
4726,kadid10k,kadid10k/i38,/home/sergey/iqa-data/kadid10k/images/I38_21_02.png,0.3231552162849873,69.11043548583984
4727,kadid10k,kadid10k/i38,/home/sergey/iqa-data/kadid10k/images/I38_21_03.png,0.3307888040712468,70.04039764404297
4728,kadid10k,kadid10k/i38,/home/sergey/iqa-data/kadid10k/images/I38_21_04.png,0.4402035623409669,66.58336639404297
4729,kadid10k,kadid10k/i38,/home/sergey/iqa-data/kadid10k/images/I38_21_05.png,0.1450381679389313,69.20044708251953
4730,kadid10k,kadid10k/i38,/home/sergey/iqa-data/kadid10k/images/I38_22_01.png,0.7633587786259542,62.11932373046875
4731,kadid10k,kadid10k/i38,/home/sergey/iqa-data/kadid10k/images/I38_22_02.png,0.4834605597964376,61.082576751708984
4732,kadid10k,kadid10k/i38,/home/sergey/iqa-data/kadid10k/images/I38_22_03.png,0.534351145038168,60.902130126953125
4733,kadid10k,kadid10k/i38,/home/sergey/iqa-data/kadid10k/images/I38_22_04.png,0.450381679389313,62.23656463623047
4734,kadid10k,kadid10k/i38,/home/sergey/iqa-data/kadid10k/images/I38_22_05.png,0.3053435114503817,68.14090728759766
4735,kadid10k,kadid10k/i38,/home/sergey/iqa-data/kadid10k/images/I38_23_01.png,0.4758269720101782,64.9322280883789
4736,kadid10k,kadid10k/i38,/home/sergey/iqa-data/kadid10k/images/I38_23_02.png,0.3740458015267176,66.4660873413086
4737,kadid10k,kadid10k/i38,/home/sergey/iqa-data/kadid10k/images/I38_23_03.png,0.2875318066157761,70.86165618896484
4738,kadid10k,kadid10k/i38,/home/sergey/iqa-data/kadid10k/images/I38_23_04.png,0.272264631043257,69.20941925048828
4739,kadid10k,kadid10k/i38,/home/sergey/iqa-data/kadid10k/images/I38_23_05.png,0.3384223918575064,62.43743133544922
4740,kadid10k,kadid10k/i38,/home/sergey/iqa-data/kadid10k/images/I38_24_01.png,0.6870229007633589,68.3046646118164
4741,kadid10k,kadid10k/i38,/home/sergey/iqa-data/kadid10k/images/I38_24_02.png,0.4402035623409669,70.12381744384766
4742,kadid10k,kadid10k/i38,/home/sergey/iqa-data/kadid10k/images/I38_24_03.png,0.2213740458015267,70.33922576904297
4743,kadid10k,kadid10k/i38,/home/sergey/iqa-data/kadid10k/images/I38_24_04.png,0.1526717557251908,69.24215698242188
4744,kadid10k,kadid10k/i38,/home/sergey/iqa-data/kadid10k/images/I38_24_05.png,0.0687022900763358,71.00701141357422
4745,kadid10k,kadid10k/i38,/home/sergey/iqa-data/kadid10k/images/I38_25_01.png,0.6615776081424937,66.59429931640625
4746,kadid10k,kadid10k/i38,/home/sergey/iqa-data/kadid10k/images/I38_25_02.png,0.6946564885496184,66.36563110351562
4747,kadid10k,kadid10k/i38,/home/sergey/iqa-data/kadid10k/images/I38_25_03.png,0.8396946564885497,66.42609405517578
4748,kadid10k,kadid10k/i38,/home/sergey/iqa-data/kadid10k/images/I38_25_04.png,0.7557251908396948,68.4705581665039
4749,kadid10k,kadid10k/i38,/home/sergey/iqa-data/kadid10k/images/I38_25_05.png,0.534351145038168,70.79090118408203
4875,kadid10k,kadid10k/i40,/home/sergey/iqa-data/kadid10k/images/I40_01_01.png,0.83206106870229,77.74991607666016
4876,kadid10k,kadid10k/i40,/home/sergey/iqa-data/kadid10k/images/I40_01_02.png,0.7201017811704835,73.9486083984375
4877,kadid10k,kadid10k/i40,/home/sergey/iqa-data/kadid10k/images/I40_01_03.png,0.2977099236641221,45.73371124267578
4878,kadid10k,kadid10k/i40,/home/sergey/iqa-data/kadid10k/images/I40_01_04.png,0.1450381679389313,31.34421157836914
4879,kadid10k,kadid10k/i40,/home/sergey/iqa-data/kadid10k/images/I40_01_05.png,0.0254452926208651,21.468181610107422
4880,kadid10k,kadid10k/i40,/home/sergey/iqa-data/kadid10k/images/I40_02_01.png,0.4656488549618321,61.97536849975586
4881,kadid10k,kadid10k/i40,/home/sergey/iqa-data/kadid10k/images/I40_02_02.png,0.2544529262086514,41.93254470825195
4882,kadid10k,kadid10k/i40,/home/sergey/iqa-data/kadid10k/images/I40_02_03.png,0.1272264631043257,29.359970092773438
4883,kadid10k,kadid10k/i40,/home/sergey/iqa-data/kadid10k/images/I40_02_04.png,0.1017811704834605,25.04241180419922
4884,kadid10k,kadid10k/i40,/home/sergey/iqa-data/kadid10k/images/I40_02_05.png,0.0254452926208651,23.068532943725586
4885,kadid10k,kadid10k/i40,/home/sergey/iqa-data/kadid10k/images/I40_03_01.png,0.8396946564885497,77.74991607666016
4886,kadid10k,kadid10k/i40,/home/sergey/iqa-data/kadid10k/images/I40_03_02.png,0.5776081424936387,68.07791900634766
4887,kadid10k,kadid10k/i40,/home/sergey/iqa-data/kadid10k/images/I40_03_03.png,0.3129770992366412,41.70509719848633
4888,kadid10k,kadid10k/i40,/home/sergey/iqa-data/kadid10k/images/I40_03_04.png,0.094147582697201,37.355804443359375
4889,kadid10k,kadid10k/i40,/home/sergey/iqa-data/kadid10k/images/I40_03_05.png,0.0432569974554707,31.237756729125977
4890,kadid10k,kadid10k/i40,/home/sergey/iqa-data/kadid10k/images/I40_04_01.png,0.796437659033079,77.38591766357422
4891,kadid10k,kadid10k/i40,/home/sergey/iqa-data/kadid10k/images/I40_04_02.png,0.3486005089058525,78.47636413574219
4892,kadid10k,kadid10k/i40,/home/sergey/iqa-data/kadid10k/images/I40_04_03.png,0.1857506361323155,77.98436737060547
4893,kadid10k,kadid10k/i40,/home/sergey/iqa-data/kadid10k/images/I40_04_04.png,0.1195928753180661,76.1428451538086
4894,kadid10k,kadid10k/i40,/home/sergey/iqa-data/kadid10k/images/I40_04_05.png,0.1094147582697201,75.94103240966797
4895,kadid10k,kadid10k/i40,/home/sergey/iqa-data/kadid10k/images/I40_05_01.png,0.6870229007633589,71.02039337158203
4896,kadid10k,kadid10k/i40,/home/sergey/iqa-data/kadid10k/images/I40_05_02.png,0.1857506361323155,74.6729965209961
4897,kadid10k,kadid10k/i40,/home/sergey/iqa-data/kadid10k/images/I40_05_03.png,0.1348600508905852,77.64020538330078
4898,kadid10k,kadid10k/i40,/home/sergey/iqa-data/kadid10k/images/I40_05_04.png,0.0839694656488549,76.5079116821289
4899,kadid10k,kadid10k/i40,/home/sergey/iqa-data/kadid10k/images/I40_05_05.png,0.094147582697201,76.70574951171875
4900,kadid10k,kadid10k/i40,/home/sergey/iqa-data/kadid10k/images/I40_06_01.png,0.796437659033079,77.93016815185547
4901,kadid10k,kadid10k/i40,/home/sergey/iqa-data/kadid10k/images/I40_06_02.png,0.83206106870229,77.78534698486328
4902,kadid10k,kadid10k/i40,/home/sergey/iqa-data/kadid10k/images/I40_06_03.png,0.7048346055979644,77.71150970458984
4903,kadid10k,kadid10k/i40,/home/sergey/iqa-data/kadid10k/images/I40_06_04.png,0.7557251908396948,77.53933715820312
4904,kadid10k,kadid10k/i40,/home/sergey/iqa-data/kadid10k/images/I40_06_05.png,0.4274809160305344,77.1497573852539
4905,kadid10k,kadid10k/i40,/home/sergey/iqa-data/kadid10k/images/I40_07_01.png,0.4071246819338422,74.84171295166016
4906,kadid10k,kadid10k/i40,/home/sergey/iqa-data/kadid10k/images/I40_07_02.png,0.3129770992366412,76.18402862548828
4907,kadid10k,kadid10k/i40,/home/sergey/iqa-data/kadid10k/images/I40_07_03.png,0.2544529262086514,73.22185516357422
4908,kadid10k,kadid10k/i40,/home/sergey/iqa-data/kadid10k/images/I40_07_04.png,0.2544529262086514,66.53824615478516
4909,kadid10k,kadid10k/i40,/home/sergey/iqa-data/kadid10k/images/I40_07_05.png,0.2213740458015267,75.57987213134766
4910,kadid10k,kadid10k/i40,/home/sergey/iqa-data/kadid10k/images/I40_08_01.png,0.8829516539440203,77.74991607666016
4911,kadid10k,kadid10k/i40,/home/sergey/iqa-data/kadid10k/images/I40_08_02.png,0.5674300254452926,78.60587310791016
4912,kadid10k,kadid10k/i40,/home/sergey/iqa-data/kadid10k/images/I40_08_03.png,0.3231552162849873,78.22042083740234
4913,kadid10k,kadid10k/i40,/home/sergey/iqa-data/kadid10k/images/I40_08_04.png,0.1704834605597964,76.00235748291016
4914,kadid10k,kadid10k/i40,/home/sergey/iqa-data/kadid10k/images/I40_08_05.png,0.094147582697201,75.233154296875
4915,kadid10k,kadid10k/i40,/home/sergey/iqa-data/kadid10k/images/I40_09_01.png,0.8142493638676845,76.53385162353516
4916,kadid10k,kadid10k/i40,/home/sergey/iqa-data/kadid10k/images/I40_09_02.png,0.5928753180661578,62.96553039550781
4917,kadid10k,kadid10k/i40,/home/sergey/iqa-data/kadid10k/images/I40_09_03.png,0.5089058524173028,56.555763244628906
4918,kadid10k,kadid10k/i40,/home/sergey/iqa-data/kadid10k/images/I40_09_04.png,0.1272264631043257,47.215972900390625
4919,kadid10k,kadid10k/i40,/home/sergey/iqa-data/kadid10k/images/I40_09_05.png,0.0585241730279898,31.00156021118164
4920,kadid10k,kadid10k/i40,/home/sergey/iqa-data/kadid10k/images/I40_10_01.png,0.8142493638676845,76.91954803466797
4921,kadid10k,kadid10k/i40,/home/sergey/iqa-data/kadid10k/images/I40_10_02.png,0.8142493638676845,75.3743667602539
4922,kadid10k,kadid10k/i40,/home/sergey/iqa-data/kadid10k/images/I40_10_03.png,0.7557251908396948,69.24858093261719
4923,kadid10k,kadid10k/i40,/home/sergey/iqa-data/kadid10k/images/I40_10_04.png,0.3816793893129771,48.608795166015625
4924,kadid10k,kadid10k/i40,/home/sergey/iqa-data/kadid10k/images/I40_10_05.png,0.1450381679389313,45.05480194091797
4925,kadid10k,kadid10k/i40,/home/sergey/iqa-data/kadid10k/images/I40_11_01.png,0.8727735368956743,76.9245376586914
4926,kadid10k,kadid10k/i40,/home/sergey/iqa-data/kadid10k/images/I40_11_02.png,0.8727735368956743,77.12244415283203
4927,kadid10k,kadid10k/i40,/home/sergey/iqa-data/kadid10k/images/I40_11_03.png,0.7201017811704835,76.41923522949219
4928,kadid10k,kadid10k/i40,/home/sergey/iqa-data/kadid10k/images/I40_11_04.png,0.7048346055979644,75.97675323486328
4929,kadid10k,kadid10k/i40,/home/sergey/iqa-data/kadid10k/images/I40_11_05.png,0.5928753180661578,74.54548645019531
4930,kadid10k,kadid10k/i40,/home/sergey/iqa-data/kadid10k/images/I40_12_01.png,0.9083969465648856,77.50251007080078
4931,kadid10k,kadid10k/i40,/home/sergey/iqa-data/kadid10k/images/I40_12_02.png,0.89058524173028,77.04391479492188
4932,kadid10k,kadid10k/i40,/home/sergey/iqa-data/kadid10k/images/I40_12_03.png,0.7048346055979644,76.60930633544922
4933,kadid10k,kadid10k/i40,/home/sergey/iqa-data/kadid10k/images/I40_12_04.png,0.6615776081424937,76.12985229492188
4934,kadid10k,kadid10k/i40,/home/sergey/iqa-data/kadid10k/images/I40_12_05.png,0.6183206106870229,76.13655853271484
4935,kadid10k,kadid10k/i40,/home/sergey/iqa-data/kadid10k/images/I40_13_01.png,0.8218829516539442,77.50341033935547
4936,kadid10k,kadid10k/i40,/home/sergey/iqa-data/kadid10k/images/I40_13_02.png,0.5776081424936387,76.92225646972656
4937,kadid10k,kadid10k/i40,/home/sergey/iqa-data/kadid10k/images/I40_13_03.png,0.4580152671755725,76.57367706298828
4938,kadid10k,kadid10k/i40,/home/sergey/iqa-data/kadid10k/images/I40_13_04.png,0.4071246819338422,75.47384643554688
4939,kadid10k,kadid10k/i40,/home/sergey/iqa-data/kadid10k/images/I40_13_05.png,0.2977099236641221,75.43201446533203
4940,kadid10k,kadid10k/i40,/home/sergey/iqa-data/kadid10k/images/I40_14_01.png,0.8473282442748092,77.58692932128906
4941,kadid10k,kadid10k/i40,/home/sergey/iqa-data/kadid10k/images/I40_14_02.png,0.8396946564885497,77.41040802001953
4942,kadid10k,kadid10k/i40,/home/sergey/iqa-data/kadid10k/images/I40_14_03.png,0.8473282442748092,77.25507354736328
4943,kadid10k,kadid10k/i40,/home/sergey/iqa-data/kadid10k/images/I40_14_04.png,0.712468193384224,76.60713958740234
4944,kadid10k,kadid10k/i40,/home/sergey/iqa-data/kadid10k/images/I40_14_05.png,0.5267175572519084,76.32074737548828
4945,kadid10k,kadid10k/i40,/home/sergey/iqa-data/kadid10k/images/I40_15_01.png,0.534351145038168,70.61656188964844
4946,kadid10k,kadid10k/i40,/home/sergey/iqa-data/kadid10k/images/I40_15_02.png,0.3129770992366412,66.48579406738281
4947,kadid10k,kadid10k/i40,/home/sergey/iqa-data/kadid10k/images/I40_15_03.png,0.2111959287531807,63.52156448364258
4948,kadid10k,kadid10k/i40,/home/sergey/iqa-data/kadid10k/images/I40_15_04.png,0.178117048346056,61.31322479248047
4949,kadid10k,kadid10k/i40,/home/sergey/iqa-data/kadid10k/images/I40_15_05.png,0.178117048346056,63.08589553833008
4950,kadid10k,kadid10k/i40,/home/sergey/iqa-data/kadid10k/images/I40_16_01.png,0.8295165394402035,77.73155212402344
4951,kadid10k,kadid10k/i40,/home/sergey/iqa-data/kadid10k/images/I40_16_02.png,0.7633587786259542,77.63101959228516
4952,kadid10k,kadid10k/i40,/home/sergey/iqa-data/kadid10k/images/I40_16_03.png,0.5597964376590332,75.30377197265625
4953,kadid10k,kadid10k/i40,/home/sergey/iqa-data/kadid10k/images/I40_16_04.png,0.3638676844783716,61.96965026855469
4954,kadid10k,kadid10k/i40,/home/sergey/iqa-data/kadid10k/images/I40_16_05.png,0.1348600508905852,52.31542205810547
4955,kadid10k,kadid10k/i40,/home/sergey/iqa-data/kadid10k/images/I40_17_01.png,0.8982188295165395,77.76335144042969
4956,kadid10k,kadid10k/i40,/home/sergey/iqa-data/kadid10k/images/I40_17_02.png,0.8829516539440203,77.69178009033203
4957,kadid10k,kadid10k/i40,/home/sergey/iqa-data/kadid10k/images/I40_17_03.png,0.7455470737913487,77.54412841796875
4958,kadid10k,kadid10k/i40,/home/sergey/iqa-data/kadid10k/images/I40_17_04.png,0.5419847328244275,77.15216827392578
4959,kadid10k,kadid10k/i40,/home/sergey/iqa-data/kadid10k/images/I40_17_05.png,0.2213740458015267,73.16597747802734
4960,kadid10k,kadid10k/i40,/home/sergey/iqa-data/kadid10k/images/I40_18_01.png,0.796437659033079,77.13533782958984
4961,kadid10k,kadid10k/i40,/home/sergey/iqa-data/kadid10k/images/I40_18_02.png,0.8651399491094149,77.4074478149414
4962,kadid10k,kadid10k/i40,/home/sergey/iqa-data/kadid10k/images/I40_18_03.png,0.916030534351145,77.74991607666016
4963,kadid10k,kadid10k/i40,/home/sergey/iqa-data/kadid10k/images/I40_18_04.png,0.7709923664122139,78.22525024414062
4964,kadid10k,kadid10k/i40,/home/sergey/iqa-data/kadid10k/images/I40_18_05.png,0.7201017811704835,78.51105499267578
4965,kadid10k,kadid10k/i40,/home/sergey/iqa-data/kadid10k/images/I40_19_01.png,0.7888040712468193,77.67716979980469
4966,kadid10k,kadid10k/i40,/home/sergey/iqa-data/kadid10k/images/I40_19_02.png,0.7379134860050891,77.13763427734375
4967,kadid10k,kadid10k/i40,/home/sergey/iqa-data/kadid10k/images/I40_19_03.png,0.3486005089058525,72.90984344482422
4968,kadid10k,kadid10k/i40,/home/sergey/iqa-data/kadid10k/images/I40_19_04.png,0.1526717557251908,69.83202362060547
4969,kadid10k,kadid10k/i40,/home/sergey/iqa-data/kadid10k/images/I40_19_05.png,0.0508905852417302,67.02333068847656
4970,kadid10k,kadid10k/i40,/home/sergey/iqa-data/kadid10k/images/I40_20_01.png,0.8829516539440203,77.64146423339844
4971,kadid10k,kadid10k/i40,/home/sergey/iqa-data/kadid10k/images/I40_20_02.png,0.5165394402035624,77.66022491455078
4972,kadid10k,kadid10k/i40,/home/sergey/iqa-data/kadid10k/images/I40_20_03.png,0.5674300254452926,77.36170959472656
4973,kadid10k,kadid10k/i40,/home/sergey/iqa-data/kadid10k/images/I40_20_04.png,0.5267175572519084,77.39353942871094
4974,kadid10k,kadid10k/i40,/home/sergey/iqa-data/kadid10k/images/I40_20_05.png,0.6717557251908398,77.63772583007812
4975,kadid10k,kadid10k/i40,/home/sergey/iqa-data/kadid10k/images/I40_21_01.png,0.7379134860050891,78.53093719482422
4976,kadid10k,kadid10k/i40,/home/sergey/iqa-data/kadid10k/images/I40_21_02.png,0.5165394402035624,77.17796325683594
4977,kadid10k,kadid10k/i40,/home/sergey/iqa-data/kadid10k/images/I40_21_03.png,0.4249363867684478,76.04782104492188
4978,kadid10k,kadid10k/i40,/home/sergey/iqa-data/kadid10k/images/I40_21_04.png,0.5089058524173028,74.5828857421875
4979,kadid10k,kadid10k/i40,/home/sergey/iqa-data/kadid10k/images/I40_21_05.png,0.0839694656488549,39.82670974731445
4980,kadid10k,kadid10k/i40,/home/sergey/iqa-data/kadid10k/images/I40_22_01.png,0.8982188295165395,77.36825561523438
4981,kadid10k,kadid10k/i40,/home/sergey/iqa-data/kadid10k/images/I40_22_02.png,0.8473282442748092,77.24571990966797
4982,kadid10k,kadid10k/i40,/home/sergey/iqa-data/kadid10k/images/I40_22_03.png,0.78117048346056,76.88108825683594
4983,kadid10k,kadid10k/i40,/home/sergey/iqa-data/kadid10k/images/I40_22_04.png,0.8575063613231553,76.465087890625
4984,kadid10k,kadid10k/i40,/home/sergey/iqa-data/kadid10k/images/I40_22_05.png,0.7557251908396948,76.8092269897461
4985,kadid10k,kadid10k/i40,/home/sergey/iqa-data/kadid10k/images/I40_23_01.png,0.3053435114503817,76.42849731445312
4986,kadid10k,kadid10k/i40,/home/sergey/iqa-data/kadid10k/images/I40_23_02.png,0.356234096692112,77.75566864013672
4987,kadid10k,kadid10k/i40,/home/sergey/iqa-data/kadid10k/images/I40_23_03.png,0.2111959287531807,76.31562805175781
4988,kadid10k,kadid10k/i40,/home/sergey/iqa-data/kadid10k/images/I40_23_04.png,0.3638676844783716,76.82838439941406
4989,kadid10k,kadid10k/i40,/home/sergey/iqa-data/kadid10k/images/I40_23_05.png,0.2290076335877862,75.43915557861328
4990,kadid10k,kadid10k/i40,/home/sergey/iqa-data/kadid10k/images/I40_24_01.png,0.5674300254452926,77.1646499633789
4991,kadid10k,kadid10k/i40,/home/sergey/iqa-data/kadid10k/images/I40_24_02.png,0.2468193384223918,76.70933532714844
4992,kadid10k,kadid10k/i40,/home/sergey/iqa-data/kadid10k/images/I40_24_03.png,0.2035623409669211,76.63003540039062
4993,kadid10k,kadid10k/i40,/home/sergey/iqa-data/kadid10k/images/I40_24_04.png,0.0839694656488549,75.8471450805664
4994,kadid10k,kadid10k/i40,/home/sergey/iqa-data/kadid10k/images/I40_24_05.png,0.0432569974554707,74.3080062866211
4995,kadid10k,kadid10k/i40,/home/sergey/iqa-data/kadid10k/images/I40_25_01.png,0.6692111959287532,78.82364654541016
4996,kadid10k,kadid10k/i40,/home/sergey/iqa-data/kadid10k/images/I40_25_02.png,0.6284987277353691,78.6829833984375
4997,kadid10k,kadid10k/i40,/home/sergey/iqa-data/kadid10k/images/I40_25_03.png,0.7455470737913487,78.43376922607422
4998,kadid10k,kadid10k/i40,/home/sergey/iqa-data/kadid10k/images/I40_25_04.png,0.7302798982188295,77.1893539428711
4999,kadid10k,kadid10k/i40,/home/sergey/iqa-data/kadid10k/images/I40_25_05.png,0.3689567430025446,77.1268310546875
5375,kadid10k,kadid10k/i44,/home/sergey/iqa-data/kadid10k/images/I44_01_01.png,0.8727735368956743,67.3827896118164
5376,kadid10k,kadid10k/i44,/home/sergey/iqa-data/kadid10k/images/I44_01_02.png,0.78117048346056,66.16545867919922
5377,kadid10k,kadid10k/i44,/home/sergey/iqa-data/kadid10k/images/I44_01_03.png,0.6692111959287532,65.13536834716797
5378,kadid10k,kadid10k/i44,/home/sergey/iqa-data/kadid10k/images/I44_01_04.png,0.2213740458015267,55.63832092285156
5379,kadid10k,kadid10k/i44,/home/sergey/iqa-data/kadid10k/images/I44_01_05.png,0.0330788804071246,28.36075210571289
5380,kadid10k,kadid10k/i44,/home/sergey/iqa-data/kadid10k/images/I44_02_01.png,0.8473282442748092,65.1284408569336
5381,kadid10k,kadid10k/i44,/home/sergey/iqa-data/kadid10k/images/I44_02_02.png,0.4910941475826972,64.4375228881836
5382,kadid10k,kadid10k/i44,/home/sergey/iqa-data/kadid10k/images/I44_02_03.png,0.1704834605597964,42.89691925048828
5383,kadid10k,kadid10k/i44,/home/sergey/iqa-data/kadid10k/images/I44_02_04.png,0.0763358778625954,30.439346313476562
5384,kadid10k,kadid10k/i44,/home/sergey/iqa-data/kadid10k/images/I44_02_05.png,0.0330788804071246,28.73720932006836
5385,kadid10k,kadid10k/i44,/home/sergey/iqa-data/kadid10k/images/I44_03_01.png,0.8829516539440203,67.3827896118164
5386,kadid10k,kadid10k/i44,/home/sergey/iqa-data/kadid10k/images/I44_03_02.png,0.8829516539440203,65.81055450439453
5387,kadid10k,kadid10k/i44,/home/sergey/iqa-data/kadid10k/images/I44_03_03.png,0.6030534351145039,63.98908996582031
5388,kadid10k,kadid10k/i44,/home/sergey/iqa-data/kadid10k/images/I44_03_04.png,0.2544529262086514,64.49072265625
5389,kadid10k,kadid10k/i44,/home/sergey/iqa-data/kadid10k/images/I44_03_05.png,0.1450381679389313,47.017120361328125
5390,kadid10k,kadid10k/i44,/home/sergey/iqa-data/kadid10k/images/I44_04_01.png,0.9083969465648856,68.74633026123047
5391,kadid10k,kadid10k/i44,/home/sergey/iqa-data/kadid10k/images/I44_04_02.png,0.3053435114503817,73.0848159790039
5392,kadid10k,kadid10k/i44,/home/sergey/iqa-data/kadid10k/images/I44_04_03.png,0.1094147582697201,76.47655487060547
5393,kadid10k,kadid10k/i44,/home/sergey/iqa-data/kadid10k/images/I44_04_04.png,0.1221374045801526,77.14449310302734
5394,kadid10k,kadid10k/i44,/home/sergey/iqa-data/kadid10k/images/I44_04_05.png,0.0432569974554707,74.7291030883789
5395,kadid10k,kadid10k/i44,/home/sergey/iqa-data/kadid10k/images/I44_05_01.png,0.94910941475827,68.58885955810547
5396,kadid10k,kadid10k/i44,/home/sergey/iqa-data/kadid10k/images/I44_05_02.png,0.3867684478371501,69.67096710205078
5397,kadid10k,kadid10k/i44,/home/sergey/iqa-data/kadid10k/images/I44_05_03.png,0.2366412213740458,75.79534149169922
5398,kadid10k,kadid10k/i44,/home/sergey/iqa-data/kadid10k/images/I44_05_04.png,0.1348600508905852,76.47018432617188
5399,kadid10k,kadid10k/i44,/home/sergey/iqa-data/kadid10k/images/I44_05_05.png,0.094147582697201,76.65682220458984
5400,kadid10k,kadid10k/i44,/home/sergey/iqa-data/kadid10k/images/I44_06_01.png,0.8218829516539442,67.228759765625
5401,kadid10k,kadid10k/i44,/home/sergey/iqa-data/kadid10k/images/I44_06_02.png,0.8142493638676845,67.19983673095703
5402,kadid10k,kadid10k/i44,/home/sergey/iqa-data/kadid10k/images/I44_06_03.png,0.7379134860050891,68.47761535644531
5403,kadid10k,kadid10k/i44,/home/sergey/iqa-data/kadid10k/images/I44_06_04.png,0.7302798982188295,70.3514175415039
5404,kadid10k,kadid10k/i44,/home/sergey/iqa-data/kadid10k/images/I44_06_05.png,0.4910941475826972,70.42285919189453
5405,kadid10k,kadid10k/i44,/home/sergey/iqa-data/kadid10k/images/I44_07_01.png,0.3994910941475826,67.18304443359375
5406,kadid10k,kadid10k/i44,/home/sergey/iqa-data/kadid10k/images/I44_07_02.png,0.2290076335877862,69.08609771728516
5407,kadid10k,kadid10k/i44,/home/sergey/iqa-data/kadid10k/images/I44_07_03.png,0.2391857506361323,70.9314956665039
5408,kadid10k,kadid10k/i44,/home/sergey/iqa-data/kadid10k/images/I44_07_04.png,0.2875318066157761,67.2883071899414
5409,kadid10k,kadid10k/i44,/home/sergey/iqa-data/kadid10k/images/I44_07_05.png,0.2544529262086514,72.39380645751953
5410,kadid10k,kadid10k/i44,/home/sergey/iqa-data/kadid10k/images/I44_08_01.png,0.916030534351145,67.3827896118164
5411,kadid10k,kadid10k/i44,/home/sergey/iqa-data/kadid10k/images/I44_08_02.png,0.5674300254452926,68.30365753173828
5412,kadid10k,kadid10k/i44,/home/sergey/iqa-data/kadid10k/images/I44_08_03.png,0.3053435114503817,70.10345458984375
5413,kadid10k,kadid10k/i44,/home/sergey/iqa-data/kadid10k/images/I44_08_04.png,0.094147582697201,71.64484405517578
5414,kadid10k,kadid10k/i44,/home/sergey/iqa-data/kadid10k/images/I44_08_05.png,0.0687022900763358,70.24048614501953
5415,kadid10k,kadid10k/i44,/home/sergey/iqa-data/kadid10k/images/I44_09_01.png,0.94910941475827,67.4439926147461
5416,kadid10k,kadid10k/i44,/home/sergey/iqa-data/kadid10k/images/I44_09_02.png,0.9083969465648856,66.59905242919922
5417,kadid10k,kadid10k/i44,/home/sergey/iqa-data/kadid10k/images/I44_09_03.png,0.8651399491094149,66.75433349609375
5418,kadid10k,kadid10k/i44,/home/sergey/iqa-data/kadid10k/images/I44_09_04.png,0.534351145038168,65.00499725341797
5419,kadid10k,kadid10k/i44,/home/sergey/iqa-data/kadid10k/images/I44_09_05.png,0.0839694656488549,49.34382629394531
5420,kadid10k,kadid10k/i44,/home/sergey/iqa-data/kadid10k/images/I44_10_01.png,0.8982188295165395,67.44007873535156
5421,kadid10k,kadid10k/i44,/home/sergey/iqa-data/kadid10k/images/I44_10_02.png,0.8651399491094149,67.05962371826172
5422,kadid10k,kadid10k/i44,/home/sergey/iqa-data/kadid10k/images/I44_10_03.png,0.7302798982188295,67.14420318603516
5423,kadid10k,kadid10k/i44,/home/sergey/iqa-data/kadid10k/images/I44_10_04.png,0.3384223918575064,67.79370880126953
5424,kadid10k,kadid10k/i44,/home/sergey/iqa-data/kadid10k/images/I44_10_05.png,0.094147582697201,49.11226272583008
5425,kadid10k,kadid10k/i44,/home/sergey/iqa-data/kadid10k/images/I44_11_01.png,0.78117048346056,69.02410888671875
5426,kadid10k,kadid10k/i44,/home/sergey/iqa-data/kadid10k/images/I44_11_02.png,0.6539440203562341,69.7524642944336
5427,kadid10k,kadid10k/i44,/home/sergey/iqa-data/kadid10k/images/I44_11_03.png,0.5597964376590332,69.5462875366211
5428,kadid10k,kadid10k/i44,/home/sergey/iqa-data/kadid10k/images/I44_11_04.png,0.450381679389313,66.23876190185547
5429,kadid10k,kadid10k/i44,/home/sergey/iqa-data/kadid10k/images/I44_11_05.png,0.3384223918575064,63.88471984863281
5430,kadid10k,kadid10k/i44,/home/sergey/iqa-data/kadid10k/images/I44_12_01.png,0.8575063613231553,67.73358917236328
5431,kadid10k,kadid10k/i44,/home/sergey/iqa-data/kadid10k/images/I44_12_02.png,0.7709923664122139,69.05384826660156
5432,kadid10k,kadid10k/i44,/home/sergey/iqa-data/kadid10k/images/I44_12_03.png,0.5776081424936387,67.75218963623047
5433,kadid10k,kadid10k/i44,/home/sergey/iqa-data/kadid10k/images/I44_12_04.png,0.4681933842239186,63.809017181396484
5434,kadid10k,kadid10k/i44,/home/sergey/iqa-data/kadid10k/images/I44_12_05.png,0.3129770992366412,65.25064849853516
5435,kadid10k,kadid10k/i44,/home/sergey/iqa-data/kadid10k/images/I44_13_01.png,0.6870229007633589,67.60079193115234
5436,kadid10k,kadid10k/i44,/home/sergey/iqa-data/kadid10k/images/I44_13_02.png,0.5089058524173028,69.65998840332031
5437,kadid10k,kadid10k/i44,/home/sergey/iqa-data/kadid10k/images/I44_13_03.png,0.3893129770992366,71.49994659423828
5438,kadid10k,kadid10k/i44,/home/sergey/iqa-data/kadid10k/images/I44_13_04.png,0.3740458015267176,71.19707489013672
5439,kadid10k,kadid10k/i44,/home/sergey/iqa-data/kadid10k/images/I44_13_05.png,0.3307888040712468,67.79774475097656
5440,kadid10k,kadid10k/i44,/home/sergey/iqa-data/kadid10k/images/I44_14_01.png,0.8651399491094149,67.75175476074219
5441,kadid10k,kadid10k/i44,/home/sergey/iqa-data/kadid10k/images/I44_14_02.png,0.7302798982188295,69.0079574584961
5442,kadid10k,kadid10k/i44,/home/sergey/iqa-data/kadid10k/images/I44_14_03.png,0.5267175572519084,69.54780578613281
5443,kadid10k,kadid10k/i44,/home/sergey/iqa-data/kadid10k/images/I44_14_04.png,0.4580152671755725,70.46589660644531
5444,kadid10k,kadid10k/i44,/home/sergey/iqa-data/kadid10k/images/I44_14_05.png,0.3231552162849873,67.81830596923828
5445,kadid10k,kadid10k/i44,/home/sergey/iqa-data/kadid10k/images/I44_15_01.png,0.7048346055979644,66.50824737548828
5446,kadid10k,kadid10k/i44,/home/sergey/iqa-data/kadid10k/images/I44_15_02.png,0.5012722646310434,69.61881256103516
5447,kadid10k,kadid10k/i44,/home/sergey/iqa-data/kadid10k/images/I44_15_03.png,0.3129770992366412,69.57083892822266
5448,kadid10k,kadid10k/i44,/home/sergey/iqa-data/kadid10k/images/I44_15_04.png,0.1603053435114503,71.96146392822266
5449,kadid10k,kadid10k/i44,/home/sergey/iqa-data/kadid10k/images/I44_15_05.png,0.0508905852417302,58.96019744873047
5450,kadid10k,kadid10k/i44,/home/sergey/iqa-data/kadid10k/images/I44_16_01.png,0.8218829516539442,67.64423370361328
5451,kadid10k,kadid10k/i44,/home/sergey/iqa-data/kadid10k/images/I44_16_02.png,0.796437659033079,67.30303192138672
5452,kadid10k,kadid10k/i44,/home/sergey/iqa-data/kadid10k/images/I44_16_03.png,0.6284987277353691,66.75887298583984
5453,kadid10k,kadid10k/i44,/home/sergey/iqa-data/kadid10k/images/I44_16_04.png,0.3307888040712468,69.14513397216797
5454,kadid10k,kadid10k/i44,/home/sergey/iqa-data/kadid10k/images/I44_16_05.png,0.1195928753180661,73.69026184082031
5455,kadid10k,kadid10k/i44,/home/sergey/iqa-data/kadid10k/images/I44_17_01.png,0.916030534351145,67.26647186279297
5456,kadid10k,kadid10k/i44,/home/sergey/iqa-data/kadid10k/images/I44_17_02.png,0.89058524173028,67.14014434814453
5457,kadid10k,kadid10k/i44,/home/sergey/iqa-data/kadid10k/images/I44_17_03.png,0.7379134860050891,66.46749114990234
5458,kadid10k,kadid10k/i44,/home/sergey/iqa-data/kadid10k/images/I44_17_04.png,0.6539440203562341,65.2823257446289
5459,kadid10k,kadid10k/i44,/home/sergey/iqa-data/kadid10k/images/I44_17_05.png,0.178117048346056,61.899269104003906
5460,kadid10k,kadid10k/i44,/home/sergey/iqa-data/kadid10k/images/I44_18_01.png,0.7709923664122139,67.7083511352539
5461,kadid10k,kadid10k/i44,/home/sergey/iqa-data/kadid10k/images/I44_18_02.png,0.8727735368956743,67.60150909423828
5462,kadid10k,kadid10k/i44,/home/sergey/iqa-data/kadid10k/images/I44_18_03.png,0.8651399491094149,67.3827896118164
5463,kadid10k,kadid10k/i44,/home/sergey/iqa-data/kadid10k/images/I44_18_04.png,0.8295165394402035,66.96756744384766
5464,kadid10k,kadid10k/i44,/home/sergey/iqa-data/kadid10k/images/I44_18_05.png,0.6793893129770993,66.23433685302734
5465,kadid10k,kadid10k/i44,/home/sergey/iqa-data/kadid10k/images/I44_19_01.png,0.8829516539440203,67.14289093017578
5466,kadid10k,kadid10k/i44,/home/sergey/iqa-data/kadid10k/images/I44_19_02.png,0.8218829516539442,67.1076889038086
5467,kadid10k,kadid10k/i44,/home/sergey/iqa-data/kadid10k/images/I44_19_03.png,0.712468193384224,66.72415161132812
5468,kadid10k,kadid10k/i44,/home/sergey/iqa-data/kadid10k/images/I44_19_04.png,0.3053435114503817,69.2687759399414
5469,kadid10k,kadid10k/i44,/home/sergey/iqa-data/kadid10k/images/I44_19_05.png,0.1094147582697201,64.15996551513672
5470,kadid10k,kadid10k/i44,/home/sergey/iqa-data/kadid10k/images/I44_20_01.png,0.8218829516539442,68.94234466552734
5471,kadid10k,kadid10k/i44,/home/sergey/iqa-data/kadid10k/images/I44_20_02.png,0.6793893129770993,67.9134521484375
5472,kadid10k,kadid10k/i44,/home/sergey/iqa-data/kadid10k/images/I44_20_03.png,0.8142493638676845,68.2648696899414
5473,kadid10k,kadid10k/i44,/home/sergey/iqa-data/kadid10k/images/I44_20_04.png,0.6437659033078881,66.9808120727539
5474,kadid10k,kadid10k/i44,/home/sergey/iqa-data/kadid10k/images/I44_20_05.png,0.5776081424936387,67.10607147216797
5475,kadid10k,kadid10k/i44,/home/sergey/iqa-data/kadid10k/images/I44_21_01.png,0.78117048346056,67.16271209716797
5476,kadid10k,kadid10k/i44,/home/sergey/iqa-data/kadid10k/images/I44_21_02.png,0.5419847328244275,67.53783416748047
5477,kadid10k,kadid10k/i44,/home/sergey/iqa-data/kadid10k/images/I44_21_03.png,0.5165394402035624,67.38269805908203
5478,kadid10k,kadid10k/i44,/home/sergey/iqa-data/kadid10k/images/I44_21_04.png,0.6412213740458016,68.19828796386719
5479,kadid10k,kadid10k/i44,/home/sergey/iqa-data/kadid10k/images/I44_21_05.png,0.1094147582697201,60.88313293457031
5480,kadid10k,kadid10k/i44,/home/sergey/iqa-data/kadid10k/images/I44_22_01.png,0.8982188295165395,66.22392272949219
5481,kadid10k,kadid10k/i44,/home/sergey/iqa-data/kadid10k/images/I44_22_02.png,0.8473282442748092,65.83915710449219
5482,kadid10k,kadid10k/i44,/home/sergey/iqa-data/kadid10k/images/I44_22_03.png,0.8142493638676845,65.7762222290039
5483,kadid10k,kadid10k/i44,/home/sergey/iqa-data/kadid10k/images/I44_22_04.png,0.5648854961832062,65.00476837158203
5484,kadid10k,kadid10k/i44,/home/sergey/iqa-data/kadid10k/images/I44_22_05.png,0.3384223918575064,64.34227752685547
5485,kadid10k,kadid10k/i44,/home/sergey/iqa-data/kadid10k/images/I44_23_01.png,0.4402035623409669,67.4162368774414
5486,kadid10k,kadid10k/i44,/home/sergey/iqa-data/kadid10k/images/I44_23_02.png,0.3994910941475826,68.19115447998047
5487,kadid10k,kadid10k/i44,/home/sergey/iqa-data/kadid10k/images/I44_23_03.png,0.3129770992366412,68.99535369873047
5488,kadid10k,kadid10k/i44,/home/sergey/iqa-data/kadid10k/images/I44_23_04.png,0.2468193384223918,70.91407775878906
5489,kadid10k,kadid10k/i44,/home/sergey/iqa-data/kadid10k/images/I44_23_05.png,0.2468193384223918,71.49247741699219
5490,kadid10k,kadid10k/i44,/home/sergey/iqa-data/kadid10k/images/I44_24_01.png,0.6615776081424937,65.8481216430664
5491,kadid10k,kadid10k/i44,/home/sergey/iqa-data/kadid10k/images/I44_24_02.png,0.3689567430025446,66.0361557006836
5492,kadid10k,kadid10k/i44,/home/sergey/iqa-data/kadid10k/images/I44_24_03.png,0.2544529262086514,65.95992279052734
5493,kadid10k,kadid10k/i44,/home/sergey/iqa-data/kadid10k/images/I44_24_04.png,0.1857506361323155,65.65868377685547
5494,kadid10k,kadid10k/i44,/home/sergey/iqa-data/kadid10k/images/I44_24_05.png,0.0508905852417302,67.16083526611328
5495,kadid10k,kadid10k/i44,/home/sergey/iqa-data/kadid10k/images/I44_25_01.png,0.5521628498727735,65.14168548583984
5496,kadid10k,kadid10k/i44,/home/sergey/iqa-data/kadid10k/images/I44_25_02.png,0.6539440203562341,65.84114074707031
5497,kadid10k,kadid10k/i44,/home/sergey/iqa-data/kadid10k/images/I44_25_03.png,0.806615776081425,66.65691375732422
5498,kadid10k,kadid10k/i44,/home/sergey/iqa-data/kadid10k/images/I44_25_04.png,0.6106870229007634,66.76068878173828
5499,kadid10k,kadid10k/i44,/home/sergey/iqa-data/kadid10k/images/I44_25_05.png,0.5012722646310434,65.91180419921875
6375,kadid10k,kadid10k/i52,/home/sergey/iqa-data/kadid10k/images/I52_01_01.png,0.9592875318066156,76.74979400634766
6376,kadid10k,kadid10k/i52,/home/sergey/iqa-data/kadid10k/images/I52_01_02.png,0.8829516539440203,77.10791778564453
6377,kadid10k,kadid10k/i52,/home/sergey/iqa-data/kadid10k/images/I52_01_03.png,0.4402035623409669,64.59796905517578
6378,kadid10k,kadid10k/i52,/home/sergey/iqa-data/kadid10k/images/I52_01_04.png,0.2213740458015267,48.988739013671875
6379,kadid10k,kadid10k/i52,/home/sergey/iqa-data/kadid10k/images/I52_01_05.png,0.0687022900763358,32.750701904296875
6380,kadid10k,kadid10k/i52,/home/sergey/iqa-data/kadid10k/images/I52_02_01.png,0.78117048346056,76.25492095947266
6381,kadid10k,kadid10k/i52,/home/sergey/iqa-data/kadid10k/images/I52_02_02.png,0.4936386768447837,58.73737335205078
6382,kadid10k,kadid10k/i52,/home/sergey/iqa-data/kadid10k/images/I52_02_03.png,0.2035623409669211,44.97298049926758
6383,kadid10k,kadid10k/i52,/home/sergey/iqa-data/kadid10k/images/I52_02_04.png,0.094147582697201,36.73241424560547
6384,kadid10k,kadid10k/i52,/home/sergey/iqa-data/kadid10k/images/I52_02_05.png,0.0661577608142493,32.92560577392578
6385,kadid10k,kadid10k/i52,/home/sergey/iqa-data/kadid10k/images/I52_03_01.png,0.9414758269720104,76.74979400634766
6386,kadid10k,kadid10k/i52,/home/sergey/iqa-data/kadid10k/images/I52_03_02.png,0.8142493638676845,77.14517211914062
6387,kadid10k,kadid10k/i52,/home/sergey/iqa-data/kadid10k/images/I52_03_03.png,0.4249363867684478,64.94853210449219
6388,kadid10k,kadid10k/i52,/home/sergey/iqa-data/kadid10k/images/I52_03_04.png,0.1959287531806616,61.0692138671875
6389,kadid10k,kadid10k/i52,/home/sergey/iqa-data/kadid10k/images/I52_03_05.png,0.1526717557251908,40.916263580322266
6390,kadid10k,kadid10k/i52,/home/sergey/iqa-data/kadid10k/images/I52_04_01.png,0.8473282442748092,78.0005111694336
6391,kadid10k,kadid10k/i52,/home/sergey/iqa-data/kadid10k/images/I52_04_02.png,0.5012722646310434,79.2061996459961
6392,kadid10k,kadid10k/i52,/home/sergey/iqa-data/kadid10k/images/I52_04_03.png,0.2366412213740458,78.20899963378906
6393,kadid10k,kadid10k/i52,/home/sergey/iqa-data/kadid10k/images/I52_04_04.png,0.1272264631043257,77.09761810302734
6394,kadid10k,kadid10k/i52,/home/sergey/iqa-data/kadid10k/images/I52_04_05.png,0.094147582697201,73.77156066894531
6395,kadid10k,kadid10k/i52,/home/sergey/iqa-data/kadid10k/images/I52_05_01.png,0.9236641221374048,77.05594635009766
6396,kadid10k,kadid10k/i52,/home/sergey/iqa-data/kadid10k/images/I52_05_02.png,0.4656488549618321,77.50173950195312
6397,kadid10k,kadid10k/i52,/home/sergey/iqa-data/kadid10k/images/I52_05_03.png,0.3486005089058525,78.66480255126953
6398,kadid10k,kadid10k/i52,/home/sergey/iqa-data/kadid10k/images/I52_05_04.png,0.3893129770992366,78.7849349975586
6399,kadid10k,kadid10k/i52,/home/sergey/iqa-data/kadid10k/images/I52_05_05.png,0.5165394402035624,78.80574798583984
6400,kadid10k,kadid10k/i52,/home/sergey/iqa-data/kadid10k/images/I52_06_01.png,0.8218829516539442,74.30864715576172
6401,kadid10k,kadid10k/i52,/home/sergey/iqa-data/kadid10k/images/I52_06_02.png,0.8142493638676845,75.1248550415039
6402,kadid10k,kadid10k/i52,/home/sergey/iqa-data/kadid10k/images/I52_06_03.png,0.7379134860050891,74.21288299560547
6403,kadid10k,kadid10k/i52,/home/sergey/iqa-data/kadid10k/images/I52_06_04.png,0.4910941475826972,72.2163314819336
6404,kadid10k,kadid10k/i52,/home/sergey/iqa-data/kadid10k/images/I52_06_05.png,0.3893129770992366,74.4597396850586
6405,kadid10k,kadid10k/i52,/home/sergey/iqa-data/kadid10k/images/I52_07_01.png,0.3638676844783716,76.12105560302734
6406,kadid10k,kadid10k/i52,/home/sergey/iqa-data/kadid10k/images/I52_07_02.png,0.3053435114503817,77.62946319580078
6407,kadid10k,kadid10k/i52,/home/sergey/iqa-data/kadid10k/images/I52_07_03.png,0.2366412213740458,78.2103042602539
6408,kadid10k,kadid10k/i52,/home/sergey/iqa-data/kadid10k/images/I52_07_04.png,0.2544529262086514,75.11402893066406
6409,kadid10k,kadid10k/i52,/home/sergey/iqa-data/kadid10k/images/I52_07_05.png,0.2111959287531807,77.23967742919922
6410,kadid10k,kadid10k/i52,/home/sergey/iqa-data/kadid10k/images/I52_08_01.png,0.9414758269720104,76.74979400634766
6411,kadid10k,kadid10k/i52,/home/sergey/iqa-data/kadid10k/images/I52_08_02.png,0.7455470737913487,78.09674835205078
6412,kadid10k,kadid10k/i52,/home/sergey/iqa-data/kadid10k/images/I52_08_03.png,0.6946564885496184,78.14608001708984
6413,kadid10k,kadid10k/i52,/home/sergey/iqa-data/kadid10k/images/I52_08_04.png,0.3053435114503817,78.40025329589844
6414,kadid10k,kadid10k/i52,/home/sergey/iqa-data/kadid10k/images/I52_08_05.png,0.2290076335877862,78.40926361083984
6415,kadid10k,kadid10k/i52,/home/sergey/iqa-data/kadid10k/images/I52_09_01.png,0.8982188295165395,77.59635925292969
6416,kadid10k,kadid10k/i52,/home/sergey/iqa-data/kadid10k/images/I52_09_02.png,0.6361323155216285,78.42668914794922
6417,kadid10k,kadid10k/i52,/home/sergey/iqa-data/kadid10k/images/I52_09_03.png,0.3893129770992366,77.92182922363281
6418,kadid10k,kadid10k/i52,/home/sergey/iqa-data/kadid10k/images/I52_09_04.png,0.1272264631043257,54.67413330078125
6419,kadid10k,kadid10k/i52,/home/sergey/iqa-data/kadid10k/images/I52_09_05.png,0.0585241730279898,41.38993453979492
6420,kadid10k,kadid10k/i52,/home/sergey/iqa-data/kadid10k/images/I52_10_01.png,0.7455470737913487,78.5824966430664
6421,kadid10k,kadid10k/i52,/home/sergey/iqa-data/kadid10k/images/I52_10_02.png,0.6870229007633589,78.61368560791016
6422,kadid10k,kadid10k/i52,/home/sergey/iqa-data/kadid10k/images/I52_10_03.png,0.6030534351145039,78.45905303955078
6423,kadid10k,kadid10k/i52,/home/sergey/iqa-data/kadid10k/images/I52_10_04.png,0.178117048346056,71.68221282958984
6424,kadid10k,kadid10k/i52,/home/sergey/iqa-data/kadid10k/images/I52_10_05.png,0.0508905852417302,54.498695373535156
6425,kadid10k,kadid10k/i52,/home/sergey/iqa-data/kadid10k/images/I52_11_01.png,0.6692111959287532,75.75939178466797
6426,kadid10k,kadid10k/i52,/home/sergey/iqa-data/kadid10k/images/I52_11_02.png,0.534351145038168,74.43909454345703
6427,kadid10k,kadid10k/i52,/home/sergey/iqa-data/kadid10k/images/I52_11_03.png,0.4325699745547074,73.75992584228516
6428,kadid10k,kadid10k/i52,/home/sergey/iqa-data/kadid10k/images/I52_11_04.png,0.3638676844783716,71.2657241821289
6429,kadid10k,kadid10k/i52,/home/sergey/iqa-data/kadid10k/images/I52_11_05.png,0.272264631043257,68.83880615234375
6430,kadid10k,kadid10k/i52,/home/sergey/iqa-data/kadid10k/images/I52_12_01.png,0.89058524173028,76.4593276977539
6431,kadid10k,kadid10k/i52,/home/sergey/iqa-data/kadid10k/images/I52_12_02.png,0.5776081424936387,75.10050201416016
6432,kadid10k,kadid10k/i52,/home/sergey/iqa-data/kadid10k/images/I52_12_03.png,0.4580152671755725,73.12197875976562
6433,kadid10k,kadid10k/i52,/home/sergey/iqa-data/kadid10k/images/I52_12_04.png,0.3740458015267176,70.12017059326172
6434,kadid10k,kadid10k/i52,/home/sergey/iqa-data/kadid10k/images/I52_12_05.png,0.361323155216285,70.37706756591797
6435,kadid10k,kadid10k/i52,/home/sergey/iqa-data/kadid10k/images/I52_13_01.png,0.5597964376590332,76.88489532470703
6436,kadid10k,kadid10k/i52,/home/sergey/iqa-data/kadid10k/images/I52_13_02.png,0.450381679389313,74.9714126586914
6437,kadid10k,kadid10k/i52,/home/sergey/iqa-data/kadid10k/images/I52_13_03.png,0.4249363867684478,74.65713500976562
6438,kadid10k,kadid10k/i52,/home/sergey/iqa-data/kadid10k/images/I52_13_04.png,0.2977099236641221,71.6937484741211
6439,kadid10k,kadid10k/i52,/home/sergey/iqa-data/kadid10k/images/I52_13_05.png,0.2544529262086514,69.7012710571289
6440,kadid10k,kadid10k/i52,/home/sergey/iqa-data/kadid10k/images/I52_14_01.png,0.8473282442748092,76.5299072265625
6441,kadid10k,kadid10k/i52,/home/sergey/iqa-data/kadid10k/images/I52_14_02.png,0.6284987277353691,76.48921966552734
6442,kadid10k,kadid10k/i52,/home/sergey/iqa-data/kadid10k/images/I52_14_03.png,0.4580152671755725,75.9931411743164
6443,kadid10k,kadid10k/i52,/home/sergey/iqa-data/kadid10k/images/I52_14_04.png,0.3307888040712468,74.47184753417969
6444,kadid10k,kadid10k/i52,/home/sergey/iqa-data/kadid10k/images/I52_14_05.png,0.3231552162849873,72.59583282470703
6445,kadid10k,kadid10k/i52,/home/sergey/iqa-data/kadid10k/images/I52_15_01.png,0.712468193384224,77.63636016845703
6446,kadid10k,kadid10k/i52,/home/sergey/iqa-data/kadid10k/images/I52_15_02.png,0.4249363867684478,77.2533187866211
6447,kadid10k,kadid10k/i52,/home/sergey/iqa-data/kadid10k/images/I52_15_03.png,0.2035623409669211,74.91126251220703
6448,kadid10k,kadid10k/i52,/home/sergey/iqa-data/kadid10k/images/I52_15_04.png,0.1017811704834605,69.8399887084961
6449,kadid10k,kadid10k/i52,/home/sergey/iqa-data/kadid10k/images/I52_15_05.png,0.0839694656488549,65.41002655029297
6450,kadid10k,kadid10k/i52,/home/sergey/iqa-data/kadid10k/images/I52_16_01.png,0.9338422391857508,76.87640380859375
6451,kadid10k,kadid10k/i52,/home/sergey/iqa-data/kadid10k/images/I52_16_02.png,0.8651399491094149,77.04425811767578
6452,kadid10k,kadid10k/i52,/home/sergey/iqa-data/kadid10k/images/I52_16_03.png,0.7302798982188295,77.67849731445312
6453,kadid10k,kadid10k/i52,/home/sergey/iqa-data/kadid10k/images/I52_16_04.png,0.534351145038168,77.80326080322266
6454,kadid10k,kadid10k/i52,/home/sergey/iqa-data/kadid10k/images/I52_16_05.png,0.178117048346056,76.91373443603516
6455,kadid10k,kadid10k/i52,/home/sergey/iqa-data/kadid10k/images/I52_17_01.png,0.9338422391857508,76.66509246826172
6456,kadid10k,kadid10k/i52,/home/sergey/iqa-data/kadid10k/images/I52_17_02.png,0.9414758269720104,76.59590911865234
6457,kadid10k,kadid10k/i52,/home/sergey/iqa-data/kadid10k/images/I52_17_03.png,0.9338422391857508,76.43790435791016
6458,kadid10k,kadid10k/i52,/home/sergey/iqa-data/kadid10k/images/I52_17_04.png,0.6539440203562341,76.06436920166016
6459,kadid10k,kadid10k/i52,/home/sergey/iqa-data/kadid10k/images/I52_17_05.png,0.3816793893129771,73.66730499267578
6460,kadid10k,kadid10k/i52,/home/sergey/iqa-data/kadid10k/images/I52_18_01.png,0.9236641221374048,76.90765380859375
6461,kadid10k,kadid10k/i52,/home/sergey/iqa-data/kadid10k/images/I52_18_02.png,0.974554707379135,76.77703857421875
6462,kadid10k,kadid10k/i52,/home/sergey/iqa-data/kadid10k/images/I52_18_03.png,0.916030534351145,76.74979400634766
6463,kadid10k,kadid10k/i52,/home/sergey/iqa-data/kadid10k/images/I52_18_04.png,0.94910941475827,76.66764068603516
6464,kadid10k,kadid10k/i52,/home/sergey/iqa-data/kadid10k/images/I52_18_05.png,0.8218829516539442,76.39495086669922
6465,kadid10k,kadid10k/i52,/home/sergey/iqa-data/kadid10k/images/I52_19_01.png,0.89058524173028,76.84741973876953
6466,kadid10k,kadid10k/i52,/home/sergey/iqa-data/kadid10k/images/I52_19_02.png,0.8473282442748092,76.99169158935547
6467,kadid10k,kadid10k/i52,/home/sergey/iqa-data/kadid10k/images/I52_19_03.png,0.4325699745547074,76.76348114013672
6468,kadid10k,kadid10k/i52,/home/sergey/iqa-data/kadid10k/images/I52_19_04.png,0.1348600508905852,72.3991470336914
6469,kadid10k,kadid10k/i52,/home/sergey/iqa-data/kadid10k/images/I52_19_05.png,0.0330788804071246,72.10670471191406
6470,kadid10k,kadid10k/i52,/home/sergey/iqa-data/kadid10k/images/I52_20_01.png,0.8982188295165395,76.51082611083984
6471,kadid10k,kadid10k/i52,/home/sergey/iqa-data/kadid10k/images/I52_20_02.png,0.6793893129770993,76.42108917236328
6472,kadid10k,kadid10k/i52,/home/sergey/iqa-data/kadid10k/images/I52_20_03.png,0.6183206106870229,76.09101104736328
6473,kadid10k,kadid10k/i52,/home/sergey/iqa-data/kadid10k/images/I52_20_04.png,0.5852417302798982,77.14604949951172
6474,kadid10k,kadid10k/i52,/home/sergey/iqa-data/kadid10k/images/I52_20_05.png,0.4834605597964376,76.2193832397461
6475,kadid10k,kadid10k/i52,/home/sergey/iqa-data/kadid10k/images/I52_21_01.png,0.7201017811704835,76.7110824584961
6476,kadid10k,kadid10k/i52,/home/sergey/iqa-data/kadid10k/images/I52_21_02.png,0.4910941475826972,76.38642120361328
6477,kadid10k,kadid10k/i52,/home/sergey/iqa-data/kadid10k/images/I52_21_03.png,0.4071246819338422,74.97233581542969
6478,kadid10k,kadid10k/i52,/home/sergey/iqa-data/kadid10k/images/I52_21_04.png,0.3307888040712468,76.0401840209961
6479,kadid10k,kadid10k/i52,/home/sergey/iqa-data/kadid10k/images/I52_21_05.png,0.1348600508905852,64.42298889160156
6480,kadid10k,kadid10k/i52,/home/sergey/iqa-data/kadid10k/images/I52_22_01.png,0.8218829516539442,76.96988677978516
6481,kadid10k,kadid10k/i52,/home/sergey/iqa-data/kadid10k/images/I52_22_02.png,0.6183206106870229,77.07942199707031
6482,kadid10k,kadid10k/i52,/home/sergey/iqa-data/kadid10k/images/I52_22_03.png,0.5674300254452926,76.65694427490234
6483,kadid10k,kadid10k/i52,/home/sergey/iqa-data/kadid10k/images/I52_22_04.png,0.6030534351145039,76.74633026123047
6484,kadid10k,kadid10k/i52,/home/sergey/iqa-data/kadid10k/images/I52_22_05.png,0.4249363867684478,76.80379486083984
6485,kadid10k,kadid10k/i52,/home/sergey/iqa-data/kadid10k/images/I52_23_01.png,0.3638676844783716,77.0206527709961
6486,kadid10k,kadid10k/i52,/home/sergey/iqa-data/kadid10k/images/I52_23_02.png,0.3893129770992366,76.63318634033203
6487,kadid10k,kadid10k/i52,/home/sergey/iqa-data/kadid10k/images/I52_23_03.png,0.3231552162849873,77.35852813720703
6488,kadid10k,kadid10k/i52,/home/sergey/iqa-data/kadid10k/images/I52_23_04.png,0.2366412213740458,77.04719543457031
6489,kadid10k,kadid10k/i52,/home/sergey/iqa-data/kadid10k/images/I52_23_05.png,0.3053435114503817,77.49727630615234
6490,kadid10k,kadid10k/i52,/home/sergey/iqa-data/kadid10k/images/I52_24_01.png,0.7201017811704835,75.47628021240234
6491,kadid10k,kadid10k/i52,/home/sergey/iqa-data/kadid10k/images/I52_24_02.png,0.4656488549618321,75.14965057373047
6492,kadid10k,kadid10k/i52,/home/sergey/iqa-data/kadid10k/images/I52_24_03.png,0.2798982188295166,75.24331665039062
6493,kadid10k,kadid10k/i52,/home/sergey/iqa-data/kadid10k/images/I52_24_04.png,0.1704834605597964,76.18706512451172
6494,kadid10k,kadid10k/i52,/home/sergey/iqa-data/kadid10k/images/I52_24_05.png,0.1195928753180661,76.0196762084961
6495,kadid10k,kadid10k/i52,/home/sergey/iqa-data/kadid10k/images/I52_25_01.png,0.7709923664122139,76.3241195678711
6496,kadid10k,kadid10k/i52,/home/sergey/iqa-data/kadid10k/images/I52_25_02.png,0.8396946564885497,76.46541595458984
6497,kadid10k,kadid10k/i52,/home/sergey/iqa-data/kadid10k/images/I52_25_03.png,0.8575063613231553,76.59880828857422
6498,kadid10k,kadid10k/i52,/home/sergey/iqa-data/kadid10k/images/I52_25_04.png,0.8651399491094149,76.65060424804688
6499,kadid10k,kadid10k/i52,/home/sergey/iqa-data/kadid10k/images/I52_25_05.png,0.6539440203562341,76.22660827636719
7250,kadid10k,kadid10k/i59,/home/sergey/iqa-data/kadid10k/images/I59_01_01.png,0.9669211195928752,73.40043640136719
7251,kadid10k,kadid10k/i59,/home/sergey/iqa-data/kadid10k/images/I59_01_02.png,0.8396946564885497,71.44076538085938
7252,kadid10k,kadid10k/i59,/home/sergey/iqa-data/kadid10k/images/I59_01_03.png,0.5597964376590332,66.55891418457031
7253,kadid10k,kadid10k/i59,/home/sergey/iqa-data/kadid10k/images/I59_01_04.png,0.2035623409669211,44.08784103393555
7254,kadid10k,kadid10k/i59,/home/sergey/iqa-data/kadid10k/images/I59_01_05.png,0.094147582697201,24.684234619140625
7255,kadid10k,kadid10k/i59,/home/sergey/iqa-data/kadid10k/images/I59_02_01.png,0.8575063613231553,69.33147430419922
7256,kadid10k,kadid10k/i59,/home/sergey/iqa-data/kadid10k/images/I59_02_02.png,0.5165394402035624,62.734947204589844
7257,kadid10k,kadid10k/i59,/home/sergey/iqa-data/kadid10k/images/I59_02_03.png,0.1857506361323155,39.17578125
7258,kadid10k,kadid10k/i59,/home/sergey/iqa-data/kadid10k/images/I59_02_04.png,0.1195928753180661,28.456523895263672
7259,kadid10k,kadid10k/i59,/home/sergey/iqa-data/kadid10k/images/I59_02_05.png,0.0508905852417302,27.198471069335938
7260,kadid10k,kadid10k/i59,/home/sergey/iqa-data/kadid10k/images/I59_03_01.png,0.974554707379135,73.40043640136719
7261,kadid10k,kadid10k/i59,/home/sergey/iqa-data/kadid10k/images/I59_03_02.png,0.83206106870229,71.98035430908203
7262,kadid10k,kadid10k/i59,/home/sergey/iqa-data/kadid10k/images/I59_03_03.png,0.6183206106870229,67.42134857177734
7263,kadid10k,kadid10k/i59,/home/sergey/iqa-data/kadid10k/images/I59_03_04.png,0.3307888040712468,61.66960906982422
7264,kadid10k,kadid10k/i59,/home/sergey/iqa-data/kadid10k/images/I59_03_05.png,0.1195928753180661,46.02046203613281
7265,kadid10k,kadid10k/i59,/home/sergey/iqa-data/kadid10k/images/I59_04_01.png,0.916030534351145,73.7479476928711
7266,kadid10k,kadid10k/i59,/home/sergey/iqa-data/kadid10k/images/I59_04_02.png,0.5521628498727735,74.19805145263672
7267,kadid10k,kadid10k/i59,/home/sergey/iqa-data/kadid10k/images/I59_04_03.png,0.3384223918575064,72.72567749023438
7268,kadid10k,kadid10k/i59,/home/sergey/iqa-data/kadid10k/images/I59_04_04.png,0.3638676844783716,71.66504669189453
7269,kadid10k,kadid10k/i59,/home/sergey/iqa-data/kadid10k/images/I59_04_05.png,0.272264631043257,72.10057830810547
7270,kadid10k,kadid10k/i59,/home/sergey/iqa-data/kadid10k/images/I59_05_01.png,0.9338422391857508,75.6222915649414
7271,kadid10k,kadid10k/i59,/home/sergey/iqa-data/kadid10k/images/I59_05_02.png,0.4071246819338422,76.24486541748047
7272,kadid10k,kadid10k/i59,/home/sergey/iqa-data/kadid10k/images/I59_05_03.png,0.2290076335877862,77.7894287109375
7273,kadid10k,kadid10k/i59,/home/sergey/iqa-data/kadid10k/images/I59_05_04.png,0.0687022900763358,76.77176666259766
7274,kadid10k,kadid10k/i59,/home/sergey/iqa-data/kadid10k/images/I59_05_05.png,0.1017811704834605,76.6421890258789
7275,kadid10k,kadid10k/i59,/home/sergey/iqa-data/kadid10k/images/I59_06_01.png,0.83206106870229,67.38666534423828
7276,kadid10k,kadid10k/i59,/home/sergey/iqa-data/kadid10k/images/I59_06_02.png,0.7557251908396948,70.02255249023438
7277,kadid10k,kadid10k/i59,/home/sergey/iqa-data/kadid10k/images/I59_06_03.png,0.7302798982188295,67.31230163574219
7278,kadid10k,kadid10k/i59,/home/sergey/iqa-data/kadid10k/images/I59_06_04.png,0.6030534351145039,71.77900695800781
7279,kadid10k,kadid10k/i59,/home/sergey/iqa-data/kadid10k/images/I59_06_05.png,0.4656488549618321,72.57453918457031
7280,kadid10k,kadid10k/i59,/home/sergey/iqa-data/kadid10k/images/I59_07_01.png,0.5419847328244275,73.6832046508789
7281,kadid10k,kadid10k/i59,/home/sergey/iqa-data/kadid10k/images/I59_07_02.png,0.356234096692112,74.73775482177734
7282,kadid10k,kadid10k/i59,/home/sergey/iqa-data/kadid10k/images/I59_07_03.png,0.4580152671755725,73.89415740966797
7283,kadid10k,kadid10k/i59,/home/sergey/iqa-data/kadid10k/images/I59_07_04.png,0.3867684478371501,66.25069427490234
7284,kadid10k,kadid10k/i59,/home/sergey/iqa-data/kadid10k/images/I59_07_05.png,0.3027989821882951,72.08104705810547
7285,kadid10k,kadid10k/i59,/home/sergey/iqa-data/kadid10k/images/I59_08_01.png,0.9414758269720104,73.40043640136719
7286,kadid10k,kadid10k/i59,/home/sergey/iqa-data/kadid10k/images/I59_08_02.png,0.5776081424936387,75.30125427246094
7287,kadid10k,kadid10k/i59,/home/sergey/iqa-data/kadid10k/images/I59_08_03.png,0.4758269720101782,76.3115005493164
7288,kadid10k,kadid10k/i59,/home/sergey/iqa-data/kadid10k/images/I59_08_04.png,0.356234096692112,76.3882827758789
7289,kadid10k,kadid10k/i59,/home/sergey/iqa-data/kadid10k/images/I59_08_05.png,0.2213740458015267,75.10697174072266
7290,kadid10k,kadid10k/i59,/home/sergey/iqa-data/kadid10k/images/I59_09_01.png,0.9236641221374048,73.98858642578125
7291,kadid10k,kadid10k/i59,/home/sergey/iqa-data/kadid10k/images/I59_09_02.png,0.916030534351145,72.57054901123047
7292,kadid10k,kadid10k/i59,/home/sergey/iqa-data/kadid10k/images/I59_09_03.png,0.8651399491094149,68.82421112060547
7293,kadid10k,kadid10k/i59,/home/sergey/iqa-data/kadid10k/images/I59_09_04.png,0.534351145038168,54.442359924316406
7294,kadid10k,kadid10k/i59,/home/sergey/iqa-data/kadid10k/images/I59_09_05.png,0.0763358778625954,30.28947639465332
7295,kadid10k,kadid10k/i59,/home/sergey/iqa-data/kadid10k/images/I59_10_01.png,0.9592875318066156,73.59867858886719
7296,kadid10k,kadid10k/i59,/home/sergey/iqa-data/kadid10k/images/I59_10_02.png,0.9592875318066156,73.05937957763672
7297,kadid10k,kadid10k/i59,/home/sergey/iqa-data/kadid10k/images/I59_10_03.png,0.89058524173028,71.9867935180664
7298,kadid10k,kadid10k/i59,/home/sergey/iqa-data/kadid10k/images/I59_10_04.png,0.3816793893129771,49.16513442993164
7299,kadid10k,kadid10k/i59,/home/sergey/iqa-data/kadid10k/images/I59_10_05.png,0.1195928753180661,37.68418884277344
7300,kadid10k,kadid10k/i59,/home/sergey/iqa-data/kadid10k/images/I59_11_01.png,0.8371501272264632,67.70579528808594
7301,kadid10k,kadid10k/i59,/home/sergey/iqa-data/kadid10k/images/I59_11_02.png,0.7048346055979644,65.43854522705078
7302,kadid10k,kadid10k/i59,/home/sergey/iqa-data/kadid10k/images/I59_11_03.png,0.6183206106870229,65.71717834472656
7303,kadid10k,kadid10k/i59,/home/sergey/iqa-data/kadid10k/images/I59_11_04.png,0.5089058524173028,66.18824768066406
7304,kadid10k,kadid10k/i59,/home/sergey/iqa-data/kadid10k/images/I59_11_05.png,0.3307888040712468,65.0698013305664
7305,kadid10k,kadid10k/i59,/home/sergey/iqa-data/kadid10k/images/I59_12_01.png,0.89058524173028,71.39970397949219
7306,kadid10k,kadid10k/i59,/home/sergey/iqa-data/kadid10k/images/I59_12_02.png,0.7709923664122139,67.06114196777344
7307,kadid10k,kadid10k/i59,/home/sergey/iqa-data/kadid10k/images/I59_12_03.png,0.6615776081424937,62.92405700683594
7308,kadid10k,kadid10k/i59,/home/sergey/iqa-data/kadid10k/images/I59_12_04.png,0.5012722646310434,66.01522064208984
7309,kadid10k,kadid10k/i59,/home/sergey/iqa-data/kadid10k/images/I59_12_05.png,0.4071246819338422,65.59770202636719
7310,kadid10k,kadid10k/i59,/home/sergey/iqa-data/kadid10k/images/I59_13_01.png,0.83206106870229,72.42263793945312
7311,kadid10k,kadid10k/i59,/home/sergey/iqa-data/kadid10k/images/I59_13_02.png,0.5597964376590332,71.55824279785156
7312,kadid10k,kadid10k/i59,/home/sergey/iqa-data/kadid10k/images/I59_13_03.png,0.450381679389313,68.28160858154297
7313,kadid10k,kadid10k/i59,/home/sergey/iqa-data/kadid10k/images/I59_13_04.png,0.3384223918575064,67.61193084716797
7314,kadid10k,kadid10k/i59,/home/sergey/iqa-data/kadid10k/images/I59_13_05.png,0.3307888040712468,66.72742462158203
7315,kadid10k,kadid10k/i59,/home/sergey/iqa-data/kadid10k/images/I59_14_01.png,0.984732824427481,72.1427001953125
7316,kadid10k,kadid10k/i59,/home/sergey/iqa-data/kadid10k/images/I59_14_02.png,0.796437659033079,70.84880828857422
7317,kadid10k,kadid10k/i59,/home/sergey/iqa-data/kadid10k/images/I59_14_03.png,0.5165394402035624,68.09319305419922
7318,kadid10k,kadid10k/i59,/home/sergey/iqa-data/kadid10k/images/I59_14_04.png,0.450381679389313,67.79649353027344
7319,kadid10k,kadid10k/i59,/home/sergey/iqa-data/kadid10k/images/I59_14_05.png,0.3129770992366412,67.62879180908203
7320,kadid10k,kadid10k/i59,/home/sergey/iqa-data/kadid10k/images/I59_15_01.png,0.796437659033079,73.0262222290039
7321,kadid10k,kadid10k/i59,/home/sergey/iqa-data/kadid10k/images/I59_15_02.png,0.5165394402035624,66.4827651977539
7322,kadid10k,kadid10k/i59,/home/sergey/iqa-data/kadid10k/images/I59_15_03.png,0.3893129770992366,58.0728759765625
7323,kadid10k,kadid10k/i59,/home/sergey/iqa-data/kadid10k/images/I59_15_04.png,0.2035623409669211,56.954139709472656
7324,kadid10k,kadid10k/i59,/home/sergey/iqa-data/kadid10k/images/I59_15_05.png,0.1272264631043257,54.281532287597656
7325,kadid10k,kadid10k/i59,/home/sergey/iqa-data/kadid10k/images/I59_16_01.png,0.94910941475827,73.66767120361328
7326,kadid10k,kadid10k/i59,/home/sergey/iqa-data/kadid10k/images/I59_16_02.png,0.8829516539440203,74.04273223876953
7327,kadid10k,kadid10k/i59,/home/sergey/iqa-data/kadid10k/images/I59_16_03.png,0.7201017811704835,75.05608367919922
7328,kadid10k,kadid10k/i59,/home/sergey/iqa-data/kadid10k/images/I59_16_04.png,0.4834605597964376,75.32527160644531
7329,kadid10k,kadid10k/i59,/home/sergey/iqa-data/kadid10k/images/I59_16_05.png,0.1348600508905852,69.12828826904297
7330,kadid10k,kadid10k/i59,/home/sergey/iqa-data/kadid10k/images/I59_17_01.png,0.974554707379135,73.22869873046875
7331,kadid10k,kadid10k/i59,/home/sergey/iqa-data/kadid10k/images/I59_17_02.png,0.8625954198473282,72.73242950439453
7332,kadid10k,kadid10k/i59,/home/sergey/iqa-data/kadid10k/images/I59_17_03.png,0.8396946564885497,72.34867858886719
7333,kadid10k,kadid10k/i59,/home/sergey/iqa-data/kadid10k/images/I59_17_04.png,0.6870229007633589,71.44892120361328
7334,kadid10k,kadid10k/i59,/home/sergey/iqa-data/kadid10k/images/I59_17_05.png,0.3486005089058525,63.424285888671875
7335,kadid10k,kadid10k/i59,/home/sergey/iqa-data/kadid10k/images/I59_18_01.png,0.8727735368956743,73.46367645263672
7336,kadid10k,kadid10k/i59,/home/sergey/iqa-data/kadid10k/images/I59_18_02.png,0.9414758269720104,73.14788055419922
7337,kadid10k,kadid10k/i59,/home/sergey/iqa-data/kadid10k/images/I59_18_03.png,0.9338422391857508,73.40043640136719
7338,kadid10k,kadid10k/i59,/home/sergey/iqa-data/kadid10k/images/I59_18_04.png,0.8727735368956743,73.25310516357422
7339,kadid10k,kadid10k/i59,/home/sergey/iqa-data/kadid10k/images/I59_18_05.png,0.7455470737913487,72.38318634033203
7340,kadid10k,kadid10k/i59,/home/sergey/iqa-data/kadid10k/images/I59_19_01.png,0.8982188295165395,72.4648208618164
7341,kadid10k,kadid10k/i59,/home/sergey/iqa-data/kadid10k/images/I59_19_02.png,0.83206106870229,71.41278839111328
7342,kadid10k,kadid10k/i59,/home/sergey/iqa-data/kadid10k/images/I59_19_03.png,0.6870229007633589,69.56987762451172
7343,kadid10k,kadid10k/i59,/home/sergey/iqa-data/kadid10k/images/I59_19_04.png,0.2544529262086514,74.07594299316406
7344,kadid10k,kadid10k/i59,/home/sergey/iqa-data/kadid10k/images/I59_19_05.png,0.0330788804071246,73.08950805664062
7345,kadid10k,kadid10k/i59,/home/sergey/iqa-data/kadid10k/images/I59_20_01.png,0.8829516539440203,73.44617462158203
7346,kadid10k,kadid10k/i59,/home/sergey/iqa-data/kadid10k/images/I59_20_02.png,0.9083969465648856,74.37833404541016
7347,kadid10k,kadid10k/i59,/home/sergey/iqa-data/kadid10k/images/I59_20_03.png,0.78117048346056,73.59956359863281
7348,kadid10k,kadid10k/i59,/home/sergey/iqa-data/kadid10k/images/I59_20_04.png,0.8218829516539442,75.00383758544922
7349,kadid10k,kadid10k/i59,/home/sergey/iqa-data/kadid10k/images/I59_20_05.png,0.6615776081424937,73.0118408203125
7350,kadid10k,kadid10k/i59,/home/sergey/iqa-data/kadid10k/images/I59_21_01.png,0.89058524173028,73.70256805419922
7351,kadid10k,kadid10k/i59,/home/sergey/iqa-data/kadid10k/images/I59_21_02.png,0.6793893129770993,71.17002868652344
7352,kadid10k,kadid10k/i59,/home/sergey/iqa-data/kadid10k/images/I59_21_03.png,0.712468193384224,70.27061462402344
7353,kadid10k,kadid10k/i59,/home/sergey/iqa-data/kadid10k/images/I59_21_04.png,0.534351145038168,73.0286636352539
7354,kadid10k,kadid10k/i59,/home/sergey/iqa-data/kadid10k/images/I59_21_05.png,0.1348600508905852,64.37603759765625
7355,kadid10k,kadid10k/i59,/home/sergey/iqa-data/kadid10k/images/I59_22_01.png,0.8651399491094149,72.250244140625
7356,kadid10k,kadid10k/i59,/home/sergey/iqa-data/kadid10k/images/I59_22_02.png,0.885496183206107,71.5926284790039
7357,kadid10k,kadid10k/i59,/home/sergey/iqa-data/kadid10k/images/I59_22_03.png,0.6870229007633589,71.19204711914062
7358,kadid10k,kadid10k/i59,/home/sergey/iqa-data/kadid10k/images/I59_22_04.png,0.6946564885496184,68.59009552001953
7359,kadid10k,kadid10k/i59,/home/sergey/iqa-data/kadid10k/images/I59_22_05.png,0.6106870229007634,67.88642120361328
7360,kadid10k,kadid10k/i59,/home/sergey/iqa-data/kadid10k/images/I59_23_01.png,0.4758269720101782,73.84788513183594
7361,kadid10k,kadid10k/i59,/home/sergey/iqa-data/kadid10k/images/I59_23_02.png,0.3740458015267176,74.83930206298828
7362,kadid10k,kadid10k/i59,/home/sergey/iqa-data/kadid10k/images/I59_23_03.png,0.3816793893129771,75.5068588256836
7363,kadid10k,kadid10k/i59,/home/sergey/iqa-data/kadid10k/images/I59_23_04.png,0.356234096692112,73.62462615966797
7364,kadid10k,kadid10k/i59,/home/sergey/iqa-data/kadid10k/images/I59_23_05.png,0.3307888040712468,75.27558135986328
7365,kadid10k,kadid10k/i59,/home/sergey/iqa-data/kadid10k/images/I59_24_01.png,0.7455470737913487,73.43241119384766
7366,kadid10k,kadid10k/i59,/home/sergey/iqa-data/kadid10k/images/I59_24_02.png,0.4910941475826972,73.49822235107422
7367,kadid10k,kadid10k/i59,/home/sergey/iqa-data/kadid10k/images/I59_24_03.png,0.356234096692112,73.69794464111328
7368,kadid10k,kadid10k/i59,/home/sergey/iqa-data/kadid10k/images/I59_24_04.png,0.2035623409669211,74.2401351928711
7369,kadid10k,kadid10k/i59,/home/sergey/iqa-data/kadid10k/images/I59_24_05.png,0.1017811704834605,74.81380462646484
7370,kadid10k,kadid10k/i59,/home/sergey/iqa-data/kadid10k/images/I59_25_01.png,0.7633587786259542,72.26604461669922
7371,kadid10k,kadid10k/i59,/home/sergey/iqa-data/kadid10k/images/I59_25_02.png,0.7302798982188295,72.40703582763672
7372,kadid10k,kadid10k/i59,/home/sergey/iqa-data/kadid10k/images/I59_25_03.png,0.8625954198473282,72.86492919921875
7373,kadid10k,kadid10k/i59,/home/sergey/iqa-data/kadid10k/images/I59_25_04.png,0.7888040712468193,73.85413360595703
7374,kadid10k,kadid10k/i59,/home/sergey/iqa-data/kadid10k/images/I59_25_05.png,0.4910941475826972,72.45101165771484
7625,kadid10k,kadid10k/i62,/home/sergey/iqa-data/kadid10k/images/I62_01_01.png,0.9236641221374048,78.1745834350586
7626,kadid10k,kadid10k/i62,/home/sergey/iqa-data/kadid10k/images/I62_01_02.png,0.7709923664122139,78.25444793701172
7627,kadid10k,kadid10k/i62,/home/sergey/iqa-data/kadid10k/images/I62_01_03.png,0.4071246819338422,65.15545654296875
7628,kadid10k,kadid10k/i62,/home/sergey/iqa-data/kadid10k/images/I62_01_04.png,0.2213740458015267,37.34627151489258
7629,kadid10k,kadid10k/i62,/home/sergey/iqa-data/kadid10k/images/I62_01_05.png,0.1094147582697201,27.293800354003906
7630,kadid10k,kadid10k/i62,/home/sergey/iqa-data/kadid10k/images/I62_02_01.png,0.712468193384224,78.0760726928711
7631,kadid10k,kadid10k/i62,/home/sergey/iqa-data/kadid10k/images/I62_02_02.png,0.356234096692112,56.63866424560547
7632,kadid10k,kadid10k/i62,/home/sergey/iqa-data/kadid10k/images/I62_02_03.png,0.2035623409669211,34.5844841003418
7633,kadid10k,kadid10k/i62,/home/sergey/iqa-data/kadid10k/images/I62_02_04.png,0.1195928753180661,28.85025978088379
7634,kadid10k,kadid10k/i62,/home/sergey/iqa-data/kadid10k/images/I62_02_05.png,0.1195928753180661,26.884292602539062
7635,kadid10k,kadid10k/i62,/home/sergey/iqa-data/kadid10k/images/I62_03_01.png,0.83206106870229,78.1745834350586
7636,kadid10k,kadid10k/i62,/home/sergey/iqa-data/kadid10k/images/I62_03_02.png,0.6284987277353691,78.22206115722656
7637,kadid10k,kadid10k/i62,/home/sergey/iqa-data/kadid10k/images/I62_03_03.png,0.3307888040712468,66.46814727783203
7638,kadid10k,kadid10k/i62,/home/sergey/iqa-data/kadid10k/images/I62_03_04.png,0.2035623409669211,48.029178619384766
7639,kadid10k,kadid10k/i62,/home/sergey/iqa-data/kadid10k/images/I62_03_05.png,0.1195928753180661,43.92194366455078
7640,kadid10k,kadid10k/i62,/home/sergey/iqa-data/kadid10k/images/I62_04_01.png,0.8982188295165395,78.68424224853516
7641,kadid10k,kadid10k/i62,/home/sergey/iqa-data/kadid10k/images/I62_04_02.png,0.4071246819338422,79.61373138427734
7642,kadid10k,kadid10k/i62,/home/sergey/iqa-data/kadid10k/images/I62_04_03.png,0.3307888040712468,78.81513977050781
7643,kadid10k,kadid10k/i62,/home/sergey/iqa-data/kadid10k/images/I62_04_04.png,0.2620865139949109,78.36714172363281
7644,kadid10k,kadid10k/i62,/home/sergey/iqa-data/kadid10k/images/I62_04_05.png,0.1017811704834605,74.27520751953125
7645,kadid10k,kadid10k/i62,/home/sergey/iqa-data/kadid10k/images/I62_05_01.png,0.89058524173028,79.19309997558594
7646,kadid10k,kadid10k/i62,/home/sergey/iqa-data/kadid10k/images/I62_05_02.png,0.2620865139949109,79.2942886352539
7647,kadid10k,kadid10k/i62,/home/sergey/iqa-data/kadid10k/images/I62_05_03.png,0.1857506361323155,79.62177276611328
7648,kadid10k,kadid10k/i62,/home/sergey/iqa-data/kadid10k/images/I62_05_04.png,0.1603053435114503,79.6412124633789
7649,kadid10k,kadid10k/i62,/home/sergey/iqa-data/kadid10k/images/I62_05_05.png,0.1450381679389313,79.38277435302734
7650,kadid10k,kadid10k/i62,/home/sergey/iqa-data/kadid10k/images/I62_06_01.png,0.806615776081425,77.48470306396484
7651,kadid10k,kadid10k/i62,/home/sergey/iqa-data/kadid10k/images/I62_06_02.png,0.8218829516539442,77.76818084716797
7652,kadid10k,kadid10k/i62,/home/sergey/iqa-data/kadid10k/images/I62_06_03.png,0.7480916030534351,77.5259780883789
7653,kadid10k,kadid10k/i62,/home/sergey/iqa-data/kadid10k/images/I62_06_04.png,0.5852417302798982,77.38746643066406
7654,kadid10k,kadid10k/i62,/home/sergey/iqa-data/kadid10k/images/I62_06_05.png,0.356234096692112,76.11202239990234
7655,kadid10k,kadid10k/i62,/home/sergey/iqa-data/kadid10k/images/I62_07_01.png,0.534351145038168,77.77086639404297
7656,kadid10k,kadid10k/i62,/home/sergey/iqa-data/kadid10k/images/I62_07_02.png,0.4402035623409669,77.50330352783203
7657,kadid10k,kadid10k/i62,/home/sergey/iqa-data/kadid10k/images/I62_07_03.png,0.4758269720101782,76.7310562133789
7658,kadid10k,kadid10k/i62,/home/sergey/iqa-data/kadid10k/images/I62_07_04.png,0.4071246819338422,74.7309799194336
7659,kadid10k,kadid10k/i62,/home/sergey/iqa-data/kadid10k/images/I62_07_05.png,0.3486005089058525,77.98365020751953
7660,kadid10k,kadid10k/i62,/home/sergey/iqa-data/kadid10k/images/I62_08_01.png,0.89058524173028,78.1745834350586
7661,kadid10k,kadid10k/i62,/home/sergey/iqa-data/kadid10k/images/I62_08_02.png,0.6030534351145039,78.72161102294922
7662,kadid10k,kadid10k/i62,/home/sergey/iqa-data/kadid10k/images/I62_08_03.png,0.4580152671755725,79.08065032958984
7663,kadid10k,kadid10k/i62,/home/sergey/iqa-data/kadid10k/images/I62_08_04.png,0.2213740458015267,78.97200775146484
7664,kadid10k,kadid10k/i62,/home/sergey/iqa-data/kadid10k/images/I62_08_05.png,0.2035623409669211,78.51165008544922
7665,kadid10k,kadid10k/i62,/home/sergey/iqa-data/kadid10k/images/I62_09_01.png,0.8727735368956743,78.5903549194336
7666,kadid10k,kadid10k/i62,/home/sergey/iqa-data/kadid10k/images/I62_09_02.png,0.7379134860050891,78.73050689697266
7667,kadid10k,kadid10k/i62,/home/sergey/iqa-data/kadid10k/images/I62_09_03.png,0.5674300254452926,78.80936431884766
7668,kadid10k,kadid10k/i62,/home/sergey/iqa-data/kadid10k/images/I62_09_04.png,0.1857506361323155,70.92499542236328
7669,kadid10k,kadid10k/i62,/home/sergey/iqa-data/kadid10k/images/I62_09_05.png,0.1450381679389313,41.338661193847656
7670,kadid10k,kadid10k/i62,/home/sergey/iqa-data/kadid10k/images/I62_10_01.png,0.8218829516539442,79.05818176269531
7671,kadid10k,kadid10k/i62,/home/sergey/iqa-data/kadid10k/images/I62_10_02.png,0.8218829516539442,79.13920593261719
7672,kadid10k,kadid10k/i62,/home/sergey/iqa-data/kadid10k/images/I62_10_03.png,0.7455470737913487,78.56328582763672
7673,kadid10k,kadid10k/i62,/home/sergey/iqa-data/kadid10k/images/I62_10_04.png,0.1959287531806616,69.6761245727539
7674,kadid10k,kadid10k/i62,/home/sergey/iqa-data/kadid10k/images/I62_10_05.png,0.1195928753180661,52.57206726074219
7675,kadid10k,kadid10k/i62,/home/sergey/iqa-data/kadid10k/images/I62_11_01.png,0.7709923664122139,78.08126068115234
7676,kadid10k,kadid10k/i62,/home/sergey/iqa-data/kadid10k/images/I62_11_02.png,0.6361323155216285,78.15229034423828
7677,kadid10k,kadid10k/i62,/home/sergey/iqa-data/kadid10k/images/I62_11_03.png,0.3994910941475826,77.92613983154297
7678,kadid10k,kadid10k/i62,/home/sergey/iqa-data/kadid10k/images/I62_11_04.png,0.4274809160305344,77.67044830322266
7679,kadid10k,kadid10k/i62,/home/sergey/iqa-data/kadid10k/images/I62_11_05.png,0.3231552162849873,76.01143646240234
7680,kadid10k,kadid10k/i62,/home/sergey/iqa-data/kadid10k/images/I62_12_01.png,0.8982188295165395,78.07166290283203
7681,kadid10k,kadid10k/i62,/home/sergey/iqa-data/kadid10k/images/I62_12_02.png,0.7888040712468193,78.27816009521484
7682,kadid10k,kadid10k/i62,/home/sergey/iqa-data/kadid10k/images/I62_12_03.png,0.5165394402035624,78.1762924194336
7683,kadid10k,kadid10k/i62,/home/sergey/iqa-data/kadid10k/images/I62_12_04.png,0.4656488549618321,76.47250366210938
7684,kadid10k,kadid10k/i62,/home/sergey/iqa-data/kadid10k/images/I62_12_05.png,0.3486005089058525,75.35291290283203
7685,kadid10k,kadid10k/i62,/home/sergey/iqa-data/kadid10k/images/I62_13_01.png,0.5877862595419848,77.9591293334961
7686,kadid10k,kadid10k/i62,/home/sergey/iqa-data/kadid10k/images/I62_13_02.png,0.4249363867684478,77.63530731201172
7687,kadid10k,kadid10k/i62,/home/sergey/iqa-data/kadid10k/images/I62_13_03.png,0.2620865139949109,78.6348648071289
7688,kadid10k,kadid10k/i62,/home/sergey/iqa-data/kadid10k/images/I62_13_04.png,0.3384223918575064,77.7481460571289
7689,kadid10k,kadid10k/i62,/home/sergey/iqa-data/kadid10k/images/I62_13_05.png,0.2875318066157761,72.79049682617188
7690,kadid10k,kadid10k/i62,/home/sergey/iqa-data/kadid10k/images/I62_14_01.png,0.8575063613231553,78.44332885742188
7691,kadid10k,kadid10k/i62,/home/sergey/iqa-data/kadid10k/images/I62_14_02.png,0.6183206106870229,78.0379409790039
7692,kadid10k,kadid10k/i62,/home/sergey/iqa-data/kadid10k/images/I62_14_03.png,0.3994910941475826,77.90270233154297
7693,kadid10k,kadid10k/i62,/home/sergey/iqa-data/kadid10k/images/I62_14_04.png,0.3740458015267176,77.72024536132812
7694,kadid10k,kadid10k/i62,/home/sergey/iqa-data/kadid10k/images/I62_14_05.png,0.3053435114503817,77.13024139404297
7695,kadid10k,kadid10k/i62,/home/sergey/iqa-data/kadid10k/images/I62_15_01.png,0.5852417302798982,77.8221206665039
7696,kadid10k,kadid10k/i62,/home/sergey/iqa-data/kadid10k/images/I62_15_02.png,0.3053435114503817,75.65550994873047
7697,kadid10k,kadid10k/i62,/home/sergey/iqa-data/kadid10k/images/I62_15_03.png,0.2544529262086514,69.34671783447266
7698,kadid10k,kadid10k/i62,/home/sergey/iqa-data/kadid10k/images/I62_15_04.png,0.1603053435114503,61.943016052246094
7699,kadid10k,kadid10k/i62,/home/sergey/iqa-data/kadid10k/images/I62_15_05.png,0.1272264631043257,54.34019470214844
7700,kadid10k,kadid10k/i62,/home/sergey/iqa-data/kadid10k/images/I62_16_01.png,0.8142493638676845,78.24666595458984
7701,kadid10k,kadid10k/i62,/home/sergey/iqa-data/kadid10k/images/I62_16_02.png,0.8829516539440203,78.3087387084961
7702,kadid10k,kadid10k/i62,/home/sergey/iqa-data/kadid10k/images/I62_16_03.png,0.7201017811704835,78.30311584472656
7703,kadid10k,kadid10k/i62,/home/sergey/iqa-data/kadid10k/images/I62_16_04.png,0.534351145038168,78.63118743896484
7704,kadid10k,kadid10k/i62,/home/sergey/iqa-data/kadid10k/images/I62_16_05.png,0.2544529262086514,78.25489044189453
7705,kadid10k,kadid10k/i62,/home/sergey/iqa-data/kadid10k/images/I62_17_01.png,0.89058524173028,78.13069915771484
7706,kadid10k,kadid10k/i62,/home/sergey/iqa-data/kadid10k/images/I62_17_02.png,0.8396946564885497,78.09932708740234
7707,kadid10k,kadid10k/i62,/home/sergey/iqa-data/kadid10k/images/I62_17_03.png,0.7455470737913487,77.98992156982422
7708,kadid10k,kadid10k/i62,/home/sergey/iqa-data/kadid10k/images/I62_17_04.png,0.4249363867684478,77.724609375
7709,kadid10k,kadid10k/i62,/home/sergey/iqa-data/kadid10k/images/I62_17_05.png,0.178117048346056,76.47701263427734
7710,kadid10k,kadid10k/i62,/home/sergey/iqa-data/kadid10k/images/I62_18_01.png,0.8600508905852418,78.22179412841797
7711,kadid10k,kadid10k/i62,/home/sergey/iqa-data/kadid10k/images/I62_18_02.png,0.8727735368956743,78.1712417602539
7712,kadid10k,kadid10k/i62,/home/sergey/iqa-data/kadid10k/images/I62_18_03.png,0.8575063613231553,78.1745834350586
7713,kadid10k,kadid10k/i62,/home/sergey/iqa-data/kadid10k/images/I62_18_04.png,0.7302798982188295,77.84615325927734
7714,kadid10k,kadid10k/i62,/home/sergey/iqa-data/kadid10k/images/I62_18_05.png,0.5267175572519084,77.54353332519531
7715,kadid10k,kadid10k/i62,/home/sergey/iqa-data/kadid10k/images/I62_19_01.png,0.796437659033079,78.20338439941406
7716,kadid10k,kadid10k/i62,/home/sergey/iqa-data/kadid10k/images/I62_19_02.png,0.7455470737913487,78.01018524169922
7717,kadid10k,kadid10k/i62,/home/sergey/iqa-data/kadid10k/images/I62_19_03.png,0.4910941475826972,78.37714385986328
7718,kadid10k,kadid10k/i62,/home/sergey/iqa-data/kadid10k/images/I62_19_04.png,0.2111959287531807,78.42688751220703
7719,kadid10k,kadid10k/i62,/home/sergey/iqa-data/kadid10k/images/I62_19_05.png,0.0585241730279898,76.25424194335938
7720,kadid10k,kadid10k/i62,/home/sergey/iqa-data/kadid10k/images/I62_20_01.png,0.7557251908396948,78.20146942138672
7721,kadid10k,kadid10k/i62,/home/sergey/iqa-data/kadid10k/images/I62_20_02.png,0.83206106870229,78.0090103149414
7722,kadid10k,kadid10k/i62,/home/sergey/iqa-data/kadid10k/images/I62_20_03.png,0.83206106870229,78.11640167236328
7723,kadid10k,kadid10k/i62,/home/sergey/iqa-data/kadid10k/images/I62_20_04.png,0.78117048346056,78.04902648925781
7724,kadid10k,kadid10k/i62,/home/sergey/iqa-data/kadid10k/images/I62_20_05.png,0.6437659033078881,78.20905303955078
7725,kadid10k,kadid10k/i62,/home/sergey/iqa-data/kadid10k/images/I62_21_01.png,0.796437659033079,78.16112518310547
7726,kadid10k,kadid10k/i62,/home/sergey/iqa-data/kadid10k/images/I62_21_02.png,0.6030534351145039,77.62728118896484
7727,kadid10k,kadid10k/i62,/home/sergey/iqa-data/kadid10k/images/I62_21_03.png,0.5521628498727735,77.5350112915039
7728,kadid10k,kadid10k/i62,/home/sergey/iqa-data/kadid10k/images/I62_21_04.png,0.5012722646310434,78.23565673828125
7729,kadid10k,kadid10k/i62,/home/sergey/iqa-data/kadid10k/images/I62_21_05.png,0.094147582697201,74.99190521240234
7730,kadid10k,kadid10k/i62,/home/sergey/iqa-data/kadid10k/images/I62_22_01.png,0.8651399491094149,78.25855255126953
7731,kadid10k,kadid10k/i62,/home/sergey/iqa-data/kadid10k/images/I62_22_02.png,0.8651399491094149,77.98406219482422
7732,kadid10k,kadid10k/i62,/home/sergey/iqa-data/kadid10k/images/I62_22_03.png,0.796437659033079,78.11951446533203
7733,kadid10k,kadid10k/i62,/home/sergey/iqa-data/kadid10k/images/I62_22_04.png,0.6946564885496184,77.71493530273438
7734,kadid10k,kadid10k/i62,/home/sergey/iqa-data/kadid10k/images/I62_22_05.png,0.4580152671755725,77.05186462402344
7735,kadid10k,kadid10k/i62,/home/sergey/iqa-data/kadid10k/images/I62_23_01.png,0.3816793893129771,78.99740600585938
7736,kadid10k,kadid10k/i62,/home/sergey/iqa-data/kadid10k/images/I62_23_02.png,0.356234096692112,79.64167022705078
7737,kadid10k,kadid10k/i62,/home/sergey/iqa-data/kadid10k/images/I62_23_03.png,0.2290076335877862,79.42512512207031
7738,kadid10k,kadid10k/i62,/home/sergey/iqa-data/kadid10k/images/I62_23_04.png,0.2977099236641221,79.72420501708984
7739,kadid10k,kadid10k/i62,/home/sergey/iqa-data/kadid10k/images/I62_23_05.png,0.1704834605597964,79.60725402832031
7740,kadid10k,kadid10k/i62,/home/sergey/iqa-data/kadid10k/images/I62_24_01.png,0.5674300254452926,78.56405639648438
7741,kadid10k,kadid10k/i62,/home/sergey/iqa-data/kadid10k/images/I62_24_02.png,0.4071246819338422,78.07279205322266
7742,kadid10k,kadid10k/i62,/home/sergey/iqa-data/kadid10k/images/I62_24_03.png,0.272264631043257,77.57854461669922
7743,kadid10k,kadid10k/i62,/home/sergey/iqa-data/kadid10k/images/I62_24_04.png,0.1348600508905852,76.1877670288086
7744,kadid10k,kadid10k/i62,/home/sergey/iqa-data/kadid10k/images/I62_24_05.png,0.0687022900763358,73.91883850097656
7745,kadid10k,kadid10k/i62,/home/sergey/iqa-data/kadid10k/images/I62_25_01.png,0.5521628498727735,77.23797607421875
7746,kadid10k,kadid10k/i62,/home/sergey/iqa-data/kadid10k/images/I62_25_02.png,0.5419847328244275,77.67220306396484
7747,kadid10k,kadid10k/i62,/home/sergey/iqa-data/kadid10k/images/I62_25_03.png,0.7455470737913487,77.93033599853516
7748,kadid10k,kadid10k/i62,/home/sergey/iqa-data/kadid10k/images/I62_25_04.png,0.7709923664122139,78.37964630126953
7749,kadid10k,kadid10k/i62,/home/sergey/iqa-data/kadid10k/images/I62_25_05.png,0.6106870229007634,78.18075561523438
7750,kadid10k,kadid10k/i63,/home/sergey/iqa-data/kadid10k/images/I63_01_01.png,0.9338422391857508,78.8163833618164
7751,kadid10k,kadid10k/i63,/home/sergey/iqa-data/kadid10k/images/I63_01_02.png,0.8727735368956743,76.8338394165039
7752,kadid10k,kadid10k/i63,/home/sergey/iqa-data/kadid10k/images/I63_01_03.png,0.4071246819338422,49.05381774902344
7753,kadid10k,kadid10k/i63,/home/sergey/iqa-data/kadid10k/images/I63_01_04.png,0.2213740458015267,33.999568939208984
7754,kadid10k,kadid10k/i63,/home/sergey/iqa-data/kadid10k/images/I63_01_05.png,0.0763358778625954,26.811138153076172
7755,kadid10k,kadid10k/i63,/home/sergey/iqa-data/kadid10k/images/I63_02_01.png,0.6284987277353691,70.07369232177734
7756,kadid10k,kadid10k/i63,/home/sergey/iqa-data/kadid10k/images/I63_02_02.png,0.3740458015267176,43.948158264160156
7757,kadid10k,kadid10k/i63,/home/sergey/iqa-data/kadid10k/images/I63_02_03.png,0.1450381679389313,32.12831115722656
7758,kadid10k,kadid10k/i63,/home/sergey/iqa-data/kadid10k/images/I63_02_04.png,0.0687022900763358,28.456737518310547
7759,kadid10k,kadid10k/i63,/home/sergey/iqa-data/kadid10k/images/I63_02_05.png,0.0763358778625954,25.082721710205078
7760,kadid10k,kadid10k/i63,/home/sergey/iqa-data/kadid10k/images/I63_03_01.png,0.89058524173028,78.8163833618164
7761,kadid10k,kadid10k/i63,/home/sergey/iqa-data/kadid10k/images/I63_03_02.png,0.7201017811704835,76.66268157958984
7762,kadid10k,kadid10k/i63,/home/sergey/iqa-data/kadid10k/images/I63_03_03.png,0.450381679389313,48.845542907714844
7763,kadid10k,kadid10k/i63,/home/sergey/iqa-data/kadid10k/images/I63_03_04.png,0.2111959287531807,40.40039825439453
7764,kadid10k,kadid10k/i63,/home/sergey/iqa-data/kadid10k/images/I63_03_05.png,0.1272264631043257,31.542301177978516
7765,kadid10k,kadid10k/i63,/home/sergey/iqa-data/kadid10k/images/I63_04_01.png,0.8473282442748092,78.71661376953125
7766,kadid10k,kadid10k/i63,/home/sergey/iqa-data/kadid10k/images/I63_04_02.png,0.4580152671755725,76.73235321044922
7767,kadid10k,kadid10k/i63,/home/sergey/iqa-data/kadid10k/images/I63_04_03.png,0.1603053435114503,75.2471694946289
7768,kadid10k,kadid10k/i63,/home/sergey/iqa-data/kadid10k/images/I63_04_04.png,0.0839694656488549,75.02314758300781
7769,kadid10k,kadid10k/i63,/home/sergey/iqa-data/kadid10k/images/I63_04_05.png,0.0508905852417302,75.4619140625
7770,kadid10k,kadid10k/i63,/home/sergey/iqa-data/kadid10k/images/I63_05_01.png,0.7048346055979644,78.33021545410156
7771,kadid10k,kadid10k/i63,/home/sergey/iqa-data/kadid10k/images/I63_05_02.png,0.3384223918575064,78.01464080810547
7772,kadid10k,kadid10k/i63,/home/sergey/iqa-data/kadid10k/images/I63_05_03.png,0.2035623409669211,80.16657257080078
7773,kadid10k,kadid10k/i63,/home/sergey/iqa-data/kadid10k/images/I63_05_04.png,0.1348600508905852,79.72034454345703
7774,kadid10k,kadid10k/i63,/home/sergey/iqa-data/kadid10k/images/I63_05_05.png,0.1348600508905852,79.94864654541016
7775,kadid10k,kadid10k/i63,/home/sergey/iqa-data/kadid10k/images/I63_06_01.png,0.6692111959287532,74.9009017944336
7776,kadid10k,kadid10k/i63,/home/sergey/iqa-data/kadid10k/images/I63_06_02.png,0.6310432569974556,73.87864685058594
7777,kadid10k,kadid10k/i63,/home/sergey/iqa-data/kadid10k/images/I63_06_03.png,0.6437659033078881,73.44750213623047
7778,kadid10k,kadid10k/i63,/home/sergey/iqa-data/kadid10k/images/I63_06_04.png,0.4656488549618321,77.28988647460938
7779,kadid10k,kadid10k/i63,/home/sergey/iqa-data/kadid10k/images/I63_06_05.png,0.1704834605597964,77.21790313720703
7780,kadid10k,kadid10k/i63,/home/sergey/iqa-data/kadid10k/images/I63_07_01.png,0.4834605597964376,79.8388442993164
7781,kadid10k,kadid10k/i63,/home/sergey/iqa-data/kadid10k/images/I63_07_02.png,0.4325699745547074,78.78133392333984
7782,kadid10k,kadid10k/i63,/home/sergey/iqa-data/kadid10k/images/I63_07_03.png,0.3994910941475826,75.43326568603516
7783,kadid10k,kadid10k/i63,/home/sergey/iqa-data/kadid10k/images/I63_07_04.png,0.3638676844783716,71.78038024902344
7784,kadid10k,kadid10k/i63,/home/sergey/iqa-data/kadid10k/images/I63_07_05.png,0.356234096692112,79.38629913330078
7785,kadid10k,kadid10k/i63,/home/sergey/iqa-data/kadid10k/images/I63_08_01.png,0.8473282442748092,78.8163833618164
7786,kadid10k,kadid10k/i63,/home/sergey/iqa-data/kadid10k/images/I63_08_02.png,0.6870229007633589,78.93534088134766
7787,kadid10k,kadid10k/i63,/home/sergey/iqa-data/kadid10k/images/I63_08_03.png,0.2977099236641221,78.95056915283203
7788,kadid10k,kadid10k/i63,/home/sergey/iqa-data/kadid10k/images/I63_08_04.png,0.1017811704834605,79.48308563232422
7789,kadid10k,kadid10k/i63,/home/sergey/iqa-data/kadid10k/images/I63_08_05.png,0.1450381679389313,79.28746032714844
7790,kadid10k,kadid10k/i63,/home/sergey/iqa-data/kadid10k/images/I63_09_01.png,0.9083969465648856,78.9596939086914
7791,kadid10k,kadid10k/i63,/home/sergey/iqa-data/kadid10k/images/I63_09_02.png,0.7455470737913487,76.11795043945312
7792,kadid10k,kadid10k/i63,/home/sergey/iqa-data/kadid10k/images/I63_09_03.png,0.6183206106870229,69.81498718261719
7793,kadid10k,kadid10k/i63,/home/sergey/iqa-data/kadid10k/images/I63_09_04.png,0.2544529262086514,51.217063903808594
7794,kadid10k,kadid10k/i63,/home/sergey/iqa-data/kadid10k/images/I63_09_05.png,0.0508905852417302,35.6551628112793
7795,kadid10k,kadid10k/i63,/home/sergey/iqa-data/kadid10k/images/I63_10_01.png,0.78117048346056,77.4228744506836
7796,kadid10k,kadid10k/i63,/home/sergey/iqa-data/kadid10k/images/I63_10_02.png,0.8396946564885497,76.1513900756836
7797,kadid10k,kadid10k/i63,/home/sergey/iqa-data/kadid10k/images/I63_10_03.png,0.7379134860050891,70.33149719238281
7798,kadid10k,kadid10k/i63,/home/sergey/iqa-data/kadid10k/images/I63_10_04.png,0.3384223918575064,52.534576416015625
7799,kadid10k,kadid10k/i63,/home/sergey/iqa-data/kadid10k/images/I63_10_05.png,0.178117048346056,48.00122833251953
7800,kadid10k,kadid10k/i63,/home/sergey/iqa-data/kadid10k/images/I63_11_01.png,0.7455470737913487,76.59391784667969
7801,kadid10k,kadid10k/i63,/home/sergey/iqa-data/kadid10k/images/I63_11_02.png,0.7455470737913487,73.9173812866211
7802,kadid10k,kadid10k/i63,/home/sergey/iqa-data/kadid10k/images/I63_11_03.png,0.5852417302798982,72.43820190429688
7803,kadid10k,kadid10k/i63,/home/sergey/iqa-data/kadid10k/images/I63_11_04.png,0.5267175572519084,67.3641586303711
7804,kadid10k,kadid10k/i63,/home/sergey/iqa-data/kadid10k/images/I63_11_05.png,0.3816793893129771,62.04191970825195
7805,kadid10k,kadid10k/i63,/home/sergey/iqa-data/kadid10k/images/I63_12_01.png,0.916030534351145,77.57249450683594
7806,kadid10k,kadid10k/i63,/home/sergey/iqa-data/kadid10k/images/I63_12_02.png,0.7048346055979644,74.27420806884766
7807,kadid10k,kadid10k/i63,/home/sergey/iqa-data/kadid10k/images/I63_12_03.png,0.6539440203562341,68.86141204833984
7808,kadid10k,kadid10k/i63,/home/sergey/iqa-data/kadid10k/images/I63_12_04.png,0.4758269720101782,64.49515533447266
7809,kadid10k,kadid10k/i63,/home/sergey/iqa-data/kadid10k/images/I63_12_05.png,0.3740458015267176,61.65869903564453
7810,kadid10k,kadid10k/i63,/home/sergey/iqa-data/kadid10k/images/I63_13_01.png,0.7557251908396948,77.90281677246094
7811,kadid10k,kadid10k/i63,/home/sergey/iqa-data/kadid10k/images/I63_13_02.png,0.534351145038168,75.9538803100586
7812,kadid10k,kadid10k/i63,/home/sergey/iqa-data/kadid10k/images/I63_13_03.png,0.3689567430025446,74.22472381591797
7813,kadid10k,kadid10k/i63,/home/sergey/iqa-data/kadid10k/images/I63_13_04.png,0.3994910941475826,70.70206451416016
7814,kadid10k,kadid10k/i63,/home/sergey/iqa-data/kadid10k/images/I63_13_05.png,0.356234096692112,67.59976959228516
7815,kadid10k,kadid10k/i63,/home/sergey/iqa-data/kadid10k/images/I63_14_01.png,0.9185750636132316,78.54249572753906
7816,kadid10k,kadid10k/i63,/home/sergey/iqa-data/kadid10k/images/I63_14_02.png,0.7201017811704835,77.07978057861328
7817,kadid10k,kadid10k/i63,/home/sergey/iqa-data/kadid10k/images/I63_14_03.png,0.6183206106870229,77.10027313232422
7818,kadid10k,kadid10k/i63,/home/sergey/iqa-data/kadid10k/images/I63_14_04.png,0.4656488549618321,76.34867095947266
7819,kadid10k,kadid10k/i63,/home/sergey/iqa-data/kadid10k/images/I63_14_05.png,0.3384223918575064,75.90916442871094
7820,kadid10k,kadid10k/i63,/home/sergey/iqa-data/kadid10k/images/I63_15_01.png,0.7455470737913487,75.40850830078125
7821,kadid10k,kadid10k/i63,/home/sergey/iqa-data/kadid10k/images/I63_15_02.png,0.5521628498727735,67.91870880126953
7822,kadid10k,kadid10k/i63,/home/sergey/iqa-data/kadid10k/images/I63_15_03.png,0.4147582697201017,57.067039489746094
7823,kadid10k,kadid10k/i63,/home/sergey/iqa-data/kadid10k/images/I63_15_04.png,0.1704834605597964,46.119834899902344
7824,kadid10k,kadid10k/i63,/home/sergey/iqa-data/kadid10k/images/I63_15_05.png,0.094147582697201,44.331871032714844
7825,kadid10k,kadid10k/i63,/home/sergey/iqa-data/kadid10k/images/I63_16_01.png,0.8982188295165395,79.50739288330078
7826,kadid10k,kadid10k/i63,/home/sergey/iqa-data/kadid10k/images/I63_16_02.png,0.8142493638676845,79.94258880615234
7827,kadid10k,kadid10k/i63,/home/sergey/iqa-data/kadid10k/images/I63_16_03.png,0.7048346055979644,80.18122100830078
7828,kadid10k,kadid10k/i63,/home/sergey/iqa-data/kadid10k/images/I63_16_04.png,0.534351145038168,79.60321807861328
7829,kadid10k,kadid10k/i63,/home/sergey/iqa-data/kadid10k/images/I63_16_05.png,0.3638676844783716,74.66122436523438
7830,kadid10k,kadid10k/i63,/home/sergey/iqa-data/kadid10k/images/I63_17_01.png,0.916030534351145,78.48609161376953
7831,kadid10k,kadid10k/i63,/home/sergey/iqa-data/kadid10k/images/I63_17_02.png,0.9083969465648856,78.32455444335938
7832,kadid10k,kadid10k/i63,/home/sergey/iqa-data/kadid10k/images/I63_17_03.png,0.83206106870229,77.50019836425781
7833,kadid10k,kadid10k/i63,/home/sergey/iqa-data/kadid10k/images/I63_17_04.png,0.5852417302798982,75.29349517822266
7834,kadid10k,kadid10k/i63,/home/sergey/iqa-data/kadid10k/images/I63_17_05.png,0.2111959287531807,67.77584075927734
7835,kadid10k,kadid10k/i63,/home/sergey/iqa-data/kadid10k/images/I63_18_01.png,0.8727735368956743,79.42740631103516
7836,kadid10k,kadid10k/i63,/home/sergey/iqa-data/kadid10k/images/I63_18_02.png,0.9338422391857508,79.2254409790039
7837,kadid10k,kadid10k/i63,/home/sergey/iqa-data/kadid10k/images/I63_18_03.png,0.8982188295165395,78.8163833618164
7838,kadid10k,kadid10k/i63,/home/sergey/iqa-data/kadid10k/images/I63_18_04.png,0.8651399491094149,77.77645111083984
7839,kadid10k,kadid10k/i63,/home/sergey/iqa-data/kadid10k/images/I63_18_05.png,0.6437659033078881,75.90165710449219
7840,kadid10k,kadid10k/i63,/home/sergey/iqa-data/kadid10k/images/I63_19_01.png,0.8575063613231553,78.84235382080078
7841,kadid10k,kadid10k/i63,/home/sergey/iqa-data/kadid10k/images/I63_19_02.png,0.7379134860050891,78.54927825927734
7842,kadid10k,kadid10k/i63,/home/sergey/iqa-data/kadid10k/images/I63_19_03.png,0.450381679389313,72.89612579345703
7843,kadid10k,kadid10k/i63,/home/sergey/iqa-data/kadid10k/images/I63_19_04.png,0.094147582697201,55.73648452758789
7844,kadid10k,kadid10k/i63,/home/sergey/iqa-data/kadid10k/images/I63_19_05.png,0.0330788804071246,50.279518127441406
7845,kadid10k,kadid10k/i63,/home/sergey/iqa-data/kadid10k/images/I63_20_01.png,0.9338422391857508,79.07913970947266
7846,kadid10k,kadid10k/i63,/home/sergey/iqa-data/kadid10k/images/I63_20_02.png,0.8829516539440203,78.59307098388672
7847,kadid10k,kadid10k/i63,/home/sergey/iqa-data/kadid10k/images/I63_20_03.png,0.7633587786259542,78.6612319946289
7848,kadid10k,kadid10k/i63,/home/sergey/iqa-data/kadid10k/images/I63_20_04.png,0.5165394402035624,78.18270111083984
7849,kadid10k,kadid10k/i63,/home/sergey/iqa-data/kadid10k/images/I63_20_05.png,0.7379134860050891,78.69763946533203
7850,kadid10k,kadid10k/i63,/home/sergey/iqa-data/kadid10k/images/I63_21_01.png,0.7455470737913487,79.19782257080078
7851,kadid10k,kadid10k/i63,/home/sergey/iqa-data/kadid10k/images/I63_21_02.png,0.450381679389313,77.38074493408203
7852,kadid10k,kadid10k/i63,/home/sergey/iqa-data/kadid10k/images/I63_21_03.png,0.4071246819338422,79.29973602294922
7853,kadid10k,kadid10k/i63,/home/sergey/iqa-data/kadid10k/images/I63_21_04.png,0.3816793893129771,78.33318328857422
7854,kadid10k,kadid10k/i63,/home/sergey/iqa-data/kadid10k/images/I63_21_05.png,0.0763358778625954,49.876007080078125
7855,kadid10k,kadid10k/i63,/home/sergey/iqa-data/kadid10k/images/I63_22_01.png,0.9338422391857508,78.67198944091797
7856,kadid10k,kadid10k/i63,/home/sergey/iqa-data/kadid10k/images/I63_22_02.png,0.8829516539440203,78.53948211669922
7857,kadid10k,kadid10k/i63,/home/sergey/iqa-data/kadid10k/images/I63_22_03.png,0.8396946564885497,78.34996795654297
7858,kadid10k,kadid10k/i63,/home/sergey/iqa-data/kadid10k/images/I63_22_04.png,0.7201017811704835,78.25379180908203
7859,kadid10k,kadid10k/i63,/home/sergey/iqa-data/kadid10k/images/I63_22_05.png,0.5674300254452926,78.28878784179688
7860,kadid10k,kadid10k/i63,/home/sergey/iqa-data/kadid10k/images/I63_23_01.png,0.6615776081424937,78.98521423339844
7861,kadid10k,kadid10k/i63,/home/sergey/iqa-data/kadid10k/images/I63_23_02.png,0.3816793893129771,79.64962768554688
7862,kadid10k,kadid10k/i63,/home/sergey/iqa-data/kadid10k/images/I63_23_03.png,0.2798982188295166,78.2995834350586
7863,kadid10k,kadid10k/i63,/home/sergey/iqa-data/kadid10k/images/I63_23_04.png,0.356234096692112,79.19524383544922
7864,kadid10k,kadid10k/i63,/home/sergey/iqa-data/kadid10k/images/I63_23_05.png,0.2468193384223918,78.58544921875
7865,kadid10k,kadid10k/i63,/home/sergey/iqa-data/kadid10k/images/I63_24_01.png,0.6030534351145039,79.74019622802734
7866,kadid10k,kadid10k/i63,/home/sergey/iqa-data/kadid10k/images/I63_24_02.png,0.4249363867684478,79.39707946777344
7867,kadid10k,kadid10k/i63,/home/sergey/iqa-data/kadid10k/images/I63_24_03.png,0.3129770992366412,79.03948211669922
7868,kadid10k,kadid10k/i63,/home/sergey/iqa-data/kadid10k/images/I63_24_04.png,0.0839694656488549,77.84745025634766
7869,kadid10k,kadid10k/i63,/home/sergey/iqa-data/kadid10k/images/I63_24_05.png,0.1272264631043257,76.9898452758789
7870,kadid10k,kadid10k/i63,/home/sergey/iqa-data/kadid10k/images/I63_25_01.png,0.5852417302798982,75.98851776123047
7871,kadid10k,kadid10k/i63,/home/sergey/iqa-data/kadid10k/images/I63_25_02.png,0.6870229007633589,76.80437469482422
7872,kadid10k,kadid10k/i63,/home/sergey/iqa-data/kadid10k/images/I63_25_03.png,0.8218829516539442,77.75460052490234
7873,kadid10k,kadid10k/i63,/home/sergey/iqa-data/kadid10k/images/I63_25_04.png,0.7557251908396948,79.83525848388672
7874,kadid10k,kadid10k/i63,/home/sergey/iqa-data/kadid10k/images/I63_25_05.png,0.6590330788804072,80.37617492675781
9750,kadid10k,kadid10k/i79,/home/sergey/iqa-data/kadid10k/images/I79_01_01.png,0.9414758269720104,73.8863296508789
9751,kadid10k,kadid10k/i79,/home/sergey/iqa-data/kadid10k/images/I79_01_02.png,0.9236641221374048,73.49408721923828
9752,kadid10k,kadid10k/i79,/home/sergey/iqa-data/kadid10k/images/I79_01_03.png,0.6030534351145039,71.80571746826172
9753,kadid10k,kadid10k/i79,/home/sergey/iqa-data/kadid10k/images/I79_01_04.png,0.3740458015267176,49.571449279785156
9754,kadid10k,kadid10k/i79,/home/sergey/iqa-data/kadid10k/images/I79_01_05.png,0.1348600508905852,34.24458312988281
9755,kadid10k,kadid10k/i79,/home/sergey/iqa-data/kadid10k/images/I79_02_01.png,0.806615776081425,73.11797332763672
9756,kadid10k,kadid10k/i79,/home/sergey/iqa-data/kadid10k/images/I79_02_02.png,0.5674300254452926,70.04476165771484
9757,kadid10k,kadid10k/i79,/home/sergey/iqa-data/kadid10k/images/I79_02_03.png,0.3307888040712468,44.360408782958984
9758,kadid10k,kadid10k/i79,/home/sergey/iqa-data/kadid10k/images/I79_02_04.png,0.2213740458015267,37.576393127441406
9759,kadid10k,kadid10k/i79,/home/sergey/iqa-data/kadid10k/images/I79_02_05.png,0.1450381679389313,34.700416564941406
9760,kadid10k,kadid10k/i79,/home/sergey/iqa-data/kadid10k/images/I79_03_01.png,0.8982188295165395,73.8863296508789
9761,kadid10k,kadid10k/i79,/home/sergey/iqa-data/kadid10k/images/I79_03_02.png,0.8218829516539442,73.40386962890625
9762,kadid10k,kadid10k/i79,/home/sergey/iqa-data/kadid10k/images/I79_03_03.png,0.5852417302798982,72.37676239013672
9763,kadid10k,kadid10k/i79,/home/sergey/iqa-data/kadid10k/images/I79_03_04.png,0.5012722646310434,69.2557601928711
9764,kadid10k,kadid10k/i79,/home/sergey/iqa-data/kadid10k/images/I79_03_05.png,0.272264631043257,61.61567687988281
9765,kadid10k,kadid10k/i79,/home/sergey/iqa-data/kadid10k/images/I79_04_01.png,0.8982188295165395,74.45902252197266
9766,kadid10k,kadid10k/i79,/home/sergey/iqa-data/kadid10k/images/I79_04_02.png,0.3307888040712468,75.13837432861328
9767,kadid10k,kadid10k/i79,/home/sergey/iqa-data/kadid10k/images/I79_04_03.png,0.1195928753180661,68.7033462524414
9768,kadid10k,kadid10k/i79,/home/sergey/iqa-data/kadid10k/images/I79_04_04.png,0.0763358778625954,62.8017578125
9769,kadid10k,kadid10k/i79,/home/sergey/iqa-data/kadid10k/images/I79_04_05.png,0.0330788804071246,60.514102935791016
9770,kadid10k,kadid10k/i79,/home/sergey/iqa-data/kadid10k/images/I79_05_01.png,0.8575063613231553,73.40887451171875
9771,kadid10k,kadid10k/i79,/home/sergey/iqa-data/kadid10k/images/I79_05_02.png,0.6030534351145039,71.91129302978516
9772,kadid10k,kadid10k/i79,/home/sergey/iqa-data/kadid10k/images/I79_05_03.png,0.3816793893129771,73.16153717041016
9773,kadid10k,kadid10k/i79,/home/sergey/iqa-data/kadid10k/images/I79_05_04.png,0.4147582697201017,73.95079040527344
9774,kadid10k,kadid10k/i79,/home/sergey/iqa-data/kadid10k/images/I79_05_05.png,0.5012722646310434,74.21600341796875
9775,kadid10k,kadid10k/i79,/home/sergey/iqa-data/kadid10k/images/I79_06_01.png,0.8142493638676845,73.61940002441406
9776,kadid10k,kadid10k/i79,/home/sergey/iqa-data/kadid10k/images/I79_06_02.png,0.83206106870229,73.96981048583984
9777,kadid10k,kadid10k/i79,/home/sergey/iqa-data/kadid10k/images/I79_06_03.png,0.6870229007633589,72.96664428710938
9778,kadid10k,kadid10k/i79,/home/sergey/iqa-data/kadid10k/images/I79_06_04.png,0.5852417302798982,72.98845672607422
9779,kadid10k,kadid10k/i79,/home/sergey/iqa-data/kadid10k/images/I79_06_05.png,0.3638676844783716,68.96729278564453
9780,kadid10k,kadid10k/i79,/home/sergey/iqa-data/kadid10k/images/I79_07_01.png,0.272264631043257,74.23255157470703
9781,kadid10k,kadid10k/i79,/home/sergey/iqa-data/kadid10k/images/I79_07_02.png,0.2875318066157761,74.43245697021484
9782,kadid10k,kadid10k/i79,/home/sergey/iqa-data/kadid10k/images/I79_07_03.png,0.178117048346056,74.95242309570312
9783,kadid10k,kadid10k/i79,/home/sergey/iqa-data/kadid10k/images/I79_07_04.png,0.2111959287531807,72.54621124267578
9784,kadid10k,kadid10k/i79,/home/sergey/iqa-data/kadid10k/images/I79_07_05.png,0.1450381679389313,73.84333038330078
9785,kadid10k,kadid10k/i79,/home/sergey/iqa-data/kadid10k/images/I79_08_01.png,0.8982188295165395,73.8863296508789
9786,kadid10k,kadid10k/i79,/home/sergey/iqa-data/kadid10k/images/I79_08_02.png,0.6539440203562341,75.9891357421875
9787,kadid10k,kadid10k/i79,/home/sergey/iqa-data/kadid10k/images/I79_08_03.png,0.4605597964376591,74.9631118774414
9788,kadid10k,kadid10k/i79,/home/sergey/iqa-data/kadid10k/images/I79_08_04.png,0.1348600508905852,75.08975982666016
9789,kadid10k,kadid10k/i79,/home/sergey/iqa-data/kadid10k/images/I79_08_05.png,0.1094147582697201,75.3729248046875
9790,kadid10k,kadid10k/i79,/home/sergey/iqa-data/kadid10k/images/I79_09_01.png,0.94910941475827,74.19452667236328
9791,kadid10k,kadid10k/i79,/home/sergey/iqa-data/kadid10k/images/I79_09_02.png,0.8727735368956743,74.49561309814453
9792,kadid10k,kadid10k/i79,/home/sergey/iqa-data/kadid10k/images/I79_09_03.png,0.8295165394402035,74.5140609741211
9793,kadid10k,kadid10k/i79,/home/sergey/iqa-data/kadid10k/images/I79_09_04.png,0.3129770992366412,57.656646728515625
9794,kadid10k,kadid10k/i79,/home/sergey/iqa-data/kadid10k/images/I79_09_05.png,0.0585241730279898,33.16661071777344
9795,kadid10k,kadid10k/i79,/home/sergey/iqa-data/kadid10k/images/I79_10_01.png,0.8218829516539442,74.85407257080078
9796,kadid10k,kadid10k/i79,/home/sergey/iqa-data/kadid10k/images/I79_10_02.png,0.7709923664122139,74.28231811523438
9797,kadid10k,kadid10k/i79,/home/sergey/iqa-data/kadid10k/images/I79_10_03.png,0.7709923664122139,74.45011138916016
9798,kadid10k,kadid10k/i79,/home/sergey/iqa-data/kadid10k/images/I79_10_04.png,0.2875318066157761,53.027610778808594
9799,kadid10k,kadid10k/i79,/home/sergey/iqa-data/kadid10k/images/I79_10_05.png,0.1094147582697201,37.256370544433594
9800,kadid10k,kadid10k/i79,/home/sergey/iqa-data/kadid10k/images/I79_11_01.png,0.8727735368956743,73.87144470214844
9801,kadid10k,kadid10k/i79,/home/sergey/iqa-data/kadid10k/images/I79_11_02.png,0.6106870229007634,73.70570373535156
9802,kadid10k,kadid10k/i79,/home/sergey/iqa-data/kadid10k/images/I79_11_03.png,0.5521628498727735,72.80203247070312
9803,kadid10k,kadid10k/i79,/home/sergey/iqa-data/kadid10k/images/I79_11_04.png,0.5165394402035624,69.81285858154297
9804,kadid10k,kadid10k/i79,/home/sergey/iqa-data/kadid10k/images/I79_11_05.png,0.3816793893129771,65.62647247314453
9805,kadid10k,kadid10k/i79,/home/sergey/iqa-data/kadid10k/images/I79_12_01.png,0.9338422391857508,74.40341186523438
9806,kadid10k,kadid10k/i79,/home/sergey/iqa-data/kadid10k/images/I79_12_02.png,0.7048346055979644,73.6697006225586
9807,kadid10k,kadid10k/i79,/home/sergey/iqa-data/kadid10k/images/I79_12_03.png,0.6183206106870229,70.48290252685547
9808,kadid10k,kadid10k/i79,/home/sergey/iqa-data/kadid10k/images/I79_12_04.png,0.4580152671755725,65.65367889404297
9809,kadid10k,kadid10k/i79,/home/sergey/iqa-data/kadid10k/images/I79_12_05.png,0.3486005089058525,65.38349914550781
9810,kadid10k,kadid10k/i79,/home/sergey/iqa-data/kadid10k/images/I79_13_01.png,0.7048346055979644,74.78053283691406
9811,kadid10k,kadid10k/i79,/home/sergey/iqa-data/kadid10k/images/I79_13_02.png,0.4758269720101782,74.95093536376953
9812,kadid10k,kadid10k/i79,/home/sergey/iqa-data/kadid10k/images/I79_13_03.png,0.3893129770992366,75.5411376953125
9813,kadid10k,kadid10k/i79,/home/sergey/iqa-data/kadid10k/images/I79_13_04.png,0.3231552162849873,74.47196197509766
9814,kadid10k,kadid10k/i79,/home/sergey/iqa-data/kadid10k/images/I79_13_05.png,0.3129770992366412,72.27413177490234
9815,kadid10k,kadid10k/i79,/home/sergey/iqa-data/kadid10k/images/I79_14_01.png,0.9363867684478372,73.8382339477539
9816,kadid10k,kadid10k/i79,/home/sergey/iqa-data/kadid10k/images/I79_14_02.png,0.7709923664122139,73.29007720947266
9817,kadid10k,kadid10k/i79,/home/sergey/iqa-data/kadid10k/images/I79_14_03.png,0.6615776081424937,72.80870819091797
9818,kadid10k,kadid10k/i79,/home/sergey/iqa-data/kadid10k/images/I79_14_04.png,0.4656488549618321,72.88219451904297
9819,kadid10k,kadid10k/i79,/home/sergey/iqa-data/kadid10k/images/I79_14_05.png,0.356234096692112,70.39867401123047
9820,kadid10k,kadid10k/i79,/home/sergey/iqa-data/kadid10k/images/I79_15_01.png,0.7633587786259542,74.03880310058594
9821,kadid10k,kadid10k/i79,/home/sergey/iqa-data/kadid10k/images/I79_15_02.png,0.5267175572519084,71.81896209716797
9822,kadid10k,kadid10k/i79,/home/sergey/iqa-data/kadid10k/images/I79_15_03.png,0.4249363867684478,70.52042388916016
9823,kadid10k,kadid10k/i79,/home/sergey/iqa-data/kadid10k/images/I79_15_04.png,0.2798982188295166,66.63507843017578
9824,kadid10k,kadid10k/i79,/home/sergey/iqa-data/kadid10k/images/I79_15_05.png,0.1603053435114503,67.73993682861328
9825,kadid10k,kadid10k/i79,/home/sergey/iqa-data/kadid10k/images/I79_16_01.png,0.8396946564885497,73.86865997314453
9826,kadid10k,kadid10k/i79,/home/sergey/iqa-data/kadid10k/images/I79_16_02.png,0.806615776081425,73.91507720947266
9827,kadid10k,kadid10k/i79,/home/sergey/iqa-data/kadid10k/images/I79_16_03.png,0.6539440203562341,74.6492691040039
9828,kadid10k,kadid10k/i79,/home/sergey/iqa-data/kadid10k/images/I79_16_04.png,0.6030534351145039,75.37382507324219
9829,kadid10k,kadid10k/i79,/home/sergey/iqa-data/kadid10k/images/I79_16_05.png,0.3740458015267176,75.001220703125
9830,kadid10k,kadid10k/i79,/home/sergey/iqa-data/kadid10k/images/I79_17_01.png,0.8829516539440203,73.99053955078125
9831,kadid10k,kadid10k/i79,/home/sergey/iqa-data/kadid10k/images/I79_17_02.png,0.9236641221374048,74.0948715209961
9832,kadid10k,kadid10k/i79,/home/sergey/iqa-data/kadid10k/images/I79_17_03.png,0.7709923664122139,74.41842651367188
9833,kadid10k,kadid10k/i79,/home/sergey/iqa-data/kadid10k/images/I79_17_04.png,0.7379134860050891,74.9267578125
9834,kadid10k,kadid10k/i79,/home/sergey/iqa-data/kadid10k/images/I79_17_05.png,0.3740458015267176,68.80361938476562
9835,kadid10k,kadid10k/i79,/home/sergey/iqa-data/kadid10k/images/I79_18_01.png,0.8702290076335878,73.5892105102539
9836,kadid10k,kadid10k/i79,/home/sergey/iqa-data/kadid10k/images/I79_18_02.png,0.9414758269720104,73.74124908447266
9837,kadid10k,kadid10k/i79,/home/sergey/iqa-data/kadid10k/images/I79_18_03.png,0.916030534351145,73.8863296508789
9838,kadid10k,kadid10k/i79,/home/sergey/iqa-data/kadid10k/images/I79_18_04.png,0.8473282442748092,74.37338256835938
9839,kadid10k,kadid10k/i79,/home/sergey/iqa-data/kadid10k/images/I79_18_05.png,0.712468193384224,74.79750061035156
9840,kadid10k,kadid10k/i79,/home/sergey/iqa-data/kadid10k/images/I79_19_01.png,0.8396946564885497,74.00374603271484
9841,kadid10k,kadid10k/i79,/home/sergey/iqa-data/kadid10k/images/I79_19_02.png,0.8575063613231553,74.4288330078125
9842,kadid10k,kadid10k/i79,/home/sergey/iqa-data/kadid10k/images/I79_19_03.png,0.6793893129770993,74.736328125
9843,kadid10k,kadid10k/i79,/home/sergey/iqa-data/kadid10k/images/I79_19_04.png,0.4071246819338422,72.37994384765625
9844,kadid10k,kadid10k/i79,/home/sergey/iqa-data/kadid10k/images/I79_19_05.png,0.1526717557251908,59.247833251953125
9845,kadid10k,kadid10k/i79,/home/sergey/iqa-data/kadid10k/images/I79_20_01.png,0.8651399491094149,74.13484954833984
9846,kadid10k,kadid10k/i79,/home/sergey/iqa-data/kadid10k/images/I79_20_02.png,0.712468193384224,74.45745086669922
9847,kadid10k,kadid10k/i79,/home/sergey/iqa-data/kadid10k/images/I79_20_03.png,0.3994910941475826,74.53338623046875
9848,kadid10k,kadid10k/i79,/home/sergey/iqa-data/kadid10k/images/I79_20_04.png,0.4656488549618321,75.31327056884766
9849,kadid10k,kadid10k/i79,/home/sergey/iqa-data/kadid10k/images/I79_20_05.png,0.5089058524173028,74.63082885742188
9850,kadid10k,kadid10k/i79,/home/sergey/iqa-data/kadid10k/images/I79_21_01.png,0.8218829516539442,75.30823516845703
9851,kadid10k,kadid10k/i79,/home/sergey/iqa-data/kadid10k/images/I79_21_02.png,0.6946564885496184,75.49871063232422
9852,kadid10k,kadid10k/i79,/home/sergey/iqa-data/kadid10k/images/I79_21_03.png,0.6284987277353691,75.49073028564453
9853,kadid10k,kadid10k/i79,/home/sergey/iqa-data/kadid10k/images/I79_21_04.png,0.6106870229007634,74.9232177734375
9854,kadid10k,kadid10k/i79,/home/sergey/iqa-data/kadid10k/images/I79_21_05.png,0.2544529262086514,72.8621597290039
9855,kadid10k,kadid10k/i79,/home/sergey/iqa-data/kadid10k/images/I79_22_01.png,0.8982188295165395,74.47245788574219
9856,kadid10k,kadid10k/i79,/home/sergey/iqa-data/kadid10k/images/I79_22_02.png,0.8396946564885497,74.65864562988281
9857,kadid10k,kadid10k/i79,/home/sergey/iqa-data/kadid10k/images/I79_22_03.png,0.83206106870229,74.40518188476562
9858,kadid10k,kadid10k/i79,/home/sergey/iqa-data/kadid10k/images/I79_22_04.png,0.5419847328244275,75.51468658447266
9859,kadid10k,kadid10k/i79,/home/sergey/iqa-data/kadid10k/images/I79_22_05.png,0.356234096692112,76.18961334228516
9860,kadid10k,kadid10k/i79,/home/sergey/iqa-data/kadid10k/images/I79_23_01.png,0.4249363867684478,74.5518798828125
9861,kadid10k,kadid10k/i79,/home/sergey/iqa-data/kadid10k/images/I79_23_02.png,0.4325699745547074,74.2120590209961
9862,kadid10k,kadid10k/i79,/home/sergey/iqa-data/kadid10k/images/I79_23_03.png,0.2977099236641221,75.3572769165039
9863,kadid10k,kadid10k/i79,/home/sergey/iqa-data/kadid10k/images/I79_23_04.png,0.3816793893129771,75.21703338623047
9864,kadid10k,kadid10k/i79,/home/sergey/iqa-data/kadid10k/images/I79_23_05.png,0.178117048346056,75.6130142211914
9865,kadid10k,kadid10k/i79,/home/sergey/iqa-data/kadid10k/images/I79_24_01.png,0.7302798982188295,73.5367660522461
9866,kadid10k,kadid10k/i79,/home/sergey/iqa-data/kadid10k/images/I79_24_02.png,0.5928753180661578,73.49119567871094
9867,kadid10k,kadid10k/i79,/home/sergey/iqa-data/kadid10k/images/I79_24_03.png,0.356234096692112,73.58759307861328
9868,kadid10k,kadid10k/i79,/home/sergey/iqa-data/kadid10k/images/I79_24_04.png,0.2111959287531807,73.6387710571289
9869,kadid10k,kadid10k/i79,/home/sergey/iqa-data/kadid10k/images/I79_24_05.png,0.1450381679389313,73.81620025634766
9870,kadid10k,kadid10k/i79,/home/sergey/iqa-data/kadid10k/images/I79_25_01.png,0.7455470737913487,74.73351287841797
9871,kadid10k,kadid10k/i79,/home/sergey/iqa-data/kadid10k/images/I79_25_02.png,0.7455470737913487,74.67241668701172
9872,kadid10k,kadid10k/i79,/home/sergey/iqa-data/kadid10k/images/I79_25_03.png,0.89058524173028,74.28108978271484
9873,kadid10k,kadid10k/i79,/home/sergey/iqa-data/kadid10k/images/I79_25_04.png,0.712468193384224,74.0642318725586
9874,kadid10k,kadid10k/i79,/home/sergey/iqa-data/kadid10k/images/I79_25_05.png,0.5597964376590332,74.65853118896484
10131,koniq10k,koniq10k/10013822223.jpg,/home/sergey/iqa-data/koniq10k/koniq10k/1024x768/10013822223.jpg,0.7734235606423249,60.445396423339844
10136,koniq10k,koniq10k/10022757465.jpg,/home/sergey/iqa-data/koniq10k/koniq10k/1024x768/10022757465.jpg,0.8027878456313124,67.5475845336914
10141,koniq10k,koniq10k/10031298826.jpg,/home/sergey/iqa-data/koniq10k/koniq10k/1024x768/10031298826.jpg,0.5541321049368667,45.92369842529297
10149,koniq10k,koniq10k/10058760545.jpg,/home/sergey/iqa-data/koniq10k/koniq10k/1024x768/10058760545.jpg,0.1629966491144078,23.28818130493164
10155,koniq10k,koniq10k/10069534975.jpg,/home/sergey/iqa-data/koniq10k/koniq10k/1024x768/10069534975.jpg,0.8027055298477043,81.47639465332031
10157,koniq10k,koniq10k/10075168775.jpg,/home/sergey/iqa-data/koniq10k/koniq10k/1024x768/10075168775.jpg,0.8172819436084335,70.92863464355469
10159,koniq10k,koniq10k/10077880165.jpg,/home/sergey/iqa-data/koniq10k/koniq10k/1024x768/10077880165.jpg,0.3417371416414,60.01930618286133
10162,koniq10k,koniq10k/10086300493.jpg,/home/sergey/iqa-data/koniq10k/koniq10k/1024x768/10086300493.jpg,0.7524968977584863,70.01068115234375
10173,koniq10k,koniq10k/10118773964.jpg,/home/sergey/iqa-data/koniq10k/koniq10k/1024x768/10118773964.jpg,0.6047116200370634,63.50929641723633
10182,koniq10k,koniq10k/10140071304.jpg,/home/sergey/iqa-data/koniq10k/koniq10k/1024x768/10140071304.jpg,0.6769741642538104,48.950355529785156
10188,koniq10k,koniq10k/101601008.jpg,/home/sergey/iqa-data/koniq10k/koniq10k/1024x768/101601008.jpg,0.6919578745811391,59.53752899169922
10193,koniq10k,koniq10k/10177270623.jpg,/home/sergey/iqa-data/koniq10k/koniq10k/1024x768/10177270623.jpg,0.6869550117797232,45.52802658081055
10197,koniq10k,koniq10k/10178914656.jpg,/home/sergey/iqa-data/koniq10k/koniq10k/1024x768/10178914656.jpg,0.7509009456542353,73.81012725830078
10199,koniq10k,koniq10k/10186643874.jpg,/home/sergey/iqa-data/koniq10k/koniq10k/1024x768/10186643874.jpg,0.5553466001048569,36.52573776245117
10202,koniq10k,koniq10k/10187102065.jpg,/home/sergey/iqa-data/koniq10k/koniq10k/1024x768/10187102065.jpg,0.4179100137346044,59.46278762817383
10215,koniq10k,koniq10k/10221144393.jpg,/home/sergey/iqa-data/koniq10k/koniq10k/1024x768/10221144393.jpg,0.1822316027677429,29.70513153076172
10217,koniq10k,koniq10k/10226277514.jpg,/home/sergey/iqa-data/koniq10k/koniq10k/1024x768/10226277514.jpg,0.4661659907692582,43.76178741455078
10223,koniq10k,koniq10k/10244715656.jpg,/home/sergey/iqa-data/koniq10k/koniq10k/1024x768/10244715656.jpg,0.5781155989653085,62.913719177246094
10227,koniq10k,koniq10k/10260190424.jpg,/home/sergey/iqa-data/koniq10k/koniq10k/1024x768/10260190424.jpg,0.7508465861744944,67.2359848022461
10233,koniq10k,koniq10k/10265809113.jpg,/home/sergey/iqa-data/koniq10k/koniq10k/1024x768/10265809113.jpg,0.8008314472014763,74.89334869384766
10243,koniq10k,koniq10k/1029470257.jpg,/home/sergey/iqa-data/koniq10k/koniq10k/1024x768/1029470257.jpg,0.4774580708041687,66.32952117919922
10248,koniq10k,koniq10k/10316734944.jpg,/home/sergey/iqa-data/koniq10k/koniq10k/1024x768/10316734944.jpg,0.7371829811032815,71.17210388183594
10252,koniq10k,koniq10k/10327985614.jpg,/home/sergey/iqa-data/koniq10k/koniq10k/1024x768/10327985614.jpg,0.8236129836935291,71.39312744140625
10255,koniq10k,koniq10k/10330831494.jpg,/home/sergey/iqa-data/koniq10k/koniq10k/1024x768/10330831494.jpg,0.5205840114887503,56.708091735839844
10258,koniq10k,koniq10k/103400056.jpg,/home/sergey/iqa-data/koniq10k/koniq10k/1024x768/103400056.jpg,0.8915749162278597,64.08548736572266
10260,koniq10k,koniq10k/10344523015.jpg,/home/sergey/iqa-data/koniq10k/koniq10k/1024x768/10344523015.jpg,0.569340283318264,47.66031265258789
10267,koniq10k,koniq10k/10353620913.jpg,/home/sergey/iqa-data/koniq10k/koniq10k/1024x768/10353620913.jpg,0.6106918593191207,48.81114959716797
10268,koniq10k,koniq10k/10358252894.jpg,/home/sergey/iqa-data/koniq10k/koniq10k/1024x768/10358252894.jpg,0.6900500711058631,65.9288558959961
10269,koniq10k,koniq10k/10362672006.jpg,/home/sergey/iqa-data/koniq10k/koniq10k/1024x768/10362672006.jpg,0.8496888463379617,77.09695434570312
10271,koniq10k,koniq10k/1036840624.jpg,/home/sergey/iqa-data/koniq10k/koniq10k/1024x768/1036840624.jpg,0.3201292484442309,31.928220748901367
10272,koniq10k,koniq10k/10371125786.jpg,/home/sergey/iqa-data/koniq10k/koniq10k/1024x768/10371125786.jpg,0.4116232419248212,29.003826141357422
10275,koniq10k,koniq10k/10373546175.jpg,/home/sergey/iqa-data/koniq10k/koniq10k/1024x768/10373546175.jpg,0.6489620958266233,65.35901641845703
10276,koniq10k,koniq10k/10375167904.jpg,/home/sergey/iqa-data/koniq10k/koniq10k/1024x768/10375167904.jpg,0.6472981725002095,58.49718475341797
10283,koniq10k,koniq10k/10397631976.jpg,/home/sergey/iqa-data/koniq10k/koniq10k/1024x768/10397631976.jpg,0.8104870639710448,72.99605560302734
10287,koniq10k,koniq10k/10408374535.jpg,/home/sergey/iqa-data/koniq10k/koniq10k/1024x768/10408374535.jpg,0.5284131834307887,43.1207160949707
10290,koniq10k,koniq10k/10410038143.jpg,/home/sergey/iqa-data/koniq10k/koniq10k/1024x768/10410038143.jpg,0.8733332713659611,65.88238525390625
10292,koniq10k,koniq10k/10414716033.jpg,/home/sergey/iqa-data/koniq10k/koniq10k/1024x768/10414716033.jpg,0.7917687191809164,76.14983367919922
10301,koniq10k,koniq10k/10430335945.jpg,/home/sergey/iqa-data/koniq10k/koniq10k/1024x768/10430335945.jpg,0.4426826955210118,44.75926971435547
10303,koniq10k,koniq10k/10442628686.jpg,/home/sergey/iqa-data/koniq10k/koniq10k/1024x768/10442628686.jpg,0.4657047117554522,53.37181091308594
10310,koniq10k,koniq10k/10459022813.jpg,/home/sergey/iqa-data/koniq10k/koniq10k/1024x768/10459022813.jpg,0.8919104521682345,76.01625061035156
10315,koniq10k,koniq10k/10465293055.jpg,/home/sergey/iqa-data/koniq10k/koniq10k/1024x768/10465293055.jpg,0.8350885591191958,77.50653076171875
10317,koniq10k,koniq10k/10466453556.jpg,/home/sergey/iqa-data/koniq10k/koniq10k/1024x768/10466453556.jpg,0.2988475121255097,31.175724029541016
10319,koniq10k,koniq10k/10468540574.jpg,/home/sergey/iqa-data/koniq10k/koniq10k/1024x768/10468540574.jpg,0.7433444397575242,76.85824584960938
10333,koniq10k,koniq10k/10512432565.jpg,/home/sergey/iqa-data/koniq10k/koniq10k/1024x768/10512432565.jpg,0.7522474648771859,69.0018539428711
10339,koniq10k,koniq10k/10526881085.jpg,/home/sergey/iqa-data/koniq10k/koniq10k/1024x768/10526881085.jpg,0.486767734880392,70.03585052490234
10342,koniq10k,koniq10k/10534454676.jpg,/home/sergey/iqa-data/koniq10k/koniq10k/1024x768/10534454676.jpg,0.7879710045818233,72.07088470458984
10344,koniq10k,koniq10k/10536668436.jpg,/home/sergey/iqa-data/koniq10k/koniq10k/1024x768/10536668436.jpg,0.3985160363810439,46.7107048034668
10348,koniq10k,koniq10k/10539341593.jpg,/home/sergey/iqa-data/koniq10k/koniq10k/1024x768/10539341593.jpg,0.7957168383185842,75.27716827392578
10351,koniq10k,koniq10k/10544945153.jpg,/home/sergey/iqa-data/koniq10k/koniq10k/1024x768/10544945153.jpg,0.5385351842987081,55.750091552734375
10353,koniq10k,koniq10k/10556629035.jpg,/home/sergey/iqa-data/koniq10k/koniq10k/1024x768/10556629035.jpg,0.7937234252245651,60.627037048339844
10359,koniq10k,koniq10k/10569725133.jpg,/home/sergey/iqa-data/koniq10k/koniq10k/1024x768/10569725133.jpg,0.8337508891702421,61.26103973388672
10368,koniq10k,koniq10k/10583786994.jpg,/home/sergey/iqa-data/koniq10k/koniq10k/1024x768/10583786994.jpg,0.6778034334844519,44.8029670715332
10369,koniq10k,koniq10k/10586872235.jpg,/home/sergey/iqa-data/koniq10k/koniq10k/1024x768/10586872235.jpg,0.457359755051167,38.40611267089844
10373,koniq10k,koniq10k/10603218265.jpg,/home/sergey/iqa-data/koniq10k/koniq10k/1024x768/10603218265.jpg,0.8057512138412104,77.41161346435547
10376,koniq10k,koniq10k/10609356094.jpg,/home/sergey/iqa-data/koniq10k/koniq10k/1024x768/10609356094.jpg,0.7405571132234616,75.33271789550781
10390,koniq10k,koniq10k/1063351510.jpg,/home/sergey/iqa-data/koniq10k/koniq10k/1024x768/1063351510.jpg,0.5124593216542755,58.43690490722656
10403,koniq10k,koniq10k/1067765170.jpg,/home/sergey/iqa-data/koniq10k/koniq10k/1024x768/1067765170.jpg,0.551677008629983,49.320430755615234
10406,koniq10k,koniq10k/10679134563.jpg,/home/sergey/iqa-data/koniq10k/koniq10k/1024x768/10679134563.jpg,0.3510858627797698,36.241424560546875
10411,koniq10k,koniq10k/10683218616.jpg,/home/sergey/iqa-data/koniq10k/koniq10k/1024x768/10683218616.jpg,0.7813034261095543,72.80364227294922
10414,koniq10k,koniq10k/10689538413.jpg,/home/sergey/iqa-data/koniq10k/koniq10k/1024x768/10689538413.jpg,0.8315160541105973,76.68003845214844
10415,koniq10k,koniq10k/10689722684.jpg,/home/sergey/iqa-data/koniq10k/koniq10k/1024x768/10689722684.jpg,0.8689697356523592,77.73663330078125
10428,koniq10k,koniq10k/10721124556.jpg,/home/sergey/iqa-data/koniq10k/koniq10k/1024x768/10721124556.jpg,0.6376474172070161,49.97930908203125
10432,koniq10k,koniq10k/10728525673.jpg,/home/sergey/iqa-data/koniq10k/koniq10k/1024x768/10728525673.jpg,0.7629248444231678,66.10704803466797
10436,koniq10k,koniq10k/10737029565.jpg,/home/sergey/iqa-data/koniq10k/koniq10k/1024x768/10737029565.jpg,0.6931432218650969,64.1941909790039
10445,koniq10k,koniq10k/1075190309.jpg,/home/sergey/iqa-data/koniq10k/koniq10k/1024x768/1075190309.jpg,0.4311545323991459,52.37377166748047
10447,koniq10k,koniq10k/10765812585.jpg,/home/sergey/iqa-data/koniq10k/koniq10k/1024x768/10765812585.jpg,0.4896492860175044,54.587955474853516
10455,koniq10k,koniq10k/10783395635.jpg,/home/sergey/iqa-data/koniq10k/koniq10k/1024x768/10783395635.jpg,0.7807936724037212,72.3214340209961
10464,koniq10k,koniq10k/10799367156.jpg,/home/sergey/iqa-data/koniq10k/koniq10k/1024x768/10799367156.jpg,0.826494791310492,69.60860443115234
10466,koniq10k,koniq10k/10805317444.jpg,/home/sergey/iqa-data/koniq10k/koniq10k/1024x768/10805317444.jpg,0.5862272440743352,73.22201538085938
10473,koniq10k,koniq10k/10827568885.jpg,/home/sergey/iqa-data/koniq10k/koniq10k/1024x768/10827568885.jpg,0.8521591912200647,77.28266143798828
10479,koniq10k,koniq10k/10847909336.jpg,/home/sergey/iqa-data/koniq10k/koniq10k/1024x768/10847909336.jpg,0.266275730014361,33.79773712158203
10488,koniq10k,koniq10k/10862487886.jpg,/home/sergey/iqa-data/koniq10k/koniq10k/1024x768/10862487886.jpg,0.6970759161249618,57.7223014831543
10489,koniq10k,koniq10k/10864812016.jpg,/home/sergey/iqa-data/koniq10k/koniq10k/1024x768/10864812016.jpg,0.6070657622587299,48.49488067626953
10491,koniq10k,koniq10k/10866463396.jpg,/home/sergey/iqa-data/koniq10k/koniq10k/1024x768/10866463396.jpg,0.7330062230732416,72.119384765625
10492,koniq10k,koniq10k/10866561184.jpg,/home/sergey/iqa-data/koniq10k/koniq10k/1024x768/10866561184.jpg,0.8620552098292653,72.77649688720703
10497,koniq10k,koniq10k/10882856833.jpg,/home/sergey/iqa-data/koniq10k/koniq10k/1024x768/10882856833.jpg,0.6788202755172602,54.01893615722656
10500,koniq10k,koniq10k/10893404795.jpg,/home/sergey/iqa-data/koniq10k/koniq10k/1024x768/10893404795.jpg,0.4119195787458107,39.512794494628906
10510,koniq10k,koniq10k/1090979049.jpg,/home/sergey/iqa-data/koniq10k/koniq10k/1024x768/1090979049.jpg,0.6211992269914709,60.904998779296875
10525,koniq10k,koniq10k/10936496124.jpg,/home/sergey/iqa-data/koniq10k/koniq10k/1024x768/10936496124.jpg,0.6778034334844519,67.68104553222656
10531,koniq10k,koniq10k/10967023396.jpg,/home/sergey/iqa-data/koniq10k/koniq10k/1024x768/10967023396.jpg,0.6220223848275559,55.74072265625
10532,koniq10k,koniq10k/10968711744.jpg,/home/sergey/iqa-data/koniq10k/koniq10k/1024x768/10968711744.jpg,0.8736237434179023,76.96306610107422
10536,koniq10k,koniq10k/10983119996.jpg,/home/sergey/iqa-data/koniq10k/koniq10k/1024x768/10983119996.jpg,0.6139538080184274,54.90057373046875
10547,koniq10k,koniq10k/11016485883.jpg,/home/sergey/iqa-data/koniq10k/koniq10k/1024x768/11016485883.jpg,0.7552354791229542,74.70415496826172
10548,koniq10k,koniq10k/11018079835.jpg,/home/sergey/iqa-data/koniq10k/koniq10k/1024x768/11018079835.jpg,0.846968971669786,77.39571380615234
10549,koniq10k,koniq10k/1101948952.jpg,/home/sergey/iqa-data/koniq10k/koniq10k/1024x768/1101948952.jpg,0.825753949258018,78.4134292602539
10550,koniq10k,koniq10k/11021514993.jpg,/home/sergey/iqa-data/koniq10k/koniq10k/1024x768/11021514993.jpg,0.7417424605074198,70.55136108398438
10552,koniq10k,koniq10k/11023346856.jpg,/home/sergey/iqa-data/koniq10k/koniq10k/1024x768/11023346856.jpg,0.6761608425083772,73.1779556274414
10558,koniq10k,koniq10k/11051034136.jpg,/home/sergey/iqa-data/koniq10k/koniq10k/1024x768/11051034136.jpg,0.7249171143378909,45.94318389892578
10559,koniq10k,koniq10k/11051374673.jpg,/home/sergey/iqa-data/koniq10k/koniq10k/1024x768/11051374673.jpg,0.6764001914791764,69.26612091064453
10566,koniq10k,koniq10k/11060185873.jpg,/home/sergey/iqa-data/koniq10k/koniq10k/1024x768/11060185873.jpg,0.7157288930864814,58.546653747558594
10573,koniq10k,koniq10k/11079282234.jpg,/home/sergey/iqa-data/koniq10k/koniq10k/1024x768/11079282234.jpg,0.8143144763889288,76.28968048095703
10574,koniq10k,koniq10k/11081975613.jpg,/home/sergey/iqa-data/koniq10k/koniq10k/1024x768/11081975613.jpg,0.7601676381419011,67.00489044189453
10578,koniq10k,koniq10k/11097661494.jpg,/home/sergey/iqa-data/koniq10k/koniq10k/1024x768/11097661494.jpg,0.8048109143130691,74.08757781982422
10587,koniq10k,koniq10k/11139368236.jpg,/home/sergey/iqa-data/koniq10k/koniq10k/1024x768/11139368236.jpg,0.7734235606423249,79.30982208251953
10601,koniq10k,koniq10k/11169904264.jpg,/home/sergey/iqa-data/koniq10k/koniq10k/1024x768/11169904264.jpg,0.742094709936144,68.2292251586914
10607,koniq10k,koniq10k/11183022383.jpg,/home/sergey/iqa-data/koniq10k/koniq10k/1024x768/11183022383.jpg,0.4768173425425698,40.92694854736328
10611,koniq10k,koniq10k/11209188974.jpg,/home/sergey/iqa-data/koniq10k/koniq10k/1024x768/11209188974.jpg,0.7316670085937684,73.95057678222656
10616,koniq10k,koniq10k/11218793016.jpg,/home/sergey/iqa-data/koniq10k/koniq10k/1024x768/11218793016.jpg,0.664415013385812,71.6706771850586
10622,koniq10k,koniq10k/11239106136.jpg,/home/sergey/iqa-data/koniq10k/koniq10k/1024x768/11239106136.jpg,0.5901339660471354,43.38075256347656
10629,koniq10k,koniq10k/11252383376.jpg,/home/sergey/iqa-data/koniq10k/koniq10k/1024x768/11252383376.jpg,0.7697462900909525,69.78276824951172
10632,koniq10k,koniq10k/11256485296.jpg,/home/sergey/iqa-data/koniq10k/koniq10k/1024x768/11256485296.jpg,0.6582096696984194,64.0556869506836
10639,koniq10k,koniq10k/11268202995.jpg,/home/sergey/iqa-data/koniq10k/koniq10k/1024x768/11268202995.jpg,0.4667853896118157,43.04285430908203
10643,koniq10k,koniq10k/11270280904.jpg,/home/sergey/iqa-data/koniq10k/koniq10k/1024x768/11270280904.jpg,0.3612459823565617,32.44107437133789
10654,koniq10k,koniq10k/11295475784.jpg,/home/sergey/iqa-data/koniq10k/koniq10k/1024x768/11295475784.jpg,0.5410332439454003,54.79562759399414
10660,koniq10k,koniq10k/11307198154.jpg,/home/sergey/iqa-data/koniq10k/koniq10k/1024x768/11307198154.jpg,0.8599808520823361,77.67362213134766
10666,koniq10k,koniq10k/11325081573.jpg,/home/sergey/iqa-data/koniq10k/koniq10k/1024x768/11325081573.jpg,0.5325514600287222,60.639408111572266
10667,koniq10k,koniq10k/11327123904.jpg,/home/sergey/iqa-data/koniq10k/koniq10k/1024x768/11327123904.jpg,0.78647465033722,69.89009094238281
10680,koniq10k,koniq10k/11369797883.jpg,/home/sergey/iqa-data/koniq10k/koniq10k/1024x768/11369797883.jpg,0.8226424126376256,64.85762023925781
10684,koniq10k,koniq10k/11378848184.jpg,/home/sergey/iqa-data/koniq10k/koniq10k/1024x768/11378848184.jpg,0.7008642913294189,73.5428466796875
10696,koniq10k,koniq10k/11407835876.jpg,/home/sergey/iqa-data/koniq10k/koniq10k/1024x768/11407835876.jpg,0.6518739616478484,56.860511779785156
10698,koniq10k,koniq10k/11408091114.jpg,/home/sergey/iqa-data/koniq10k/koniq10k/1024x768/11408091114.jpg,0.7623707958796528,63.26813888549805
10703,koniq10k,koniq10k/11410690075.jpg,/home/sergey/iqa-data/koniq10k/koniq10k/1024x768/11410690075.jpg,0.7569411201531822,70.47864532470703
10707,koniq10k,koniq10k/11419816946.jpg,/home/sergey/iqa-data/koniq10k/koniq10k/1024x768/11419816946.jpg,0.8238253108569477,77.625244140625
10708,koniq10k,koniq10k/11424871693.jpg,/home/sergey/iqa-data/koniq10k/koniq10k/1024x768/11424871693.jpg,0.4108823998723476,37.362998962402344
10710,koniq10k,koniq10k/11432746805.jpg,/home/sergey/iqa-data/koniq10k/koniq10k/1024x768/11432746805.jpg,0.7190530253286284,70.66365051269531
10716,koniq10k,koniq10k/11437542656.jpg,/home/sergey/iqa-data/koniq10k/koniq10k/1024x768/11437542656.jpg,0.62696133184405,42.02411651611328
10729,koniq10k,koniq10k/11484412296.jpg,/home/sergey/iqa-data/koniq10k/koniq10k/1024x768/11484412296.jpg,0.6672960658121018,66.93402099609375
10734,koniq10k,koniq10k/11501016504.jpg,/home/sergey/iqa-data/koniq10k/koniq10k/1024x768/11501016504.jpg,0.6279491212473485,46.24660110473633
10743,koniq10k,koniq10k/11515148456.jpg,/home/sergey/iqa-data/koniq10k/koniq10k/1024x768/11515148456.jpg,0.6980635313456816,72.37126159667969
10744,koniq10k,koniq10k/11518631385.jpg,/home/sergey/iqa-data/koniq10k/koniq10k/1024x768/11518631385.jpg,0.3568424725867137,53.58058166503906
10748,koniq10k,koniq10k/11522920033.jpg,/home/sergey/iqa-data/koniq10k/koniq10k/1024x768/11522920033.jpg,0.6372666347534705,48.36235809326172
10756,koniq10k,koniq10k/11535275706.jpg,/home/sergey/iqa-data/koniq10k/koniq10k/1024x768/11535275706.jpg,0.8296048609169191,74.8282241821289
10763,koniq10k,koniq10k/11555549865.jpg,/home/sergey/iqa-data/koniq10k/koniq10k/1024x768/11555549865.jpg,0.6731689803733828,65.5584487915039
10767,koniq10k,koniq10k/117172917.jpg,/home/sergey/iqa-data/koniq10k/koniq10k/1024x768/117172917.jpg,0.7011414389753086,44.24436569213867
10768,koniq10k,koniq10k/1172858625.jpg,/home/sergey/iqa-data/koniq10k/koniq10k/1024x768/1172858625.jpg,0.7551020856298378,44.88096237182617
10769,koniq10k,koniq10k/1194894463.jpg,/home/sergey/iqa-data/koniq10k/koniq10k/1024x768/1194894463.jpg,0.7198135357541771,73.35101318359375
10772,koniq10k,koniq10k/120328351.jpg,/home/sergey/iqa-data/koniq10k/koniq10k/1024x768/120328351.jpg,0.4309410478968903,35.950477600097656
10773,koniq10k,koniq10k/120459577.jpg,/home/sergey/iqa-data/koniq10k/koniq10k/1024x768/120459577.jpg,0.5672449724627798,65.32801818847656
10774,koniq10k,koniq10k/120983206.jpg,/home/sergey/iqa-data/koniq10k/koniq10k/1024x768/120983206.jpg,0.7068697670637761,58.72479248046875
10775,koniq10k,koniq10k/121123359.jpg,/home/sergey/iqa-data/koniq10k/koniq10k/1024x768/121123359.jpg,1.0,73.74374389648438
10776,koniq10k,koniq10k/122346209.jpg,/home/sergey/iqa-data/koniq10k/koniq10k/1024x768/122346209.jpg,0.3612459823565617,24.681978225708008
10777,koniq10k,koniq10k/122553631.jpg,/home/sergey/iqa-data/koniq10k/koniq10k/1024x768/122553631.jpg,0.4033701229851055,50.714813232421875
10784,koniq10k,koniq10k/125829275.jpg,/home/sergey/iqa-data/koniq10k/koniq10k/1024x768/125829275.jpg,0.3658205022145568,55.61659240722656
10785,koniq10k,koniq10k/1266777709.jpg,/home/sergey/iqa-data/koniq10k/koniq10k/1024x768/1266777709.jpg,0.6951281194396512,68.00214385986328
10787,koniq10k,koniq10k/128079586.jpg,/home/sergey/iqa-data/koniq10k/koniq10k/1024x768/128079586.jpg,0.659500276893906,49.10868835449219
10790,koniq10k,koniq10k/128715765.jpg,/home/sergey/iqa-data/koniq10k/koniq10k/1024x768/128715765.jpg,0.6262767253269127,68.1227035522461
10794,koniq10k,koniq10k/129023751.jpg,/home/sergey/iqa-data/koniq10k/koniq10k/1024x768/129023751.jpg,0.8815416007852582,51.5762939453125
10800,koniq10k,koniq10k/1297819816.jpg,/home/sergey/iqa-data/koniq10k/koniq10k/1024x768/1297819816.jpg,0.8093398799302599,72.58666229248047
10804,koniq10k,koniq10k/1312413141.jpg,/home/sergey/iqa-data/koniq10k/koniq10k/1024x768/1312413141.jpg,0.2034466251795108,28.753108978271484
10822,koniq10k,koniq10k/1352428885.jpg,/home/sergey/iqa-data/koniq10k/koniq10k/1024x768/1352428885.jpg,0.5487690304800845,67.73839569091797
10830,koniq10k,koniq10k/1367218588.jpg,/home/sergey/iqa-data/koniq10k/koniq10k/1024x768/1367218588.jpg,0.3164599835616921,38.72081756591797
10839,koniq10k,koniq10k/139253033.jpg,/home/sergey/iqa-data/koniq10k/koniq10k/1024x768/139253033.jpg,0.3340724549978776,39.67443084716797
10840,koniq10k,koniq10k/1396109073.jpg,/home/sergey/iqa-data/koniq10k/koniq10k/1024x768/1396109073.jpg,0.6820906593525072,53.79151916503906
10844,koniq10k,koniq10k/1402675396.jpg,/home/sergey/iqa-data/koniq10k/koniq10k/1024x768/1402675396.jpg,0.3090166176571134,46.02571487426758
10846,koniq10k,koniq10k/1408118135.jpg,/home/sergey/iqa-data/koniq10k/koniq10k/1024x768/1408118135.jpg,0.4905565951520941,53.81831359863281
10847,koniq10k,koniq10k/1408827056.jpg,/home/sergey/iqa-data/koniq10k/koniq10k/1024x768/1408827056.jpg,0.3513971409530771,27.240127563476562
10849,koniq10k,koniq10k/1410303503.jpg,/home/sergey/iqa-data/koniq10k/koniq10k/1024x768/1410303503.jpg,0.7509573958831962,56.24309158325195
10858,koniq10k,koniq10k/1429120335.jpg,/home/sergey/iqa-data/koniq10k/koniq10k/1024x768/1429120335.jpg,0.6331003968271728,50.37200164794922
10859,koniq10k,koniq10k/1429419760.jpg,/home/sergey/iqa-data/koniq10k/koniq10k/1024x768/1429419760.jpg,0.7689894298319389,73.97814178466797
10865,koniq10k,koniq10k/143622689.jpg,/home/sergey/iqa-data/koniq10k/koniq10k/1024x768/143622689.jpg,0.7109234311244839,66.27399444580078
10870,koniq10k,koniq10k/145089144.jpg,/home/sergey/iqa-data/koniq10k/koniq10k/1024x768/145089144.jpg,0.1843664477903116,33.43893814086914
10881,koniq10k,koniq10k/147783170.jpg,/home/sergey/iqa-data/koniq10k/koniq10k/1024x768/147783170.jpg,0.3799664911440866,41.575782775878906
10882,koniq10k,koniq10k/1487386722.jpg,/home/sergey/iqa-data/koniq10k/koniq10k/1024x768/1487386722.jpg,0.3076537478436009,31.683979034423828
10890,koniq10k,koniq10k/1500316824.jpg,/home/sergey/iqa-data/koniq10k/koniq10k/1024x768/1500316824.jpg,0.7659167065581624,70.3259048461914
10898,koniq10k,koniq10k/152780037.jpg,/home/sergey/iqa-data/koniq10k/koniq10k/1024x768/152780037.jpg,0.4540981862666887,35.333988189697266
10899,koniq10k,koniq10k/1529757375.jpg,/home/sergey/iqa-data/koniq10k/koniq10k/1024x768/1529757375.jpg,0.7371829811032815,66.29285430908203
10907,koniq10k,koniq10k/154603426.jpg,/home/sergey/iqa-data/koniq10k/koniq10k/1024x768/154603426.jpg,0.7248600637947962,63.463539123535156
10908,koniq10k,koniq10k/154740129.jpg,/home/sergey/iqa-data/koniq10k/koniq10k/1024x768/154740129.jpg,0.0493375001129007,27.722305297851562
10918,koniq10k,koniq10k/156266461.jpg,/home/sergey/iqa-data/koniq10k/koniq10k/1024x768/156266461.jpg,0.4397472836149815,43.67525863647461
10919,koniq10k,koniq10k/156451756.jpg,/home/sergey/iqa-data/koniq10k/koniq10k/1024x768/156451756.jpg,0.5483871747634314,62.74011993408203
10920,koniq10k,koniq10k/1565882132.jpg,/home/sergey/iqa-data/koniq10k/koniq10k/1024x768/1565882132.jpg,0.4745732384612874,40.35413360595703
10932,koniq10k,koniq10k/16079437.jpg,/home/sergey/iqa-data/koniq10k/koniq10k/1024x768/16079437.jpg,0.5807567901289807,52.371177673339844
10935,koniq10k,koniq10k/161483962.jpg,/home/sergey/iqa-data/koniq10k/koniq10k/1024x768/161483962.jpg,0.6101689119879647,67.62641143798828
10938,koniq10k,koniq10k/163208499.jpg,/home/sergey/iqa-data/koniq10k/koniq10k/1024x768/163208499.jpg,0.2904772286706883,40.64240264892578
10940,koniq10k,koniq10k/163666873.jpg,/home/sergey/iqa-data/koniq10k/koniq10k/1024x768/163666873.jpg,0.509837731167143,48.24781799316406
10944,koniq10k,koniq10k/16523804.jpg,/home/sergey/iqa-data/koniq10k/koniq10k/1024x768/16523804.jpg,0.4498977733834975,59.85660171508789
10953,koniq10k,koniq10k/1693839090.jpg,/home/sergey/iqa-data/koniq10k/koniq10k/1024x768/1693839090.jpg,0.2347073902909323,29.885101318359375
10957,koniq10k,koniq10k/171857013.jpg,/home/sergey/iqa-data/koniq10k/koniq10k/1024x768/171857013.jpg,0.5395512884200245,52.234130859375
10969,koniq10k,koniq10k/1796317547.jpg,/home/sergey/iqa-data/koniq10k/koniq10k/1024x768/1796317547.jpg,0.8586644327429389,75.00887298583984
10987,koniq10k,koniq10k/187499391.jpg,/home/sergey/iqa-data/koniq10k/koniq10k/1024x768/187499391.jpg,0.5138450598837175,49.20347213745117
10988,koniq10k,koniq10k/187640892.jpg,/home/sergey/iqa-data/koniq10k/koniq10k/1024x768/187640892.jpg,0.4088080421254182,55.5078125
10994,koniq10k,koniq10k/194369363.jpg,/home/sergey/iqa-data/koniq10k/koniq10k/1024x768/194369363.jpg,0.3197588274179925,45.61128616333008
11004,koniq10k,koniq10k/1987196687.jpg,/home/sergey/iqa-data/koniq10k/koniq10k/1024x768/1987196687.jpg,0.2441249709048265,34.117698669433594
11013,koniq10k,koniq10k/200825729.jpg,/home/sergey/iqa-data/koniq10k/koniq10k/1024x768/200825729.jpg,0.7538363575602656,67.37747955322266
11020,koniq10k,koniq10k/203950866.jpg,/home/sergey/iqa-data/koniq10k/koniq10k/1024x768/203950866.jpg,0.8178163558386503,69.51612091064453
11021,koniq10k,koniq10k/2041755502.jpg,/home/sergey/iqa-data/koniq10k/koniq10k/1024x768/2041755502.jpg,0.7998244774214148,57.14134979248047
11023,koniq10k,koniq10k/2047083409.jpg,/home/sergey/iqa-data/koniq10k/koniq10k/1024x768/2047083409.jpg,0.5190034050778116,58.072654724121094
11025,koniq10k,koniq10k/2053452455.jpg,/home/sergey/iqa-data/koniq10k/koniq10k/1024x768/2053452455.jpg,0.6751727045555355,71.88204193115234
11028,koniq10k,koniq10k/205662428.jpg,/home/sergey/iqa-data/koniq10k/koniq10k/1024x768/205662428.jpg,0.4006677594518649,42.26502227783203
11029,koniq10k,koniq10k/2058985902.jpg,/home/sergey/iqa-data/koniq10k/koniq10k/1024x768/2058985902.jpg,0.4353014170388572,32.25645446777344
11035,koniq10k,koniq10k/2064478851.jpg,/home/sergey/iqa-data/koniq10k/koniq10k/1024x768/2064478851.jpg,0.4520645022010722,41.63376998901367
11046,koniq10k,koniq10k/208949930.jpg,/home/sergey/iqa-data/koniq10k/koniq10k/1024x768/208949930.jpg,0.8197702249880322,74.6991958618164
11047,koniq10k,koniq10k/2093280771.jpg,/home/sergey/iqa-data/koniq10k/koniq10k/1024x768/2093280771.jpg,0.4487793202489228,37.20410919189453
11048,koniq10k,koniq10k/2093652366.jpg,/home/sergey/iqa-data/koniq10k/koniq10k/1024x768/2093652366.jpg,0.4846816658688351,42.7718391418457
11051,koniq10k,koniq10k/2097618827.jpg,/home/sergey/iqa-data/koniq10k/koniq10k/1024x768/2097618827.jpg,0.3943818268854154,37.383941650390625
11052,koniq10k,koniq10k/2098594651.jpg,/home/sergey/iqa-data/koniq10k/koniq10k/1024x768/2098594651.jpg,0.2166559787566491,25.467849731445312
11053,koniq10k,koniq10k/2099199686.jpg,/home/sergey/iqa-data/koniq10k/koniq10k/1024x768/2099199686.jpg,0.7274176504059888,66.06536102294922
11060,koniq10k,koniq10k/2114797362.jpg,/home/sergey/iqa-data/koniq10k/koniq10k/1024x768/2114797362.jpg,0.6203925323121107,52.898807525634766
11068,koniq10k,koniq10k/2126677316.jpg,/home/sergey/iqa-data/koniq10k/koniq10k/1024x768/2126677316.jpg,0.3033169134792056,38.95707702636719
11085,koniq10k,koniq10k/2144963177.jpg,/home/sergey/iqa-data/koniq10k/koniq10k/1024x768/2144963177.jpg,0.6628385884733137,55.99211883544922
11087,koniq10k,koniq10k/2147067327.jpg,/home/sergey/iqa-data/koniq10k/koniq10k/1024x768/2147067327.jpg,0.7389899473432274,59.95140075683594
11088,koniq10k,koniq10k/2147811000.jpg,/home/sergey/iqa-data/koniq10k/koniq10k/1024x768/2147811000.jpg,0.499333401931791,53.952850341796875
11094,koniq10k,koniq10k/2154184161.jpg,/home/sergey/iqa-data/koniq10k/koniq10k/1024x768/2154184161.jpg,0.5865727464287778,71.57417297363281
11100,koniq10k,koniq10k/2167658722.jpg,/home/sergey/iqa-data/koniq10k/koniq10k/1024x768/2167658722.jpg,0.5807784914584568,49.662025451660156
11101,koniq10k,koniq10k/2168323029.jpg,/home/sergey/iqa-data/koniq10k/koniq10k/1024x768/2168323029.jpg,0.5831465147472138,63.125667572021484
11105,koniq10k,koniq10k/2174764653.jpg,/home/sergey/iqa-data/koniq10k/koniq10k/1024x768/2174764653.jpg,0.8146413184709005,72.58487701416016
11107,koniq10k,koniq10k/2181528959.jpg,/home/sergey/iqa-data/koniq10k/koniq10k/1024x768/2181528959.jpg,0.7988271900430831,78.1926040649414
11108,koniq10k,koniq10k/2182811741.jpg,/home/sergey/iqa-data/koniq10k/koniq10k/1024x768/2182811741.jpg,0.7317596138503281,66.34281158447266
11111,koniq10k,koniq10k/218457399.jpg,/home/sergey/iqa-data/koniq10k/koniq10k/1024x768/218457399.jpg,0.4727142173288663,74.20050048828125
11115,koniq10k,koniq10k/2190310.jpg,/home/sergey/iqa-data/koniq10k/koniq10k/1024x768/2190310.jpg,0.6625508029923308,38.00957489013672
11120,koniq10k,koniq10k/2194214783.jpg,/home/sergey/iqa-data/koniq10k/koniq10k/1024x768/2194214783.jpg,0.846696984202967,77.1337661743164
11137,koniq10k,koniq10k/2212296403.jpg,/home/sergey/iqa-data/koniq10k/koniq10k/1024x768/2212296403.jpg,0.6905002177860018,63.200531005859375
11141,koniq10k,koniq10k/2217543976.jpg,/home/sergey/iqa-data/koniq10k/koniq10k/1024x768/2217543976.jpg,0.8096091837748493,71.1047592163086
11142,koniq10k,koniq10k/2220192526.jpg,/home/sergey/iqa-data/koniq10k/koniq10k/1024x768/2220192526.jpg,0.776540870057933,68.59990692138672
11154,koniq10k,koniq10k/223191871.jpg,/home/sergey/iqa-data/koniq10k/koniq10k/1024x768/223191871.jpg,0.444364145059417,58.585548400878906
11157,koniq10k,koniq10k/2234060892.jpg,/home/sergey/iqa-data/koniq10k/koniq10k/1024x768/2234060892.jpg,0.2985213552470618,36.5941162109375
11179,koniq10k,koniq10k/2261421219.jpg,/home/sergey/iqa-data/koniq10k/koniq10k/1024x768/2261421219.jpg,0.8419277782254044,73.29905700683594
11184,koniq10k,koniq10k/2268779821.jpg,/home/sergey/iqa-data/koniq10k/koniq10k/1024x768/2268779821.jpg,0.4917213414805828,37.2869987487793
11194,koniq10k,koniq10k/22848476.jpg,/home/sergey/iqa-data/koniq10k/koniq10k/1024x768/22848476.jpg,0.6409172555236898,65.62854766845703
11196,koniq10k,koniq10k/2285789022.jpg,/home/sergey/iqa-data/koniq10k/koniq10k/1024x768/2285789022.jpg,0.5440541532855879,50.0576171875
11207,koniq10k,koniq10k/2295909322.jpg,/home/sergey/iqa-data/koniq10k/koniq10k/1024x768/2295909322.jpg,0.7710710037016133,71.89097595214844
11208,koniq10k,koniq10k/2297923850.jpg,/home/sergey/iqa-data/koniq10k/koniq10k/1024x768/2297923850.jpg,0.5835824670104867,55.59862518310547
11209,koniq10k,koniq10k/2298149104.jpg,/home/sergey/iqa-data/koniq10k/koniq10k/1024x768/2298149104.jpg,0.7022076422718445,61.77629089355469
11214,koniq10k,koniq10k/2303343292.jpg,/home/sergey/iqa-data/koniq10k/koniq10k/1024x768/2303343292.jpg,0.6516560669265307,55.523658752441406
11218,koniq10k,koniq10k/2306462251.jpg,/home/sergey/iqa-data/koniq10k/koniq10k/1024x768/2306462251.jpg,0.3820718756094514,36.9150390625
11220,koniq10k,koniq10k/2310631117.jpg,/home/sergey/iqa-data/koniq10k/koniq10k/1024x768/2310631117.jpg,0.3621349928195301,35.52222442626953
11222,koniq10k,koniq10k/2311702728.jpg,/home/sergey/iqa-data/koniq10k/koniq10k/1024x768/2311702728.jpg,0.4383223263790449,49.137123107910156
11225,koniq10k,koniq10k/2314346258.jpg,/home/sergey/iqa-data/koniq10k/koniq10k/1024x768/2314346258.jpg,0.6042421755681692,59.98291778564453
11229,koniq10k,koniq10k/2319588792.jpg,/home/sergey/iqa-data/koniq10k/koniq10k/1024x768/2319588792.jpg,0.737593745013564,65.96357727050781
11247,koniq10k,koniq10k/2337030121.jpg,/home/sergey/iqa-data/koniq10k/koniq10k/1024x768/2337030121.jpg,0.8008314472014763,75.16255950927734
11254,koniq10k,koniq10k/2344211137.jpg,/home/sergey/iqa-data/koniq10k/koniq10k/1024x768/2344211137.jpg,0.7748922929631396,70.08584594726562
11259,koniq10k,koniq10k/2350031609.jpg,/home/sergey/iqa-data/koniq10k/koniq10k/1024x768/2350031609.jpg,0.4291100483911492,33.32264709472656
11260,koniq10k,koniq10k/2355192446.jpg,/home/sergey/iqa-data/koniq10k/koniq10k/1024x768/2355192446.jpg,0.7174317631742578,78.138427734375
11261,koniq10k,koniq10k/2355891811.jpg,/home/sergey/iqa-data/koniq10k/koniq10k/1024x768/2355891811.jpg,0.3819024019373193,35.098106384277344
11274,koniq10k,koniq10k/2367261033.jpg,/home/sergey/iqa-data/koniq10k/koniq10k/1024x768/2367261033.jpg,0.2063276776058004,24.530841827392578
11277,koniq10k,koniq10k/2371669291.jpg,/home/sergey/iqa-data/koniq10k/koniq10k/1024x768/2371669291.jpg,0.7348796320736581,67.56757354736328
11289,koniq10k,koniq10k/240236110.jpg,/home/sergey/iqa-data/koniq10k/koniq10k/1024x768/240236110.jpg,0.8242286862088072,75.78784942626953
11291,koniq10k,koniq10k/2405333928.jpg,/home/sergey/iqa-data/koniq10k/koniq10k/1024x768/2405333928.jpg,0.5581332536967323,57.911746978759766
11293,koniq10k,koniq10k/240689125.jpg,/home/sergey/iqa-data/koniq10k/koniq10k/1024x768/240689125.jpg,0.6393552932250706,35.51360321044922
11295,koniq10k,koniq10k/2409675838.jpg,/home/sergey/iqa-data/koniq10k/koniq10k/1024x768/2409675838.jpg,0.3996386465980676,46.624000549316406
11299,koniq10k,koniq10k/2415334988.jpg,/home/sergey/iqa-data/koniq10k/koniq10k/1024x768/2415334988.jpg,0.429259598358485,55.681846618652344
11302,koniq10k,koniq10k/2416231204.jpg,/home/sergey/iqa-data/koniq10k/koniq10k/1024x768/2416231204.jpg,0.6305490575069763,55.592323303222656
11306,koniq10k,koniq10k/2421862008.jpg,/home/sergey/iqa-data/koniq10k/koniq10k/1024x768/2421862008.jpg,0.8649923535417308,76.35968780517578
11311,koniq10k,koniq10k/2425646672.jpg,/home/sergey/iqa-data/koniq10k/koniq10k/1024x768/2425646672.jpg,0.5839026937638702,70.40506744384766
11320,koniq10k,koniq10k/244484608.jpg,/home/sergey/iqa-data/koniq10k/koniq10k/1024x768/244484608.jpg,0.1712312207764578,39.11233901977539
11331,koniq10k,koniq10k/246188030.jpg,/home/sergey/iqa-data/koniq10k/koniq10k/1024x768/246188030.jpg,0.079726002416283,27.190547943115234
11332,koniq10k,koniq10k/2464934588.jpg,/home/sergey/iqa-data/koniq10k/koniq10k/1024x768/2464934588.jpg,0.4492580181905212,36.02284240722656
11337,koniq10k,koniq10k/2473938827.jpg,/home/sergey/iqa-data/koniq10k/koniq10k/1024x768/2473938827.jpg,0.71799201584534,54.00566482543945
11339,koniq10k,koniq10k/2474539087.jpg,/home/sergey/iqa-data/koniq10k/koniq10k/1024x768/2474539087.jpg,0.5832371244333064,60.642333984375
11342,koniq10k,koniq10k/2477552466.jpg,/home/sergey/iqa-data/koniq10k/koniq10k/1024x768/2477552466.jpg,0.2437813591475623,41.674598693847656
11343,koniq10k,koniq10k/2478250944.jpg,/home/sergey/iqa-data/koniq10k/koniq10k/1024x768/2478250944.jpg,0.6482991263762562,47.42063522338867
11345,koniq10k,koniq10k/2481588554.jpg,/home/sergey/iqa-data/koniq10k/koniq10k/1024x768/2481588554.jpg,0.1083718951119596,23.036670684814453
11352,koniq10k,koniq10k/2492228578.jpg,/home/sergey/iqa-data/koniq10k/koniq10k/1024x768/2492228578.jpg,0.348118538137015,37.52210235595703
11368,koniq10k,koniq10k/2512779647.jpg,/home/sergey/iqa-data/koniq10k/koniq10k/1024x768/2512779647.jpg,0.6204205641735557,55.76727294921875
11369,koniq10k,koniq10k/2515829883.jpg,/home/sergey/iqa-data/koniq10k/koniq10k/1024x768/2515829883.jpg,0.8027878456313124,77.82070922851562
11370,koniq10k,koniq10k/2517368566.jpg,/home/sergey/iqa-data/koniq10k/koniq10k/1024x768/2517368566.jpg,0.4560737650732852,48.49223327636719
11372,koniq10k,koniq10k/2519235976.jpg,/home/sergey/iqa-data/koniq10k/koniq10k/1024x768/2519235976.jpg,0.3197588274179925,34.18526840209961
11375,koniq10k,koniq10k/25239707.jpg,/home/sergey/iqa-data/koniq10k/koniq10k/1024x768/25239707.jpg,0.949300256244192,77.03925323486328
11385,koniq10k,koniq10k/2539036531.jpg,/home/sergey/iqa-data/koniq10k/koniq10k/1024x768/2539036531.jpg,0.7714488289964511,74.43439483642578
11386,koniq10k,koniq10k/2539083530.jpg,/home/sergey/iqa-data/koniq10k/koniq10k/1024x768/2539083530.jpg,0.5893079734014566,73.18016815185547
11394,koniq10k,koniq10k/254969296.jpg,/home/sergey/iqa-data/koniq10k/koniq10k/1024x768/254969296.jpg,0.5798168375956788,58.80620574951172
11399,koniq10k,koniq10k/255857546.jpg,/home/sergey/iqa-data/koniq10k/koniq10k/1024x768/255857546.jpg,0.84253184279935,69.21134185791016
11407,koniq10k,koniq10k/2569774614.jpg,/home/sergey/iqa-data/koniq10k/koniq10k/1024x768/2569774614.jpg,0.3879162962456388,40.20265197753906
11411,koniq10k,koniq10k/257114018.jpg,/home/sergey/iqa-data/koniq10k/koniq10k/1024x768/257114018.jpg,0.5248742288898723,44.0174446105957
11450,koniq10k,koniq10k/2622466873.jpg,/home/sergey/iqa-data/koniq10k/koniq10k/1024x768/2622466873.jpg,0.6013642891335552,56.746429443359375
11454,koniq10k,koniq10k/2630235144.jpg,/home/sergey/iqa-data/koniq10k/koniq10k/1024x768/2630235144.jpg,0.6225977961304482,55.79970932006836
11477,koniq10k,koniq10k/2654797164.jpg,/home/sergey/iqa-data/koniq10k/koniq10k/1024x768/2654797164.jpg,0.7479655337482046,52.7235107421875
11481,koniq10k,koniq10k/2657101675.jpg,/home/sergey/iqa-data/koniq10k/koniq10k/1024x768/2657101675.jpg,0.6533992246970592,73.93681335449219
11492,koniq10k,koniq10k/2679224314.jpg,/home/sergey/iqa-data/koniq10k/koniq10k/1024x768/2679224314.jpg,0.1688739960640385,24.381540298461914
11507,koniq10k,koniq10k/2696730288.jpg,/home/sergey/iqa-data/koniq10k/koniq10k/1024x768/2696730288.jpg,0.7433444397575242,62.04043197631836
11509,koniq10k,koniq10k/2700852747.jpg,/home/sergey/iqa-data/koniq10k/koniq10k/1024x768/2700852747.jpg,0.6328386787936807,51.69279861450195
11511,koniq10k,koniq10k/2703329173.jpg,/home/sergey/iqa-data/koniq10k/koniq10k/1024x768/2703329173.jpg,0.7348796320736581,63.385459899902344
11512,koniq10k,koniq10k/2703740653.jpg,/home/sergey/iqa-data/koniq10k/koniq10k/1024x768/2703740653.jpg,0.6615339609595225,72.45169067382812
11513,koniq10k,koniq10k/2704389795.jpg,/home/sergey/iqa-data/koniq10k/koniq10k/1024x768/2704389795.jpg,0.836027890929126,79.947021484375
11522,koniq10k,koniq10k/271837545.jpg,/home/sergey/iqa-data/koniq10k/koniq10k/1024x768/271837545.jpg,0.872735071496618,73.18010711669922
11526,koniq10k,koniq10k/2722913532.jpg,/home/sergey/iqa-data/koniq10k/koniq10k/1024x768/2722913532.jpg,0.6515078985160362,64.8375015258789
11530,koniq10k,koniq10k/272518935.jpg,/home/sergey/iqa-data/koniq10k/koniq10k/1024x768/272518935.jpg,0.6602767744462339,64.05509948730469
11536,koniq10k,koniq10k/2730850462.jpg,/home/sergey/iqa-data/koniq10k/koniq10k/1024x768/2730850462.jpg,0.6769741642538104,60.88612365722656
11539,koniq10k,koniq10k/2736161037.jpg,/home/sergey/iqa-data/koniq10k/koniq10k/1024x768/2736161037.jpg,0.4906094674820924,40.116310119628906
11543,koniq10k,koniq10k/2739038267.jpg,/home/sergey/iqa-data/koniq10k/koniq10k/1024x768/2739038267.jpg,0.86320763079978,68.78025817871094
11550,koniq10k,koniq10k/274390572.jpg,/home/sergey/iqa-data/koniq10k/koniq10k/1024x768/274390572.jpg,0.4056965055050257,42.38324737548828
11558,koniq10k,koniq10k/2753606061.jpg,/home/sergey/iqa-data/koniq10k/koniq10k/1024x768/2753606061.jpg,0.6585394812723561,58.16974639892578
11560,koniq10k,koniq10k/2759049308.jpg,/home/sergey/iqa-data/koniq10k/koniq10k/1024x768/2759049308.jpg,0.4856202892837362,52.20726776123047
11561,koniq10k,koniq10k/275983561.jpg,/home/sergey/iqa-data/koniq10k/koniq10k/1024x768/275983561.jpg,0.5410332439454003,53.74068069458008
11566,koniq10k,koniq10k/2764419323.jpg,/home/sergey/iqa-data/koniq10k/koniq10k/1024x768/2764419323.jpg,0.6118358066060312,58.464534759521484
11569,koniq10k,koniq10k/276590560.jpg,/home/sergey/iqa-data/koniq10k/koniq10k/1024x768/276590560.jpg,0.4383223263790449,47.25564193725586
11571,koniq10k,koniq10k/2768178889.jpg,/home/sergey/iqa-data/koniq10k/koniq10k/1024x768/2768178889.jpg,0.4577549066539,34.88332748413086
11577,koniq10k,koniq10k/2779185055.jpg,/home/sergey/iqa-data/koniq10k/koniq10k/1024x768/2779185055.jpg,0.5638424952020424,67.90027618408203
11584,koniq10k,koniq10k/27896611.jpg,/home/sergey/iqa-data/koniq10k/koniq10k/1024x768/27896611.jpg,0.6282910483484933,68.93388366699219
11590,koniq10k,koniq10k/2799264783.jpg,/home/sergey/iqa-data/koniq10k/koniq10k/1024x768/2799264783.jpg,0.8007760176722977,73.99143981933594
11591,koniq10k,koniq10k/2799634889.jpg,/home/sergey/iqa-data/koniq10k/koniq10k/1024x768/2799634889.jpg,0.6930560639765729,67.64757537841797
11595,koniq10k,koniq10k/2806740564.jpg,/home/sergey/iqa-data/koniq10k/koniq10k/1024x768/2806740564.jpg,0.7726833480223515,73.43718719482422
11601,koniq10k,koniq10k/2809274597.jpg,/home/sergey/iqa-data/koniq10k/koniq10k/1024x768/2809274597.jpg,0.4454550289878198,54.44356155395508
11603,koniq10k,koniq10k/2815247737.jpg,/home/sergey/iqa-data/koniq10k/koniq10k/1024x768/2815247737.jpg,0.4679272379128764,44.485450744628906
11615,koniq10k,koniq10k/2828824744.jpg,/home/sergey/iqa-data/koniq10k/koniq10k/1024x768/2828824744.jpg,0.4398037338439425,36.87726593017578
11616,koniq10k,koniq10k/28311109.jpg,/home/sergey/iqa-data/koniq10k/koniq10k/1024x768/28311109.jpg,0.0188897962248556,18.131153106689453
11630,koniq10k,koniq10k/2841924891.jpg,/home/sergey/iqa-data/koniq10k/koniq10k/1024x768/2841924891.jpg,0.7404132603977388,64.18041229248047
11637,koniq10k,koniq10k/285149839.jpg,/home/sergey/iqa-data/koniq10k/koniq10k/1024x768/285149839.jpg,0.4625548005827022,42.19712448120117
11651,koniq10k,koniq10k/2866556638.jpg,/home/sergey/iqa-data/koniq10k/koniq10k/1024x768/2866556638.jpg,0.5395512884200245,47.01715850830078
11653,koniq10k,koniq10k/2868335466.jpg,/home/sergey/iqa-data/koniq10k/koniq10k/1024x768/2868335466.jpg,0.5862272440743352,56.07300567626953
11656,koniq10k,koniq10k/2871745051.jpg,/home/sergey/iqa-data/koniq10k/koniq10k/1024x768/2871745051.jpg,0.8979359924788354,71.00550842285156
11658,koniq10k,koniq10k/2876226509.jpg,/home/sergey/iqa-data/koniq10k/koniq10k/1024x768/2876226509.jpg,0.432366819394106,40.98480224609375
11663,koniq10k,koniq10k/2888444557.jpg,/home/sergey/iqa-data/koniq10k/koniq10k/1024x768/2888444557.jpg,0.6650881564760658,60.58171844482422
11664,koniq10k,koniq10k/2889093136.jpg,/home/sergey/iqa-data/koniq10k/koniq10k/1024x768/2889093136.jpg,0.7068697670637761,71.49227142333984
11666,koniq10k,koniq10k/2889734029.jpg,/home/sergey/iqa-data/koniq10k/koniq10k/1024x768/2889734029.jpg,0.8372781589631765,77.07160186767578
11668,koniq10k,koniq10k/2893674566.jpg,/home/sergey/iqa-data/koniq10k/koniq10k/1024x768/2893674566.jpg,0.7824062062639988,77.46939849853516
11674,koniq10k,koniq10k/290161904.jpg,/home/sergey/iqa-data/koniq10k/koniq10k/1024x768/290161904.jpg,0.7610514354227511,53.41688919067383
11675,koniq10k,koniq10k/2902284957.jpg,/home/sergey/iqa-data/koniq10k/koniq10k/1024x768/2902284957.jpg,0.8293222251988364,69.35884094238281
11688,koniq10k,koniq10k/2908654044.jpg,/home/sergey/iqa-data/koniq10k/koniq10k/1024x768/2908654044.jpg,0.4338764598029206,31.91397476196289
11699,koniq10k,koniq10k/2926374384.jpg,/home/sergey/iqa-data/koniq10k/koniq10k/1024x768/2926374384.jpg,0.7583373224828456,66.70173645019531
11700,koniq10k,koniq10k/2927008302.jpg,/home/sergey/iqa-data/koniq10k/koniq10k/1024x768/2927008302.jpg,0.6472981725002095,65.70915985107422
11711,koniq10k,koniq10k/2939787669.jpg,/home/sergey/iqa-data/koniq10k/koniq10k/1024x768/2939787669.jpg,0.7610514354227511,64.97222137451172
11715,koniq10k,koniq10k/2946225988.jpg,/home/sergey/iqa-data/koniq10k/koniq10k/1024x768/2946225988.jpg,0.3507159555136246,40.697242736816406
11717,koniq10k,koniq10k/2948923084.jpg,/home/sergey/iqa-data/koniq10k/koniq10k/1024x768/2948923084.jpg,0.8389633028351565,78.1181411743164
11718,koniq10k,koniq10k/2949029930.jpg,/home/sergey/iqa-data/koniq10k/koniq10k/1024x768/2949029930.jpg,0.3865125955146344,33.5298957824707
11719,koniq10k,koniq10k/2951011449.jpg,/home/sergey/iqa-data/koniq10k/koniq10k/1024x768/2951011449.jpg,0.7754202686340221,75.0999984741211
11722,koniq10k,koniq10k/2952066894.jpg,/home/sergey/iqa-data/koniq10k/koniq10k/1024x768/2952066894.jpg,0.76663475347056,68.13748168945312
11726,koniq10k,koniq10k/2954406623.jpg,/home/sergey/iqa-data/koniq10k/koniq10k/1024x768/2954406623.jpg,0.2757278962284518,43.80989074707031
11737,koniq10k,koniq10k/2967177700.jpg,/home/sergey/iqa-data/koniq10k/koniq10k/1024x768/2967177700.jpg,0.5747762312923924,43.330989837646484
11739,koniq10k,koniq10k/2971073872.jpg,/home/sergey/iqa-data/koniq10k/koniq10k/1024x768/2971073872.jpg,0.5295595978937275,46.889495849609375
11740,koniq10k,koniq10k/2971372651.jpg,/home/sergey/iqa-data/koniq10k/koniq10k/1024x768/2971372651.jpg,0.7625508616562947,76.88787078857422
11749,koniq10k,koniq10k/2982904736.jpg,/home/sergey/iqa-data/koniq10k/koniq10k/1024x768/2982904736.jpg,0.8324215277302874,78.86195373535156
11750,koniq10k,koniq10k/298323953.jpg,/home/sergey/iqa-data/koniq10k/koniq10k/1024x768/298323953.jpg,0.6262767253269127,68.78827667236328
11751,koniq10k,koniq10k/298392087.jpg,/home/sergey/iqa-data/koniq10k/koniq10k/1024x768/298392087.jpg,0.715617875813432,64.68245697021484
11752,koniq10k,koniq10k/2985434942.jpg,/home/sergey/iqa-data/koniq10k/koniq10k/1024x768/2985434942.jpg,0.5400163041675149,66.11516571044922
11760,koniq10k,koniq10k/299519765.jpg,/home/sergey/iqa-data/koniq10k/koniq10k/1024x768/299519765.jpg,0.8154800075869102,68.5858383178711
11763,koniq10k,koniq10k/3000370105.jpg,/home/sergey/iqa-data/koniq10k/koniq10k/1024x768/3000370105.jpg,0.6812897490255088,65.45099639892578
11766,koniq10k,koniq10k/3004729679.jpg,/home/sergey/iqa-data/koniq10k/koniq10k/1024x768/3004729679.jpg,0.7743842409024814,50.034175872802734
11767,koniq10k,koniq10k/3005225950.jpg,/home/sergey/iqa-data/koniq10k/koniq10k/1024x768/3005225950.jpg,0.8326855902440404,77.4717025756836
11770,koniq10k,koniq10k/3006180799.jpg,/home/sergey/iqa-data/koniq10k/koniq10k/1024x768/3006180799.jpg,0.5923887027285779,49.41339874267578
11775,koniq10k,koniq10k/3011247965.jpg,/home/sergey/iqa-data/koniq10k/koniq10k/1024x768/3011247965.jpg,0.6131322801978625,47.181602478027344
11778,koniq10k,koniq10k/3014660789.jpg,/home/sergey/iqa-data/koniq10k/koniq10k/1024x768/3014660789.jpg,0.8089760557166861,63.09986877441406
11781,koniq10k,koniq10k/3016703765.jpg,/home/sergey/iqa-data/koniq10k/koniq10k/1024x768/3016703765.jpg,0.7645805351192336,63.56569290161133
11782,koniq10k,koniq10k/3016815898.jpg,/home/sergey/iqa-data/koniq10k/koniq10k/1024x768/3016815898.jpg,0.5248742288898723,35.266963958740234
11783,koniq10k,koniq10k/3017896883.jpg,/home/sergey/iqa-data/koniq10k/koniq10k/1024x768/3017896883.jpg,0.2056276087919347,38.23670959472656
11786,koniq10k,koniq10k/3020941119.jpg,/home/sergey/iqa-data/koniq10k/koniq10k/1024x768/3020941119.jpg,0.5215319282047867,69.31038665771484
11787,koniq10k,koniq10k/3021480593.jpg,/home/sergey/iqa-data/koniq10k/koniq10k/1024x768/3021480593.jpg,0.8744625832688371,79.89090728759766
11795,koniq10k,koniq10k/302681636.jpg,/home/sergey/iqa-data/koniq10k/koniq10k/1024x768/302681636.jpg,0.6120110057400615,58.61136245727539
11800,koniq10k,koniq10k/3035737878.jpg,/home/sergey/iqa-data/koniq10k/koniq10k/1024x768/3035737878.jpg,0.5173784449155431,41.37625503540039
11802,koniq10k,koniq10k/3038577350.jpg,/home/sergey/iqa-data/koniq10k/koniq10k/1024x768/3038577350.jpg,0.7998244774214148,76.4540023803711
11809,koniq10k,koniq10k/3047954017.jpg,/home/sergey/iqa-data/koniq10k/koniq10k/1024x768/3047954017.jpg,0.8084676347002804,59.82566452026367
11815,koniq10k,koniq10k/3051112804.jpg,/home/sergey/iqa-data/koniq10k/koniq10k/1024x768/3051112804.jpg,0.3799664911440866,16.692317962646484
11838,koniq10k,koniq10k/3077626117.jpg,/home/sergey/iqa-data/koniq10k/koniq10k/1024x768/3077626117.jpg,0.245438601693658,33.53779983520508
11843,koniq10k,koniq10k/3084860790.jpg,/home/sergey/iqa-data/koniq10k/koniq10k/1024x768/3084860790.jpg,0.1181059363192313,18.789207458496094
11845,koniq10k,koniq10k/3086003946.jpg,/home/sergey/iqa-data/koniq10k/koniq10k/1024x768/3086003946.jpg,0.5203623920713437,43.84711456298828
11853,koniq10k,koniq10k/3094978642.jpg,/home/sergey/iqa-data/koniq10k/koniq10k/1024x768/3094978642.jpg,0.3410722833891799,36.37483215332031
11855,koniq10k,koniq10k/3100238639.jpg,/home/sergey/iqa-data/koniq10k/koniq10k/1024x768/3100238639.jpg,0.6106918593191207,45.574127197265625
11859,koniq10k,koniq10k/310467976.jpg,/home/sergey/iqa-data/koniq10k/koniq10k/1024x768/310467976.jpg,0.8582836502893932,73.87792205810547
11861,koniq10k,koniq10k/3105967281.jpg,/home/sergey/iqa-data/koniq10k/koniq10k/1024x768/3105967281.jpg,0.5896592846405148,50.99641418457031
11862,koniq10k,koniq10k/3106852276.jpg,/home/sergey/iqa-data/koniq10k/koniq10k/1024x768/3106852276.jpg,0.7890613004326335,74.37787628173828
11864,koniq10k,koniq10k/3107928091.jpg,/home/sergey/iqa-data/koniq10k/koniq10k/1024x768/3107928091.jpg,0.5363810435615122,45.23252868652344
11866,koniq10k,koniq10k/3108925603.jpg,/home/sergey/iqa-data/koniq10k/koniq10k/1024x768/3108925603.jpg,0.7850076363719257,79.0050277709961
11870,koniq10k,koniq10k/3112707699.jpg,/home/sergey/iqa-data/koniq10k/koniq10k/1024x768/3112707699.jpg,0.3487722696590842,12.527765274047852
11876,koniq10k,koniq10k/3116503568.jpg,/home/sergey/iqa-data/koniq10k/koniq10k/1024x768/3116503568.jpg,0.4667853896118157,44.24912643432617
11879,koniq10k,koniq10k/3118054377.jpg,/home/sergey/iqa-data/koniq10k/koniq10k/1024x768/3118054377.jpg,0.6921927075336209,55.088722229003906
11880,koniq10k,koniq10k/3118439925.jpg,/home/sergey/iqa-data/koniq10k/koniq10k/1024x768/3118439925.jpg,0.7011414389753086,64.43921661376953
11884,koniq10k,koniq10k/3121612010.jpg,/home/sergey/iqa-data/koniq10k/koniq10k/1024x768/3121612010.jpg,0.6040206153281751,60.220703125
11885,koniq10k,koniq10k/3124199543.jpg,/home/sergey/iqa-data/koniq10k/koniq10k/1024x768/3124199543.jpg,0.2434313247406309,40.060707092285156
11894,koniq10k,koniq10k/3130276162.jpg,/home/sergey/iqa-data/koniq10k/koniq10k/1024x768/3130276162.jpg,0.4528057515333991,44.48198699951172
11906,koniq10k,koniq10k/3138790639.jpg,/home/sergey/iqa-data/koniq10k/koniq10k/1024x768/3138790639.jpg,0.7796571104373874,60.52851867675781
11908,koniq10k,koniq10k/3141860810.jpg,/home/sergey/iqa-data/koniq10k/koniq10k/1024x768/3141860810.jpg,0.7802550647145422,69.33301544189453
11909,koniq10k,koniq10k/3142311257.jpg,/home/sergey/iqa-data/koniq10k/koniq10k/1024x768/3142311257.jpg,0.6605461715562242,53.14189910888672
11917,koniq10k,koniq10k/3147927973.jpg,/home/sergey/iqa-data/koniq10k/koniq10k/1024x768/3147927973.jpg,0.6066618064918472,61.877113342285156
11921,koniq10k,koniq10k/3152357796.jpg,/home/sergey/iqa-data/koniq10k/koniq10k/1024x768/3152357796.jpg,0.5952697551548675,54.258419036865234
11929,koniq10k,koniq10k/3158477442.jpg,/home/sergey/iqa-data/koniq10k/koniq10k/1024x768/3158477442.jpg,0.5567356789532478,56.24285888671875
11931,koniq10k,koniq10k/3161274755.jpg,/home/sergey/iqa-data/koniq10k/koniq10k/1024x768/3161274755.jpg,0.7417424605074198,72.11943817138672
11933,koniq10k,koniq10k/3164597811.jpg,/home/sergey/iqa-data/koniq10k/koniq10k/1024x768/3164597811.jpg,0.7419818094782188,74.7450180053711
11937,koniq10k,koniq10k/3166870228.jpg,/home/sergey/iqa-data/koniq10k/koniq10k/1024x768/3166870228.jpg,0.2600886753080168,31.7132568359375
11938,koniq10k,koniq10k/3168536494.jpg,/home/sergey/iqa-data/koniq10k/koniq10k/1024x768/3168536494.jpg,0.5630345836682707,71.25020599365234
11960,koniq10k,koniq10k/3189407345.jpg,/home/sergey/iqa-data/koniq10k/koniq10k/1024x768/3189407345.jpg,0.3891863111927374,44.62036895751953
11962,koniq10k,koniq10k/3191275443.jpg,/home/sergey/iqa-data/koniq10k/koniq10k/1024x768/3191275443.jpg,0.2317994121410307,32.597145080566406
11963,koniq10k,koniq10k/3193120688.jpg,/home/sergey/iqa-data/koniq10k/koniq10k/1024x768/3193120688.jpg,0.6528908036806536,58.2614860534668
11966,koniq10k,koniq10k/3194756721.jpg,/home/sergey/iqa-data/koniq10k/koniq10k/1024x768/3194756721.jpg,0.4981862178910062,51.710670471191406
11975,koniq10k,koniq10k/3206140446.jpg,/home/sergey/iqa-data/koniq10k/koniq10k/1024x768/3206140446.jpg,0.6381465942049382,74.1795883178711
11978,koniq10k,koniq10k/3207112247.jpg,/home/sergey/iqa-data/koniq10k/koniq10k/1024x768/3207112247.jpg,0.6368392258770419,46.67363357543945
11979,koniq10k,koniq10k/3207463467.jpg,/home/sergey/iqa-data/koniq10k/koniq10k/1024x768/3207463467.jpg,0.7710710037016133,64.39354705810547
11980,koniq10k,koniq10k/3207613793.jpg,/home/sergey/iqa-data/koniq10k/koniq10k/1024x768/3207613793.jpg,0.3801062977859082,35.68596649169922
11984,koniq10k,koniq10k/320987228.jpg,/home/sergey/iqa-data/koniq10k/koniq10k/1024x768/320987228.jpg,0.9384381025666262,72.33544921875
12003,koniq10k,koniq10k/323541643.jpg,/home/sergey/iqa-data/koniq10k/koniq10k/1024x768/323541643.jpg,0.2478053084041138,37.3606071472168
12009,koniq10k,koniq10k/324339500.jpg,/home/sergey/iqa-data/koniq10k/koniq10k/1024x768/324339500.jpg,0.4318729246924537,40.26809310913086
12017,koniq10k,koniq10k/3248976854.jpg,/home/sergey/iqa-data/koniq10k/koniq10k/1024x768/3248976854.jpg,0.8166435942884002,74.78369903564453
12020,koniq10k,koniq10k/3251401307.jpg,/home/sergey/iqa-data/koniq10k/koniq10k/1024x768/3251401307.jpg,0.5769850560929711,66.24578094482422
12035,koniq10k,koniq10k/3259319485.jpg,/home/sergey/iqa-data/koniq10k/koniq10k/1024x768/3259319485.jpg,0.7625508616562947,68.17354583740234
12040,koniq10k,koniq10k/3261536707.jpg,/home/sergey/iqa-data/koniq10k/koniq10k/1024x768/3261536707.jpg,0.354447667051502,48.005611419677734
12041,koniq10k,koniq10k/326195053.jpg,/home/sergey/iqa-data/koniq10k/koniq10k/1024x768/326195053.jpg,0.5520539687605263,43.715187072753906
12042,koniq10k,koniq10k/326299244.jpg,/home/sergey/iqa-data/koniq10k/koniq10k/1024x768/326299244.jpg,0.4624896011005399,62.45668029785156
12043,koniq10k,koniq10k/3265420201.jpg,/home/sergey/iqa-data/koniq10k/koniq10k/1024x768/3265420201.jpg,0.749342319863422,66.4449234008789
12044,koniq10k,koniq10k/3265568572.jpg,/home/sergey/iqa-data/koniq10k/koniq10k/1024x768/3265568572.jpg,0.7689894298319389,74.3949966430664
12045,koniq10k,koniq10k/3272637437.jpg,/home/sergey/iqa-data/koniq10k/koniq10k/1024x768/3272637437.jpg,0.7773196528085119,75.85301971435547
12051,koniq10k,koniq10k/3277170769.jpg,/home/sergey/iqa-data/koniq10k/koniq10k/1024x768/3277170769.jpg,0.6411971203033631,48.81431579589844
12052,koniq10k,koniq10k/3277186380.jpg,/home/sergey/iqa-data/koniq10k/koniq10k/1024x768/3277186380.jpg,0.5872028083612559,35.04354476928711
12059,koniq10k,koniq10k/3288428899.jpg,/home/sergey/iqa-data/koniq10k/koniq10k/1024x768/3288428899.jpg,0.3671727187763574,23.119552612304688
12070,koniq10k,koniq10k/3301567767.jpg,/home/sergey/iqa-data/koniq10k/koniq10k/1024x768/3301567767.jpg,0.5312692333994393,45.272090911865234
12071,koniq10k,koniq10k/3301587792.jpg,/home/sergey/iqa-data/koniq10k/koniq10k/1024x768/3301587792.jpg,0.4827440789623655,30.166908264160156
12072,koniq10k,koniq10k/3302975736.jpg,/home/sergey/iqa-data/koniq10k/koniq10k/1024x768/3302975736.jpg,0.6409172555236898,58.76422119140625
12087,koniq10k,koniq10k/3310204675.jpg,/home/sergey/iqa-data/koniq10k/koniq10k/1024x768/3310204675.jpg,0.339060057528477,28.226228713989258
12088,koniq10k,koniq10k/3310575214.jpg,/home/sergey/iqa-data/koniq10k/koniq10k/1024x768/3310575214.jpg,0.3666497714451981,44.987281799316406
12090,koniq10k,koniq10k/3312331811.jpg,/home/sergey/iqa-data/koniq10k/koniq10k/1024x768/3312331811.jpg,0.1980553488570476,42.0140380859375
12106,koniq10k,koniq10k/3329470769.jpg,/home/sergey/iqa-data/koniq10k/koniq10k/1024x768/3329470769.jpg,0.5979950750175741,61.61256790161133
12107,koniq10k,koniq10k/3330470420.jpg,/home/sergey/iqa-data/koniq10k/koniq10k/1024x768/3330470420.jpg,0.6015402810238494,61.573551177978516
12111,koniq10k,koniq10k/3332902834.jpg,/home/sergey/iqa-data/koniq10k/koniq10k/1024x768/3332902834.jpg,0.7035150105997409,65.14208221435547
12113,koniq10k,koniq10k/3335618194.jpg,/home/sergey/iqa-data/koniq10k/koniq10k/1024x768/3335618194.jpg,0.808714582051108,68.57377624511719
12116,koniq10k,koniq10k/3341085556.jpg,/home/sergey/iqa-data/koniq10k/koniq10k/1024x768/3341085556.jpg,0.2252273815222585,35.556739807128906
12117,koniq10k,koniq10k/3342346685.jpg,/home/sergey/iqa-data/koniq10k/koniq10k/1024x768/3342346685.jpg,0.4975609200118544,29.384737014770508
12123,koniq10k,koniq10k/3350005307.jpg,/home/sergey/iqa-data/koniq10k/koniq10k/1024x768/3350005307.jpg,0.1438789196089334,32.626651763916016
12127,koniq10k,koniq10k/3355200103.jpg,/home/sergey/iqa-data/koniq10k/koniq10k/1024x768/3355200103.jpg,0.7930602673770808,75.07709503173828
12128,koniq10k,koniq10k/3355209894.jpg,/home/sergey/iqa-data/koniq10k/koniq10k/1024x768/3355209894.jpg,0.6628385884733137,69.7403793334961
12131,koniq10k,koniq10k/3356044640.jpg,/home/sergey/iqa-data/koniq10k/koniq10k/1024x768/3356044640.jpg,0.6913921406501591,58.663177490234375
12133,koniq10k,koniq10k/3357164852.jpg,/home/sergey/iqa-data/koniq10k/koniq10k/1024x768/3357164852.jpg,0.5652005186668952,56.095420837402344
12136,koniq10k,koniq10k/3358682007.jpg,/home/sergey/iqa-data/koniq10k/koniq10k/1024x768/3358682007.jpg,0.7434341697379233,74.49494171142578
12137,koniq10k,koniq10k/3358754066.jpg,/home/sergey/iqa-data/koniq10k/koniq10k/1024x768/3358754066.jpg,0.4426826955210118,43.97057342529297
12139,koniq10k,koniq10k/336052627.jpg,/home/sergey/iqa-data/koniq10k/koniq10k/1024x768/336052627.jpg,0.4708906061227742,24.45425033569336
12140,koniq10k,koniq10k/3361988100.jpg,/home/sergey/iqa-data/koniq10k/koniq10k/1024x768/3361988100.jpg,0.7479655337482046,77.2053451538086
12143,koniq10k,koniq10k/3364722083.jpg,/home/sergey/iqa-data/koniq10k/koniq10k/1024x768/3364722083.jpg,0.5130750241695535,57.45846939086914
12144,koniq10k,koniq10k/3364868711.jpg,/home/sergey/iqa-data/koniq10k/koniq10k/1024x768/3364868711.jpg,0.2782141313491365,35.92807388305664
12152,koniq10k,koniq10k/3368873733.jpg,/home/sergey/iqa-data/koniq10k/koniq10k/1024x768/3368873733.jpg,0.6738120909257644,63.98097229003906
12161,koniq10k,koniq10k/3376076568.jpg,/home/sergey/iqa-data/koniq10k/koniq10k/1024x768/3376076568.jpg,0.6288301226070498,30.502134323120117
12165,koniq10k,koniq10k/3379476157.jpg,/home/sergey/iqa-data/koniq10k/koniq10k/1024x768/3379476157.jpg,0.7186114146878977,67.71026611328125
12166,koniq10k,koniq10k/3381345467.jpg,/home/sergey/iqa-data/koniq10k/koniq10k/1024x768/3381345467.jpg,0.4847935111822952,59.44578552246094
12169,koniq10k,koniq10k/3383593963.jpg,/home/sergey/iqa-data/koniq10k/koniq10k/1024x768/3383593963.jpg,0.5774293920536148,61.585201263427734
12172,koniq10k,koniq10k/3385580051.jpg,/home/sergey/iqa-data/koniq10k/koniq10k/1024x768/3385580051.jpg,0.451488931239103,56.827877044677734
12173,koniq10k,koniq10k/3385696346.jpg,/home/sergey/iqa-data/koniq10k/koniq10k/1024x768/3385696346.jpg,0.6764001914791764,56.338890075683594
12175,koniq10k,koniq10k/3386943260.jpg,/home/sergey/iqa-data/koniq10k/koniq10k/1024x768/3386943260.jpg,0.4973139726610268,32.50086975097656
12178,koniq10k,koniq10k/3388708914.jpg,/home/sergey/iqa-data/koniq10k/koniq10k/1024x768/3388708914.jpg,0.7815213208308686,74.17769622802734
12193,koniq10k,koniq10k/3411974393.jpg,/home/sergey/iqa-data/koniq10k/koniq10k/1024x768/3411974393.jpg,0.5531440967056077,61.066322326660156
12202,koniq10k,koniq10k/3420154563.jpg,/home/sergey/iqa-data/koniq10k/koniq10k/1024x768/3420154563.jpg,0.5755695858615925,56.67967224121094
12212,koniq10k,koniq10k/3431105203.jpg,/home/sergey/iqa-data/koniq10k/koniq10k/1024x768/3431105203.jpg,0.7191550094853116,72.52935028076172
12216,koniq10k,koniq10k/3435545140.jpg,/home/sergey/iqa-data/koniq10k/koniq10k/1024x768/3435545140.jpg,0.5248742288898723,49.71283721923828
12217,koniq10k,koniq10k/3437594883.jpg,/home/sergey/iqa-data/koniq10k/koniq10k/1024x768/3437594883.jpg,0.3626584288865107,25.960357666015625
12223,koniq10k,koniq10k/344443695.jpg,/home/sergey/iqa-data/koniq10k/koniq10k/1024x768/344443695.jpg,0.5453798760895532,50.9129524230957
12226,koniq10k,koniq10k/344636344.jpg,/home/sergey/iqa-data/koniq10k/koniq10k/1024x768/344636344.jpg,0.7479655337482046,65.05948638916016
12227,koniq10k,koniq10k/3446366493.jpg,/home/sergey/iqa-data/koniq10k/koniq10k/1024x768/3446366493.jpg,0.742094709936144,71.79460906982422
12230,koniq10k,koniq10k/3450351361.jpg,/home/sergey/iqa-data/koniq10k/koniq10k/1024x768/3450351361.jpg,0.8733332713659611,65.95176696777344
12247,koniq10k,koniq10k/346617779.jpg,/home/sergey/iqa-data/koniq10k/koniq10k/1024x768/346617779.jpg,0.2372335127241776,24.135223388671875
12248,koniq10k,koniq10k/3466610103.jpg,/home/sergey/iqa-data/koniq10k/koniq10k/1024x768/3466610103.jpg,0.7890613004326335,71.44111633300781
12249,koniq10k,koniq10k/3467784087.jpg,/home/sergey/iqa-data/koniq10k/koniq10k/1024x768/3467784087.jpg,0.7450301218421743,73.75275421142578
12250,koniq10k,koniq10k/3468424403.jpg,/home/sergey/iqa-data/koniq10k/koniq10k/1024x768/3468424403.jpg,0.5895600330736752,64.86608123779297
12269,koniq10k,koniq10k/3485554199.jpg,/home/sergey/iqa-data/koniq10k/koniq10k/1024x768/3485554199.jpg,0.5488271900430823,54.809844970703125
12281,koniq10k,koniq10k/3494678423.jpg,/home/sergey/iqa-data/koniq10k/koniq10k/1024x768/3494678423.jpg,0.5301579703207271,34.02943420410156
12283,koniq10k,koniq10k/3497202348.jpg,/home/sergey/iqa-data/koniq10k/koniq10k/1024x768/3497202348.jpg,0.6342747726184761,66.8133316040039
12285,koniq10k,koniq10k/3499629801.jpg,/home/sergey/iqa-data/koniq10k/koniq10k/1024x768/3499629801.jpg,0.6921927075336209,77.2560043334961
12286,koniq10k,koniq10k/35002160.jpg,/home/sergey/iqa-data/koniq10k/koniq10k/1024x768/35002160.jpg,0.7626425932783568,48.78887939453125
12287,koniq10k,koniq10k/3501996576.jpg,/home/sergey/iqa-data/koniq10k/koniq10k/1024x768/3501996576.jpg,0.7659167065581624,71.70873260498047
12301,koniq10k,koniq10k/352331466.jpg,/home/sergey/iqa-data/koniq10k/koniq10k/1024x768/352331466.jpg,0.429519207754906,66.25149536132812
12302,koniq10k,koniq10k/3524216401.jpg,/home/sergey/iqa-data/koniq10k/koniq10k/1024x768/3524216401.jpg,0.7853039731929151,76.09808349609375
12315,koniq10k,koniq10k/3534610078.jpg,/home/sergey/iqa-data/koniq10k/koniq10k/1024x768/3534610078.jpg,0.825753949258018,80.12767791748047
12320,koniq10k,koniq10k/3537658496.jpg,/home/sergey/iqa-data/koniq10k/koniq10k/1024x768/3537658496.jpg,0.8240988765875965,68.77324676513672
12327,koniq10k,koniq10k/3545446713.jpg,/home/sergey/iqa-data/koniq10k/koniq10k/1024x768/3545446713.jpg,0.6865911875661497,74.40569305419922
12335,koniq10k,koniq10k/3552766173.jpg,/home/sergey/iqa-data/koniq10k/koniq10k/1024x768/3552766173.jpg,0.8265241315897978,72.1550521850586
12336,koniq10k,koniq10k/3552877026.jpg,/home/sergey/iqa-data/koniq10k/koniq10k/1024x768/3552877026.jpg,0.767412637625658,74.3764877319336
12352,koniq10k,koniq10k/3567892894.jpg,/home/sergey/iqa-data/koniq10k/koniq10k/1024x768/3567892894.jpg,0.7266118510592369,74.97926330566406
12356,koniq10k,koniq10k/3574423584.jpg,/home/sergey/iqa-data/koniq10k/koniq10k/1024x768/3574423584.jpg,0.6608996007922661,68.4984130859375
12365,koniq10k,koniq10k/3579701723.jpg,/home/sergey/iqa-data/koniq10k/koniq10k/1024x768/3579701723.jpg,0.2384157293995195,17.5100040435791
12379,koniq10k,koniq10k/3592827455.jpg,/home/sergey/iqa-data/koniq10k/koniq10k/1024x768/3592827455.jpg,0.6786491238879758,67.5497817993164
12395,koniq10k,koniq10k/3606644176.jpg,/home/sergey/iqa-data/koniq10k/koniq10k/1024x768/3606644176.jpg,0.7300673142503702,46.05540084838867
12398,koniq10k,koniq10k/3608691305.jpg,/home/sergey/iqa-data/koniq10k/koniq10k/1024x768/3608691305.jpg,0.6393552932250706,60.84782791137695
12403,koniq10k,koniq10k/3612122165.jpg,/home/sergey/iqa-data/koniq10k/koniq10k/1024x768/3612122165.jpg,0.6709323455734382,46.755943298339844
12409,koniq10k,koniq10k/3615562.jpg,/home/sergey/iqa-data/koniq10k/koniq10k/1024x768/3615562.jpg,0.2665579811591722,40.74127197265625
12411,koniq10k,koniq10k/3618474326.jpg,/home/sergey/iqa-data/koniq10k/koniq10k/1024x768/3618474326.jpg,0.7434341697379233,67.05266571044922
12412,koniq10k,koniq10k/3618795157.jpg,/home/sergey/iqa-data/koniq10k/koniq10k/1024x768/3618795157.jpg,0.8946522601381383,76.52281951904297
12418,koniq10k,koniq10k/362290262.jpg,/home/sergey/iqa-data/koniq10k/koniq10k/1024x768/362290262.jpg,0.7977501196744853,76.61058807373047
12420,koniq10k,koniq10k/3628043.jpg,/home/sergey/iqa-data/koniq10k/koniq10k/1024x768/3628043.jpg,0.7922121554143385,70.49433135986328
12421,koniq10k,koniq10k/3628605791.jpg,/home/sergey/iqa-data/koniq10k/koniq10k/1024x768/3628605791.jpg,0.5620994081937841,58.37372970581055
12429,koniq10k,koniq10k/3638870308.jpg,/home/sergey/iqa-data/koniq10k/koniq10k/1024x768/3638870308.jpg,0.6135350681098852,52.53840637207031
12435,koniq10k,koniq10k/3645413545.jpg,/home/sergey/iqa-data/koniq10k/koniq10k/1024x768/3645413545.jpg,0.3650071804691235,36.73857498168945
12444,koniq10k,koniq10k/3653350159.jpg,/home/sergey/iqa-data/koniq10k/koniq10k/1024x768/3653350159.jpg,0.802129319362444,70.23622131347656
12452,koniq10k,koniq10k/3661422978.jpg,/home/sergey/iqa-data/koniq10k/koniq10k/1024x768/3661422978.jpg,0.3760628234060477,30.08108139038086
12455,koniq10k,koniq10k/3662997757.jpg,/home/sergey/iqa-data/koniq10k/koniq10k/1024x768/3662997757.jpg,0.7980206880762581,68.7931900024414
12471,koniq10k,koniq10k/3677460940.jpg,/home/sergey/iqa-data/koniq10k/koniq10k/1024x768/3677460940.jpg,0.578245354454065,55.79739761352539
12474,koniq10k,koniq10k/3683418770.jpg,/home/sergey/iqa-data/koniq10k/koniq10k/1024x768/3683418770.jpg,0.6305490575069763,72.55467987060547
12475,koniq10k,koniq10k/3686287517.jpg,/home/sergey/iqa-data/koniq10k/koniq10k/1024x768/3686287517.jpg,0.5246126575319081,53.491214752197266
12478,koniq10k,koniq10k/3688594216.jpg,/home/sergey/iqa-data/koniq10k/koniq10k/1024x768/3688594216.jpg,0.633875857667144,48.6439094543457
12479,koniq10k,koniq10k/368909912.jpg,/home/sergey/iqa-data/koniq10k/koniq10k/1024x768/368909912.jpg,0.6615339609595225,63.98775863647461
12482,koniq10k,koniq10k/3691978983.jpg,/home/sergey/iqa-data/koniq10k/koniq10k/1024x768/3691978983.jpg,0.8340614499435312,41.27948760986328
12483,koniq10k,koniq10k/3693087386.jpg,/home/sergey/iqa-data/koniq10k/koniq10k/1024x768/3693087386.jpg,0.4768173425425698,43.87947082519531
12492,koniq10k,koniq10k/3702671816.jpg,/home/sergey/iqa-data/koniq10k/koniq10k/1024x768/3702671816.jpg,0.7319716539237567,59.425926208496094
12494,koniq10k,koniq10k/3705698114.jpg,/home/sergey/iqa-data/koniq10k/koniq10k/1024x768/3705698114.jpg,0.558832915645914,57.64811325073242
12499,koniq10k,koniq10k/3708130060.jpg,/home/sergey/iqa-data/koniq10k/koniq10k/1024x768/3708130060.jpg,0.5568282842098075,52.22724914550781
12500,koniq10k,koniq10k/3708879448.jpg,/home/sergey/iqa-data/koniq10k/koniq10k/1024x768/3708879448.jpg,0.6909720411964614,47.872798919677734
12504,koniq10k,koniq10k/3713010621.jpg,/home/sergey/iqa-data/koniq10k/koniq10k/1024x768/3713010621.jpg,0.457359755051167,48.18911361694336
12518,koniq10k,koniq10k/3722623767.jpg,/home/sergey/iqa-data/koniq10k/koniq10k/1024x768/3722623767.jpg,0.5483575241381188,62.66015625
12534,koniq10k,koniq10k/3736907392.jpg,/home/sergey/iqa-data/koniq10k/koniq10k/1024x768/3736907392.jpg,0.7198135357541771,65.58362579345703
12535,koniq10k,koniq10k/3737792738.jpg,/home/sergey/iqa-data/koniq10k/koniq10k/1024x768/3737792738.jpg,0.3560315940641462,38.88833236694336
12538,koniq10k,koniq10k/3740923361.jpg,/home/sergey/iqa-data/koniq10k/koniq10k/1024x768/3740923361.jpg,0.3774098089560029,51.281341552734375
12540,koniq10k,koniq10k/3741472599.jpg,/home/sergey/iqa-data/koniq10k/koniq10k/1024x768/3741472599.jpg,0.6780273253081904,58.82647705078125
12541,koniq10k,koniq10k/3742811862.jpg,/home/sergey/iqa-data/koniq10k/koniq10k/1024x768/3742811862.jpg,0.6041303503526996,50.15298843383789
12543,koniq10k,koniq10k/374612387.jpg,/home/sergey/iqa-data/koniq10k/koniq10k/1024x768/374612387.jpg,0.7180469123982754,73.98198699951172
12544,koniq10k,koniq10k/3749654443.jpg,/home/sergey/iqa-data/koniq10k/koniq10k/1024x768/3749654443.jpg,0.3908796644555366,28.602092742919922
12546,koniq10k,koniq10k/3750653207.jpg,/home/sergey/iqa-data/koniq10k/koniq10k/1024x768/3750653207.jpg,0.4962139344618992,52.05352783203125
12547,koniq10k,koniq10k/375084308.jpg,/home/sergey/iqa-data/koniq10k/koniq10k/1024x768/375084308.jpg,0.6632454772523692,69.11991119384766
12550,koniq10k,koniq10k/375446021.jpg,/home/sergey/iqa-data/koniq10k/koniq10k/1024x768/375446021.jpg,0.5284131834307887,52.7326774597168
12557,koniq10k,koniq10k/3758613590.jpg,/home/sergey/iqa-data/koniq10k/koniq10k/1024x768/3758613590.jpg,0.6564497507954842,59.037017822265625
12558,koniq10k,koniq10k/3758636614.jpg,/home/sergey/iqa-data/koniq10k/koniq10k/1024x768/3758636614.jpg,0.4154581890199832,50.38379669189453
12559,koniq10k,koniq10k/3758843972.jpg,/home/sergey/iqa-data/koniq10k/koniq10k/1024x768/3758843972.jpg,0.7098051789698064,71.45626831054688
12562,koniq10k,koniq10k/3761038439.jpg,/home/sergey/iqa-data/koniq10k/koniq10k/1024x768/3761038439.jpg,0.5923887027285779,55.52707290649414
12564,koniq10k,koniq10k/3761272199.jpg,/home/sergey/iqa-data/koniq10k/koniq10k/1024x768/3761272199.jpg,0.6664729079760198,48.38818359375
12569,koniq10k,koniq10k/3767341492.jpg,/home/sergey/iqa-data/koniq10k/koniq10k/1024x768/3767341492.jpg,0.3983027551199357,45.944236755371094
12576,koniq10k,koniq10k/3775862144.jpg,/home/sergey/iqa-data/koniq10k/koniq10k/1024x768/3775862144.jpg,0.7734235606423249,71.78394317626953
12585,koniq10k,koniq10k/3784715028.jpg,/home/sergey/iqa-data/koniq10k/koniq10k/1024x768/3784715028.jpg,0.6980635313456816,75.03050994873047
12589,koniq10k,koniq10k/3788379941.jpg,/home/sergey/iqa-data/koniq10k/koniq10k/1024x768/3788379941.jpg,0.8222499665773962,74.59393310546875
12590,koniq10k,koniq10k/3788909806.jpg,/home/sergey/iqa-data/koniq10k/koniq10k/1024x768/3788909806.jpg,0.6900055378781481,74.06400299072266
12592,koniq10k,koniq10k/3791999774.jpg,/home/sergey/iqa-data/koniq10k/koniq10k/1024x768/3791999774.jpg,0.2470081378650062,21.50912857055664
12593,koniq10k,koniq10k/3792338234.jpg,/home/sergey/iqa-data/koniq10k/koniq10k/1024x768/3792338234.jpg,0.6319900778972111,64.88590240478516
12595,koniq10k,koniq10k/379323686.jpg,/home/sergey/iqa-data/koniq10k/koniq10k/1024x768/379323686.jpg,0.7803131916829773,71.42188262939453
12601,koniq10k,koniq10k/3796455854.jpg,/home/sergey/iqa-data/koniq10k/koniq10k/1024x768/3796455854.jpg,0.6656013290907558,42.77192687988281
12604,koniq10k,koniq10k/3800600451.jpg,/home/sergey/iqa-data/koniq10k/koniq10k/1024x768/3800600451.jpg,0.8865703468384193,73.99433135986328
12606,koniq10k,koniq10k/3804031946.jpg,/home/sergey/iqa-data/koniq10k/koniq10k/1024x768/3804031946.jpg,0.7937234252245651,73.9440689086914
12617,koniq10k,koniq10k/3814668128.jpg,/home/sergey/iqa-data/koniq10k/koniq10k/1024x768/3814668128.jpg,0.6262557679845524,71.2005615234375
12627,koniq10k,koniq10k/3822808828.jpg,/home/sergey/iqa-data/koniq10k/koniq10k/1024x768/3822808828.jpg,0.8642977587448613,75.69783020019531
12630,koniq10k,koniq10k/3824413541.jpg,/home/sergey/iqa-data/koniq10k/koniq10k/1024x768/3824413541.jpg,0.7989303577029113,75.44361114501953
12631,koniq10k,koniq10k/3824485636.jpg,/home/sergey/iqa-data/koniq10k/koniq10k/1024x768/3824485636.jpg,0.5400450960303859,52.77511215209961
12632,koniq10k,koniq10k/3825250471.jpg,/home/sergey/iqa-data/koniq10k/koniq10k/1024x768/3825250471.jpg,0.8488023686683319,68.71151733398438
12638,koniq10k,koniq10k/3827560087.jpg,/home/sergey/iqa-data/koniq10k/koniq10k/1024x768/3827560087.jpg,0.8215109447756657,75.70536041259766
12639,koniq10k,koniq10k/382774042.jpg,/home/sergey/iqa-data/koniq10k/koniq10k/1024x768/382774042.jpg,0.2117541258650237,21.1061954498291
12654,koniq10k,koniq10k/3843859642.jpg,/home/sergey/iqa-data/koniq10k/koniq10k/1024x768/3843859642.jpg,0.7009989432517122,48.9429931640625
12667,koniq10k,koniq10k/3850577376.jpg,/home/sergey/iqa-data/koniq10k/koniq10k/1024x768/3850577376.jpg,0.4768173425425698,56.08275604248047
12669,koniq10k,koniq10k/3851941327.jpg,/home/sergey/iqa-data/koniq10k/koniq10k/1024x768/3851941327.jpg,0.6050888521995672,64.83888244628906
12672,koniq10k,koniq10k/3855419676.jpg,/home/sergey/iqa-data/koniq10k/koniq10k/1024x768/3855419676.jpg,0.8630923887027285,55.07610321044922
12676,koniq10k,koniq10k/3860253466.jpg,/home/sergey/iqa-data/koniq10k/koniq10k/1024x768/3860253466.jpg,0.6578947368421038,62.54255294799805
12678,koniq10k,koniq10k/3861043546.jpg,/home/sergey/iqa-data/koniq10k/koniq10k/1024x768/3861043546.jpg,0.7748922929631396,78.0309829711914
12688,koniq10k,koniq10k/3870457394.jpg,/home/sergey/iqa-data/koniq10k/koniq10k/1024x768/3870457394.jpg,0.7083641585795716,67.86911010742188
12689,koniq10k,koniq10k/3871801313.jpg,/home/sergey/iqa-data/koniq10k/koniq10k/1024x768/3871801313.jpg,0.5524240121914252,66.87135314941406
12695,koniq10k,koniq10k/3874382715.jpg,/home/sergey/iqa-data/koniq10k/koniq10k/1024x768/3874382715.jpg,0.3629521640531677,44.55711364746094
12699,koniq10k,koniq10k/3880140639.jpg,/home/sergey/iqa-data/koniq10k/koniq10k/1024x768/3880140639.jpg,0.3790261916159455,38.78444290161133
12701,koniq10k,koniq10k/3881103730.jpg,/home/sergey/iqa-data/koniq10k/koniq10k/1024x768/3881103730.jpg,0.900661312341542,75.94642639160156
12708,koniq10k,koniq10k/3890421755.jpg,/home/sergey/iqa-data/koniq10k/koniq10k/1024x768/3890421755.jpg,0.659500276893906,63.23173522949219
12712,koniq10k,koniq10k/3892332557.jpg,/home/sergey/iqa-data/koniq10k/koniq10k/1024x768/3892332557.jpg,0.5834131163236006,37.945987701416016
12719,koniq10k,koniq10k/3900966844.jpg,/home/sergey/iqa-data/koniq10k/koniq10k/1024x768/3900966844.jpg,0.3968850743676298,42.144866943359375
12721,koniq10k,koniq10k/3902626347.jpg,/home/sergey/iqa-data/koniq10k/koniq10k/1024x768/3902626347.jpg,0.2261635960806061,34.20153045654297
12735,koniq10k,koniq10k/3916850615.jpg,/home/sergey/iqa-data/koniq10k/koniq10k/1024x768/3916850615.jpg,0.721546826593928,68.96878814697266
12736,koniq10k,koniq10k/3916915691.jpg,/home/sergey/iqa-data/koniq10k/koniq10k/1024x768/3916915691.jpg,0.5491729163342367,39.98395538330078
12743,koniq10k,koniq10k/3921589638.jpg,/home/sergey/iqa-data/koniq10k/koniq10k/1024x768/3921589638.jpg,0.7898516036381029,75.65523529052734
12747,koniq10k,koniq10k/3923541475.jpg,/home/sergey/iqa-data/koniq10k/koniq10k/1024x768/3923541475.jpg,0.5982595265406386,52.677001953125
12753,koniq10k,koniq10k/3930941584.jpg,/home/sergey/iqa-data/koniq10k/koniq10k/1024x768/3930941584.jpg,0.4154581890199832,55.54126739501953
12758,koniq10k,koniq10k/3934165977.jpg,/home/sergey/iqa-data/koniq10k/koniq10k/1024x768/3934165977.jpg,0.6073480134035409,45.662410736083984
12761,koniq10k,koniq10k/3935177366.jpg,/home/sergey/iqa-data/koniq10k/koniq10k/1024x768/3935177366.jpg,0.2208168538855867,33.91048049926758
12767,koniq10k,koniq10k/3940357186.jpg,/home/sergey/iqa-data/koniq10k/koniq10k/1024x768/3940357186.jpg,0.4836359664818472,51.989959716796875
12772,koniq10k,koniq10k/3945869834.jpg,/home/sergey/iqa-data/koniq10k/koniq10k/1024x768/3945869834.jpg,0.8755105033228537,73.04353332519531
12774,koniq10k,koniq10k/3947046278.jpg,/home/sergey/iqa-data/koniq10k/koniq10k/1024x768/3947046278.jpg,0.7287036403838705,70.92137908935547
12776,koniq10k,koniq10k/3948277105.jpg,/home/sergey/iqa-data/koniq10k/koniq10k/1024x768/3948277105.jpg,0.6301924186772712,53.69477844238281
12777,koniq10k,koniq10k/3948522988.jpg,/home/sergey/iqa-data/koniq10k/koniq10k/1024x768/3948522988.jpg,0.5325514600287222,30.580162048339844
12780,koniq10k,koniq10k/3949472497.jpg,/home/sergey/iqa-data/koniq10k/koniq10k/1024x768/3949472497.jpg,0.734630376803666,71.20178985595703
12785,koniq10k,koniq10k/395315549.jpg,/home/sergey/iqa-data/koniq10k/koniq10k/1024x768/395315549.jpg,0.5575580689182146,59.2311897277832
12786,koniq10k,koniq10k/39540491.jpg,/home/sergey/iqa-data/koniq10k/koniq10k/1024x768/39540491.jpg,0.8337508891702421,75.80614471435547
12787,koniq10k,koniq10k/3954258141.jpg,/home/sergey/iqa-data/koniq10k/koniq10k/1024x768/3954258141.jpg,0.6971038774533261,55.38728713989258
12790,koniq10k,koniq10k/3957754780.jpg,/home/sergey/iqa-data/koniq10k/koniq10k/1024x768/3957754780.jpg,0.4498977733834975,48.25157165527344
12794,koniq10k,koniq10k/3961390501.jpg,/home/sergey/iqa-data/koniq10k/koniq10k/1024x768/3961390501.jpg,0.8296048609169191,75.27709197998047
12808,koniq10k,koniq10k/3971799391.jpg,/home/sergey/iqa-data/koniq10k/koniq10k/1024x768/3971799391.jpg,0.6286396148108204,72.57616424560547
12812,koniq10k,koniq10k/3975469304.jpg,/home/sergey/iqa-data/koniq10k/koniq10k/1024x768/3975469304.jpg,0.8793750900463366,75.62867736816406
12818,koniq10k,koniq10k/3980206588.jpg,/home/sergey/iqa-data/koniq10k/koniq10k/1024x768/3980206588.jpg,0.6657740003793442,60.1254997253418
12820,koniq10k,koniq10k/3980401611.jpg,/home/sergey/iqa-data/koniq10k/koniq10k/1024x768/3980401611.jpg,0.4877014893321938,44.16352844238281
12827,koniq10k,koniq10k/3985602874.jpg,/home/sergey/iqa-data/koniq10k/koniq10k/1024x768/3985602874.jpg,0.7419818094782188,67.8256607055664
12836,koniq10k,koniq10k/3995400927.jpg,/home/sergey/iqa-data/koniq10k/koniq10k/1024x768/3995400927.jpg,0.6709323455734382,68.90670013427734
12847,koniq10k,koniq10k/4005164524.jpg,/home/sergey/iqa-data/koniq10k/koniq10k/1024x768/4005164524.jpg,0.4661234485677199,37.161109924316406
12852,koniq10k,koniq10k/4010451143.jpg,/home/sergey/iqa-data/koniq10k/koniq10k/1024x768/4010451143.jpg,0.7883002677162564,79.94100189208984
12855,koniq10k,koniq10k/4016051317.jpg,/home/sergey/iqa-data/koniq10k/koniq10k/1024x768/4016051317.jpg,0.3701360869862551,47.447853088378906
12858,koniq10k,koniq10k/4016639569.jpg,/home/sergey/iqa-data/koniq10k/koniq10k/1024x768/4016639569.jpg,0.7670157579546902,76.18168640136719
12859,koniq10k,koniq10k/4017312321.jpg,/home/sergey/iqa-data/koniq10k/koniq10k/1024x768/4017312321.jpg,0.334665467504145,55.16969299316406
12867,koniq10k,koniq10k/4026925102.jpg,/home/sergey/iqa-data/koniq10k/koniq10k/1024x768/4026925102.jpg,0.7145237850243592,60.62273025512695
12871,koniq10k,koniq10k/4033495510.jpg,/home/sergey/iqa-data/koniq10k/koniq10k/1024x768/4033495510.jpg,0.3306706692376177,31.73338508605957
12873,koniq10k,koniq10k/4034290606.jpg,/home/sergey/iqa-data/koniq10k/koniq10k/1024x768/4034290606.jpg,0.6618696175528784,62.65711975097656
12886,koniq10k,koniq10k/4042245241.jpg,/home/sergey/iqa-data/koniq10k/koniq10k/1024x768/4042245241.jpg,0.4464493745154755,38.99623107910156
12895,koniq10k,koniq10k/4047293612.jpg,/home/sergey/iqa-data/koniq10k/koniq10k/1024x768/4047293612.jpg,0.7261556976239565,67.67876434326172
12897,koniq10k,koniq10k/4049047636.jpg,/home/sergey/iqa-data/koniq10k/koniq10k/1024x768/4049047636.jpg,0.2006684674827321,36.51665115356445
12905,koniq10k,koniq10k/4062759482.jpg,/home/sergey/iqa-data/koniq10k/koniq10k/1024x768/4062759482.jpg,0.3506889831088018,37.87297058105469
12920,koniq10k,koniq10k/4080731983.jpg,/home/sergey/iqa-data/koniq10k/koniq10k/1024x768/4080731983.jpg,0.7203397413241595,72.78196716308594
12922,koniq10k,koniq10k/4081293153.jpg,/home/sergey/iqa-data/koniq10k/koniq10k/1024x768/4081293153.jpg,0.6664729079760198,62.516014099121094
12927,koniq10k,koniq10k/4086204414.jpg,/home/sergey/iqa-data/koniq10k/koniq10k/1024x768/4086204414.jpg,0.296638687324931,28.24251365661621
12934,koniq10k,koniq10k/409280416.jpg,/home/sergey/iqa-data/koniq10k/koniq10k/1024x768/409280416.jpg,0.5376487066290783,54.94284439086914
12936,koniq10k,koniq10k/4094774604.jpg,/home/sergey/iqa-data/koniq10k/koniq10k/1024x768/4094774604.jpg,0.4336368343412046,53.555320739746094
12946,koniq10k,koniq10k/4100631766.jpg,/home/sergey/iqa-data/koniq10k/koniq10k/1024x768/4100631766.jpg,0.4764687109884647,38.11891555786133
12947,koniq10k,koniq10k/4103115026.jpg,/home/sergey/iqa-data/koniq10k/koniq10k/1024x768/4103115026.jpg,0.1313155489795026,18.14476776123047
12948,koniq10k,koniq10k/4103158795.jpg,/home/sergey/iqa-data/koniq10k/koniq10k/1024x768/4103158795.jpg,0.7909343727917213,61.34801483154297
12951,koniq10k,koniq10k/4107362083.jpg,/home/sergey/iqa-data/koniq10k/koniq10k/1024x768/4107362083.jpg,0.8975586404978456,68.95178985595703
12953,koniq10k,koniq10k/4109408743.jpg,/home/sergey/iqa-data/koniq10k/koniq10k/1024x768/4109408743.jpg,0.8192109984207434,72.92715454101562
12956,koniq10k,koniq10k/411090819.jpg,/home/sergey/iqa-data/koniq10k/koniq10k/1024x768/411090819.jpg,0.1826517022214409,24.617860794067383
12962,koniq10k,koniq10k/4114743309.jpg,/home/sergey/iqa-data/koniq10k/koniq10k/1024x768/4114743309.jpg,0.8211781601103826,73.93643188476562
12966,koniq10k,koniq10k/4124391067.jpg,/home/sergey/iqa-data/koniq10k/koniq10k/1024x768/4124391067.jpg,0.2335808762328629,35.07903289794922
12975,koniq10k,koniq10k/4132558989.jpg,/home/sergey/iqa-data/koniq10k/koniq10k/1024x768/4132558989.jpg,0.831737673528004,72.37425994873047
12979,koniq10k,koniq10k/4137012282.jpg,/home/sergey/iqa-data/koniq10k/koniq10k/1024x768/4137012282.jpg,0.5183044974811359,50.58600616455078
12982,koniq10k,koniq10k/4139991387.jpg,/home/sergey/iqa-data/koniq10k/koniq10k/1024x768/4139991387.jpg,0.6282910483484933,52.87102508544922
12984,koniq10k,koniq10k/4142709624.jpg,/home/sergey/iqa-data/koniq10k/koniq10k/1024x768/4142709624.jpg,0.827221655211035,80.15689849853516
12992,koniq10k,koniq10k/414892775.jpg,/home/sergey/iqa-data/koniq10k/koniq10k/1024x768/414892775.jpg,0.6800774620305489,77.69029235839844
12993,koniq10k,koniq10k/4149241552.jpg,/home/sergey/iqa-data/koniq10k/koniq10k/1024x768/4149241552.jpg,0.7265558781033022,60.400814056396484
12999,koniq10k,koniq10k/4154530402.jpg,/home/sergey/iqa-data/koniq10k/koniq10k/1024x768/4154530402.jpg,0.5861656294877928,67.11231231689453
13001,koniq10k,koniq10k/4156345687.jpg,/home/sergey/iqa-data/koniq10k/koniq10k/1024x768/4156345687.jpg,0.7968611092115169,71.65785217285156
13005,koniq10k,koniq10k/4157144630.jpg,/home/sergey/iqa-data/koniq10k/koniq10k/1024x768/4157144630.jpg,0.5396037064897751,55.274757385253906
13014,koniq10k,koniq10k/4167140049.jpg,/home/sergey/iqa-data/koniq10k/koniq10k/1024x768/4167140049.jpg,0.6732886548587838,54.18024444580078
13015,koniq10k,koniq10k/4167190092.jpg,/home/sergey/iqa-data/koniq10k/koniq10k/1024x768/4167190092.jpg,0.4004621448352071,31.074148178100586
13021,koniq10k,koniq10k/4170535749.jpg,/home/sergey/iqa-data/koniq10k/koniq10k/1024x768/4170535749.jpg,0.5772841560276427,54.04513168334961
13024,koniq10k,koniq10k/4172609703.jpg,/home/sergey/iqa-data/koniq10k/koniq10k/1024x768/4172609703.jpg,0.4141825144697334,50.534706115722656
13027,koniq10k,koniq10k/4174114328.jpg,/home/sergey/iqa-data/koniq10k/koniq10k/1024x768/4174114328.jpg,0.7510770703685972,70.76251983642578
13030,koniq10k,koniq10k/4176378029.jpg,/home/sergey/iqa-data/koniq10k/koniq10k/1024x768/4176378029.jpg,0.5146002872187645,36.13727569580078
13041,koniq10k,koniq10k/4183330908.jpg,/home/sergey/iqa-data/koniq10k/koniq10k/1024x768/4183330908.jpg,0.742094709936144,62.048866271972656
13045,koniq10k,koniq10k/4186428624.jpg,/home/sergey/iqa-data/koniq10k/koniq10k/1024x768/4186428624.jpg,0.7168501675442794,66.0228500366211
13047,koniq10k,koniq10k/4187182991.jpg,/home/sergey/iqa-data/koniq10k/koniq10k/1024x768/4187182991.jpg,0.5290565414285526,70.71910858154297
13051,koniq10k,koniq10k/4193696727.jpg,/home/sergey/iqa-data/koniq10k/koniq10k/1024x768/4193696727.jpg,0.5952697551548675,66.92536926269531
13060,koniq10k,koniq10k/4199130600.jpg,/home/sergey/iqa-data/koniq10k/koniq10k/1024x768/4199130600.jpg,0.8089760557166861,75.68535614013672
13061,koniq10k,koniq10k/4201007649.jpg,/home/sergey/iqa-data/koniq10k/koniq10k/1024x768/4201007649.jpg,0.6812897490255088,67.6515121459961
13068,koniq10k,koniq10k/4210559322.jpg,/home/sergey/iqa-data/koniq10k/koniq10k/1024x768/4210559322.jpg,0.3526005595056675,46.60070037841797
13074,koniq10k,koniq10k/4214550696.jpg,/home/sergey/iqa-data/koniq10k/koniq10k/1024x768/4214550696.jpg,0.6372396810405411,66.49381256103516
13076,koniq10k,koniq10k/4214814193.jpg,/home/sergey/iqa-data/koniq10k/koniq10k/1024x768/4214814193.jpg,0.7838678793681201,65.17513275146484
13079,koniq10k,koniq10k/4216117221.jpg,/home/sergey/iqa-data/koniq10k/koniq10k/1024x768/4216117221.jpg,0.3212845219419019,33.903594970703125
13081,koniq10k,koniq10k/4217243298.jpg,/home/sergey/iqa-data/koniq10k/koniq10k/1024x768/4217243298.jpg,0.6262767253269127,60.97374725341797
13086,koniq10k,koniq10k/4223697086.jpg,/home/sergey/iqa-data/koniq10k/koniq10k/1024x768/4223697086.jpg,0.7079600629145859,67.2374038696289
13088,koniq10k,koniq10k/4228738752.jpg,/home/sergey/iqa-data/koniq10k/koniq10k/1024x768/4228738752.jpg,0.7731541635323346,73.82173919677734
13094,koniq10k,koniq10k/4234199993.jpg,/home/sergey/iqa-data/koniq10k/koniq10k/1024x768/4234199993.jpg,0.7041623483154932,74.16207122802734
13099,koniq10k,koniq10k/4239274380.jpg,/home/sergey/iqa-data/koniq10k/koniq10k/1024x768/4239274380.jpg,0.3039469868235772,40.057823181152344
13105,koniq10k,koniq10k/4243451745.jpg,/home/sergey/iqa-data/koniq10k/koniq10k/1024x768/4243451745.jpg,0.8113486871265702,75.4345703125
13107,koniq10k,koniq10k/4243875190.jpg,/home/sergey/iqa-data/koniq10k/koniq10k/1024x768/4243875190.jpg,0.7895553796643413,64.11534881591797
13109,koniq10k,koniq10k/4244935320.jpg,/home/sergey/iqa-data/koniq10k/koniq10k/1024x768/4244935320.jpg,0.7203397413241595,69.51392364501953
13113,koniq10k,koniq10k/4246970583.jpg,/home/sergey/iqa-data/koniq10k/koniq10k/1024x768/4246970583.jpg,0.3219467347879191,40.503623962402344
13116,koniq10k,koniq10k/42490373.jpg,/home/sergey/iqa-data/koniq10k/koniq10k/1024x768/42490373.jpg,0.6890578016145612,77.27770233154297
13117,koniq10k,koniq10k/4250403356.jpg,/home/sergey/iqa-data/koniq10k/koniq10k/1024x768/4250403356.jpg,0.3546203383400905,39.63395690917969
13119,koniq10k,koniq10k/4252517673.jpg,/home/sergey/iqa-data/koniq10k/koniq10k/1024x768/4252517673.jpg,0.6931432218650969,67.85655212402344
13121,koniq10k,koniq10k/4253075090.jpg,/home/sergey/iqa-data/koniq10k/koniq10k/1024x768/4253075090.jpg,0.8271682840854679,55.38081359863281
13122,koniq10k,koniq10k/4254945684.jpg,/home/sergey/iqa-data/koniq10k/koniq10k/1024x768/4254945684.jpg,0.2259834558412336,51.699424743652344
13127,koniq10k,koniq10k/4258180825.jpg,/home/sergey/iqa-data/koniq10k/koniq10k/1024x768/4258180825.jpg,0.6933034039304966,67.94864654541016
13129,koniq10k,koniq10k/4258644297.jpg,/home/sergey/iqa-data/koniq10k/koniq10k/1024x768/4258644297.jpg,0.768132900732229,62.23334503173828
13132,koniq10k,koniq10k/425916994.jpg,/home/sergey/iqa-data/koniq10k/koniq10k/1024x768/425916994.jpg,0.417011184124636,56.129573822021484
13133,koniq10k,koniq10k/4259335567.jpg,/home/sergey/iqa-data/koniq10k/koniq10k/1024x768/4259335567.jpg,0.4383522363725102,51.847618103027344
13134,koniq10k,koniq10k/4260146768.jpg,/home/sergey/iqa-data/koniq10k/koniq10k/1024x768/4260146768.jpg,0.7510160598466296,75.00237274169922
13147,koniq10k,koniq10k/427196028.jpg,/home/sergey/iqa-data/koniq10k/koniq10k/1024x768/427196028.jpg,0.4226685234344381,44.699485778808594
13151,koniq10k,koniq10k/4277539505.jpg,/home/sergey/iqa-data/koniq10k/koniq10k/1024x768/4277539505.jpg,0.7079600629145859,64.81501007080078
13159,koniq10k,koniq10k/4285776519.jpg,/home/sergey/iqa-data/koniq10k/koniq10k/1024x768/4285776519.jpg,0.3265486807921266,33.53907012939453
13175,koniq10k,koniq10k/4297818651.jpg,/home/sergey/iqa-data/koniq10k/koniq10k/1024x768/4297818651.jpg,0.439133913962974,28.71276092529297
13176,koniq10k,koniq10k/4298067776.jpg,/home/sergey/iqa-data/koniq10k/koniq10k/1024x768/4298067776.jpg,0.7645805351192336,65.94190216064453
13177,koniq10k,koniq10k/4298186333.jpg,/home/sergey/iqa-data/koniq10k/koniq10k/1024x768/4298186333.jpg,0.7577766852539465,67.5357437133789
13183,koniq10k,koniq10k/4300400521.jpg,/home/sergey/iqa-data/koniq10k/koniq10k/1024x768/4300400521.jpg,0.4999668229149372,45.65522766113281
13184,koniq10k,koniq10k/430051470.jpg,/home/sergey/iqa-data/koniq10k/koniq10k/1024x768/430051470.jpg,0.6475577917426307,74.49014282226562
13185,koniq10k,koniq10k/4302524395.jpg,/home/sergey/iqa-data/koniq10k/koniq10k/1024x768/4302524395.jpg,0.4501470286534896,32.627113342285156
13187,koniq10k,koniq10k/4305975001.jpg,/home/sergey/iqa-data/koniq10k/koniq10k/1024x768/4305975001.jpg,0.8303297384056538,69.7701416015625
13191,koniq10k,koniq10k/430961914.jpg,/home/sergey/iqa-data/koniq10k/koniq10k/1024x768/430961914.jpg,0.7689085686931536,68.58319091796875
13192,koniq10k,koniq10k/4310499723.jpg,/home/sergey/iqa-data/koniq10k/koniq10k/1024x768/4310499723.jpg,0.5689054074803315,62.20891571044922
13194,koniq10k,koniq10k/4312794040.jpg,/home/sergey/iqa-data/koniq10k/koniq10k/1024x768/4312794040.jpg,0.6903444852224155,64.38765716552734
13205,koniq10k,koniq10k/4321643395.jpg,/home/sergey/iqa-data/koniq10k/koniq10k/1024x768/4321643395.jpg,0.6479518566641594,39.65373229980469
13214,koniq10k,koniq10k/4330138497.jpg,/home/sergey/iqa-data/koniq10k/koniq10k/1024x768/4330138497.jpg,0.8330924790230957,73.71407318115234
13228,koniq10k,koniq10k/4340329166.jpg,/home/sergey/iqa-data/koniq10k/koniq10k/1024x768/4340329166.jpg,0.806673771868819,59.88472366333008
13233,koniq10k,koniq10k/4344642946.jpg,/home/sergey/iqa-data/koniq10k/koniq10k/1024x768/4344642946.jpg,0.8146413184709005,69.34156799316406
13241,koniq10k,koniq10k/4347235307.jpg,/home/sergey/iqa-data/koniq10k/koniq10k/1024x768/4347235307.jpg,0.8729826301032606,67.45157623291016
13242,koniq10k,koniq10k/4347675881.jpg,/home/sergey/iqa-data/koniq10k/koniq10k/1024x768/4347675881.jpg,0.5593458359633464,41.66272735595703
13243,koniq10k,koniq10k/434815119.jpg,/home/sergey/iqa-data/koniq10k/koniq10k/1024x768/434815119.jpg,0.2516013585903462,24.306468963623047
13248,koniq10k,koniq10k/4353658003.jpg,/home/sergey/iqa-data/koniq10k/koniq10k/1024x768/4353658003.jpg,0.1454588972540123,29.173595428466797
13255,koniq10k,koniq10k/4359682859.jpg,/home/sergey/iqa-data/koniq10k/koniq10k/1024x768/4359682859.jpg,0.8768720508787513,78.4374771118164
13268,koniq10k,koniq10k/4371356797.jpg,/home/sergey/iqa-data/koniq10k/koniq10k/1024x768/4371356797.jpg,0.5531440967056077,36.45568084716797
13276,koniq10k,koniq10k/4376675146.jpg,/home/sergey/iqa-data/koniq10k/koniq10k/1024x768/4376675146.jpg,0.4098851124940161,48.21692657470703
13287,koniq10k,koniq10k/4391517237.jpg,/home/sergey/iqa-data/koniq10k/koniq10k/1024x768/4391517237.jpg,0.6228939637128171,63.70513916015625
13301,koniq10k,koniq10k/4404389524.jpg,/home/sergey/iqa-data/koniq10k/koniq10k/1024x768/4404389524.jpg,0.4661659907692582,32.891639709472656
13304,koniq10k,koniq10k/4406684120.jpg,/home/sergey/iqa-data/koniq10k/koniq10k/1024x768/4406684120.jpg,0.6305490575069763,57.00560760498047
13307,koniq10k,koniq10k/4407839974.jpg,/home/sergey/iqa-data/koniq10k/koniq10k/1024x768/4407839974.jpg,0.6901798536551992,74.4590835571289
13314,koniq10k,koniq10k/4411449023.jpg,/home/sergey/iqa-data/koniq10k/koniq10k/1024x768/4411449023.jpg,0.714283951774884,70.3051528930664
13317,koniq10k,koniq10k/4414969933.jpg,/home/sergey/iqa-data/koniq10k/koniq10k/1024x768/4414969933.jpg,0.7014528729279051,72.77388763427734
13319,koniq10k,koniq10k/4418637804.jpg,/home/sergey/iqa-data/koniq10k/koniq10k/1024x768/4418637804.jpg,0.7494195228231542,73.44173431396484
13321,koniq10k,koniq10k/4420983663.jpg,/home/sergey/iqa-data/koniq10k/koniq10k/1024x768/4420983663.jpg,0.3345756684674815,39.1708984375
13322,koniq10k,koniq10k/4422544352.jpg,/home/sergey/iqa-data/koniq10k/koniq10k/1024x768/4422544352.jpg,0.7168501675442794,61.926788330078125
13325,koniq10k,koniq10k/4423467099.jpg,/home/sergey/iqa-data/koniq10k/koniq10k/1024x768/4423467099.jpg,0.6012788073582712,37.74993133544922
13331,koniq10k,koniq10k/4426149096.jpg,/home/sergey/iqa-data/koniq10k/koniq10k/1024x768/4426149096.jpg,0.7065529959947775,67.48001861572266
13332,koniq10k,koniq10k/4428546636.jpg,/home/sergey/iqa-data/koniq10k/koniq10k/1024x768/4428546636.jpg,0.5625179511728096,68.28672790527344
13340,koniq10k,koniq10k/4432502474.jpg,/home/sergey/iqa-data/koniq10k/koniq10k/1024x768/4432502474.jpg,0.6755683945608545,72.76581573486328
13341,koniq10k,koniq10k/4433497740.jpg,/home/sergey/iqa-data/koniq10k/koniq10k/1024x768/4433497740.jpg,0.6717023812876022,62.94145965576172
13347,koniq10k,koniq10k/443706084.jpg,/home/sergey/iqa-data/koniq10k/koniq10k/1024x768/443706084.jpg,0.6808539595828768,77.64988708496094
13356,koniq10k,koniq10k/4442175074.jpg,/home/sergey/iqa-data/koniq10k/koniq10k/1024x768/4442175074.jpg,0.9213225740272182,74.2134017944336
13367,koniq10k,koniq10k/4459598484.jpg,/home/sergey/iqa-data/koniq10k/koniq10k/1024x768/4459598484.jpg,0.7185320792309796,64.9755630493164
13376,koniq10k,koniq10k/4468108530.jpg,/home/sergey/iqa-data/koniq10k/koniq10k/1024x768/4468108530.jpg,0.6552178075634282,46.58509063720703
13378,koniq10k,koniq10k/4469938423.jpg,/home/sergey/iqa-data/koniq10k/koniq10k/1024x768/4469938423.jpg,0.6039129124337363,43.67451095581055
13386,koniq10k,koniq10k/4478081768.jpg,/home/sergey/iqa-data/koniq10k/koniq10k/1024x768/4478081768.jpg,0.5027764480612729,49.64777374267578
13389,koniq10k,koniq10k/4480082097.jpg,/home/sergey/iqa-data/koniq10k/koniq10k/1024x768/4480082097.jpg,0.8441403020148834,75.36808013916016
13392,koniq10k,koniq10k/4483151821.jpg,/home/sergey/iqa-data/koniq10k/koniq10k/1024x768/4483151821.jpg,0.388942077549067,51.125946044921875
13397,koniq10k,koniq10k/4489064763.jpg,/home/sergey/iqa-data/koniq10k/koniq10k/1024x768/4489064763.jpg,0.6778034334844519,52.12906265258789
13403,koniq10k,koniq10k/4493244545.jpg,/home/sergey/iqa-data/koniq10k/koniq10k/1024x768/4493244545.jpg,0.8286350016843078,70.49640655517578
13405,koniq10k,koniq10k/4495516735.jpg,/home/sergey/iqa-data/koniq10k/koniq10k/1024x768/4495516735.jpg,0.7065735328347261,74.94725799560547
13408,koniq10k,koniq10k/4496338663.jpg,/home/sergey/iqa-data/koniq10k/koniq10k/1024x768/4496338663.jpg,0.4554810914313063,18.15309715270996
13412,koniq10k,koniq10k/450063799.jpg,/home/sergey/iqa-data/koniq10k/koniq10k/1024x768/450063799.jpg,0.6533992246970592,67.71438598632812
13418,koniq10k,koniq10k/450407660.jpg,/home/sergey/iqa-data/koniq10k/koniq10k/1024x768/450407660.jpg,0.6662217750768754,74.3391342163086
13420,koniq10k,koniq10k/4504355317.jpg,/home/sergey/iqa-data/koniq10k/koniq10k/1024x768/4504355317.jpg,0.8791381559804389,69.1847915649414
13422,koniq10k,koniq10k/4506321902.jpg,/home/sergey/iqa-data/koniq10k/koniq10k/1024x768/4506321902.jpg,0.702588958034148,64.82002258300781
13426,koniq10k,koniq10k/4511318356.jpg,/home/sergey/iqa-data/koniq10k/koniq10k/1024x768/4511318356.jpg,0.7510770703685972,69.82652282714844
13430,koniq10k,koniq10k/4513142635.jpg,/home/sergey/iqa-data/koniq10k/koniq10k/1024x768/4513142635.jpg,0.4691595296437237,54.386817932128906
13442,koniq10k,koniq10k/4524543534.jpg,/home/sergey/iqa-data/koniq10k/koniq10k/1024x768/4524543534.jpg,0.6657740003793442,66.55876159667969
13445,koniq10k,koniq10k/4525459727.jpg,/home/sergey/iqa-data/koniq10k/koniq10k/1024x768/4525459727.jpg,0.821350831398971,69.2902603149414
13461,koniq10k,koniq10k/4535634069.jpg,/home/sergey/iqa-data/koniq10k/koniq10k/1024x768/4535634069.jpg,0.6970494799599644,64.14830017089844
13466,koniq10k,koniq10k/4539567531.jpg,/home/sergey/iqa-data/koniq10k/koniq10k/1024x768/4539567531.jpg,0.5410332439454003,47.072608947753906
13479,koniq10k,koniq10k/4550104555.jpg,/home/sergey/iqa-data/koniq10k/koniq10k/1024x768/4550104555.jpg,0.7527771883158211,72.3083724975586
13483,koniq10k,koniq10k/4555936051.jpg,/home/sergey/iqa-data/koniq10k/koniq10k/1024x768/4555936051.jpg,0.825753949258018,70.76487731933594
13484,koniq10k,koniq10k/4556815018.jpg,/home/sergey/iqa-data/koniq10k/koniq10k/1024x768/4556815018.jpg,0.7113592205671159,71.30219268798828
13487,koniq10k,koniq10k/4562682674.jpg,/home/sergey/iqa-data/koniq10k/koniq10k/1024x768/4562682674.jpg,0.4339832020540484,32.27455139160156
13489,koniq10k,koniq10k/4563172093.jpg,/home/sergey/iqa-data/koniq10k/koniq10k/1024x768/4563172093.jpg,0.784109646005291,71.0652084350586
13491,koniq10k,koniq10k/4565000392.jpg,/home/sergey/iqa-data/koniq10k/koniq10k/1024x768/4565000392.jpg,0.6608425083772138,57.01665496826172
13504,koniq10k,koniq10k/4573273622.jpg,/home/sergey/iqa-data/koniq10k/koniq10k/1024x768/4573273622.jpg,0.7618288157202494,66.6417465209961
13516,koniq10k,koniq10k/4580698398.jpg,/home/sergey/iqa-data/koniq10k/koniq10k/1024x768/4580698398.jpg,0.3781036335883367,32.9119987487793
13522,koniq10k,koniq10k/4585460509.jpg,/home/sergey/iqa-data/koniq10k/koniq10k/1024x768/4585460509.jpg,0.6535081720577166,62.26261520385742
13524,koniq10k,koniq10k/4586793310.jpg,/home/sergey/iqa-data/koniq10k/koniq10k/1024x768/4586793310.jpg,0.5462918639079472,52.6635856628418
13529,koniq10k,koniq10k/4591422965.jpg,/home/sergey/iqa-data/koniq10k/koniq10k/1024x768/4591422965.jpg,0.8129150845622236,78.29174041748047
13534,koniq10k,koniq10k/4596719098.jpg,/home/sergey/iqa-data/koniq10k/koniq10k/1024x768/4596719098.jpg,0.5923887027285779,31.210128784179688
13543,koniq10k,koniq10k/460148364.jpg,/home/sergey/iqa-data/koniq10k/koniq10k/1024x768/460148364.jpg,0.4953087601723308,45.94807434082031
13554,koniq10k,koniq10k/4605755313.jpg,/home/sergey/iqa-data/koniq10k/koniq10k/1024x768/4605755313.jpg,0.5301579703207271,59.11281967163086
13561,koniq10k,koniq10k/4611014636.jpg,/home/sergey/iqa-data/koniq10k/koniq10k/1024x768/4611014636.jpg,0.823688770085192,77.36333465576172
13562,koniq10k,koniq10k/46116416.jpg,/home/sergey/iqa-data/koniq10k/koniq10k/1024x768/46116416.jpg,0.7645805351192336,67.43001556396484
13569,koniq10k,koniq10k/4617763829.jpg,/home/sergey/iqa-data/koniq10k/koniq10k/1024x768/4617763829.jpg,0.739322376469336,63.79130935668945
13574,koniq10k,koniq10k/4623510365.jpg,/home/sergey/iqa-data/koniq10k/koniq10k/1024x768/4623510365.jpg,0.7294104988559542,62.236473083496094
13580,koniq10k,koniq10k/4630540392.jpg,/home/sergey/iqa-data/koniq10k/koniq10k/1024x768/4630540392.jpg,0.7623707958796528,47.76132583618164
13587,koniq10k,koniq10k/463426919.jpg,/home/sergey/iqa-data/koniq10k/koniq10k/1024x768/463426919.jpg,0.3907150328883202,49.16767501831055
13589,koniq10k,koniq10k/463525569.jpg,/home/sergey/iqa-data/koniq10k/koniq10k/1024x768/463525569.jpg,0.7463940506065908,73.2529067993164
13593,koniq10k,koniq10k/4638196012.jpg,/home/sergey/iqa-data/koniq10k/koniq10k/1024x768/4638196012.jpg,0.8293222251988364,76.107421875
13596,koniq10k,koniq10k/4639008494.jpg,/home/sergey/iqa-data/koniq10k/koniq10k/1024x768/4639008494.jpg,0.401383484447057,32.108707427978516
13608,koniq10k,koniq10k/4651402324.jpg,/home/sergey/iqa-data/koniq10k/koniq10k/1024x768/4651402324.jpg,0.7754202686340221,79.5993423461914
13609,koniq10k,koniq10k/4655744443.jpg,/home/sergey/iqa-data/koniq10k/koniq10k/1024x768/4655744443.jpg,0.7597071813723265,75.34100341796875
13611,koniq10k,koniq10k/4656808355.jpg,/home/sergey/iqa-data/koniq10k/koniq10k/1024x768/4656808355.jpg,0.6372666347534705,59.89265441894531
13614,koniq10k,koniq10k/4663774613.jpg,/home/sergey/iqa-data/koniq10k/koniq10k/1024x768/4663774613.jpg,0.8133950421209465,72.49334716796875
13623,koniq10k,koniq10k/4669146975.jpg,/home/sergey/iqa-data/koniq10k/koniq10k/1024x768/4669146975.jpg,0.446989795233599,49.78791046142578
13626,koniq10k,koniq10k/4670590256.jpg,/home/sergey/iqa-data/koniq10k/koniq10k/1024x768/4670590256.jpg,0.6586529085332328,65.96607971191406
13635,koniq10k,koniq10k/4674618399.jpg,/home/sergey/iqa-data/koniq10k/koniq10k/1024x768/4674618399.jpg,0.635604489122919,52.14447784423828
13645,koniq10k,koniq10k/4682349014.jpg,/home/sergey/iqa-data/koniq10k/koniq10k/1024x768/4682349014.jpg,0.5449748113702162,63.28557586669922
13656,koniq10k,koniq10k/4688942670.jpg,/home/sergey/iqa-data/koniq10k/koniq10k/1024x768/4688942670.jpg,0.7127405908758367,57.685401916503906
13666,koniq10k,koniq10k/4694563082.jpg,/home/sergey/iqa-data/koniq10k/koniq10k/1024x768/4694563082.jpg,0.8037383599627886,36.02254104614258
13673,koniq10k,koniq10k/469890496.jpg,/home/sergey/iqa-data/koniq10k/koniq10k/1024x768/469890496.jpg,0.6312829104834845,46.59828186035156
13689,koniq10k,koniq10k/4708680413.jpg,/home/sergey/iqa-data/koniq10k/koniq10k/1024x768/4708680413.jpg,0.6510969408491921,61.94660949707031
13692,koniq10k,koniq10k/4711101546.jpg,/home/sergey/iqa-data/koniq10k/koniq10k/1024x768/4711101546.jpg,0.6830159829341856,62.10085678100586
13695,koniq10k,koniq10k/4713092038.jpg,/home/sergey/iqa-data/koniq10k/koniq10k/1024x768/4713092038.jpg,0.825753949258018,72.34358978271484
13697,koniq10k,koniq10k/4714961173.jpg,/home/sergey/iqa-data/koniq10k/koniq10k/1024x768/4714961173.jpg,0.7047497473538634,53.84912872314453
13706,koniq10k,koniq10k/4725670933.jpg,/home/sergey/iqa-data/koniq10k/koniq10k/1024x768/4725670933.jpg,0.6812897490255088,71.11963653564453
13708,koniq10k,koniq10k/4726274782.jpg,/home/sergey/iqa-data/koniq10k/koniq10k/1024x768/4726274782.jpg,0.2621291140728787,34.475833892822266
13710,koniq10k,koniq10k/4728497082.jpg,/home/sergey/iqa-data/koniq10k/koniq10k/1024x768/4728497082.jpg,0.7697753698724529,71.56981658935547
13719,koniq10k,koniq10k/4732496293.jpg,/home/sergey/iqa-data/koniq10k/koniq10k/1024x768/4732496293.jpg,0.5578160736131057,53.601829528808594
13724,koniq10k,koniq10k/4737751146.jpg,/home/sergey/iqa-data/koniq10k/koniq10k/1024x768/4737751146.jpg,0.7587480863931277,68.379638671875
13727,koniq10k,koniq10k/4738960229.jpg,/home/sergey/iqa-data/koniq10k/koniq10k/1024x768/4738960229.jpg,0.3503802989202688,43.138092041015625
13730,koniq10k,koniq10k/474070389.jpg,/home/sergey/iqa-data/koniq10k/koniq10k/1024x768/474070389.jpg,0.8749670284581034,75.89415740966797
13733,koniq10k,koniq10k/4743492963.jpg,/home/sergey/iqa-data/koniq10k/koniq10k/1024x768/4743492963.jpg,0.4585926280516987,58.84718322753906
13734,koniq10k,koniq10k/4743830608.jpg,/home/sergey/iqa-data/koniq10k/koniq10k/1024x768/4743830608.jpg,0.7218286261369075,72.13207244873047
13749,koniq10k,koniq10k/4764407251.jpg,/home/sergey/iqa-data/koniq10k/koniq10k/1024x768/4764407251.jpg,0.6039129124337363,53.04674530029297
13752,koniq10k,koniq10k/4765706226.jpg,/home/sergey/iqa-data/koniq10k/koniq10k/1024x768/4765706226.jpg,0.8049590262999482,71.2867202758789
13756,koniq10k,koniq10k/4769301151.jpg,/home/sergey/iqa-data/koniq10k/koniq10k/1024x768/4769301151.jpg,0.3688414115547444,39.718624114990234
13759,koniq10k,koniq10k/4770545465.jpg,/home/sergey/iqa-data/koniq10k/koniq10k/1024x768/4770545465.jpg,0.8027055298477043,59.018680572509766
13761,koniq10k,koniq10k/4771924563.jpg,/home/sergey/iqa-data/koniq10k/koniq10k/1024x768/4771924563.jpg,0.6110579224509332,55.03097915649414
13764,koniq10k,koniq10k/4773302631.jpg,/home/sergey/iqa-data/koniq10k/koniq10k/1024x768/4773302631.jpg,0.6671852561034,68.4272232055664
13769,koniq10k,koniq10k/4778495597.jpg,/home/sergey/iqa-data/koniq10k/koniq10k/1024x768/4778495597.jpg,0.5952966808784764,51.02315902709961
13770,koniq10k,koniq10k/477928479.jpg,/home/sergey/iqa-data/koniq10k/koniq10k/1024x768/477928479.jpg,0.5067500801489653,45.59345245361328
13771,koniq10k,koniq10k/477939756.jpg,/home/sergey/iqa-data/koniq10k/koniq10k/1024x768/477939756.jpg,0.8068732658818484,77.96896362304688
13784,koniq10k,koniq10k/4787556835.jpg,/home/sergey/iqa-data/koniq10k/koniq10k/1024x768/4787556835.jpg,0.7377876102235568,79.09931182861328
13792,koniq10k,koniq10k/4795531186.jpg,/home/sergey/iqa-data/koniq10k/koniq10k/1024x768/4795531186.jpg,0.737593745013564,68.7061538696289
13794,koniq10k,koniq10k/4800263969.jpg,/home/sergey/iqa-data/koniq10k/koniq10k/1024x768/4800263969.jpg,0.5984305214089533,62.07966232299805
13795,koniq10k,koniq10k/4801184295.jpg,/home/sergey/iqa-data/koniq10k/koniq10k/1024x768/4801184295.jpg,0.7854192152899666,75.37334442138672
13797,koniq10k,koniq10k/4803889024.jpg,/home/sergey/iqa-data/koniq10k/koniq10k/1024x768/4803889024.jpg,0.5895076503022882,73.60143280029297
13798,koniq10k,koniq10k/4804088480.jpg,/home/sergey/iqa-data/koniq10k/koniq10k/1024x768/4804088480.jpg,0.7055354889246691,66.42447662353516
13809,koniq10k,koniq10k/4808255488.jpg,/home/sergey/iqa-data/koniq10k/koniq10k/1024x768/4808255488.jpg,0.7998244774214148,78.55694580078125
13820,koniq10k,koniq10k/4824776407.jpg,/home/sergey/iqa-data/koniq10k/koniq10k/1024x768/4824776407.jpg,0.8057512138412104,75.12323760986328
13821,koniq10k,koniq10k/4826544292.jpg,/home/sergey/iqa-data/koniq10k/koniq10k/1024x768/4826544292.jpg,0.4299279411328613,44.37196731567383
13822,koniq10k,koniq10k/4828138245.jpg,/home/sergey/iqa-data/koniq10k/koniq10k/1024x768/4828138245.jpg,0.4017720449027296,43.447166442871094
13826,koniq10k,koniq10k/4831070004.jpg,/home/sergey/iqa-data/koniq10k/koniq10k/1024x768/4831070004.jpg,0.1136907611297255,29.380868911743164
13828,koniq10k,koniq10k/4835256174.jpg,/home/sergey/iqa-data/koniq10k/koniq10k/1024x768/4835256174.jpg,0.8802785395686341,71.74113464355469
13834,koniq10k,koniq10k/4840518597.jpg,/home/sergey/iqa-data/koniq10k/koniq10k/1024x768/4840518597.jpg,0.6324381839811556,59.72633743286133
13843,koniq10k,koniq10k/4846003639.jpg,/home/sergey/iqa-data/koniq10k/koniq10k/1024x768/4846003639.jpg,0.6073240785064621,53.82182312011719
13851,koniq10k,koniq10k/4851467262.jpg,/home/sergey/iqa-data/koniq10k/koniq10k/1024x768/4851467262.jpg,0.7355193872666345,59.09710693359375
13852,koniq10k,koniq10k/485174290.jpg,/home/sergey/iqa-data/koniq10k/koniq10k/1024x768/485174290.jpg,0.7629248444231678,69.2567367553711
13861,koniq10k,koniq10k/4858527470.jpg,/home/sergey/iqa-data/koniq10k/koniq10k/1024x768/4858527470.jpg,0.5347676542027887,44.79307556152344
13865,koniq10k,koniq10k/4862615903.jpg,/home/sergey/iqa-data/koniq10k/koniq10k/1024x768/4862615903.jpg,0.7192668950164283,68.31314849853516
13869,koniq10k,koniq10k/4867071134.jpg,/home/sergey/iqa-data/koniq10k/koniq10k/1024x768/4867071134.jpg,0.7150550502632839,74.43531799316406
13870,koniq10k,koniq10k/4867659714.jpg,/home/sergey/iqa-data/koniq10k/koniq10k/1024x768/4867659714.jpg,0.6592722001762688,49.81829071044922
13872,koniq10k,koniq10k/4868050690.jpg,/home/sergey/iqa-data/koniq10k/koniq10k/1024x768/4868050690.jpg,0.8306595250108905,66.23473358154297
13877,koniq10k,koniq10k/4871407891.jpg,/home/sergey/iqa-data/koniq10k/koniq10k/1024x768/4871407891.jpg,0.6637542215449213,58.80674743652344
13885,koniq10k,koniq10k/487860600.jpg,/home/sergey/iqa-data/koniq10k/koniq10k/1024x768/487860600.jpg,0.1423271558503721,23.91324806213379
13890,koniq10k,koniq10k/4882465125.jpg,/home/sergey/iqa-data/koniq10k/koniq10k/1024x768/4882465125.jpg,0.3554551802583195,50.52622985839844
13891,koniq10k,koniq10k/4882952027.jpg,/home/sergey/iqa-data/koniq10k/koniq10k/1024x768/4882952027.jpg,0.6355189133082769,56.16706848144531
13895,koniq10k,koniq10k/4885160336.jpg,/home/sergey/iqa-data/koniq10k/koniq10k/1024x768/4885160336.jpg,0.8176046866807984,70.20144653320312
13897,koniq10k,koniq10k/4885928195.jpg,/home/sergey/iqa-data/koniq10k/koniq10k/1024x768/4885928195.jpg,0.5805352298889866,53.00848388671875
13898,koniq10k,koniq10k/4886153819.jpg,/home/sergey/iqa-data/koniq10k/koniq10k/1024x768/4886153819.jpg,0.6900055378781481,62.325069427490234
13899,koniq10k,koniq10k/4886277173.jpg,/home/sergey/iqa-data/koniq10k/koniq10k/1024x768/4886277173.jpg,0.3114441340911946,32.9561653137207
13905,koniq10k,koniq10k/4889658118.jpg,/home/sergey/iqa-data/koniq10k/koniq10k/1024x768/4889658118.jpg,0.7641714536460815,77.80958557128906
13908,koniq10k,koniq10k/4890155523.jpg,/home/sergey/iqa-data/koniq10k/koniq10k/1024x768/4890155523.jpg,0.7778021862725155,77.29106140136719
13913,koniq10k,koniq10k/4895451556.jpg,/home/sergey/iqa-data/koniq10k/koniq10k/1024x768/4895451556.jpg,0.8530850141668722,72.27843475341797
13919,koniq10k,koniq10k/4902129359.jpg,/home/sergey/iqa-data/koniq10k/koniq10k/1024x768/4902129359.jpg,0.8357663195711618,70.08989715576172
13926,koniq10k,koniq10k/4906359700.jpg,/home/sergey/iqa-data/koniq10k/koniq10k/1024x768/4906359700.jpg,0.8310405406033466,77.1050796508789
13928,koniq10k,koniq10k/4906735319.jpg,/home/sergey/iqa-data/koniq10k/koniq10k/1024x768/4906735319.jpg,0.8438260053865614,78.272705078125
13936,koniq10k,koniq10k/4911877298.jpg,/home/sergey/iqa-data/koniq10k/koniq10k/1024x768/4911877298.jpg,0.6289950159096667,70.22711181640625
13938,koniq10k,koniq10k/4912317009.jpg,/home/sergey/iqa-data/koniq10k/koniq10k/1024x768/4912317009.jpg,0.8287458113930096,72.7410659790039
13942,koniq10k,koniq10k/4918086314.jpg,/home/sergey/iqa-data/koniq10k/koniq10k/1024x768/4918086314.jpg,0.7436035665233568,73.51586151123047
13946,koniq10k,koniq10k/4920401436.jpg,/home/sergey/iqa-data/koniq10k/koniq10k/1024x768/4920401436.jpg,0.4754136418115653,47.07048797607422
13947,koniq10k,koniq10k/4920539113.jpg,/home/sergey/iqa-data/koniq10k/koniq10k/1024x768/4920539113.jpg,0.8166435942884002,77.63240814208984
13961,koniq10k,koniq10k/4925344781.jpg,/home/sergey/iqa-data/koniq10k/koniq10k/1024x768/4925344781.jpg,0.808714582051108,73.83973693847656
13964,koniq10k,koniq10k/492751146.jpg,/home/sergey/iqa-data/koniq10k/koniq10k/1024x768/492751146.jpg,0.6110579224509332,52.277061462402344
13966,koniq10k,koniq10k/493128717.jpg,/home/sergey/iqa-data/koniq10k/koniq10k/1024x768/493128717.jpg,0.7338221854736919,64.42169189453125
13968,koniq10k,koniq10k/4932130784.jpg,/home/sergey/iqa-data/koniq10k/koniq10k/1024x768/4932130784.jpg,0.715137395092688,72.20575714111328
13971,koniq10k,koniq10k/4935990245.jpg,/home/sergey/iqa-data/koniq10k/koniq10k/1024x768/4935990245.jpg,0.6359502154140735,58.20459747314453
13979,koniq10k,koniq10k/4941401132.jpg,/home/sergey/iqa-data/koniq10k/koniq10k/1024x768/4941401132.jpg,0.8650185780391633,70.66094207763672
13984,koniq10k,koniq10k/49445241.jpg,/home/sergey/iqa-data/koniq10k/koniq10k/1024x768/49445241.jpg,0.541005529180811,58.650272369384766
13986,koniq10k,koniq10k/4945508144.jpg,/home/sergey/iqa-data/koniq10k/koniq10k/1024x768/4945508144.jpg,0.571840819386362,54.23652648925781
13992,koniq10k,koniq10k/4949714700.jpg,/home/sergey/iqa-data/koniq10k/koniq10k/1024x768/4949714700.jpg,0.6663262065794905,48.025245666503906
14003,koniq10k,koniq10k/4958359048.jpg,/home/sergey/iqa-data/koniq10k/koniq10k/1024x768/4958359048.jpg,0.7047497473538634,74.22547912597656
14004,koniq10k,koniq10k/4958737471.jpg,/home/sergey/iqa-data/koniq10k/koniq10k/1024x768/4958737471.jpg,0.6961065900749948,66.9513168334961
14010,koniq10k,koniq10k/4961486371.jpg,/home/sergey/iqa-data/koniq10k/koniq10k/1024x768/4961486371.jpg,0.6989097762194929,79.13578033447266
14016,koniq10k,koniq10k/4965946284.jpg,/home/sergey/iqa-data/koniq10k/koniq10k/1024x768/4965946284.jpg,0.5575394925801814,52.59428405761719
14017,koniq10k,koniq10k/4966132108.jpg,/home/sergey/iqa-data/koniq10k/koniq10k/1024x768/4966132108.jpg,0.5983154391483735,55.26363754272461
14020,koniq10k,koniq10k/4968475623.jpg,/home/sergey/iqa-data/koniq10k/koniq10k/1024x768/4968475623.jpg,0.630268278976834,73.47785949707031
14021,koniq10k,koniq10k/4969822064.jpg,/home/sergey/iqa-data/koniq10k/koniq10k/1024x768/4969822064.jpg,0.6231959959997914,54.8507080078125
14023,koniq10k,koniq10k/4972378781.jpg,/home/sergey/iqa-data/koniq10k/koniq10k/1024x768/4972378781.jpg,0.8242862433050014,73.71190643310547
14024,koniq10k,koniq10k/4972553952.jpg,/home/sergey/iqa-data/koniq10k/koniq10k/1024x768/4972553952.jpg,0.710511852206443,76.40100860595703
14029,koniq10k,koniq10k/4975653682.jpg,/home/sergey/iqa-data/koniq10k/koniq10k/1024x768/4975653682.jpg,0.8075790858211461,71.99152374267578
14036,koniq10k,koniq10k/4978032841.jpg,/home/sergey/iqa-data/koniq10k/koniq10k/1024x768/4978032841.jpg,0.2812350406893242,43.62544250488281
14039,koniq10k,koniq10k/4980059014.jpg,/home/sergey/iqa-data/koniq10k/koniq10k/1024x768/4980059014.jpg,0.640258496888462,50.39125061035156
14042,koniq10k,koniq10k/4981184708.jpg,/home/sergey/iqa-data/koniq10k/koniq10k/1024x768/4981184708.jpg,0.5982595265406386,57.58203887939453
14047,koniq10k,koniq10k/4984086049.jpg,/home/sergey/iqa-data/koniq10k/koniq10k/1024x768/4984086049.jpg,0.2629318840987813,23.007156372070312
14050,koniq10k,koniq10k/4985465789.jpg,/home/sergey/iqa-data/koniq10k/koniq10k/1024x768/4985465789.jpg,0.6683957041427482,67.7374038696289
14060,koniq10k,koniq10k/4989044190.jpg,/home/sergey/iqa-data/koniq10k/koniq10k/1024x768/4989044190.jpg,0.7423081944383997,70.25389862060547
14063,koniq10k,koniq10k/4991407708.jpg,/home/sergey/iqa-data/koniq10k/koniq10k/1024x768/4991407708.jpg,0.7779390516510692,69.44882202148438
14064,koniq10k,koniq10k/4991538106.jpg,/home/sergey/iqa-data/koniq10k/koniq10k/1024x768/4991538106.jpg,0.6717023812876022,66.00232696533203
14075,koniq10k,koniq10k/5000010668.jpg,/home/sergey/iqa-data/koniq10k/koniq10k/1024x768/5000010668.jpg,0.6405052484047506,54.34090805053711
14077,koniq10k,koniq10k/500101169.jpg,/home/sergey/iqa-data/koniq10k/koniq10k/1024x768/500101169.jpg,0.8249987219229711,78.07384490966797
14078,koniq10k,koniq10k/5001067426.jpg,/home/sergey/iqa-data/koniq10k/koniq10k/1024x768/5001067426.jpg,0.7633830575429428,67.0867691040039
14080,koniq10k,koniq10k/5001626870.jpg,/home/sergey/iqa-data/koniq10k/koniq10k/1024x768/5001626870.jpg,0.2114435650917348,34.65049743652344
14089,koniq10k,koniq10k/5005908077.jpg,/home/sergey/iqa-data/koniq10k/koniq10k/1024x768/5005908077.jpg,0.7391592980301135,62.510074615478516
14092,koniq10k,koniq10k/5008940426.jpg,/home/sergey/iqa-data/koniq10k/koniq10k/1024x768/5008940426.jpg,0.6479518566641594,70.42859649658203
14095,koniq10k,koniq10k/5013129486.jpg,/home/sergey/iqa-data/koniq10k/koniq10k/1024x768/5013129486.jpg,0.7240306366682611,64.821533203125
14099,koniq10k,koniq10k/5014551340.jpg,/home/sergey/iqa-data/koniq10k/koniq10k/1024x768/5014551340.jpg,0.7968611092115169,76.66079711914062
14100,koniq10k,koniq10k/5016016369.jpg,/home/sergey/iqa-data/koniq10k/koniq10k/1024x768/5016016369.jpg,0.7581434572728528,71.6119613647461
14107,koniq10k,koniq10k/5017267795.jpg,/home/sergey/iqa-data/koniq10k/koniq10k/1024x768/5017267795.jpg,0.6597279280952818,68.67433166503906
14108,koniq10k,koniq10k/5017618497.jpg,/home/sergey/iqa-data/koniq10k/koniq10k/1024x768/5017618497.jpg,0.7493928441245307,77.39894104003906
14110,koniq10k,koniq10k/5021524796.jpg,/home/sergey/iqa-data/koniq10k/koniq10k/1024x768/5021524796.jpg,0.7270224988032556,52.59568786621094
14113,koniq10k,koniq10k/5022993325.jpg,/home/sergey/iqa-data/koniq10k/koniq10k/1024x768/5022993325.jpg,0.7479655337482046,54.52471923828125
14116,koniq10k,koniq10k/5024762120.jpg,/home/sergey/iqa-data/koniq10k/koniq10k/1024x768/5024762120.jpg,0.8444231689803734,73.23822021484375
14117,koniq10k,koniq10k/5025588176.jpg,/home/sergey/iqa-data/koniq10k/koniq10k/1024x768/5025588176.jpg,0.7722298101457623,75.01531219482422
14119,koniq10k,koniq10k/5027216651.jpg,/home/sergey/iqa-data/koniq10k/koniq10k/1024x768/5027216651.jpg,0.7261556976239565,75.86481475830078
14131,koniq10k,koniq10k/5036248276.jpg,/home/sergey/iqa-data/koniq10k/koniq10k/1024x768/5036248276.jpg,0.7002142291778254,68.0848617553711
14135,koniq10k,koniq10k/5037503230.jpg,/home/sergey/iqa-data/koniq10k/koniq10k/1024x768/5037503230.jpg,0.6738120909257644,57.200538635253906
14136,koniq10k,koniq10k/5038562159.jpg,/home/sergey/iqa-data/koniq10k/koniq10k/1024x768/5038562159.jpg,0.8037383599627886,73.45177459716797
14140,koniq10k,koniq10k/5040853192.jpg,/home/sergey/iqa-data/koniq10k/koniq10k/1024x768/5040853192.jpg,0.2486379903804515,38.69647216796875
14144,koniq10k,koniq10k/5047082376.jpg,/home/sergey/iqa-data/koniq10k/koniq10k/1024x768/5047082376.jpg,0.7052581683702694,73.2083969116211
14150,koniq10k,koniq10k/5056738651.jpg,/home/sergey/iqa-data/koniq10k/koniq10k/1024x768/5056738651.jpg,0.7831904766205726,65.1959457397461
14158,koniq10k,koniq10k/5062026548.jpg,/home/sergey/iqa-data/koniq10k/koniq10k/1024x768/5062026548.jpg,0.4412569240237961,28.687744140625
14161,koniq10k,koniq10k/5063711541.jpg,/home/sergey/iqa-data/koniq10k/koniq10k/1024x768/5063711541.jpg,0.6152256687498062,63.538307189941406
14163,koniq10k,koniq10k/5064176245.jpg,/home/sergey/iqa-data/koniq10k/koniq10k/1024x768/5064176245.jpg,0.8582287246650291,73.41068267822266
14169,koniq10k,koniq10k/5065354809.jpg,/home/sergey/iqa-data/koniq10k/koniq10k/1024x768/5065354809.jpg,0.7178149851009906,73.6329574584961
14182,koniq10k,koniq10k/5075275205.jpg,/home/sergey/iqa-data/koniq10k/koniq10k/1024x768/5075275205.jpg,0.7972315302377523,70.21043395996094
14183,koniq10k,koniq10k/5076506.jpg,/home/sergey/iqa-data/koniq10k/koniq10k/1024x768/5076506.jpg,0.8192109984207434,71.69159698486328
14184,koniq10k,koniq10k/5077869968.jpg,/home/sergey/iqa-data/koniq10k/koniq10k/1024x768/5077869968.jpg,0.4569792386929752,50.9151496887207
14187,koniq10k,koniq10k/5079448176.jpg,/home/sergey/iqa-data/koniq10k/koniq10k/1024x768/5079448176.jpg,0.7710139531585185,58.69941711425781
14188,koniq10k,koniq10k/5081374671.jpg,/home/sergey/iqa-data/koniq10k/koniq10k/1024x768/5081374671.jpg,0.4655105104407275,32.74403762817383
14192,koniq10k,koniq10k/5083127743.jpg,/home/sergey/iqa-data/koniq10k/koniq10k/1024x768/5083127743.jpg,0.7937234252245651,73.23345947265625
14210,koniq10k,koniq10k/5097621606.jpg,/home/sergey/iqa-data/koniq10k/koniq10k/1024x768/5097621606.jpg,0.6919578745811391,70.63744354248047
14219,koniq10k,koniq10k/5106008666.jpg,/home/sergey/iqa-data/koniq10k/koniq10k/1024x768/5106008666.jpg,0.7041623483154932,67.19837188720703
14224,koniq10k,koniq10k/5114869072.jpg,/home/sergey/iqa-data/koniq10k/koniq10k/1024x768/5114869072.jpg,0.8125445956808799,74.08528900146484
14225,koniq10k,koniq10k/5115371206.jpg,/home/sergey/iqa-data/koniq10k/koniq10k/1024x768/5115371206.jpg,0.6533992246970592,71.5146255493164
14227,koniq10k,koniq10k/5116959473.jpg,/home/sergey/iqa-data/koniq10k/koniq10k/1024x768/5116959473.jpg,0.8683174218954636,75.1493148803711
14231,koniq10k,koniq10k/5119374431.jpg,/home/sergey/iqa-data/koniq10k/koniq10k/1024x768/5119374431.jpg,0.5618834417443387,35.06057357788086
14237,koniq10k,koniq10k/5122879673.jpg,/home/sergey/iqa-data/koniq10k/koniq10k/1024x768/5122879673.jpg,0.6098365716279752,36.590545654296875
14239,koniq10k,koniq10k/5124446081.jpg,/home/sergey/iqa-data/koniq10k/koniq10k/1024x768/5124446081.jpg,0.7156760027818673,65.33293151855469
14243,koniq10k,koniq10k/5128108683.jpg,/home/sergey/iqa-data/koniq10k/koniq10k/1024x768/5128108683.jpg,0.7479655337482046,74.33544158935547
14245,koniq10k,koniq10k/5129080312.jpg,/home/sergey/iqa-data/koniq10k/koniq10k/1024x768/5129080312.jpg,0.3176764605677962,54.3524169921875
14247,koniq10k,koniq10k/5129204001.jpg,/home/sergey/iqa-data/koniq10k/koniq10k/1024x768/5129204001.jpg,0.5923887027285779,48.307334899902344
14252,koniq10k,koniq10k/5131861392.jpg,/home/sergey/iqa-data/koniq10k/koniq10k/1024x768/5131861392.jpg,0.7087078287245592,50.89363098144531
14254,koniq10k,koniq10k/5133576528.jpg,/home/sergey/iqa-data/koniq10k/koniq10k/1024x768/5133576528.jpg,0.4248444231689792,53.668212890625
14267,koniq10k,koniq10k/5139553196.jpg,/home/sergey/iqa-data/koniq10k/koniq10k/1024x768/5139553196.jpg,0.7988551513714475,76.94369506835938
14272,koniq10k,koniq10k/5142391146.jpg,/home/sergey/iqa-data/koniq10k/koniq10k/1024x768/5142391146.jpg,0.5318866017765022,70.35946655273438
14277,koniq10k,koniq10k/5144938786.jpg,/home/sergey/iqa-data/koniq10k/koniq10k/1024x768/5144938786.jpg,0.8142297395528596,69.50191497802734
14300,koniq10k,koniq10k/5166352802.jpg,/home/sergey/iqa-data/koniq10k/koniq10k/1024x768/5166352802.jpg,0.5656489348970796,56.98019790649414
14301,koniq10k,koniq10k/5166736586.jpg,/home/sergey/iqa-data/koniq10k/koniq10k/1024x768/5166736586.jpg,0.8671009448893595,71.64995574951172
14305,koniq10k,koniq10k/5168834860.jpg,/home/sergey/iqa-data/koniq10k/koniq10k/1024x768/5168834860.jpg,0.9629444275207796,73.69762420654297
14307,koniq10k,koniq10k/5170785709.jpg,/home/sergey/iqa-data/koniq10k/koniq10k/1024x768/5170785709.jpg,0.6808539595828768,64.5804672241211
14308,koniq10k,koniq10k/5170858607.jpg,/home/sergey/iqa-data/koniq10k/koniq10k/1024x768/5170858607.jpg,0.698120529635121,54.871639251708984
14311,koniq10k,koniq10k/5172112194.jpg,/home/sergey/iqa-data/koniq10k/koniq10k/1024x768/5172112194.jpg,0.4235456303041762,55.41456604003906
14316,koniq10k,koniq10k/5174677992.jpg,/home/sergey/iqa-data/koniq10k/koniq10k/1024x768/5174677992.jpg,0.5342291397305857,36.53218460083008
14318,koniq10k,koniq10k/5175429795.jpg,/home/sergey/iqa-data/koniq10k/koniq10k/1024x768/5175429795.jpg,0.7998244774214148,80.04695129394531
14323,koniq10k,koniq10k/5177309012.jpg,/home/sergey/iqa-data/koniq10k/koniq10k/1024x768/5177309012.jpg,0.7705948909874224,70.58025360107422
14329,koniq10k,koniq10k/5182390374.jpg,/home/sergey/iqa-data/koniq10k/koniq10k/1024x768/5182390374.jpg,0.5550502632838674,42.34403610229492
14331,koniq10k,koniq10k/5183838812.jpg,/home/sergey/iqa-data/koniq10k/koniq10k/1024x768/5183838812.jpg,0.4528057515333991,45.329322814941406
14338,koniq10k,koniq10k/5188165911.jpg,/home/sergey/iqa-data/koniq10k/koniq10k/1024x768/5188165911.jpg,0.8395668454700425,77.02223205566406
14341,koniq10k,koniq10k/5189402195.jpg,/home/sergey/iqa-data/koniq10k/koniq10k/1024x768/5189402195.jpg,0.5355433221637135,49.02405548095703
14343,koniq10k,koniq10k/5189916555.jpg,/home/sergey/iqa-data/koniq10k/koniq10k/1024x768/5189916555.jpg,0.5710350200396102,43.66056442260742
14345,koniq10k,koniq10k/5190675640.jpg,/home/sergey/iqa-data/koniq10k/koniq10k/1024x768/5190675640.jpg,0.7903955785717405,74.4556884765625
14348,koniq10k,koniq10k/5192151844.jpg,/home/sergey/iqa-data/koniq10k/koniq10k/1024x768/5192151844.jpg,0.7652518483059423,71.62419891357422
14367,koniq10k,koniq10k/5204782737.jpg,/home/sergey/iqa-data/koniq10k/koniq10k/1024x768/5204782737.jpg,0.5100244980711288,43.132198333740234
14373,koniq10k,koniq10k/5209744209.jpg,/home/sergey/iqa-data/koniq10k/koniq10k/1024x768/5209744209.jpg,0.6021888180683981,76.81085968017578
14381,koniq10k,koniq10k/5215794269.jpg,/home/sergey/iqa-data/koniq10k/koniq10k/1024x768/5215794269.jpg,0.7827059911603533,69.6381607055664
14388,koniq10k,koniq10k/5217753146.jpg,/home/sergey/iqa-data/koniq10k/koniq10k/1024x768/5217753146.jpg,0.6780273253081904,61.71634292602539
14398,koniq10k,koniq10k/5223615087.jpg,/home/sergey/iqa-data/koniq10k/koniq10k/1024x768/5223615087.jpg,0.8287458113930096,68.411376953125
14407,koniq10k,koniq10k/5228772358.jpg,/home/sergey/iqa-data/koniq10k/koniq10k/1024x768/5228772358.jpg,0.7244822384999583,73.82257843017578
14413,koniq10k,koniq10k/5231773522.jpg,/home/sergey/iqa-data/koniq10k/koniq10k/1024x768/5231773522.jpg,0.2412703501521714,43.58464050292969
14421,koniq10k,koniq10k/5235352004.jpg,/home/sergey/iqa-data/koniq10k/koniq10k/1024x768/5235352004.jpg,0.4715523291210997,47.2498893737793
14425,koniq10k,koniq10k/5238246589.jpg,/home/sergey/iqa-data/koniq10k/koniq10k/1024x768/5238246589.jpg,0.7926361089914629,68.91474914550781
14428,koniq10k,koniq10k/5240740919.jpg,/home/sergey/iqa-data/koniq10k/koniq10k/1024x768/5240740919.jpg,0.6628385884733137,54.823368072509766
14429,koniq10k,koniq10k/5241841036.jpg,/home/sergey/iqa-data/koniq10k/koniq10k/1024x768/5241841036.jpg,0.8535355262258072,77.95171356201172
14431,koniq10k,koniq10k/5243954323.jpg,/home/sergey/iqa-data/koniq10k/koniq10k/1024x768/5243954323.jpg,0.5212097604320167,49.960487365722656
14437,koniq10k,koniq10k/5248577035.jpg,/home/sergey/iqa-data/koniq10k/koniq10k/1024x768/5248577035.jpg,0.4825697631853113,50.91175842285156
14439,koniq10k,koniq10k/5250131819.jpg,/home/sergey/iqa-data/koniq10k/koniq10k/1024x768/5250131819.jpg,0.4056965055050257,40.96168518066406
14444,koniq10k,koniq10k/525227728.jpg,/home/sergey/iqa-data/koniq10k/koniq10k/1024x768/525227728.jpg,0.8430402638157557,76.00196075439453
14445,koniq10k,koniq10k/5252606224.jpg,/home/sergey/iqa-data/koniq10k/koniq10k/1024x768/5252606224.jpg,0.6783263808156111,64.97819519042969
14448,koniq10k,koniq10k/5254718076.jpg,/home/sergey/iqa-data/koniq10k/koniq10k/1024x768/5254718076.jpg,0.470367658791615,45.04060363769531
14456,koniq10k,koniq10k/526016794.jpg,/home/sergey/iqa-data/koniq10k/koniq10k/1024x768/526016794.jpg,0.4935174456319939,38.90526580810547
14469,koniq10k,koniq10k/5269040313.jpg,/home/sergey/iqa-data/koniq10k/koniq10k/1024x768/5269040313.jpg,0.1330666301944403,21.431982040405273
14477,koniq10k,koniq10k/5275524338.jpg,/home/sergey/iqa-data/koniq10k/koniq10k/1024x768/5275524338.jpg,0.7968611092115169,76.66960906982422
14481,koniq10k,koniq10k/5276700957.jpg,/home/sergey/iqa-data/koniq10k/koniq10k/1024x768/5276700957.jpg,0.4729279217670792,36.58314514160156
14482,koniq10k,koniq10k/5277411499.jpg,/home/sergey/iqa-data/koniq10k/koniq10k/1024x768/5277411499.jpg,0.4056965055050257,43.46983337402344
14485,koniq10k,koniq10k/5279252148.jpg,/home/sergey/iqa-data/koniq10k/koniq10k/1024x768/5279252148.jpg,0.5684538056486342,44.978248596191406
14488,koniq10k,koniq10k/5286481593.jpg,/home/sergey/iqa-data/koniq10k/koniq10k/1024x768/5286481593.jpg,0.7330062230732416,68.54649353027344
14491,koniq10k,koniq10k/5288273177.jpg,/home/sergey/iqa-data/koniq10k/koniq10k/1024x768/5288273177.jpg,0.6372666347534705,67.84217071533203
14497,koniq10k,koniq10k/5289896585.jpg,/home/sergey/iqa-data/koniq10k/koniq10k/1024x768/5289896585.jpg,0.8116779502610029,68.94479370117188
14498,koniq10k,koniq10k/5290105717.jpg,/home/sergey/iqa-data/koniq10k/koniq10k/1024x768/5290105717.jpg,0.1794558054428387,19.513593673706055
14500,koniq10k,koniq10k/5291504812.jpg,/home/sergey/iqa-data/koniq10k/koniq10k/1024x768/5291504812.jpg,0.6687094122853745,54.1385498046875
14514,koniq10k,koniq10k/5300926101.jpg,/home/sergey/iqa-data/koniq10k/koniq10k/1024x768/5300926101.jpg,0.66541456218677,42.37654113769531
14522,koniq10k,koniq10k/53065971.jpg,/home/sergey/iqa-data/koniq10k/koniq10k/1024x768/53065971.jpg,0.2489455097229866,36.54927062988281
14527,koniq10k,koniq10k/5308844734.jpg,/home/sergey/iqa-data/koniq10k/koniq10k/1024x768/5308844734.jpg,0.8294581595203896,78.86467742919922
14545,koniq10k,koniq10k/531889120.jpg,/home/sergey/iqa-data/koniq10k/koniq10k/1024x768/531889120.jpg,0.7890613004326335,68.41133880615234
14549,koniq10k,koniq10k/5321706893.jpg,/home/sergey/iqa-data/koniq10k/koniq10k/1024x768/5321706893.jpg,0.6150180599677955,61.986480712890625
14561,koniq10k,koniq10k/5329486988.jpg,/home/sergey/iqa-data/koniq10k/koniq10k/1024x768/5329486988.jpg,0.7748922929631396,78.54192352294922
14562,koniq10k,koniq10k/5329734345.jpg,/home/sergey/iqa-data/koniq10k/koniq10k/1024x768/5329734345.jpg,0.6605461715562242,63.714332580566406
14563,koniq10k,koniq10k/5333075930.jpg,/home/sergey/iqa-data/koniq10k/koniq10k/1024x768/5333075930.jpg,0.7876223730277183,69.45358276367188
14566,koniq10k,koniq10k/5335866018.jpg,/home/sergey/iqa-data/koniq10k/koniq10k/1024x768/5335866018.jpg,0.6243764623774741,68.8488998413086
14569,koniq10k,koniq10k/5338193826.jpg,/home/sergey/iqa-data/koniq10k/koniq10k/1024x768/5338193826.jpg,0.5923887027285779,64.40753173828125
14573,koniq10k,koniq10k/5342778275.jpg,/home/sergey/iqa-data/koniq10k/koniq10k/1024x768/5342778275.jpg,0.5954392288270027,65.22005462646484
14578,koniq10k,koniq10k/5347056182.jpg,/home/sergey/iqa-data/koniq10k/koniq10k/1024x768/5347056182.jpg,0.1927697838350254,23.515914916992188
14592,koniq10k,koniq10k/535787632.jpg,/home/sergey/iqa-data/koniq10k/koniq10k/1024x768/535787632.jpg,0.4446692874170145,45.680728912353516
14595,koniq10k,koniq10k/5359127660.jpg,/home/sergey/iqa-data/koniq10k/koniq10k/1024x768/5359127660.jpg,0.7402637104304028,68.30330657958984
14597,koniq10k,koniq10k/5359786621.jpg,/home/sergey/iqa-data/koniq10k/koniq10k/1024x768/5359786621.jpg,0.7683948145891671,56.47260284423828
14598,koniq10k,koniq10k/5360175600.jpg,/home/sergey/iqa-data/koniq10k/koniq10k/1024x768/5360175600.jpg,0.8328256233952729,73.5891342163086
14599,koniq10k,koniq10k/5360940013.jpg,/home/sergey/iqa-data/koniq10k/koniq10k/1024x768/5360940013.jpg,0.3957161050245223,45.12651062011719
14601,koniq10k,koniq10k/5362095529.jpg,/home/sergey/iqa-data/koniq10k/koniq10k/1024x768/5362095529.jpg,0.8333802645040788,73.88138580322266
14604,koniq10k,koniq10k/5363058682.jpg,/home/sergey/iqa-data/koniq10k/koniq10k/1024x768/5363058682.jpg,0.195297362602291,32.244930267333984
14608,koniq10k,koniq10k/5364140480.jpg,/home/sergey/iqa-data/koniq10k/koniq10k/1024x768/5364140480.jpg,0.7199617041646719,62.224090576171875
14609,koniq10k,koniq10k/5364427287.jpg,/home/sergey/iqa-data/koniq10k/koniq10k/1024x768/5364427287.jpg,0.7861258885266031,76.79386138916016
14616,koniq10k,koniq10k/5370690667.jpg,/home/sergey/iqa-data/koniq10k/koniq10k/1024x768/5370690667.jpg,0.7389899473432274,68.26448822021484
14619,koniq10k,koniq10k/537232636.jpg,/home/sergey/iqa-data/koniq10k/koniq10k/1024x768/537232636.jpg,0.4457874581139284,50.1442756652832
14621,koniq10k,koniq10k/5376223041.jpg,/home/sergey/iqa-data/koniq10k/koniq10k/1024x768/5376223041.jpg,0.7850076363719257,65.73047637939453
14622,koniq10k,koniq10k/5376228237.jpg,/home/sergey/iqa-data/koniq10k/koniq10k/1024x768/5376228237.jpg,0.3359980852082329,28.162155151367188
14625,koniq10k,koniq10k/5378725814.jpg,/home/sergey/iqa-data/koniq10k/koniq10k/1024x768/5378725814.jpg,0.6235040689325033,60.177589416503906
14626,koniq10k,koniq10k/5378902324.jpg,/home/sergey/iqa-data/koniq10k/koniq10k/1024x768/5378902324.jpg,0.7752805498814201,77.3261947631836
14636,koniq10k,koniq10k/5387093344.jpg,/home/sergey/iqa-data/koniq10k/koniq10k/1024x768/5387093344.jpg,0.6580449800396141,74.75333404541016
14644,koniq10k,koniq10k/5395790450.jpg,/home/sergey/iqa-data/koniq10k/koniq10k/1024x768/5395790450.jpg,0.3590234561991376,40.60704040527344
14646,koniq10k,koniq10k/5396644364.jpg,/home/sergey/iqa-data/koniq10k/koniq10k/1024x768/5396644364.jpg,0.7834909518550496,72.85743713378906
14651,koniq10k,koniq10k/5399180378.jpg,/home/sergey/iqa-data/koniq10k/koniq10k/1024x768/5399180378.jpg,0.734630376803666,71.8886489868164
14652,koniq10k,koniq10k/5399186343.jpg,/home/sergey/iqa-data/koniq10k/koniq10k/1024x768/5399186343.jpg,0.6592722001762688,58.751548767089844
14658,koniq10k,koniq10k/5402750878.jpg,/home/sergey/iqa-data/koniq10k/koniq10k/1024x768/5402750878.jpg,0.3767376498300862,50.030616760253906
14664,koniq10k,koniq10k/5407907045.jpg,/home/sergey/iqa-data/koniq10k/koniq10k/1024x768/5407907045.jpg,0.5523392214760002,57.43513107299805
14665,koniq10k,koniq10k/5407931669.jpg,/home/sergey/iqa-data/koniq10k/koniq10k/1024x768/5407931669.jpg,0.7726833480223515,76.19109344482422
14667,koniq10k,koniq10k/5408602889.jpg,/home/sergey/iqa-data/koniq10k/koniq10k/1024x768/5408602889.jpg,0.8007505299870076,68.91259765625
14676,koniq10k,koniq10k/5414221487.jpg,/home/sergey/iqa-data/koniq10k/koniq10k/1024x768/5414221487.jpg,0.8181276340119576,72.13378143310547
14687,koniq10k,koniq10k/5421157000.jpg,/home/sergey/iqa-data/koniq10k/koniq10k/1024x768/5421157000.jpg,0.5618834417443387,65.02326202392578
14689,koniq10k,koniq10k/5422446412.jpg,/home/sergey/iqa-data/koniq10k/koniq10k/1024x768/5422446412.jpg,0.827221655211035,71.1716537475586
14695,koniq10k,koniq10k/5426014939.jpg,/home/sergey/iqa-data/koniq10k/koniq10k/1024x768/5426014939.jpg,0.5737194830062227,33.38185119628906
14697,koniq10k,koniq10k/5427956048.jpg,/home/sergey/iqa-data/koniq10k/koniq10k/1024x768/5427956048.jpg,0.7150550502632839,64.44676971435547
14701,koniq10k,koniq10k/5432792987.jpg,/home/sergey/iqa-data/koniq10k/koniq10k/1024x768/5432792987.jpg,0.354447667051502,55.19519805908203
14702,koniq10k,koniq10k/5433364879.jpg,/home/sergey/iqa-data/koniq10k/koniq10k/1024x768/5433364879.jpg,0.3244508270836654,39.03853988647461
14705,koniq10k,koniq10k/5434982423.jpg,/home/sergey/iqa-data/koniq10k/koniq10k/1024x768/5434982423.jpg,0.3993371605874349,44.989009857177734
14709,koniq10k,koniq10k/5436442410.jpg,/home/sergey/iqa-data/koniq10k/koniq10k/1024x768/5436442410.jpg,0.7636659478878001,76.80233001708984
14711,koniq10k,koniq10k/5437565452.jpg,/home/sergey/iqa-data/koniq10k/koniq10k/1024x768/5437565452.jpg,0.7020333264947903,68.21434783935547
14719,koniq10k,koniq10k/5443343893.jpg,/home/sergey/iqa-data/koniq10k/koniq10k/1024x768/5443343893.jpg,0.6724876652337332,72.5317611694336
14726,koniq10k,koniq10k/5446650089.jpg,/home/sergey/iqa-data/koniq10k/koniq10k/1024x768/5446650089.jpg,0.679995073593998,71.17425537109375
14730,koniq10k,koniq10k/5447858710.jpg,/home/sergey/iqa-data/koniq10k/koniq10k/1024x768/5447858710.jpg,0.7156760027818673,66.71109771728516
14732,koniq10k,koniq10k/5449529114.jpg,/home/sergey/iqa-data/koniq10k/koniq10k/1024x768/5449529114.jpg,0.813840408143902,71.30506134033203
14739,koniq10k,koniq10k/5454884110.jpg,/home/sergey/iqa-data/koniq10k/koniq10k/1024x768/5454884110.jpg,0.8679819462490611,76.14868927001953
14743,koniq10k,koniq10k/5456373866.jpg,/home/sergey/iqa-data/koniq10k/koniq10k/1024x768/5456373866.jpg,0.3801062977859082,39.10999298095703
14749,koniq10k,koniq10k/5459749774.jpg,/home/sergey/iqa-data/koniq10k/koniq10k/1024x768/5459749774.jpg,0.539731929152704,42.39555358886719
14751,koniq10k,koniq10k/5461710344.jpg,/home/sergey/iqa-data/koniq10k/koniq10k/1024x768/5461710344.jpg,0.5659699955743012,48.89555358886719
14763,koniq10k,koniq10k/5468577486.jpg,/home/sergey/iqa-data/koniq10k/koniq10k/1024x768/5468577486.jpg,0.4928195308760167,23.678970336914062
14776,koniq10k,koniq10k/5478757587.jpg,/home/sergey/iqa-data/koniq10k/koniq10k/1024x768/5478757587.jpg,0.7621088820227176,78.97084045410156
14778,koniq10k,koniq10k/5479751565.jpg,/home/sergey/iqa-data/koniq10k/koniq10k/1024x768/5479751565.jpg,0.7386309238870272,73.92902374267578
14782,koniq10k,koniq10k/5480545191.jpg,/home/sergey/iqa-data/koniq10k/koniq10k/1024x768/5480545191.jpg,0.3229074061410095,31.36751365661621
14783,koniq10k,koniq10k/5480693901.jpg,/home/sergey/iqa-data/koniq10k/koniq10k/1024x768/5480693901.jpg,0.8067971085035255,64.6091537475586
14791,koniq10k,koniq10k/5483273817.jpg,/home/sergey/iqa-data/koniq10k/koniq10k/1024x768/5483273817.jpg,0.6076413332206991,42.26369857788086
14801,koniq10k,koniq10k/5487306011.jpg,/home/sergey/iqa-data/koniq10k/koniq10k/1024x768/5487306011.jpg,0.621559358544758,65.02600860595703
14806,koniq10k,koniq10k/5490633123.jpg,/home/sergey/iqa-data/koniq10k/koniq10k/1024x768/5490633123.jpg,0.6461334261717209,70.69271850585938
14809,koniq10k,koniq10k/5492904052.jpg,/home/sergey/iqa-data/koniq10k/koniq10k/1024x768/5492904052.jpg,0.5177118238391569,13.644959449768066
14811,koniq10k,koniq10k/5494503911.jpg,/home/sergey/iqa-data/koniq10k/koniq10k/1024x768/5494503911.jpg,0.8326855902440404,76.04398345947266
14813,koniq10k,koniq10k/5494859211.jpg,/home/sergey/iqa-data/koniq10k/koniq10k/1024x768/5494859211.jpg,0.3182037926147804,28.7935791015625
14822,koniq10k,koniq10k/5500159889.jpg,/home/sergey/iqa-data/koniq10k/koniq10k/1024x768/5500159889.jpg,0.3899877769360548,67.33548736572266
14831,koniq10k,koniq10k/5505953336.jpg,/home/sergey/iqa-data/koniq10k/koniq10k/1024x768/5505953336.jpg,0.202745828643387,42.733604431152344
14833,koniq10k,koniq10k/5506716444.jpg,/home/sergey/iqa-data/koniq10k/koniq10k/1024x768/5506716444.jpg,0.6845823803698394,49.257713317871094
14840,koniq10k,koniq10k/5511925995.jpg,/home/sergey/iqa-data/koniq10k/koniq10k/1024x768/5511925995.jpg,0.8407407082094506,70.28241729736328
14845,koniq10k,koniq10k/5513962677.jpg,/home/sergey/iqa-data/koniq10k/koniq10k/1024x768/5513962677.jpg,0.737593745013564,65.55292510986328
14846,koniq10k,koniq10k/5514669907.jpg,/home/sergey/iqa-data/koniq10k/koniq10k/1024x768/5514669907.jpg,0.8430402638157557,79.10201263427734
14848,koniq10k,koniq10k/5517184431.jpg,/home/sergey/iqa-data/koniq10k/koniq10k/1024x768/5517184431.jpg,0.7157288930864814,57.69367980957031
14861,koniq10k,koniq10k/5527632049.jpg,/home/sergey/iqa-data/koniq10k/koniq10k/1024x768/5527632049.jpg,0.7636438190447549,68.8089599609375
14869,koniq10k,koniq10k/5530579735.jpg,/home/sergey/iqa-data/koniq10k/koniq10k/1024x768/5530579735.jpg,0.4462817657710167,55.95233154296875
14875,koniq10k,koniq10k/5533853499.jpg,/home/sergey/iqa-data/koniq10k/koniq10k/1024x768/5533853499.jpg,0.6609895101073106,67.89910125732422
14880,koniq10k,koniq10k/5536150022.jpg,/home/sergey/iqa-data/koniq10k/koniq10k/1024x768/5536150022.jpg,0.2385276753113887,35.9158935546875
14888,koniq10k,koniq10k/5538859369.jpg,/home/sergey/iqa-data/koniq10k/koniq10k/1024x768/5538859369.jpg,0.7449736716132134,67.88053894042969
14901,koniq10k,koniq10k/5546979604.jpg,/home/sergey/iqa-data/koniq10k/koniq10k/1024x768/5546979604.jpg,0.7714488289964511,65.5943603515625
14904,koniq10k,koniq10k/5551470289.jpg,/home/sergey/iqa-data/koniq10k/koniq10k/1024x768/5551470289.jpg,0.6217428217888851,53.30390930175781
14905,koniq10k,koniq10k/5552453199.jpg,/home/sergey/iqa-data/koniq10k/koniq10k/1024x768/5552453199.jpg,0.6980096705767639,73.4049301147461
14911,koniq10k,koniq10k/5554808879.jpg,/home/sergey/iqa-data/koniq10k/koniq10k/1024x768/5554808879.jpg,0.8595111861773723,70.53655242919922
14917,koniq10k,koniq10k/5561303733.jpg,/home/sergey/iqa-data/koniq10k/koniq10k/1024x768/5561303733.jpg,0.3790261916159455,49.043907165527344
14922,koniq10k,koniq10k/5562990409.jpg,/home/sergey/iqa-data/koniq10k/koniq10k/1024x768/5562990409.jpg,0.7978675361507277,71.39054107666016
14930,koniq10k,koniq10k/5566203819.jpg,/home/sergey/iqa-data/koniq10k/koniq10k/1024x768/5566203819.jpg,0.4321907777182706,44.49803161621094
14932,koniq10k,koniq10k/5568534829.jpg,/home/sergey/iqa-data/koniq10k/koniq10k/1024x768/5568534829.jpg,0.6469207878282401,57.61962127685547
14934,koniq10k,koniq10k/5569562301.jpg,/home/sergey/iqa-data/koniq10k/koniq10k/1024x768/5569562301.jpg,0.4248444231689792,40.12397766113281
14938,koniq10k,koniq10k/5571768533.jpg,/home/sergey/iqa-data/koniq10k/koniq10k/1024x768/5571768533.jpg,0.5978958471894503,53.445369720458984
14941,koniq10k,koniq10k/5572898913.jpg,/home/sergey/iqa-data/koniq10k/koniq10k/1024x768/5572898913.jpg,0.2401392740048954,23.84615707397461
14951,koniq10k,koniq10k/5577977748.jpg,/home/sergey/iqa-data/koniq10k/koniq10k/1024x768/5577977748.jpg,0.289721049654032,32.851356506347656
14955,koniq10k,koniq10k/5581852297.jpg,/home/sergey/iqa-data/koniq10k/koniq10k/1024x768/5581852297.jpg,0.3364866255374147,40.44575119018555
14958,koniq10k,koniq10k/5586376319.jpg,/home/sergey/iqa-data/koniq10k/koniq10k/1024x768/5586376319.jpg,0.6558277988725032,60.89247131347656
14977,koniq10k,koniq10k/5594349841.jpg,/home/sergey/iqa-data/koniq10k/koniq10k/1024x768/5594349841.jpg,0.7731541635323346,80.66969299316406
14984,koniq10k,koniq10k/5597328203.jpg,/home/sergey/iqa-data/koniq10k/koniq10k/1024x768/5597328203.jpg,0.5318866017765022,41.9578857421875
14990,koniq10k,koniq10k/5601711871.jpg,/home/sergey/iqa-data/koniq10k/koniq10k/1024x768/5601711871.jpg,0.8222499665773962,73.88793182373047
15000,koniq10k,koniq10k/5606693622.jpg,/home/sergey/iqa-data/koniq10k/koniq10k/1024x768/5606693622.jpg,0.6770006634585494,68.00410461425781
15001,koniq10k,koniq10k/5607542951.jpg,/home/sergey/iqa-data/koniq10k/koniq10k/1024x768/5607542951.jpg,0.5255052052808871,61.640716552734375
15004,koniq10k,koniq10k/5611311337.jpg,/home/sergey/iqa-data/koniq10k/koniq10k/1024x768/5611311337.jpg,0.340502404887277,34.069801330566406
15012,koniq10k,koniq10k/5617741019.jpg,/home/sergey/iqa-data/koniq10k/koniq10k/1024x768/5617741019.jpg,0.7857269005005412,35.08807373046875
15013,koniq10k,koniq10k/5617865491.jpg,/home/sergey/iqa-data/koniq10k/koniq10k/1024x768/5617865491.jpg,0.5833259747080181,55.549808502197266
15018,koniq10k,koniq10k/5622280405.jpg,/home/sergey/iqa-data/koniq10k/koniq10k/1024x768/5622280405.jpg,0.3935960853146099,27.119155883789062
15021,koniq10k,koniq10k/5625316207.jpg,/home/sergey/iqa-data/koniq10k/koniq10k/1024x768/5625316207.jpg,0.6864584145078875,60.30777359008789
15026,koniq10k,koniq10k/5627914510.jpg,/home/sergey/iqa-data/koniq10k/koniq10k/1024x768/5627914510.jpg,0.7435204814333596,70.10018157958984
15032,koniq10k,koniq10k/5629171325.jpg,/home/sergey/iqa-data/koniq10k/koniq10k/1024x768/5629171325.jpg,0.710511852206443,75.25997161865234
15033,koniq10k,koniq10k/562942809.jpg,/home/sergey/iqa-data/koniq10k/koniq10k/1024x768/562942809.jpg,0.2175342909805002,27.253353118896484
15038,koniq10k,koniq10k/5631740117.jpg,/home/sergey/iqa-data/koniq10k/koniq10k/1024x768/5631740117.jpg,0.8717919910903569,77.7882308959961
15039,koniq10k,koniq10k/5632060967.jpg,/home/sergey/iqa-data/koniq10k/koniq10k/1024x768/5632060967.jpg,0.710511852206443,61.820491790771484
15041,koniq10k,koniq10k/563363297.jpg,/home/sergey/iqa-data/koniq10k/koniq10k/1024x768/563363297.jpg,0.481262394857415,53.711181640625
15042,koniq10k,koniq10k/5634507491.jpg,/home/sergey/iqa-data/koniq10k/koniq10k/1024x768/5634507491.jpg,0.5531168813061477,27.835220336914062
15058,koniq10k,koniq10k/5645356042.jpg,/home/sergey/iqa-data/koniq10k/koniq10k/1024x768/5645356042.jpg,0.7662686903387476,70.28412628173828
15059,koniq10k,koniq10k/5645503965.jpg,/home/sergey/iqa-data/koniq10k/koniq10k/1024x768/5645503965.jpg,0.5832371244333064,55.90025329589844
15061,koniq10k,koniq10k/5645669819.jpg,/home/sergey/iqa-data/koniq10k/koniq10k/1024x768/5645669819.jpg,0.5894532908225474,57.6059455871582
15067,koniq10k,koniq10k/5647243489.jpg,/home/sergey/iqa-data/koniq10k/koniq10k/1024x768/5647243489.jpg,0.629357454654034,65.45384979248047
15070,koniq10k,koniq10k/5649238461.jpg,/home/sergey/iqa-data/koniq10k/koniq10k/1024x768/5649238461.jpg,0.5168659692239053,49.26342010498047
15071,koniq10k,koniq10k/5650073370.jpg,/home/sergey/iqa-data/koniq10k/koniq10k/1024x768/5650073370.jpg,0.8616562948779335,64.67882537841797
15072,koniq10k,koniq10k/5650628470.jpg,/home/sergey/iqa-data/koniq10k/koniq10k/1024x768/5650628470.jpg,0.6148141918845594,68.83444213867188
15075,koniq10k,koniq10k/5651646348.jpg,/home/sergey/iqa-data/koniq10k/koniq10k/1024x768/5651646348.jpg,0.7389899473432274,64.00749969482422
15079,koniq10k,koniq10k/5656494008.jpg,/home/sergey/iqa-data/koniq10k/koniq10k/1024x768/5656494008.jpg,0.7879710045818233,71.6841049194336
15081,koniq10k,koniq10k/5657214180.jpg,/home/sergey/iqa-data/koniq10k/koniq10k/1024x768/5657214180.jpg,0.8030157970320735,78.2766342163086
15092,koniq10k,koniq10k/5664036497.jpg,/home/sergey/iqa-data/koniq10k/koniq10k/1024x768/5664036497.jpg,0.8227620871230268,74.12500762939453
15094,koniq10k,koniq10k/5664632199.jpg,/home/sergey/iqa-data/koniq10k/koniq10k/1024x768/5664632199.jpg,0.6240802794177606,38.261016845703125
15097,koniq10k,koniq10k/5666081630.jpg,/home/sergey/iqa-data/koniq10k/koniq10k/1024x768/5666081630.jpg,0.7705948909874224,78.37701416015625
15102,koniq10k,koniq10k/5669648365.jpg,/home/sergey/iqa-data/koniq10k/koniq10k/1024x768/5669648365.jpg,0.6495393753480342,62.69611740112305
15109,koniq10k,koniq10k/5673447503.jpg,/home/sergey/iqa-data/koniq10k/koniq10k/1024x768/5673447503.jpg,0.6608425083772138,53.38434982299805
15119,koniq10k,koniq10k/5679420644.jpg,/home/sergey/iqa-data/koniq10k/koniq10k/1024x768/5679420644.jpg,0.7807936724037212,72.25728607177734
15120,koniq10k,koniq10k/5679431462.jpg,/home/sergey/iqa-data/koniq10k/koniq10k/1024x768/5679431462.jpg,0.825753949258018,74.14222717285156
15123,koniq10k,koniq10k/5680571645.jpg,/home/sergey/iqa-data/koniq10k/koniq10k/1024x768/5680571645.jpg,0.3265486807921266,32.63493347167969
15126,koniq10k,koniq10k/5681342957.jpg,/home/sergey/iqa-data/koniq10k/koniq10k/1024x768/5681342957.jpg,0.8089760557166861,74.84056854248047
15130,koniq10k,koniq10k/5682574149.jpg,/home/sergey/iqa-data/koniq10k/koniq10k/1024x768/5682574149.jpg,0.5483871747634314,29.875240325927734
15137,koniq10k,koniq10k/5684960466.jpg,/home/sergey/iqa-data/koniq10k/koniq10k/1024x768/5684960466.jpg,0.2812350406893242,52.048377990722656
15138,koniq10k,koniq10k/5685134916.jpg,/home/sergey/iqa-data/koniq10k/koniq10k/1024x768/5685134916.jpg,0.6888463379607466,42.714881896972656
15146,koniq10k,koniq10k/5691962850.jpg,/home/sergey/iqa-data/koniq10k/koniq10k/1024x768/5691962850.jpg,0.8618699993161464,73.5832290649414
15150,koniq10k,koniq10k/5692969991.jpg,/home/sergey/iqa-data/koniq10k/koniq10k/1024x768/5692969991.jpg,0.810794638583055,77.37691497802734
15151,koniq10k,koniq10k/5693602630.jpg,/home/sergey/iqa-data/koniq10k/koniq10k/1024x768/5693602630.jpg,0.5083772139779794,55.336334228515625
15163,koniq10k,koniq10k/570171486.jpg,/home/sergey/iqa-data/koniq10k/koniq10k/1024x768/570171486.jpg,0.7290636757738581,64.1535873413086
15166,koniq10k,koniq10k/5706720351.jpg,/home/sergey/iqa-data/koniq10k/koniq10k/1024x768/5706720351.jpg,0.3321510944775646,33.975948333740234
15168,koniq10k,koniq10k/5707035849.jpg,/home/sergey/iqa-data/koniq10k/koniq10k/1024x768/5707035849.jpg,0.7060274314733495,59.295448303222656
15177,koniq10k,koniq10k/5714331882.jpg,/home/sergey/iqa-data/koniq10k/koniq10k/1024x768/5714331882.jpg,0.6769741642538104,63.75305938720703
15180,koniq10k,koniq10k/5717976598.jpg,/home/sergey/iqa-data/koniq10k/koniq10k/1024x768/5717976598.jpg,0.4226685234344381,32.420631408691406
15190,koniq10k,koniq10k/5725492383.jpg,/home/sergey/iqa-data/koniq10k/koniq10k/1024x768/5725492383.jpg,0.6903898561267681,46.57353591918945
15191,koniq10k,koniq10k/5726241150.jpg,/home/sergey/iqa-data/koniq10k/koniq10k/1024x768/5726241150.jpg,0.8561284734094697,69.50847625732422
15201,koniq10k,koniq10k/5734560437.jpg,/home/sergey/iqa-data/koniq10k/koniq10k/1024x768/5734560437.jpg,0.6173921219995885,46.36273193359375
15210,koniq10k,koniq10k/5743028880.jpg,/home/sergey/iqa-data/koniq10k/koniq10k/1024x768/5743028880.jpg,0.6739532549136258,79.33788299560547
15217,koniq10k,koniq10k/5748824865.jpg,/home/sergey/iqa-data/koniq10k/koniq10k/1024x768/5748824865.jpg,0.4557137296832977,43.142127990722656
15220,koniq10k,koniq10k/57501165.jpg,/home/sergey/iqa-data/koniq10k/koniq10k/1024x768/57501165.jpg,0.5747762312923924,57.155311584472656
15229,koniq10k,koniq10k/5761420767.jpg,/home/sergey/iqa-data/koniq10k/koniq10k/1024x768/5761420767.jpg,0.5923887027285779,63.31987762451172
15230,koniq10k,koniq10k/5761873238.jpg,/home/sergey/iqa-data/koniq10k/koniq10k/1024x768/5761873238.jpg,0.4808430502994102,40.0556755065918
15231,koniq10k,koniq10k/5762320263.jpg,/home/sergey/iqa-data/koniq10k/koniq10k/1024x768/5762320263.jpg,0.3917382103855084,41.67228317260742
15232,koniq10k,koniq10k/5763062464.jpg,/home/sergey/iqa-data/koniq10k/koniq10k/1024x768/5763062464.jpg,0.7930391950716474,75.42925262451172
15246,koniq10k,koniq10k/5777168643.jpg,/home/sergey/iqa-data/koniq10k/koniq10k/1024x768/5777168643.jpg,0.7521703129649504,54.15315628051758
15247,koniq10k,koniq10k/5777912776.jpg,/home/sergey/iqa-data/koniq10k/koniq10k/1024x768/5777912776.jpg,0.7906728991261401,74.14562225341797
15250,koniq10k,koniq10k/5782679543.jpg,/home/sergey/iqa-data/koniq10k/koniq10k/1024x768/5782679543.jpg,0.6522259454284335,72.31324005126953
15255,koniq10k,koniq10k/5784673341.jpg,/home/sergey/iqa-data/koniq10k/koniq10k/1024x768/5784673341.jpg,0.7309935158187925,49.96184539794922
15270,koniq10k,koniq10k/5796436033.jpg,/home/sergey/iqa-data/koniq10k/koniq10k/1024x768/5796436033.jpg,0.6970759161249618,56.489280700683594
15276,koniq10k,koniq10k/5799422140.jpg,/home/sergey/iqa-data/koniq10k/koniq10k/1024x768/5799422140.jpg,0.5005242882217491,56.408477783203125
15277,koniq10k,koniq10k/5802112389.jpg,/home/sergey/iqa-data/koniq10k/koniq10k/1024x768/5802112389.jpg,0.7436035665233568,76.26627349853516
15284,koniq10k,koniq10k/5805622077.jpg,/home/sergey/iqa-data/koniq10k/koniq10k/1024x768/5805622077.jpg,0.6564497507954842,63.708805084228516
15292,koniq10k,koniq10k/5812840397.jpg,/home/sergey/iqa-data/koniq10k/koniq10k/1024x768/5812840397.jpg,0.784081583806333,59.43687438964844
15293,koniq10k,koniq10k/5813122725.jpg,/home/sergey/iqa-data/koniq10k/koniq10k/1024x768/5813122725.jpg,0.7536228730580099,74.50532531738281
15296,koniq10k,koniq10k/5817880168.jpg,/home/sergey/iqa-data/koniq10k/koniq10k/1024x768/5817880168.jpg,0.7373923510575512,57.441524505615234
15309,koniq10k,koniq10k/5827032065.jpg,/home/sergey/iqa-data/koniq10k/koniq10k/1024x768/5827032065.jpg,0.4863135906697417,46.29924392700195
15315,koniq10k,koniq10k/5830228003.jpg,/home/sergey/iqa-data/koniq10k/koniq10k/1024x768/5830228003.jpg,0.6869550117797232,72.86083221435547
15318,koniq10k,koniq10k/5831366691.jpg,/home/sergey/iqa-data/koniq10k/koniq10k/1024x768/5831366691.jpg,0.6557718561069433,60.378448486328125
15322,koniq10k,koniq10k/5835525141.jpg,/home/sergey/iqa-data/koniq10k/koniq10k/1024x768/5835525141.jpg,0.7746807471556166,65.61634826660156
15324,koniq10k,koniq10k/5837969940.jpg,/home/sergey/iqa-data/koniq10k/koniq10k/1024x768/5837969940.jpg,0.7928434657730973,60.806663513183594
15328,koniq10k,koniq10k/5839623776.jpg,/home/sergey/iqa-data/koniq10k/koniq10k/1024x768/5839623776.jpg,0.6014514307491376,59.46549987792969
15329,koniq10k,koniq10k/5839793009.jpg,/home/sergey/iqa-data/koniq10k/koniq10k/1024x768/5839793009.jpg,0.6936371165667492,42.473670959472656
15330,koniq10k,koniq10k/5842574442.jpg,/home/sergey/iqa-data/koniq10k/koniq10k/1024x768/5842574442.jpg,0.8552078153248415,71.96111297607422
15332,koniq10k,koniq10k/5842931891.jpg,/home/sergey/iqa-data/koniq10k/koniq10k/1024x768/5842931891.jpg,0.7679902743744921,67.28156280517578
15336,koniq10k,koniq10k/58449294.jpg,/home/sergey/iqa-data/koniq10k/koniq10k/1024x768/58449294.jpg,0.5467147706861181,59.32514190673828
15337,koniq10k,koniq10k/5846011911.jpg,/home/sergey/iqa-data/koniq10k/koniq10k/1024x768/5846011911.jpg,0.3957161050245223,45.30043411254883
15339,koniq10k,koniq10k/5847384440.jpg,/home/sergey/iqa-data/koniq10k/koniq10k/1024x768/5847384440.jpg,0.735351196097965,73.40421295166016
15344,koniq10k,koniq10k/5849249346.jpg,/home/sergey/iqa-data/koniq10k/koniq10k/1024x768/5849249346.jpg,0.8561284734094697,77.29179382324219
15349,koniq10k,koniq10k/5854130158.jpg,/home/sergey/iqa-data/koniq10k/koniq10k/1024x768/5854130158.jpg,0.6377023428313802,64.43378448486328
15350,koniq10k,koniq10k/5856115357.jpg,/home/sergey/iqa-data/koniq10k/koniq10k/1024x768/5856115357.jpg,0.5689054074803315,50.04362487792969
15359,koniq10k,koniq10k/5866763424.jpg,/home/sergey/iqa-data/koniq10k/koniq10k/1024x768/5866763424.jpg,0.76663475347056,78.12067413330078
15366,koniq10k,koniq10k/5870955720.jpg,/home/sergey/iqa-data/koniq10k/koniq10k/1024x768/5870955720.jpg,0.8333802645040788,71.6585922241211
15368,koniq10k,koniq10k/5871213191.jpg,/home/sergey/iqa-data/koniq10k/koniq10k/1024x768/5871213191.jpg,0.8434951668304319,76.43692016601562
15370,koniq10k,koniq10k/5871779223.jpg,/home/sergey/iqa-data/koniq10k/koniq10k/1024x768/5871779223.jpg,0.5267547271421729,47.187156677246094
15375,koniq10k,koniq10k/5876691783.jpg,/home/sergey/iqa-data/koniq10k/koniq10k/1024x768/5876691783.jpg,0.8586644327429389,69.0167465209961
15394,koniq10k,koniq10k/5886709832.jpg,/home/sergey/iqa-data/koniq10k/koniq10k/1024x768/5886709832.jpg,0.7743842409024814,63.90470886230469
15395,koniq10k,koniq10k/5887130142.jpg,/home/sergey/iqa-data/koniq10k/koniq10k/1024x768/5887130142.jpg,0.3081617999042591,40.7959098815918
15397,koniq10k,koniq10k/5887936508.jpg,/home/sergey/iqa-data/koniq10k/koniq10k/1024x768/5887936508.jpg,0.7408289818665718,75.16145324707031
15398,koniq10k,koniq10k/5888106239.jpg,/home/sergey/iqa-data/koniq10k/koniq10k/1024x768/5888106239.jpg,0.7802550647145422,72.9054946899414
15400,koniq10k,koniq10k/5890294263.jpg,/home/sergey/iqa-data/koniq10k/koniq10k/1024x768/5890294263.jpg,0.6833864718155297,56.38435363769531
15409,koniq10k,koniq10k/5893291303.jpg,/home/sergey/iqa-data/koniq10k/koniq10k/1024x768/5893291303.jpg,0.7198135357541771,66.46842193603516
15410,koniq10k,koniq10k/5893652818.jpg,/home/sergey/iqa-data/koniq10k/koniq10k/1024x768/5893652818.jpg,0.1990435073204636,22.507375717163086
15414,koniq10k,koniq10k/5895477446.jpg,/home/sergey/iqa-data/koniq10k/koniq10k/1024x768/5895477446.jpg,0.8491659966444662,71.27348327636719
15415,koniq10k,koniq10k/5896106502.jpg,/home/sergey/iqa-data/koniq10k/koniq10k/1024x768/5896106502.jpg,0.8209351978547544,76.6327133178711
15417,koniq10k,koniq10k/5897660924.jpg,/home/sergey/iqa-data/koniq10k/koniq10k/1024x768/5897660924.jpg,0.5953241146346083,56.87946319580078
15422,koniq10k,koniq10k/5901488995.jpg,/home/sergey/iqa-data/koniq10k/koniq10k/1024x768/5901488995.jpg,0.4343809837242693,37.93980407714844
15425,koniq10k,koniq10k/5902359095.jpg,/home/sergey/iqa-data/koniq10k/koniq10k/1024x768/5902359095.jpg,0.7536228730580099,62.367042541503906
15427,koniq10k,koniq10k/5903878980.jpg,/home/sergey/iqa-data/koniq10k/koniq10k/1024x768/5903878980.jpg,0.7275362529072421,50.197593688964844
15429,koniq10k,koniq10k/5904145977.jpg,/home/sergey/iqa-data/koniq10k/koniq10k/1024x768/5904145977.jpg,0.8164193393968406,77.15848541259766
15431,koniq10k,koniq10k/5904230612.jpg,/home/sergey/iqa-data/koniq10k/koniq10k/1024x768/5904230612.jpg,0.7814072824720502,56.340362548828125
15437,koniq10k,koniq10k/5906582267.jpg,/home/sergey/iqa-data/koniq10k/koniq10k/1024x768/5906582267.jpg,0.7755913261722501,49.76844787597656
15438,koniq10k,koniq10k/5906624117.jpg,/home/sergey/iqa-data/koniq10k/koniq10k/1024x768/5906624117.jpg,0.7479655337482046,58.1661491394043
15439,koniq10k,koniq10k/5906952351.jpg,/home/sergey/iqa-data/koniq10k/koniq10k/1024x768/5906952351.jpg,0.8715546051189355,75.95310974121094
15450,koniq10k,koniq10k/5913086401.jpg,/home/sergey/iqa-data/koniq10k/koniq10k/1024x768/5913086401.jpg,0.2963395873902594,18.719608306884766
15453,koniq10k,koniq10k/5914304035.jpg,/home/sergey/iqa-data/koniq10k/koniq10k/1024x768/5914304035.jpg,0.644247646401788,59.52397537231445
15454,koniq10k,koniq10k/5914413530.jpg,/home/sergey/iqa-data/koniq10k/koniq10k/1024x768/5914413530.jpg,0.7422034288956254,69.89350128173828
15456,koniq10k,koniq10k/5914426709.jpg,/home/sergey/iqa-data/koniq10k/koniq10k/1024x768/5914426709.jpg,0.7327129032560836,72.45503234863281
15461,koniq10k,koniq10k/5916873718.jpg,/home/sergey/iqa-data/koniq10k/koniq10k/1024x768/5916873718.jpg,0.5454221122320853,33.868507385253906
15467,koniq10k,koniq10k/5920883206.jpg,/home/sergey/iqa-data/koniq10k/koniq10k/1024x768/5920883206.jpg,0.6656013290907558,59.65265655517578
15469,koniq10k,koniq10k/5921674068.jpg,/home/sergey/iqa-data/koniq10k/koniq10k/1024x768/5921674068.jpg,0.6931432218650969,66.3876724243164
15478,koniq10k,koniq10k/5925658885.jpg,/home/sergey/iqa-data/koniq10k/koniq10k/1024x768/5925658885.jpg,0.6052462920690439,40.01656723022461
15479,koniq10k,koniq10k/5926348208.jpg,/home/sergey/iqa-data/koniq10k/koniq10k/1024x768/5926348208.jpg,0.6588487082126908,66.6754150390625
15487,koniq10k,koniq10k/5932756634.jpg,/home/sergey/iqa-data/koniq10k/koniq10k/1024x768/5932756634.jpg,0.7198135357541771,67.22917938232422
15496,koniq10k,koniq10k/5936466945.jpg,/home/sergey/iqa-data/koniq10k/koniq10k/1024x768/5936466945.jpg,0.5754166847991655,66.90352630615234
15497,koniq10k,koniq10k/5936518143.jpg,/home/sergey/iqa-data/koniq10k/koniq10k/1024x768/5936518143.jpg,0.7196788371991819,67.21393585205078
15503,koniq10k,koniq10k/5941719690.jpg,/home/sergey/iqa-data/koniq10k/koniq10k/1024x768/5941719690.jpg,0.7464550790781109,62.367042541503906
15504,koniq10k,koniq10k/5941759615.jpg,/home/sergey/iqa-data/koniq10k/koniq10k/1024x768/5941759615.jpg,0.3760628234060477,35.917388916015625
15505,koniq10k,koniq10k/5942438965.jpg,/home/sergey/iqa-data/koniq10k/koniq10k/1024x768/5942438965.jpg,0.561828968064007,68.72692108154297
15511,koniq10k,koniq10k/5948128813.jpg,/home/sergey/iqa-data/koniq10k/koniq10k/1024x768/5948128813.jpg,0.7732919946118652,68.99224853515625
15520,koniq10k,koniq10k/5952914370.jpg,/home/sergey/iqa-data/koniq10k/koniq10k/1024x768/5952914370.jpg,0.9439923408329344,74.20584106445312
15521,koniq10k,koniq10k/5952945336.jpg,/home/sergey/iqa-data/koniq10k/koniq10k/1024x768/5952945336.jpg,0.7493671268204523,70.4492416381836
15524,koniq10k,koniq10k/5955805991.jpg,/home/sergey/iqa-data/koniq10k/koniq10k/1024x768/5955805991.jpg,0.8315160541105973,67.76236724853516
15527,koniq10k,koniq10k/5956532834.jpg,/home/sergey/iqa-data/koniq10k/koniq10k/1024x768/5956532834.jpg,0.2072975368384117,34.81058883666992
15534,koniq10k,koniq10k/5959274849.jpg,/home/sergey/iqa-data/koniq10k/koniq10k/1024x768/5959274849.jpg,0.5381509084281589,61.64009094238281
15535,koniq10k,koniq10k/5959668491.jpg,/home/sergey/iqa-data/koniq10k/koniq10k/1024x768/5959668491.jpg,0.8038523565416639,69.4295883178711
15544,koniq10k,koniq10k/5965102816.jpg,/home/sergey/iqa-data/koniq10k/koniq10k/1024x768/5965102816.jpg,0.8027878456313124,71.13033294677734
15550,koniq10k,koniq10k/5966712198.jpg,/home/sergey/iqa-data/koniq10k/koniq10k/1024x768/5966712198.jpg,0.648692698716633,66.00809478759766
15555,koniq10k,koniq10k/5968485889.jpg,/home/sergey/iqa-data/koniq10k/koniq10k/1024x768/5968485889.jpg,0.8837416771835165,77.65984344482422
15557,koniq10k,koniq10k/5969471767.jpg,/home/sergey/iqa-data/koniq10k/koniq10k/1024x768/5969471767.jpg,0.5492584921488789,38.27842330932617
15559,koniq10k,koniq10k/5971260303.jpg,/home/sergey/iqa-data/koniq10k/koniq10k/1024x768/5971260303.jpg,0.6489620958266233,53.40221405029297
15565,koniq10k,koniq10k/5974147290.jpg,/home/sergey/iqa-data/koniq10k/koniq10k/1024x768/5974147290.jpg,0.2393489707994261,28.09720230102539
15573,koniq10k,koniq10k/5979005595.jpg,/home/sergey/iqa-data/koniq10k/koniq10k/1024x768/5979005595.jpg,0.8324215277302874,71.04794311523438
15578,koniq10k,koniq10k/5982393408.jpg,/home/sergey/iqa-data/koniq10k/koniq10k/1024x768/5982393408.jpg,0.9035423647678316,79.01392364501953
15579,koniq10k,koniq10k/5984121563.jpg,/home/sergey/iqa-data/koniq10k/koniq10k/1024x768/5984121563.jpg,0.20920873003209,31.319364547729492
15590,koniq10k,koniq10k/5993869890.jpg,/home/sergey/iqa-data/koniq10k/koniq10k/1024x768/5993869890.jpg,0.8679819462490611,77.45072174072266
15591,koniq10k,koniq10k/5993929800.jpg,/home/sergey/iqa-data/koniq10k/koniq10k/1024x768/5993929800.jpg,0.906371034422734,78.46920776367188
15594,koniq10k,koniq10k/5995040588.jpg,/home/sergey/iqa-data/koniq10k/koniq10k/1024x768/5995040588.jpg,0.8973192915270466,78.64029693603516
15600,koniq10k,koniq10k/5996831643.jpg,/home/sergey/iqa-data/koniq10k/koniq10k/1024x768/5996831643.jpg,0.3935960853146099,40.37472915649414
15604,koniq10k,koniq10k/5999303076.jpg,/home/sergey/iqa-data/koniq10k/koniq10k/1024x768/5999303076.jpg,0.4715523291210997,37.08794021606445
15608,koniq10k,koniq10k/6000377344.jpg,/home/sergey/iqa-data/koniq10k/koniq10k/1024x768/6000377344.jpg,0.5146002872187645,38.055572509765625
15611,koniq10k,koniq10k/6001045244.jpg,/home/sergey/iqa-data/koniq10k/koniq10k/1024x768/6001045244.jpg,0.8724269985639063,71.31796264648438
15617,koniq10k,koniq10k/6002391220.jpg,/home/sergey/iqa-data/koniq10k/koniq10k/1024x768/6002391220.jpg,0.7523275009730525,75.93848419189453
15618,koniq10k,koniq10k/6002788833.jpg,/home/sergey/iqa-data/koniq10k/koniq10k/1024x768/6002788833.jpg,0.721546826593928,67.90384674072266
15631,koniq10k,koniq10k/6011321842.jpg,/home/sergey/iqa-data/koniq10k/koniq10k/1024x768/6011321842.jpg,0.6686518551891804,50.18742370605469
15639,koniq10k,koniq10k/6015806731.jpg,/home/sergey/iqa-data/koniq10k/koniq10k/1024x768/6015806731.jpg,0.9090986801613886,68.53977966308594
15640,koniq10k,koniq10k/6015956857.jpg,/home/sergey/iqa-data/koniq10k/koniq10k/1024x768/6015956857.jpg,0.5546731073298807,61.51388168334961
15642,koniq10k,koniq10k/6016403844.jpg,/home/sergey/iqa-data/koniq10k/koniq10k/1024x768/6016403844.jpg,0.9500700151662236,75.15599822998047
15643,koniq10k,koniq10k/6018292739.jpg,/home/sergey/iqa-data/koniq10k/koniq10k/1024x768/6018292739.jpg,0.8852392081772886,73.70155334472656
15651,koniq10k,koniq10k/6021411453.jpg,/home/sergey/iqa-data/koniq10k/koniq10k/1024x768/6021411453.jpg,0.6206753992776006,61.553382873535156
15652,koniq10k,koniq10k/6021481506.jpg,/home/sergey/iqa-data/koniq10k/koniq10k/1024x768/6021481506.jpg,0.3888302322356068,33.33555603027344
15653,koniq10k,koniq10k/6022378177.jpg,/home/sergey/iqa-data/koniq10k/koniq10k/1024x768/6022378177.jpg,0.5235758736237418,63.25380325317383
15654,koniq10k,koniq10k/6022545118.jpg,/home/sergey/iqa-data/koniq10k/koniq10k/1024x768/6022545118.jpg,0.5177118238391569,47.67074203491211
15656,koniq10k,koniq10k/6024552297.jpg,/home/sergey/iqa-data/koniq10k/koniq10k/1024x768/6024552297.jpg,0.2560063653888445,37.56519317626953
15657,koniq10k,koniq10k/6024842797.jpg,/home/sergey/iqa-data/koniq10k/koniq10k/1024x768/6024842797.jpg,0.4009095260890358,42.0303955078125
15664,koniq10k,koniq10k/6027592169.jpg,/home/sergey/iqa-data/koniq10k/koniq10k/1024x768/6027592169.jpg,0.5568282842098075,58.40940856933594
15672,koniq10k,koniq10k/6031428768.jpg,/home/sergey/iqa-data/koniq10k/koniq10k/1024x768/6031428768.jpg,0.8477695385532478,74.14734649658203
15675,koniq10k,koniq10k/6032331327.jpg,/home/sergey/iqa-data/koniq10k/koniq10k/1024x768/6032331327.jpg,0.6364198813190369,36.87847137451172
15677,koniq10k,koniq10k/6034206796.jpg,/home/sergey/iqa-data/koniq10k/koniq10k/1024x768/6034206796.jpg,0.7032949585049467,70.14170837402344
15685,koniq10k,koniq10k/6038701648.jpg,/home/sergey/iqa-data/koniq10k/koniq10k/1024x768/6038701648.jpg,0.3472373326370441,32.860206604003906
15689,koniq10k,koniq10k/6041797981.jpg,/home/sergey/iqa-data/koniq10k/koniq10k/1024x768/6041797981.jpg,0.6837365668134977,67.30929565429688
15696,koniq10k,koniq10k/6046652289.jpg,/home/sergey/iqa-data/koniq10k/koniq10k/1024x768/6046652289.jpg,0.812026581815111,79.09829711914062
15698,koniq10k,koniq10k/6047228959.jpg,/home/sergey/iqa-data/koniq10k/koniq10k/1024x768/6047228959.jpg,0.7022076422718445,60.272789001464844
15699,koniq10k,koniq10k/6048178491.jpg,/home/sergey/iqa-data/koniq10k/koniq10k/1024x768/6048178491.jpg,0.3818099617525163,36.9962158203125
15701,koniq10k,koniq10k/6050570749.jpg,/home/sergey/iqa-data/koniq10k/koniq10k/1024x768/6050570749.jpg,0.4836114062433102,48.74652099609375
15703,koniq10k,koniq10k/6052522172.jpg,/home/sergey/iqa-data/koniq10k/koniq10k/1024x768/6052522172.jpg,0.7253361765089872,72.17224884033203
15712,koniq10k,koniq10k/6059364561.jpg,/home/sergey/iqa-data/koniq10k/koniq10k/1024x768/6059364561.jpg,0.7987975676457055,58.985557556152344
15715,koniq10k,koniq10k/6060968148.jpg,/home/sergey/iqa-data/koniq10k/koniq10k/1024x768/6060968148.jpg,0.7090713259932979,61.71574783325195
15717,koniq10k,koniq10k/6061619361.jpg,/home/sergey/iqa-data/koniq10k/koniq10k/1024x768/6061619361.jpg,0.511608425083773,60.819541931152344
15719,koniq10k,koniq10k/6063249330.jpg,/home/sergey/iqa-data/koniq10k/koniq10k/1024x768/6063249330.jpg,0.6214684842275724,39.06602478027344
15723,koniq10k,koniq10k/6065704403.jpg,/home/sergey/iqa-data/koniq10k/koniq10k/1024x768/6065704403.jpg,0.7366508551285944,64.13478088378906
15724,koniq10k,koniq10k/6066096952.jpg,/home/sergey/iqa-data/koniq10k/koniq10k/1024x768/6066096952.jpg,0.6209349102551134,66.70526885986328
15730,koniq10k,koniq10k/6068776554.jpg,/home/sergey/iqa-data/koniq10k/koniq10k/1024x768/6068776554.jpg,0.6825360253754631,71.36707305908203
15731,koniq10k,koniq10k/6070920773.jpg,/home/sergey/iqa-data/koniq10k/koniq10k/1024x768/6070920773.jpg,0.8671009448893595,64.75586700439453
15733,koniq10k,koniq10k/6071037995.jpg,/home/sergey/iqa-data/koniq10k/koniq10k/1024x768/6071037995.jpg,0.2631095846482014,36.39354705810547
15736,koniq10k,koniq10k/6072373526.jpg,/home/sergey/iqa-data/koniq10k/koniq10k/1024x768/6072373526.jpg,0.7539492580181906,57.95441818237305
15738,koniq10k,koniq10k/6073381897.jpg,/home/sergey/iqa-data/koniq10k/koniq10k/1024x768/6073381897.jpg,0.7988815875364452,77.49299621582031
15740,koniq10k,koniq10k/6074442813.jpg,/home/sergey/iqa-data/koniq10k/koniq10k/1024x768/6074442813.jpg,0.6989876425012842,69.9862289428711
15742,koniq10k,koniq10k/6075825527.jpg,/home/sergey/iqa-data/koniq10k/koniq10k/1024x768/6075825527.jpg,0.6522259454284335,52.976348876953125
15744,koniq10k,koniq10k/6077250722.jpg,/home/sergey/iqa-data/koniq10k/koniq10k/1024x768/6077250722.jpg,0.6701771182383912,71.34302520751953
15747,koniq10k,koniq10k/6078472527.jpg,/home/sergey/iqa-data/koniq10k/koniq10k/1024x768/6078472527.jpg,0.6753630126057132,58.201255798339844
15749,koniq10k,koniq10k/6080237953.jpg,/home/sergey/iqa-data/koniq10k/koniq10k/1024x768/6080237953.jpg,0.6467650708519433,56.69111251831055
15752,koniq10k,koniq10k/6081414146.jpg,/home/sergey/iqa-data/koniq10k/koniq10k/1024x768/6081414146.jpg,0.6127445497778737,57.429595947265625
15757,koniq10k,koniq10k/6087844508.jpg,/home/sergey/iqa-data/koniq10k/koniq10k/1024x768/6087844508.jpg,0.7836482931563763,52.144752502441406
15773,koniq10k,koniq10k/6096713881.jpg,/home/sergey/iqa-data/koniq10k/koniq10k/1024x768/6096713881.jpg,0.4398037338439425,49.46019744873047
15775,koniq10k,koniq10k/6098120607.jpg,/home/sergey/iqa-data/koniq10k/koniq10k/1024x768/6098120607.jpg,0.2591674050837043,35.67835998535156
15783,koniq10k,koniq10k/6103897334.jpg,/home/sergey/iqa-data/koniq10k/koniq10k/1024x768/6103897334.jpg,0.2367845175408603,34.79399108886719
15789,koniq10k,koniq10k/6106890458.jpg,/home/sergey/iqa-data/koniq10k/koniq10k/1024x768/6106890458.jpg,0.6505482657265701,63.69409942626953
15795,koniq10k,koniq10k/6111148526.jpg,/home/sergey/iqa-data/koniq10k/koniq10k/1024x768/6111148526.jpg,0.3034603022635561,34.66261291503906
15800,koniq10k,koniq10k/6112648095.jpg,/home/sergey/iqa-data/koniq10k/koniq10k/1024x768/6112648095.jpg,0.7357634293545084,70.3460922241211
15802,koniq10k,koniq10k/6113677746.jpg,/home/sergey/iqa-data/koniq10k/koniq10k/1024x768/6113677746.jpg,0.7988271900430831,79.75560760498047
15808,koniq10k,koniq10k/6115396985.jpg,/home/sergey/iqa-data/koniq10k/koniq10k/1024x768/6115396985.jpg,0.7509573958831962,71.77861785888672
15810,koniq10k,koniq10k/6116188135.jpg,/home/sergey/iqa-data/koniq10k/koniq10k/1024x768/6116188135.jpg,0.8104870639710448,74.1946029663086
15812,koniq10k,koniq10k/611785273.jpg,/home/sergey/iqa-data/koniq10k/koniq10k/1024x768/611785273.jpg,0.3452960887562305,30.23578643798828
15824,koniq10k,koniq10k/6122580003.jpg,/home/sergey/iqa-data/koniq10k/koniq10k/1024x768/6122580003.jpg,0.202032290352061,28.091999053955078
15833,koniq10k,koniq10k/6128176020.jpg,/home/sergey/iqa-data/koniq10k/koniq10k/1024x768/6128176020.jpg,0.3802384786109055,34.01216125488281
15837,koniq10k,koniq10k/6128851294.jpg,/home/sergey/iqa-data/koniq10k/koniq10k/1024x768/6128851294.jpg,0.6874634327961289,69.40140533447266
15838,koniq10k,koniq10k/6129702417.jpg,/home/sergey/iqa-data/koniq10k/koniq10k/1024x768/6129702417.jpg,0.6540323527552224,77.51441955566406
15840,koniq10k,koniq10k/6131302144.jpg,/home/sergey/iqa-data/koniq10k/koniq10k/1024x768/6131302144.jpg,0.8236129836935291,75.29795837402344
15845,koniq10k,koniq10k/6133227550.jpg,/home/sergey/iqa-data/koniq10k/koniq10k/1024x768/6133227550.jpg,0.5772841560276427,65.08892822265625
15847,koniq10k,koniq10k/6135085548.jpg,/home/sergey/iqa-data/koniq10k/koniq10k/1024x768/6135085548.jpg,0.384952928035741,52.98967742919922
15855,koniq10k,koniq10k/6142185721.jpg,/home/sergey/iqa-data/koniq10k/koniq10k/1024x768/6142185721.jpg,0.45268705854769,49.44966125488281
15860,koniq10k,koniq10k/6143020134.jpg,/home/sergey/iqa-data/koniq10k/koniq10k/1024x768/6143020134.jpg,0.7291077360488563,67.0612564086914
15861,koniq10k,koniq10k/6143211622.jpg,/home/sergey/iqa-data/koniq10k/koniq10k/1024x768/6143211622.jpg,0.7701907953224367,77.54488372802734
15863,koniq10k,koniq10k/6143698715.jpg,/home/sergey/iqa-data/koniq10k/koniq10k/1024x768/6143698715.jpg,0.3627995928743722,49.89302444458008
15866,koniq10k,koniq10k/6144690260.jpg,/home/sergey/iqa-data/koniq10k/koniq10k/1024x768/6144690260.jpg,0.8008616562948777,42.793251037597656
15871,koniq10k,koniq10k/6147638271.jpg,/home/sergey/iqa-data/koniq10k/koniq10k/1024x768/6147638271.jpg,0.826494791310492,76.49201202392578
15881,koniq10k,koniq10k/6153807982.jpg,/home/sergey/iqa-data/koniq10k/koniq10k/1024x768/6153807982.jpg,0.7524968977584863,75.8373794555664
15883,koniq10k,koniq10k/6153984860.jpg,/home/sergey/iqa-data/koniq10k/koniq10k/1024x768/6153984860.jpg,0.5725880151442629,55.3994140625
15894,koniq10k,koniq10k/6160448268.jpg,/home/sergey/iqa-data/koniq10k/koniq10k/1024x768/6160448268.jpg,0.4816898037338437,38.9561882019043
15900,koniq10k,koniq10k/6163563949.jpg,/home/sergey/iqa-data/koniq10k/koniq10k/1024x768/6163563949.jpg,0.771537780872392,73.75712585449219
15909,koniq10k,koniq10k/616692637.jpg,/home/sergey/iqa-data/koniq10k/koniq10k/1024x768/616692637.jpg,0.4304617969734549,50.797447204589844
15914,koniq10k,koniq10k/6169499538.jpg,/home/sergey/iqa-data/koniq10k/koniq10k/1024x768/6169499538.jpg,0.8570147143694398,77.88390350341797
15915,koniq10k,koniq10k/6169751513.jpg,/home/sergey/iqa-data/koniq10k/koniq10k/1024x768/6169751513.jpg,0.7601676381419011,74.46524810791016
15919,koniq10k,koniq10k/6171205916.jpg,/home/sergey/iqa-data/koniq10k/koniq10k/1024x768/6171205916.jpg,0.6110579224509332,59.218528747558594
15922,koniq10k,koniq10k/6172964730.jpg,/home/sergey/iqa-data/koniq10k/koniq10k/1024x768/6172964730.jpg,0.2596699353994747,34.34803009033203
15932,koniq10k,koniq10k/6177663697.jpg,/home/sergey/iqa-data/koniq10k/koniq10k/1024x768/6177663697.jpg,0.771792615976437,74.40569305419922
15937,koniq10k,koniq10k/6180327231.jpg,/home/sergey/iqa-data/koniq10k/koniq10k/1024x768/6180327231.jpg,0.9035423647678316,76.98335266113281
15951,koniq10k,koniq10k/6190639250.jpg,/home/sergey/iqa-data/koniq10k/koniq10k/1024x768/6190639250.jpg,0.7684679068283113,69.36428833007812
15955,koniq10k,koniq10k/6192537618.jpg,/home/sergey/iqa-data/koniq10k/koniq10k/1024x768/6192537618.jpg,0.7597516573102983,72.2712173461914
15962,koniq10k,koniq10k/6198870834.jpg,/home/sergey/iqa-data/koniq10k/koniq10k/1024x768/6198870834.jpg,0.6664729079760198,65.09391021728516
15964,koniq10k,koniq10k/6199370121.jpg,/home/sergey/iqa-data/koniq10k/koniq10k/1024x768/6199370121.jpg,0.8448341266472171,74.80815887451172
15972,koniq10k,koniq10k/6204572206.jpg,/home/sergey/iqa-data/koniq10k/koniq10k/1024x768/6204572206.jpg,0.823688770085192,64.7243423461914
15975,koniq10k,koniq10k/6205974624.jpg,/home/sergey/iqa-data/koniq10k/koniq10k/1024x768/6205974624.jpg,0.5600991717622404,58.39204406738281
15983,koniq10k,koniq10k/6210021795.jpg,/home/sergey/iqa-data/koniq10k/koniq10k/1024x768/6210021795.jpg,0.6012788073582712,61.70391082763672
15984,koniq10k,koniq10k/6210436753.jpg,/home/sergey/iqa-data/koniq10k/koniq10k/1024x768/6210436753.jpg,0.4797807107524676,40.615562438964844
15987,koniq10k,koniq10k/6211562802.jpg,/home/sergey/iqa-data/koniq10k/koniq10k/1024x768/6211562802.jpg,0.6772487923756461,60.39493179321289
15993,koniq10k,koniq10k/6220511513.jpg,/home/sergey/iqa-data/koniq10k/koniq10k/1024x768/6220511513.jpg,0.6701771182383912,71.91828155517578
15999,koniq10k,koniq10k/6224309834.jpg,/home/sergey/iqa-data/koniq10k/koniq10k/1024x768/6224309834.jpg,0.2694489171272306,35.71079635620117
16003,koniq10k,koniq10k/6225884368.jpg,/home/sergey/iqa-data/koniq10k/koniq10k/1024x768/6225884368.jpg,0.147011892358665,22.15058708190918
16004,koniq10k,koniq10k/6226065978.jpg,/home/sergey/iqa-data/koniq10k/koniq10k/1024x768/6226065978.jpg,0.7076307997801532,66.63850402832031
16012,koniq10k,koniq10k/6228278450.jpg,/home/sergey/iqa-data/koniq10k/koniq10k/1024x768/6228278450.jpg,0.6931432218650969,69.0034408569336
16025,koniq10k,koniq10k/6237051127.jpg,/home/sergey/iqa-data/koniq10k/koniq10k/1024x768/6237051127.jpg,0.6416803719625196,41.59880828857422
16028,koniq10k,koniq10k/6237907286.jpg,/home/sergey/iqa-data/koniq10k/koniq10k/1024x768/6237907286.jpg,0.7464838496432575,74.03053283691406
16033,koniq10k,koniq10k/6238988012.jpg,/home/sergey/iqa-data/koniq10k/koniq10k/1024x768/6238988012.jpg,0.5597916524197052,61.960575103759766
16039,koniq10k,koniq10k/6244943274.jpg,/home/sergey/iqa-data/koniq10k/koniq10k/1024x768/6244943274.jpg,0.45342687307998,46.42743682861328
16042,koniq10k,koniq10k/6245654215.jpg,/home/sergey/iqa-data/koniq10k/koniq10k/1024x768/6245654215.jpg,0.809894175222036,76.1111068725586
16044,koniq10k,koniq10k/62458506.jpg,/home/sergey/iqa-data/koniq10k/koniq10k/1024x768/62458506.jpg,0.7210387745332697,73.71776580810547
16059,koniq10k,koniq10k/6252913864.jpg,/home/sergey/iqa-data/koniq10k/koniq10k/1024x768/6252913864.jpg,0.5205840114887503,42.43030548095703
16064,koniq10k,koniq10k/6255399920.jpg,/home/sergey/iqa-data/koniq10k/koniq10k/1024x768/6255399920.jpg,0.7958353279080889,73.68387603759766
16069,koniq10k,koniq10k/6256829619.jpg,/home/sergey/iqa-data/koniq10k/koniq10k/1024x768/6256829619.jpg,0.8384171796898466,71.52464294433594
16080,koniq10k,koniq10k/6261187277.jpg,/home/sergey/iqa-data/koniq10k/koniq10k/1024x768/6261187277.jpg,0.5646621387844857,59.079200744628906
16084,koniq10k,koniq10k/6264868738.jpg,/home/sergey/iqa-data/koniq10k/koniq10k/1024x768/6264868738.jpg,0.4780873574896684,59.11181640625
16086,koniq10k,koniq10k/6266190688.jpg,/home/sergey/iqa-data/koniq10k/koniq10k/1024x768/6266190688.jpg,0.5895855165840799,64.4542465209961
16091,koniq10k,koniq10k/6269063819.jpg,/home/sergey/iqa-data/koniq10k/koniq10k/1024x768/6269063819.jpg,0.5710350200396102,59.49369812011719
16093,koniq10k,koniq10k/6272882973.jpg,/home/sergey/iqa-data/koniq10k/koniq10k/1024x768/6272882973.jpg,0.5798590250625674,54.758155822753906
16109,koniq10k,koniq10k/6283537466.jpg,/home/sergey/iqa-data/koniq10k/koniq10k/1024x768/6283537466.jpg,0.6262767253269127,64.89111328125
16112,koniq10k,koniq10k/6285601097.jpg,/home/sergey/iqa-data/koniq10k/koniq10k/1024x768/6285601097.jpg,0.7773196528085119,56.53810119628906
16121,koniq10k,koniq10k/6290479072.jpg,/home/sergey/iqa-data/koniq10k/koniq10k/1024x768/6290479072.jpg,0.683341311632359,69.56549835205078
16122,koniq10k,koniq10k/6291431070.jpg,/home/sergey/iqa-data/koniq10k/koniq10k/1024x768/6291431070.jpg,0.8951328063343372,72.94654846191406
16124,koniq10k,koniq10k/6293184375.jpg,/home/sergey/iqa-data/koniq10k/koniq10k/1024x768/6293184375.jpg,0.768132900732229,66.7630844116211
16125,koniq10k,koniq10k/6293629106.jpg,/home/sergey/iqa-data/koniq10k/koniq10k/1024x768/6293629106.jpg,0.4789472634434343,46.6606559753418
16129,koniq10k,koniq10k/6295098733.jpg,/home/sergey/iqa-data/koniq10k/koniq10k/1024x768/6295098733.jpg,0.7823851866286534,79.9026870727539
16133,koniq10k,koniq10k/6299847089.jpg,/home/sergey/iqa-data/koniq10k/koniq10k/1024x768/6299847089.jpg,0.7465115446732554,72.67182159423828
16144,koniq10k,koniq10k/6305224063.jpg,/home/sergey/iqa-data/koniq10k/koniq10k/1024x768/6305224063.jpg,0.2664181996398352,32.78150177001953
16149,koniq10k,koniq10k/6305935130.jpg,/home/sergey/iqa-data/koniq10k/koniq10k/1024x768/6305935130.jpg,0.7847382392619352,70.8979721069336
16151,koniq10k,koniq10k/6307302399.jpg,/home/sergey/iqa-data/koniq10k/koniq10k/1024x768/6307302399.jpg,0.8437051220679758,79.75505828857422
16153,koniq10k,koniq10k/6308614891.jpg,/home/sergey/iqa-data/koniq10k/koniq10k/1024x768/6308614891.jpg,0.5822698844508792,50.37230682373047
16156,koniq10k,koniq10k/6309436752.jpg,/home/sergey/iqa-data/koniq10k/koniq10k/1024x768/6309436752.jpg,0.5682214280070829,38.441444396972656
16167,koniq10k,koniq10k/6319935355.jpg,/home/sergey/iqa-data/koniq10k/koniq10k/1024x768/6319935355.jpg,0.8683174218954636,76.00324249267578
16172,koniq10k,koniq10k/6321717266.jpg,/home/sergey/iqa-data/koniq10k/koniq10k/1024x768/6321717266.jpg,0.6160956484077603,39.98165512084961
16174,koniq10k,koniq10k/632270898.jpg,/home/sergey/iqa-data/koniq10k/koniq10k/1024x768/632270898.jpg,0.7507436914449833,70.06989288330078
16181,koniq10k,koniq10k/6326902733.jpg,/home/sergey/iqa-data/koniq10k/koniq10k/1024x768/6326902733.jpg,0.7098051789698064,71.26217651367188
16189,koniq10k,koniq10k/6332564856.jpg,/home/sergey/iqa-data/koniq10k/koniq10k/1024x768/6332564856.jpg,0.6608996007922661,70.9018783569336
16209,koniq10k,koniq10k/6345193023.jpg,/home/sergey/iqa-data/koniq10k/koniq10k/1024x768/6345193023.jpg,0.7802550647145422,59.54718780517578
16228,koniq10k,koniq10k/6366586615.jpg,/home/sergey/iqa-data/koniq10k/koniq10k/1024x768/6366586615.jpg,0.4250702240848293,61.20541763305664
16236,koniq10k,koniq10k/6379014005.jpg,/home/sergey/iqa-data/koniq10k/koniq10k/1024x768/6379014005.jpg,0.4966491144088067,50.781246185302734
16238,koniq10k,koniq10k/6383007575.jpg,/home/sergey/iqa-data/koniq10k/koniq10k/1024x768/6383007575.jpg,0.8516834210946216,68.96150970458984
16242,koniq10k,koniq10k/63888840.jpg,/home/sergey/iqa-data/koniq10k/koniq10k/1024x768/63888840.jpg,0.4915518678084506,52.41551208496094
16243,koniq10k,koniq10k/6389008737.jpg,/home/sergey/iqa-data/koniq10k/koniq10k/1024x768/6389008737.jpg,0.7599329822881764,77.72139739990234
16245,koniq10k,koniq10k/6391919133.jpg,/home/sergey/iqa-data/koniq10k/koniq10k/1024x768/6391919133.jpg,0.7543156084837009,60.26484680175781
16248,koniq10k,koniq10k/6395582961.jpg,/home/sergey/iqa-data/koniq10k/koniq10k/1024x768/6395582961.jpg,0.8693154619435137,78.67965698242188
16261,koniq10k,koniq10k/6411944553.jpg,/home/sergey/iqa-data/koniq10k/koniq10k/1024x768/6411944553.jpg,0.6073480134035409,69.0426025390625
16273,koniq10k,koniq10k/6431960911.jpg,/home/sergey/iqa-data/koniq10k/koniq10k/1024x768/6431960911.jpg,0.6172809956917182,46.26044464111328
16277,koniq10k,koniq10k/6435747701.jpg,/home/sergey/iqa-data/koniq10k/koniq10k/1024x768/6435747701.jpg,0.8419277782254044,73.4952621459961
16279,koniq10k,koniq10k/6438830749.jpg,/home/sergey/iqa-data/koniq10k/koniq10k/1024x768/6438830749.jpg,0.8242286862088072,55.723228454589844
16281,koniq10k,koniq10k/6439499095.jpg,/home/sergey/iqa-data/koniq10k/koniq10k/1024x768/6439499095.jpg,0.7355193872666345,69.0540542602539
16292,koniq10k,koniq10k/6450302367.jpg,/home/sergey/iqa-data/koniq10k/koniq10k/1024x768/6450302367.jpg,0.6534562438764685,61.770225524902344
16296,koniq10k,koniq10k/6452613567.jpg,/home/sergey/iqa-data/koniq10k/koniq10k/1024x768/6452613567.jpg,0.871850788078649,75.04460906982422
16318,koniq10k,koniq10k/6475916177.jpg,/home/sergey/iqa-data/koniq10k/koniq10k/1024x768/6475916177.jpg,0.6656013290907558,54.687225341796875
16321,koniq10k,koniq10k/6476717611.jpg,/home/sergey/iqa-data/koniq10k/koniq10k/1024x768/6476717611.jpg,0.5248742288898723,57.89544677734375
16322,koniq10k,koniq10k/6479303397.jpg,/home/sergey/iqa-data/koniq10k/koniq10k/1024x768/6479303397.jpg,0.2997194166520523,42.53022003173828
16326,koniq10k,koniq10k/6483140329.jpg,/home/sergey/iqa-data/koniq10k/koniq10k/1024x768/6483140329.jpg,0.3551725445402367,37.3912353515625
16351,koniq10k,koniq10k/6513828853.jpg,/home/sergey/iqa-data/koniq10k/koniq10k/1024x768/6513828853.jpg,0.2034466251795108,37.63787078857422
16352,koniq10k,koniq10k/6515985695.jpg,/home/sergey/iqa-data/koniq10k/koniq10k/1024x768/6515985695.jpg,0.2963395873902594,36.92738723754883
16360,koniq10k,koniq10k/6526093429.jpg,/home/sergey/iqa-data/koniq10k/koniq10k/1024x768/6526093429.jpg,0.4914740015266591,41.32109069824219
16363,koniq10k,koniq10k/6530161213.jpg,/home/sergey/iqa-data/koniq10k/koniq10k/1024x768/6530161213.jpg,0.6204205641735557,70.30860137939453
16365,koniq10k,koniq10k/6533123895.jpg,/home/sergey/iqa-data/koniq10k/koniq10k/1024x768/6533123895.jpg,0.825753949258018,79.18507385253906
16366,koniq10k,koniq10k/6534182163.jpg,/home/sergey/iqa-data/koniq10k/koniq10k/1024x768/6534182163.jpg,0.2672191099668338,35.83734130859375
16370,koniq10k,koniq10k/6537249483.jpg,/home/sergey/iqa-data/koniq10k/koniq10k/1024x768/6537249483.jpg,0.856575774271339,65.84593963623047
16371,koniq10k,koniq10k/6537543865.jpg,/home/sergey/iqa-data/koniq10k/koniq10k/1024x768/6537543865.jpg,0.3671727187763574,64.5897445678711
16373,koniq10k,koniq10k/6540737111.jpg,/home/sergey/iqa-data/koniq10k/koniq10k/1024x768/6540737111.jpg,0.5893968405935864,66.8106689453125
16382,koniq10k,koniq10k/6560010177.jpg,/home/sergey/iqa-data/koniq10k/koniq10k/1024x768/6560010177.jpg,0.4928195308760167,50.40856170654297
16386,koniq10k,koniq10k/6564623827.jpg,/home/sergey/iqa-data/koniq10k/koniq10k/1024x768/6564623827.jpg,0.8150491214355668,76.33714294433594
16392,koniq10k,koniq10k/6569780821.jpg,/home/sergey/iqa-data/koniq10k/koniq10k/1024x768/6569780821.jpg,0.5320876054341499,43.55002212524414
16405,koniq10k,koniq10k/6585164875.jpg,/home/sergey/iqa-data/koniq10k/koniq10k/1024x768/6585164875.jpg,0.6657740003793442,67.95508575439453
16410,koniq10k,koniq10k/6591706349.jpg,/home/sergey/iqa-data/koniq10k/koniq10k/1024x768/6591706349.jpg,0.7032949585049467,60.956687927246094
16416,koniq10k,koniq10k/6596093581.jpg,/home/sergey/iqa-data/koniq10k/koniq10k/1024x768/6596093581.jpg,0.794789628521101,70.6370620727539
16419,koniq10k,koniq10k/6598327095.jpg,/home/sergey/iqa-data/koniq10k/koniq10k/1024x768/6598327095.jpg,0.6722422974112172,70.32113647460938
16422,koniq10k,koniq10k/6599722517.jpg,/home/sergey/iqa-data/koniq10k/koniq10k/1024x768/6599722517.jpg,0.3921412964656929,66.2986831665039
16427,koniq10k,koniq10k/6604046527.jpg,/home/sergey/iqa-data/koniq10k/koniq10k/1024x768/6604046527.jpg,0.6043561512685497,62.30221939086914
16434,koniq10k,koniq10k/6613235741.jpg,/home/sergey/iqa-data/koniq10k/koniq10k/1024x768/6613235741.jpg,0.442795595978937,48.05729675292969
16438,koniq10k,koniq10k/6621488051.jpg,/home/sergey/iqa-data/koniq10k/koniq10k/1024x768/6621488051.jpg,0.7379743611139165,69.55194854736328
16439,koniq10k,koniq10k/6621968211.jpg,/home/sergey/iqa-data/koniq10k/koniq10k/1024x768/6621968211.jpg,0.619059016617658,60.14934158325195
16443,koniq10k,koniq10k/6622738777.jpg,/home/sergey/iqa-data/koniq10k/koniq10k/1024x768/6622738777.jpg,0.5569062675837502,67.12931060791016
16448,koniq10k,koniq10k/6628327223.jpg,/home/sergey/iqa-data/koniq10k/koniq10k/1024x768/6628327223.jpg,0.7676014444594212,54.08961486816406
16451,koniq10k,koniq10k/6630214003.jpg,/home/sergey/iqa-data/koniq10k/koniq10k/1024x768/6630214003.jpg,0.8310405406033466,79.66280364990234
16455,koniq10k,koniq10k/6635887941.jpg,/home/sergey/iqa-data/koniq10k/koniq10k/1024x768/6635887941.jpg,0.6854440035253648,69.30864715576172
16459,koniq10k,koniq10k/6640354399.jpg,/home/sergey/iqa-data/koniq10k/koniq10k/1024x768/6640354399.jpg,0.5117192347924748,40.77556228637695
16464,koniq10k,koniq10k/6642932619.jpg,/home/sergey/iqa-data/koniq10k/koniq10k/1024x768/6642932619.jpg,0.7343714417173632,25.779390335083008
16467,koniq10k,koniq10k/6644227727.jpg,/home/sergey/iqa-data/koniq10k/koniq10k/1024x768/6644227727.jpg,0.1871653289100146,18.655113220214844
16478,koniq10k,koniq10k/6654258389.jpg,/home/sergey/iqa-data/koniq10k/koniq10k/1024x768/6654258389.jpg,0.7465639406759573,68.8579330444336
16482,koniq10k,koniq10k/6656519345.jpg,/home/sergey/iqa-data/koniq10k/koniq10k/1024x768/6656519345.jpg,0.2873360928861708,43.746665954589844
16484,koniq10k,koniq10k/6657341905.jpg,/home/sergey/iqa-data/koniq10k/koniq10k/1024x768/6657341905.jpg,0.5554199508031217,42.19212341308594
16492,koniq10k,koniq10k/6665024915.jpg,/home/sergey/iqa-data/koniq10k/koniq10k/1024x768/6665024915.jpg,0.595243323481233,53.647300720214844
16494,koniq10k,koniq10k/6668846319.jpg,/home/sergey/iqa-data/koniq10k/koniq10k/1024x768/6668846319.jpg,0.6666088422975732,55.66886901855469
16496,koniq10k,koniq10k/6669862645.jpg,/home/sergey/iqa-data/koniq10k/koniq10k/1024x768/6669862645.jpg,0.6256187054706328,64.92951965332031
16498,koniq10k,koniq10k/6678741473.jpg,/home/sergey/iqa-data/koniq10k/koniq10k/1024x768/6678741473.jpg,0.8444231689803734,69.28563690185547
16502,koniq10k,koniq10k/6681296959.jpg,/home/sergey/iqa-data/koniq10k/koniq10k/1024x768/6681296959.jpg,0.7705948909874224,50.5168571472168
16517,koniq10k,koniq10k/6696229175.jpg,/home/sergey/iqa-data/koniq10k/koniq10k/1024x768/6696229175.jpg,0.340502404887277,40.3202018737793
16521,koniq10k,koniq10k/6701756497.jpg,/home/sergey/iqa-data/koniq10k/koniq10k/1024x768/6701756497.jpg,0.7423081944383997,69.95143127441406
16523,koniq10k,koniq10k/6702441233.jpg,/home/sergey/iqa-data/koniq10k/koniq10k/1024x768/6702441233.jpg,0.8679819462490611,80.27420806884766
16527,koniq10k,koniq10k/6707835355.jpg,/home/sergey/iqa-data/koniq10k/koniq10k/1024x768/6707835355.jpg,0.8205680548906961,70.62798309326172
16530,koniq10k,koniq10k/6710396995.jpg,/home/sergey/iqa-data/koniq10k/koniq10k/1024x768/6710396995.jpg,0.9290003916619516,73.11839294433594
16539,koniq10k,koniq10k/6725311751.jpg,/home/sergey/iqa-data/koniq10k/koniq10k/1024x768/6725311751.jpg,0.6505482657265701,56.34178924560547
16548,koniq10k,koniq10k/6731073163.jpg,/home/sergey/iqa-data/koniq10k/koniq10k/1024x768/6731073163.jpg,0.7359980852082328,53.44052505493164
16554,koniq10k,koniq10k/6738986329.jpg,/home/sergey/iqa-data/koniq10k/koniq10k/1024x768/6738986329.jpg,0.8008616562948777,45.129180908203125
16555,koniq10k,koniq10k/6739568529.jpg,/home/sergey/iqa-data/koniq10k/koniq10k/1024x768/6739568529.jpg,0.6478418306167623,50.55377197265625
16562,koniq10k,koniq10k/6748049411.jpg,/home/sergey/iqa-data/koniq10k/koniq10k/1024x768/6748049411.jpg,0.6364198813190369,57.54316711425781
16563,koniq10k,koniq10k/6748287295.jpg,/home/sergey/iqa-data/koniq10k/koniq10k/1024x768/6748287295.jpg,0.7049336443172427,55.218894958496094
16564,koniq10k,koniq10k/6748422197.jpg,/home/sergey/iqa-data/koniq10k/koniq10k/1024x768/6748422197.jpg,0.827279212307229,76.7789535522461
16577,koniq10k,koniq10k/6766502563.jpg,/home/sergey/iqa-data/koniq10k/koniq10k/1024x768/6766502563.jpg,0.6961065900749948,50.724952697753906
16589,koniq10k,koniq10k/677921002.jpg,/home/sergey/iqa-data/koniq10k/koniq10k/1024x768/677921002.jpg,0.7541886069889898,70.17060089111328
16594,koniq10k,koniq10k/6782624408.jpg,/home/sergey/iqa-data/koniq10k/koniq10k/1024x768/6782624408.jpg,0.4262386890182974,32.70518493652344
16595,koniq10k,koniq10k/6782627736.jpg,/home/sergey/iqa-data/koniq10k/koniq10k/1024x768/6782627736.jpg,0.7541886069889898,55.435028076171875
16621,koniq10k,koniq10k/6796759928.jpg,/home/sergey/iqa-data/koniq10k/koniq10k/1024x768/6796759928.jpg,0.7920843365746663,70.23259735107422
16622,koniq10k,koniq10k/6797193823.jpg,/home/sergey/iqa-data/koniq10k/koniq10k/1024x768/6797193823.jpg,0.5094143928514425,57.87322998046875
16637,koniq10k,koniq10k/6803864259.jpg,/home/sergey/iqa-data/koniq10k/koniq10k/1024x768/6803864259.jpg,0.6796280472255645,42.241477966308594
16645,koniq10k,koniq10k/6810784384.jpg,/home/sergey/iqa-data/koniq10k/koniq10k/1024x768/6810784384.jpg,0.5242312339009315,68.62030792236328
16648,koniq10k,koniq10k/6811333589.jpg,/home/sergey/iqa-data/koniq10k/koniq10k/1024x768/6811333589.jpg,0.7983321337185867,58.62543487548828
16650,koniq10k,koniq10k/6812883252.jpg,/home/sergey/iqa-data/koniq10k/koniq10k/1024x768/6812883252.jpg,0.727962798331397,39.071266174316406
16651,koniq10k,koniq10k/6813135887.jpg,/home/sergey/iqa-data/koniq10k/koniq10k/1024x768/6813135887.jpg,0.7402637104304028,67.76467895507812
16658,koniq10k,koniq10k/6817139940.jpg,/home/sergey/iqa-data/koniq10k/koniq10k/1024x768/6817139940.jpg,0.6510969408491921,46.67103958129883
16665,koniq10k,koniq10k/682337857.jpg,/home/sergey/iqa-data/koniq10k/koniq10k/1024x768/682337857.jpg,0.648692698716633,59.9146614074707
16669,koniq10k,koniq10k/6825556474.jpg,/home/sergey/iqa-data/koniq10k/koniq10k/1024x768/6825556474.jpg,0.657730971756821,54.777732849121094
16671,koniq10k,koniq10k/6827213168.jpg,/home/sergey/iqa-data/koniq10k/koniq10k/1024x768/6827213168.jpg,0.5225972271309886,70.08479309082031
16678,koniq10k,koniq10k/6830281130.jpg,/home/sergey/iqa-data/koniq10k/koniq10k/1024x768/6830281130.jpg,0.8419277782254044,76.94225311279297
16687,koniq10k,koniq10k/6835007518.jpg,/home/sergey/iqa-data/koniq10k/koniq10k/1024x768/6835007518.jpg,0.3878339804620306,50.961219787597656
16691,koniq10k,koniq10k/6837071286.jpg,/home/sergey/iqa-data/koniq10k/koniq10k/1024x768/6837071286.jpg,0.7479655337482046,78.6792221069336
16698,koniq10k,koniq10k/6840130023.jpg,/home/sergey/iqa-data/koniq10k/koniq10k/1024x768/6840130023.jpg,0.7831904766205726,73.08142852783203
16700,koniq10k,koniq10k/6840900400.jpg,/home/sergey/iqa-data/koniq10k/koniq10k/1024x768/6840900400.jpg,0.8027878456313124,77.5572738647461
16701,koniq10k,koniq10k/6841095.jpg,/home/sergey/iqa-data/koniq10k/koniq10k/1024x768/6841095.jpg,0.2964876711814454,38.40631866455078
16712,koniq10k,koniq10k/6845848072.jpg,/home/sergey/iqa-data/koniq10k/koniq10k/1024x768/6845848072.jpg,0.8250531527218944,79.77664947509766
16715,koniq10k,koniq10k/6849285524.jpg,/home/sergey/iqa-data/koniq10k/koniq10k/1024x768/6849285524.jpg,0.2812350406893242,50.17453384399414
16720,koniq10k,koniq10k/6853001361.jpg,/home/sergey/iqa-data/koniq10k/koniq10k/1024x768/6853001361.jpg,0.7998244774214148,65.17681121826172
16726,koniq10k,koniq10k/6858600475.jpg,/home/sergey/iqa-data/koniq10k/koniq10k/1024x768/6858600475.jpg,0.6305490575069763,64.37545013427734
16734,koniq10k,koniq10k/6865288108.jpg,/home/sergey/iqa-data/koniq10k/koniq10k/1024x768/6865288108.jpg,0.7661862436874407,66.2047348022461
16740,koniq10k,koniq10k/6869450975.jpg,/home/sergey/iqa-data/koniq10k/koniq10k/1024x768/6869450975.jpg,0.5138994906826407,53.50347900390625
16742,koniq10k,koniq10k/6869855884.jpg,/home/sergey/iqa-data/koniq10k/koniq10k/1024x768/6869855884.jpg,0.3832934418381993,34.1656494140625
16744,koniq10k,koniq10k/6870564661.jpg,/home/sergey/iqa-data/koniq10k/koniq10k/1024x768/6870564661.jpg,0.7222878043566159,69.1075210571289
16745,koniq10k,koniq10k/6870596537.jpg,/home/sergey/iqa-data/koniq10k/koniq10k/1024x768/6870596537.jpg,0.6137423854175457,65.4732666015625
16747,koniq10k,koniq10k/6873503299.jpg,/home/sergey/iqa-data/koniq10k/koniq10k/1024x768/6873503299.jpg,0.4868670260370045,51.390724182128906
16748,koniq10k,koniq10k/6873701210.jpg,/home/sergey/iqa-data/koniq10k/koniq10k/1024x768/6873701210.jpg,0.6786491238879758,47.5189208984375
16751,koniq10k,koniq10k/6875112664.jpg,/home/sergey/iqa-data/koniq10k/koniq10k/1024x768/6875112664.jpg,0.6571086644327426,63.128822326660156
16752,koniq10k,koniq10k/6875194504.jpg,/home/sergey/iqa-data/koniq10k/koniq10k/1024x768/6875194504.jpg,0.5815092040558751,51.93500518798828
16753,koniq10k,koniq10k/6875495692.jpg,/home/sergey/iqa-data/koniq10k/koniq10k/1024x768/6875495692.jpg,0.6101689119879647,54.378334045410156
16766,koniq10k,koniq10k/6886337587.jpg,/home/sergey/iqa-data/koniq10k/koniq10k/1024x768/6886337587.jpg,0.6842531172354067,52.904212951660156
16770,koniq10k,koniq10k/6890379430.jpg,/home/sergey/iqa-data/koniq10k/koniq10k/1024x768/6890379430.jpg,0.6832565863329622,69.4850845336914
16776,koniq10k,koniq10k/6891623153.jpg,/home/sergey/iqa-data/koniq10k/koniq10k/1024x768/6891623153.jpg,0.6193154619435128,45.50310516357422
16778,koniq10k,koniq10k/6892058753.jpg,/home/sergey/iqa-data/koniq10k/koniq10k/1024x768/6892058753.jpg,0.7796571104373874,73.08038330078125
16781,koniq10k,koniq10k/6893014325.jpg,/home/sergey/iqa-data/koniq10k/koniq10k/1024x768/6893014325.jpg,0.8294581595203896,80.48473358154297
16787,koniq10k,koniq10k/6897314758.jpg,/home/sergey/iqa-data/koniq10k/koniq10k/1024x768/6897314758.jpg,0.7736432631397935,74.45480346679688
16788,koniq10k,koniq10k/6897446719.jpg,/home/sergey/iqa-data/koniq10k/koniq10k/1024x768/6897446719.jpg,0.4006958216508229,38.025272369384766
16807,koniq10k,koniq10k/6905574433.jpg,/home/sergey/iqa-data/koniq10k/koniq10k/1024x768/6905574433.jpg,0.473161598582695,51.659305572509766
16808,koniq10k,koniq10k/6905808386.jpg,/home/sergey/iqa-data/koniq10k/koniq10k/1024x768/6905808386.jpg,0.6670655816179988,63.0078239440918
16809,koniq10k,koniq10k/6905924906.jpg,/home/sergey/iqa-data/koniq10k/koniq10k/1024x768/6905924906.jpg,0.6920787109547455,55.443260192871094
16810,koniq10k,koniq10k/6906058795.jpg,/home/sergey/iqa-data/koniq10k/koniq10k/1024x768/6906058795.jpg,0.6687094122853745,57.46949005126953
16822,koniq10k,koniq10k/6911586648.jpg,/home/sergey/iqa-data/koniq10k/koniq10k/1024x768/6911586648.jpg,0.3305267099232659,36.56254196166992
16824,koniq10k,koniq10k/6913622130.jpg,/home/sergey/iqa-data/koniq10k/koniq10k/1024x768/6913622130.jpg,0.7626425932783568,75.38689422607422
16833,koniq10k,koniq10k/6920118996.jpg,/home/sergey/iqa-data/koniq10k/koniq10k/1024x768/6920118996.jpg,0.7144097466655407,72.49243927001953
16848,koniq10k,koniq10k/6930075142.jpg,/home/sergey/iqa-data/koniq10k/koniq10k/1024x768/6930075142.jpg,0.5360847067405228,51.400474548339844
16860,koniq10k,koniq10k/6936925429.jpg,/home/sergey/iqa-data/koniq10k/koniq10k/1024x768/6936925429.jpg,0.5684538056486342,47.80229187011719
16862,koniq10k,koniq10k/6937606166.jpg,/home/sergey/iqa-data/koniq10k/koniq10k/1024x768/6937606166.jpg,0.825753949258018,69.67047882080078
16865,koniq10k,koniq10k/6938468092.jpg,/home/sergey/iqa-data/koniq10k/koniq10k/1024x768/6938468092.jpg,0.6873724521931931,71.01016998291016
16872,koniq10k,koniq10k/6941715715.jpg,/home/sergey/iqa-data/koniq10k/koniq10k/1024x768/6941715715.jpg,0.7037189120820708,73.3519058227539
16873,koniq10k,koniq10k/6942312836.jpg,/home/sergey/iqa-data/koniq10k/koniq10k/1024x768/6942312836.jpg,0.8242862433050014,76.89926147460938
16889,koniq10k,koniq10k/6951573031.jpg,/home/sergey/iqa-data/koniq10k/koniq10k/1024x768/6951573031.jpg,0.5101971693597174,47.6158447265625
16903,koniq10k,koniq10k/6959482720.jpg,/home/sergey/iqa-data/koniq10k/koniq10k/1024x768/6959482720.jpg,0.8321768459514883,62.890220642089844
16905,koniq10k,koniq10k/6961079357.jpg,/home/sergey/iqa-data/koniq10k/koniq10k/1024x768/6961079357.jpg,0.6015402810238494,43.887672424316406
16908,koniq10k,koniq10k/6962153786.jpg,/home/sergey/iqa-data/koniq10k/koniq10k/1024x768/6962153786.jpg,0.8078027764480603,68.85274505615234
16913,koniq10k,koniq10k/6965585396.jpg,/home/sergey/iqa-data/koniq10k/koniq10k/1024x768/6965585396.jpg,0.558832915645914,64.34732055664062
16920,koniq10k,koniq10k/6967399980.jpg,/home/sergey/iqa-data/koniq10k/koniq10k/1024x768/6967399980.jpg,0.8116779502610029,79.39397430419922
16926,koniq10k,koniq10k/6974364233.jpg,/home/sergey/iqa-data/koniq10k/koniq10k/1024x768/6974364233.jpg,0.7697462900909525,69.48473358154297
16929,koniq10k,koniq10k/6974731766.jpg,/home/sergey/iqa-data/koniq10k/koniq10k/1024x768/6974731766.jpg,0.4081132329771746,35.65134811401367
16944,koniq10k,koniq10k/6979944704.jpg,/home/sergey/iqa-data/koniq10k/koniq10k/1024x768/6979944704.jpg,0.8199918444054388,72.3426284790039
16947,koniq10k,koniq10k/6981062336.jpg,/home/sergey/iqa-data/koniq10k/koniq10k/1024x768/6981062336.jpg,0.8378860874567953,76.65143585205078
16966,koniq10k,koniq10k/6994291070.jpg,/home/sergey/iqa-data/koniq10k/koniq10k/1024x768/6994291070.jpg,0.7237012573506473,78.07688903808594
16969,koniq10k,koniq10k/6995068299.jpg,/home/sergey/iqa-data/koniq10k/koniq10k/1024x768/6995068299.jpg,0.698518633966773,73.56192779541016
16975,koniq10k,koniq10k/6997268609.jpg,/home/sergey/iqa-data/koniq10k/koniq10k/1024x768/6997268609.jpg,0.3452105599871133,41.90477752685547
16976,koniq10k,koniq10k/6998687310.jpg,/home/sergey/iqa-data/koniq10k/koniq10k/1024x768/6998687310.jpg,0.6121893903128929,66.86911010742188
16982,koniq10k,koniq10k/7001539761.jpg,/home/sergey/iqa-data/koniq10k/koniq10k/1024x768/7001539761.jpg,0.8599226925193382,78.27466583251953
16988,koniq10k,koniq10k/7004025487.jpg,/home/sergey/iqa-data/koniq10k/koniq10k/1024x768/7004025487.jpg,0.2582639649683069,32.55672073364258
16995,koniq10k,koniq10k/7005672625.jpg,/home/sergey/iqa-data/koniq10k/koniq10k/1024x768/7005672625.jpg,0.7174602727639656,74.99480438232422
16997,koniq10k,koniq10k/7005951474.jpg,/home/sergey/iqa-data/koniq10k/koniq10k/1024x768/7005951474.jpg,0.488670815382161,50.862098693847656
16998,koniq10k,koniq10k/7005989775.jpg,/home/sergey/iqa-data/koniq10k/koniq10k/1024x768/7005989775.jpg,0.4051202950197684,42.4315071105957
17004,koniq10k,koniq10k/7007091368.jpg,/home/sergey/iqa-data/koniq10k/koniq10k/1024x768/7007091368.jpg,0.7261556976239565,65.64444732666016
17005,koniq10k,koniq10k/701112732.jpg,/home/sergey/iqa-data/koniq10k/koniq10k/1024x768/701112732.jpg,0.5953805648635693,54.23286437988281
17015,koniq10k,koniq10k/7021084115.jpg,/home/sergey/iqa-data/koniq10k/koniq10k/1024x768/7021084115.jpg,0.8164193393968406,77.58631134033203
17024,koniq10k,koniq10k/70272233.jpg,/home/sergey/iqa-data/koniq10k/koniq10k/1024x768/70272233.jpg,0.1618023219267835,27.13544273376465
17035,koniq10k,koniq10k/7042014185.jpg,/home/sergey/iqa-data/koniq10k/koniq10k/1024x768/7042014185.jpg,0.6764842870635112,63.88428497314453
17045,koniq10k,koniq10k/7052391619.jpg,/home/sergey/iqa-data/koniq10k/koniq10k/1024x768/7052391619.jpg,0.8137865007180463,71.0413589477539
17047,koniq10k,koniq10k/7054584681.jpg,/home/sergey/iqa-data/koniq10k/koniq10k/1024x768/7054584681.jpg,0.7316670085937684,68.06055450439453
17057,koniq10k,koniq10k/7063436849.jpg,/home/sergey/iqa-data/koniq10k/koniq10k/1024x768/7063436849.jpg,0.6410064624222112,42.099361419677734
17077,koniq10k,koniq10k/7090447613.jpg,/home/sergey/iqa-data/koniq10k/koniq10k/1024x768/7090447613.jpg,0.5684538056486342,66.7658462524414
17084,koniq10k,koniq10k/7100857351.jpg,/home/sergey/iqa-data/koniq10k/koniq10k/1024x768/7100857351.jpg,0.8111204849541909,73.06310272216797
17092,koniq10k,koniq10k/7107776883.jpg,/home/sergey/iqa-data/koniq10k/koniq10k/1024x768/7107776883.jpg,0.6070657622587299,54.345359802246094
17093,koniq10k,koniq10k/7107867443.jpg,/home/sergey/iqa-data/koniq10k/koniq10k/1024x768/7107867443.jpg,0.5225972271309886,25.745586395263672
17112,koniq10k,koniq10k/7131604965.jpg,/home/sergey/iqa-data/koniq10k/koniq10k/1024x768/7131604965.jpg,0.6405052484047506,62.68370056152344
17113,koniq10k,koniq10k/7131772191.jpg,/home/sergey/iqa-data/koniq10k/koniq10k/1024x768/7131772191.jpg,0.8319770224988032,80.9753189086914
17117,koniq10k,koniq10k/7135099747.jpg,/home/sergey/iqa-data/koniq10k/koniq10k/1024x768/7135099747.jpg,0.8155393088375383,75.39238739013672
17123,koniq10k,koniq10k/7144832397.jpg,/home/sergey/iqa-data/koniq10k/koniq10k/1024x768/7144832397.jpg,0.7377876102235568,76.91275787353516
17133,koniq10k,koniq10k/7155826261.jpg,/home/sergey/iqa-data/koniq10k/koniq10k/1024x768/7155826261.jpg,0.7300143609382469,72.48493194580078
17135,koniq10k,koniq10k/7158075991.jpg,/home/sergey/iqa-data/koniq10k/koniq10k/1024x768/7158075991.jpg,0.8129150845622236,77.3421859741211
17136,koniq10k,koniq10k/7158901982.jpg,/home/sergey/iqa-data/koniq10k/koniq10k/1024x768/7158901982.jpg,0.679995073593998,53.15574645996094
17146,koniq10k,koniq10k/7165207702.jpg,/home/sergey/iqa-data/koniq10k/koniq10k/1024x768/7165207702.jpg,0.7325480099534668,66.8755874633789
17160,koniq10k,koniq10k/7170927811.jpg,/home/sergey/iqa-data/koniq10k/koniq10k/1024x768/7170927811.jpg,0.4456181074270423,40.17738342285156
17165,koniq10k,koniq10k/7173197243.jpg,/home/sergey/iqa-data/koniq10k/koniq10k/1024x768/7173197243.jpg,0.8293222251988364,69.9021987915039
17166,koniq10k,koniq10k/7173633933.jpg,/home/sergey/iqa-data/koniq10k/koniq10k/1024x768/7173633933.jpg,0.3701360869862551,32.794639587402344
17172,koniq10k,koniq10k/7178723916.jpg,/home/sergey/iqa-data/koniq10k/koniq10k/1024x768/7178723916.jpg,0.5381509084281589,19.057689666748047
17175,koniq10k,koniq10k/7179446780.jpg,/home/sergey/iqa-data/koniq10k/koniq10k/1024x768/7179446780.jpg,0.7316670085937684,51.9695930480957
17186,koniq10k,koniq10k/7188153176.jpg,/home/sergey/iqa-data/koniq10k/koniq10k/1024x768/7188153176.jpg,0.5528771265966081,59.519290924072266
17199,koniq10k,koniq10k/7196416584.jpg,/home/sergey/iqa-data/koniq10k/koniq10k/1024x768/7196416584.jpg,0.6067939648600259,46.47724151611328
17201,koniq10k,koniq10k/7202630536.jpg,/home/sergey/iqa-data/koniq10k/koniq10k/1024x768/7202630536.jpg,0.761559625779046,69.86131286621094
17206,koniq10k,koniq10k/7212441932.jpg,/home/sergey/iqa-data/koniq10k/koniq10k/1024x768/7212441932.jpg,0.6812897490255088,57.48369598388672
17213,koniq10k,koniq10k/7219282312.jpg,/home/sergey/iqa-data/koniq10k/koniq10k/1024x768/7219282312.jpg,0.6066618064918472,50.98271942138672
17218,koniq10k,koniq10k/7224064916.jpg,/home/sergey/iqa-data/koniq10k/koniq10k/1024x768/7224064916.jpg,0.7723697425355973,78.97513580322266
17221,koniq10k,koniq10k/7229767436.jpg,/home/sergey/iqa-data/koniq10k/koniq10k/1024x768/7229767436.jpg,0.7833939210100986,68.50667572021484
17225,koniq10k,koniq10k/7233783308.jpg,/home/sergey/iqa-data/koniq10k/koniq10k/1024x768/7233783308.jpg,0.7057998505746605,74.71646118164062
17234,koniq10k,koniq10k/7247521810.jpg,/home/sergey/iqa-data/koniq10k/koniq10k/1024x768/7247521810.jpg,0.3729142446830337,30.2125186920166
17239,koniq10k,koniq10k/7253127574.jpg,/home/sergey/iqa-data/koniq10k/koniq10k/1024x768/7253127574.jpg,0.7726833480223515,60.47074508666992
17240,koniq10k,koniq10k/7253262358.jpg,/home/sergey/iqa-data/koniq10k/koniq10k/1024x768/7253262358.jpg,0.5188432917011169,23.254501342773438
17244,koniq10k,koniq10k/7259290306.jpg,/home/sergey/iqa-data/koniq10k/koniq10k/1024x768/7259290306.jpg,0.6483963618956436,66.89434051513672
17246,koniq10k,koniq10k/7259602320.jpg,/home/sergey/iqa-data/koniq10k/koniq10k/1024x768/7259602320.jpg,0.6492340832934422,51.998355865478516
17249,koniq10k,koniq10k/7260432838.jpg,/home/sergey/iqa-data/koniq10k/koniq10k/1024x768/7260432838.jpg,0.7359980852082328,73.71881866455078
17254,koniq10k,koniq10k/7264008364.jpg,/home/sergey/iqa-data/koniq10k/koniq10k/1024x768/7264008364.jpg,0.8324215277302874,71.98150634765625
17257,koniq10k,koniq10k/7265767786.jpg,/home/sergey/iqa-data/koniq10k/koniq10k/1024x768/7265767786.jpg,0.8029438123792012,75.2946548461914
17263,koniq10k,koniq10k/7268981578.jpg,/home/sergey/iqa-data/koniq10k/koniq10k/1024x768/7268981578.jpg,0.3898452812124584,39.20539855957031
17265,koniq10k,koniq10k/7269365920.jpg,/home/sergey/iqa-data/koniq10k/koniq10k/1024x768/7269365920.jpg,0.7292963140258496,78.74678802490234
17266,koniq10k,koniq10k/7270304334.jpg,/home/sergey/iqa-data/koniq10k/koniq10k/1024x768/7270304334.jpg,0.2550632373402282,26.28619384765625
17268,koniq10k,koniq10k/7270896820.jpg,/home/sergey/iqa-data/koniq10k/koniq10k/1024x768/7270896820.jpg,0.7330062230732416,71.10025787353516
17276,koniq10k,koniq10k/7276523780.jpg,/home/sergey/iqa-data/koniq10k/koniq10k/1024x768/7276523780.jpg,0.8146413184709005,73.95777893066406
17280,koniq10k,koniq10k/7281146720.jpg,/home/sergey/iqa-data/koniq10k/koniq10k/1024x768/7281146720.jpg,0.827279212307229,78.40103912353516
17285,koniq10k,koniq10k/7287423330.jpg,/home/sergey/iqa-data/koniq10k/koniq10k/1024x768/7287423330.jpg,0.784081583806333,71.85335540771484
17290,koniq10k,koniq10k/7292757116.jpg,/home/sergey/iqa-data/koniq10k/koniq10k/1024x768/7292757116.jpg,0.8699865776851675,69.81584930419922
17295,koniq10k,koniq10k/7297259404.jpg,/home/sergey/iqa-data/koniq10k/koniq10k/1024x768/7297259404.jpg,0.7008642913294189,67.4746322631836
17297,koniq10k,koniq10k/7300513490.jpg,/home/sergey/iqa-data/koniq10k/koniq10k/1024x768/7300513490.jpg,0.6467650708519433,71.84598541259766
17301,koniq10k,koniq10k/7303973886.jpg,/home/sergey/iqa-data/koniq10k/koniq10k/1024x768/7303973886.jpg,0.7079600629145859,69.03264617919922
17304,koniq10k,koniq10k/7310636810.jpg,/home/sergey/iqa-data/koniq10k/koniq10k/1024x768/7310636810.jpg,0.7988271900430831,77.63428497314453
17306,koniq10k,koniq10k/7312752876.jpg,/home/sergey/iqa-data/koniq10k/koniq10k/1024x768/7312752876.jpg,0.5751023881708403,58.6441650390625
17308,koniq10k,koniq10k/7316218852.jpg,/home/sergey/iqa-data/koniq10k/koniq10k/1024x768/7316218852.jpg,0.5385351842987081,45.657997131347656
17313,koniq10k,koniq10k/7319806894.jpg,/home/sergey/iqa-data/koniq10k/koniq10k/1024x768/7319806894.jpg,0.7079600629145859,25.36963653564453
17320,koniq10k,koniq10k/7328195954.jpg,/home/sergey/iqa-data/koniq10k/koniq10k/1024x768/7328195954.jpg,0.7854192152899666,74.90177154541016
17331,koniq10k,koniq10k/7339227510.jpg,/home/sergey/iqa-data/koniq10k/koniq10k/1024x768/7339227510.jpg,0.4397472836149815,50.827308654785156
17338,koniq10k,koniq10k/7349520418.jpg,/home/sergey/iqa-data/koniq10k/koniq10k/1024x768/7349520418.jpg,0.6101689119879647,79.58003234863281
17342,koniq10k,koniq10k/7354160932.jpg,/home/sergey/iqa-data/koniq10k/koniq10k/1024x768/7354160932.jpg,0.7230732407850643,68.5827865600586
17352,koniq10k,koniq10k/7361922724.jpg,/home/sergey/iqa-data/koniq10k/koniq10k/1024x768/7361922724.jpg,0.900713695112929,77.77791595458984
17361,koniq10k,koniq10k/7376214050.jpg,/home/sergey/iqa-data/koniq10k/koniq10k/1024x768/7376214050.jpg,0.4212541886069884,45.69788360595703
17373,koniq10k,koniq10k/7391334516.jpg,/home/sergey/iqa-data/koniq10k/koniq10k/1024x768/7391334516.jpg,0.7538363575602656,71.55799102783203
17376,koniq10k,koniq10k/7393631040.jpg,/home/sergey/iqa-data/koniq10k/koniq10k/1024x768/7393631040.jpg,0.8396447377419143,70.50342559814453
17379,koniq10k,koniq10k/7399670298.jpg,/home/sergey/iqa-data/koniq10k/koniq10k/1024x768/7399670298.jpg,0.4620005014930808,44.924678802490234
17389,koniq10k,koniq10k/7418763178.jpg,/home/sergey/iqa-data/koniq10k/koniq10k/1024x768/7418763178.jpg,0.5865727464287778,69.9284439086914
17392,koniq10k,koniq10k/7425462410.jpg,/home/sergey/iqa-data/koniq10k/koniq10k/1024x768/7425462410.jpg,0.7960529178815424,69.9684829711914
17409,koniq10k,koniq10k/7445548804.jpg,/home/sergey/iqa-data/koniq10k/koniq10k/1024x768/7445548804.jpg,0.5803050653678303,67.6432113647461
17417,koniq10k,koniq10k/7455819414.jpg,/home/sergey/iqa-data/koniq10k/koniq10k/1024x768/7455819414.jpg,0.6950694112015315,66.31835174560547
17421,koniq10k,koniq10k/7460005346.jpg,/home/sergey/iqa-data/koniq10k/koniq10k/1024x768/7460005346.jpg,0.6744201227207436,68.4936294555664
17423,koniq10k,koniq10k/7461279878.jpg,/home/sergey/iqa-data/koniq10k/koniq10k/1024x768/7461279878.jpg,0.679511728099569,72.84642791748047
17438,koniq10k,koniq10k/7480977716.jpg,/home/sergey/iqa-data/koniq10k/koniq10k/1024x768/7480977716.jpg,0.6044723400893255,58.87990951538086
17439,koniq10k,koniq10k/7483507340.jpg,/home/sergey/iqa-data/koniq10k/koniq10k/1024x768/7483507340.jpg,0.40514579105894,40.01502990722656
17443,koniq10k,koniq10k/7490518604.jpg,/home/sergey/iqa-data/koniq10k/koniq10k/1024x768/7490518604.jpg,0.7082437896580858,66.00981140136719
17445,koniq10k,koniq10k/7490674084.jpg,/home/sergey/iqa-data/koniq10k/koniq10k/1024x768/7490674084.jpg,0.7449150076497798,67.68521881103516
17453,koniq10k,koniq10k/7499578096.jpg,/home/sergey/iqa-data/koniq10k/koniq10k/1024x768/7499578096.jpg,0.5775718616790888,62.34934997558594
17454,koniq10k,koniq10k/7499781424.jpg,/home/sergey/iqa-data/koniq10k/koniq10k/1024x768/7499781424.jpg,0.7761175317422323,78.91791534423828
17458,koniq10k,koniq10k/7505379000.jpg,/home/sergey/iqa-data/koniq10k/koniq10k/1024x768/7505379000.jpg,0.6220223848275559,42.14131164550781
17461,koniq10k,koniq10k/7506684932.jpg,/home/sergey/iqa-data/koniq10k/koniq10k/1024x768/7506684932.jpg,0.828019631263159,64.29132080078125
17477,koniq10k,koniq10k/7533737270.jpg,/home/sergey/iqa-data/koniq10k/koniq10k/1024x768/7533737270.jpg,0.9265907841781452,72.01194763183594
17488,koniq10k,koniq10k/7550549938.jpg,/home/sergey/iqa-data/koniq10k/koniq10k/1024x768/7550549938.jpg,0.7585387164388584,56.591552734375
17495,koniq10k,koniq10k/7559495698.jpg,/home/sergey/iqa-data/koniq10k/koniq10k/1024x768/7559495698.jpg,0.1887298979208966,36.15434646606445
17512,koniq10k,koniq10k/7581184960.jpg,/home/sergey/iqa-data/koniq10k/koniq10k/1024x768/7581184960.jpg,0.7109234311244839,69.90364837646484
17516,koniq10k,koniq10k/7586560076.jpg,/home/sergey/iqa-data/koniq10k/koniq10k/1024x768/7586560076.jpg,0.7405571132234616,71.15039825439453
17517,koniq10k,koniq10k/7587404052.jpg,/home/sergey/iqa-data/koniq10k/koniq10k/1024x768/7587404052.jpg,0.2696031280897271,46.57899475097656
17520,koniq10k,koniq10k/7591145832.jpg,/home/sergey/iqa-data/koniq10k/koniq10k/1024x768/7591145832.jpg,0.8036306384249526,74.23905944824219
17525,koniq10k,koniq10k/7603371702.jpg,/home/sergey/iqa-data/koniq10k/koniq10k/1024x768/7603371702.jpg,0.8166435942884002,76.90605163574219
17527,koniq10k,koniq10k/7607759408.jpg,/home/sergey/iqa-data/koniq10k/koniq10k/1024x768/7607759408.jpg,0.3701360869862551,25.208017349243164
17530,koniq10k,koniq10k/7613152858.jpg,/home/sergey/iqa-data/koniq10k/koniq10k/1024x768/7613152858.jpg,0.8395668454700425,74.72126007080078
17531,koniq10k,koniq10k/7614530994.jpg,/home/sergey/iqa-data/koniq10k/koniq10k/1024x768/7614530994.jpg,0.8854169087267089,79.86003875732422
17533,koniq10k,koniq10k/7617788578.jpg,/home/sergey/iqa-data/koniq10k/koniq10k/1024x768/7617788578.jpg,0.663509539766122,62.201969146728516
17535,koniq10k,koniq10k/7618408824.jpg,/home/sergey/iqa-data/koniq10k/koniq10k/1024x768/7618408824.jpg,0.6990699582848924,47.46961212158203
17537,koniq10k,koniq10k/7622984342.jpg,/home/sergey/iqa-data/koniq10k/koniq10k/1024x768/7622984342.jpg,0.7803131916829773,76.58333587646484
17544,koniq10k,koniq10k/7628564828.jpg,/home/sergey/iqa-data/koniq10k/koniq10k/1024x768/7628564828.jpg,0.7449736716132134,72.8800277709961
17553,koniq10k,koniq10k/7640299878.jpg,/home/sergey/iqa-data/koniq10k/koniq10k/1024x768/7640299878.jpg,0.7890613004326335,71.91157531738281
17554,koniq10k,koniq10k/7641363622.jpg,/home/sergey/iqa-data/koniq10k/koniq10k/1024x768/7641363622.jpg,0.6989876425012842,74.5810317993164
17564,koniq10k,koniq10k/7660049550.jpg,/home/sergey/iqa-data/koniq10k/koniq10k/1024x768/7660049550.jpg,0.6998781496148669,76.2192153930664
17573,koniq10k,koniq10k/7670929454.jpg,/home/sergey/iqa-data/koniq10k/koniq10k/1024x768/7670929454.jpg,0.7909343727917213,69.60157775878906
17578,koniq10k,koniq10k/7673801638.jpg,/home/sergey/iqa-data/koniq10k/koniq10k/1024x768/7673801638.jpg,0.872735071496618,73.94414520263672
17582,koniq10k,koniq10k/7678256566.jpg,/home/sergey/iqa-data/koniq10k/koniq10k/1024x768/7678256566.jpg,0.8766156055528966,74.55338287353516
17589,koniq10k,koniq10k/7690007638.jpg,/home/sergey/iqa-data/koniq10k/koniq10k/1024x768/7690007638.jpg,0.6320455420080915,62.81071090698242
17594,koniq10k,koniq10k/7697492926.jpg,/home/sergey/iqa-data/koniq10k/koniq10k/1024x768/7697492926.jpg,0.6936371165667492,55.202392578125
17599,koniq10k,koniq10k/7705365342.jpg,/home/sergey/iqa-data/koniq10k/koniq10k/1024x768/7705365342.jpg,0.6646769272427472,76.11494445800781
17604,koniq10k,koniq10k/7714653298.jpg,/home/sergey/iqa-data/koniq10k/koniq10k/1024x768/7714653298.jpg,0.4916341835920588,43.47959899902344
17606,koniq10k,koniq10k/7717158358.jpg,/home/sergey/iqa-data/koniq10k/koniq10k/1024x768/7717158358.jpg,0.825753949258018,79.0388412475586
17608,koniq10k,koniq10k/7721291102.jpg,/home/sergey/iqa-data/koniq10k/koniq10k/1024x768/7721291102.jpg,0.7761175317422323,75.88883209228516
17618,koniq10k,koniq10k/7734376776.jpg,/home/sergey/iqa-data/koniq10k/koniq10k/1024x768/7734376776.jpg,0.8133950421209465,77.2101058959961
17620,koniq10k,koniq10k/7736222330.jpg,/home/sergey/iqa-data/koniq10k/koniq10k/1024x768/7736222330.jpg,0.6246782336949154,61.83919143676758
17622,koniq10k,koniq10k/7736819994.jpg,/home/sergey/iqa-data/koniq10k/koniq10k/1024x768/7736819994.jpg,0.6502137195677308,70.66998291015625
17623,koniq10k,koniq10k/7737023436.jpg,/home/sergey/iqa-data/koniq10k/koniq10k/1024x768/7737023436.jpg,0.5496813373506425,36.76231384277344
17626,koniq10k,koniq10k/7739550292.jpg,/home/sergey/iqa-data/koniq10k/koniq10k/1024x768/7739550292.jpg,0.6167929115159705,53.267066955566406
17629,koniq10k,koniq10k/7743542184.jpg,/home/sergey/iqa-data/koniq10k/koniq10k/1024x768/7743542184.jpg,0.862446598083403,79.89398956298828
17631,koniq10k,koniq10k/7744113492.jpg,/home/sergey/iqa-data/koniq10k/koniq10k/1024x768/7744113492.jpg,0.5686817570493955,56.97838592529297
17635,koniq10k,koniq10k/7745091164.jpg,/home/sergey/iqa-data/koniq10k/koniq10k/1024x768/7745091164.jpg,0.8211781601103826,66.77014923095703
17638,koniq10k,koniq10k/7749694370.jpg,/home/sergey/iqa-data/koniq10k/koniq10k/1024x768/7749694370.jpg,0.7537276386007838,72.01310729980469
17640,koniq10k,koniq10k/7751327300.jpg,/home/sergey/iqa-data/koniq10k/koniq10k/1024x768/7751327300.jpg,0.8333802645040788,76.92570495605469
17644,koniq10k,koniq10k/7751952772.jpg,/home/sergey/iqa-data/koniq10k/koniq10k/1024x768/7751952772.jpg,0.7713708977069088,73.19295501708984
17646,koniq10k,koniq10k/7755707532.jpg,/home/sergey/iqa-data/koniq10k/koniq10k/1024x768/7755707532.jpg,0.7857269005005412,67.02738189697266
17653,koniq10k,koniq10k/7762883720.jpg,/home/sergey/iqa-data/koniq10k/koniq10k/1024x768/7762883720.jpg,0.7676014444594212,61.210269927978516
17654,koniq10k,koniq10k/7763162224.jpg,/home/sergey/iqa-data/koniq10k/koniq10k/1024x768/7763162224.jpg,0.5801865983348816,62.78654861450195
17660,koniq10k,koniq10k/7769931466.jpg,/home/sergey/iqa-data/koniq10k/koniq10k/1024x768/7769931466.jpg,0.5101971693597174,70.01758575439453
17661,koniq10k,koniq10k/7769932398.jpg,/home/sergey/iqa-data/koniq10k/koniq10k/1024x768/7769932398.jpg,0.7710139531585185,77.67183685302734
17665,koniq10k,koniq10k/7780172596.jpg,/home/sergey/iqa-data/koniq10k/koniq10k/1024x768/7780172596.jpg,0.791270424856761,74.61321258544922
17666,koniq10k,koniq10k/7783320848.jpg,/home/sergey/iqa-data/koniq10k/koniq10k/1024x768/7783320848.jpg,0.7821924365725227,55.14439392089844
17669,koniq10k,koniq10k/7786382886.jpg,/home/sergey/iqa-data/koniq10k/koniq10k/1024x768/7786382886.jpg,0.6639540449976062,62.922706604003906
17672,koniq10k,koniq10k/7788745946.jpg,/home/sergey/iqa-data/koniq10k/koniq10k/1024x768/7788745946.jpg,0.8146413184709005,75.43389129638672
17674,koniq10k,koniq10k/7793934458.jpg,/home/sergey/iqa-data/koniq10k/koniq10k/1024x768/7793934458.jpg,0.6320455420080915,54.22178268432617
17676,koniq10k,koniq10k/7795515978.jpg,/home/sergey/iqa-data/koniq10k/koniq10k/1024x768/7795515978.jpg,0.619924425032937,67.7399673461914
17691,koniq10k,koniq10k/7816938468.jpg,/home/sergey/iqa-data/koniq10k/koniq10k/1024x768/7816938468.jpg,0.6517907654815261,49.109092712402344
17692,koniq10k,koniq10k/7819211312.jpg,/home/sergey/iqa-data/koniq10k/koniq10k/1024x768/7819211312.jpg,0.5466308112522177,44.14925765991211
17694,koniq10k,koniq10k/7819666996.jpg,/home/sergey/iqa-data/koniq10k/koniq10k/1024x768/7819666996.jpg,0.823531423100594,76.90477752685547
17696,koniq10k,koniq10k/7822391242.jpg,/home/sergey/iqa-data/koniq10k/koniq10k/1024x768/7822391242.jpg,0.6398025940869395,65.90831756591797
17704,koniq10k,koniq10k/7839484666.jpg,/home/sergey/iqa-data/koniq10k/koniq10k/1024x768/7839484666.jpg,0.7587480863931277,74.23612976074219
17705,koniq10k,koniq10k/7840986296.jpg,/home/sergey/iqa-data/koniq10k/koniq10k/1024x768/7840986296.jpg,0.7761175317422323,58.211055755615234
17711,koniq10k,koniq10k/7843258130.jpg,/home/sergey/iqa-data/koniq10k/koniq10k/1024x768/7843258130.jpg,0.7790808999521301,73.2670669555664
17715,koniq10k,koniq10k/7845980046.jpg,/home/sergey/iqa-data/koniq10k/koniq10k/1024x768/7845980046.jpg,0.8406830391033365,79.86357116699219
17726,koniq10k,koniq10k/7866480612.jpg,/home/sergey/iqa-data/koniq10k/koniq10k/1024x768/7866480612.jpg,0.7697462900909525,78.35209655761719
17736,koniq10k,koniq10k/7875422248.jpg,/home/sergey/iqa-data/koniq10k/koniq10k/1024x768/7875422248.jpg,0.8319494867764994,79.88241577148438
17742,koniq10k,koniq10k/7887126684.jpg,/home/sergey/iqa-data/koniq10k/koniq10k/1024x768/7887126684.jpg,0.8407132599329812,76.47766876220703
17748,koniq10k,koniq10k/7897296676.jpg,/home/sergey/iqa-data/koniq10k/koniq10k/1024x768/7897296676.jpg,0.7102041669958684,64.43155670166016
17757,koniq10k,koniq10k/7904253618.jpg,/home/sergey/iqa-data/koniq10k/koniq10k/1024x768/7904253618.jpg,0.4697223551938718,45.13820266723633
17758,koniq10k,koniq10k/7904310752.jpg,/home/sergey/iqa-data/koniq10k/koniq10k/1024x768/7904310752.jpg,0.7348796320736581,73.10910034179688
17763,koniq10k,koniq10k/7909059554.jpg,/home/sergey/iqa-data/koniq10k/koniq10k/1024x768/7909059554.jpg,0.7168501675442794,27.721221923828125
17766,koniq10k,koniq10k/7911673358.jpg,/home/sergey/iqa-data/koniq10k/koniq10k/1024x768/7911673358.jpg,0.8038523565416639,68.48749542236328
17769,koniq10k,koniq10k/7914531096.jpg,/home/sergey/iqa-data/koniq10k/koniq10k/1024x768/7914531096.jpg,0.8437051220679758,78.9598159790039
17774,koniq10k,koniq10k/7919265884.jpg,/home/sergey/iqa-data/koniq10k/koniq10k/1024x768/7919265884.jpg,0.2723449360596308,33.55329132080078
17775,koniq10k,koniq10k/7919270808.jpg,/home/sergey/iqa-data/koniq10k/koniq10k/1024x768/7919270808.jpg,0.4195255571512134,26.624645233154297
17782,koniq10k,koniq10k/7926649668.jpg,/home/sergey/iqa-data/koniq10k/koniq10k/1024x768/7926649668.jpg,0.5178414711983411,57.31061935424805
17786,koniq10k,koniq10k/7929526740.jpg,/home/sergey/iqa-data/koniq10k/koniq10k/1024x768/7929526740.jpg,0.8133950421209465,69.61483001708984
17787,koniq10k,koniq10k/7931367844.jpg,/home/sergey/iqa-data/koniq10k/koniq10k/1024x768/7931367844.jpg,0.8825993298228825,74.15296173095703
17790,koniq10k,koniq10k/7935628474.jpg,/home/sergey/iqa-data/koniq10k/koniq10k/1024x768/7935628474.jpg,0.8671009448893595,80.48253631591797
17791,koniq10k,koniq10k/7937116986.jpg,/home/sergey/iqa-data/koniq10k/koniq10k/1024x768/7937116986.jpg,0.7710710037016133,78.3012466430664
17796,koniq10k,koniq10k/7946144914.jpg,/home/sergey/iqa-data/koniq10k/koniq10k/1024x768/7946144914.jpg,0.5841279860372708,40.218292236328125
17798,koniq10k,koniq10k/7946509460.jpg,/home/sergey/iqa-data/koniq10k/koniq10k/1024x768/7946509460.jpg,0.6217890487480355,74.51294708251953
17800,koniq10k,koniq10k/7946918290.jpg,/home/sergey/iqa-data/koniq10k/koniq10k/1024x768/7946918290.jpg,0.3590234561991376,45.56945037841797
17802,koniq10k,koniq10k/7951947544.jpg,/home/sergey/iqa-data/koniq10k/koniq10k/1024x768/7951947544.jpg,0.5511132169478605,47.60999298095703
17809,koniq10k,koniq10k/7956634196.jpg,/home/sergey/iqa-data/koniq10k/koniq10k/1024x768/7956634196.jpg,0.549569391438773,67.83695983886719
17817,koniq10k,koniq10k/7967382050.jpg,/home/sergey/iqa-data/koniq10k/koniq10k/1024x768/7967382050.jpg,0.3642093505664596,44.470855712890625
17836,koniq10k,koniq10k/7980394491.jpg,/home/sergey/iqa-data/koniq10k/koniq10k/1024x768/7980394491.jpg,0.6361045064861607,70.71512603759766
17845,koniq10k,koniq10k/7987564601.jpg,/home/sergey/iqa-data/koniq10k/koniq10k/1024x768/7987564601.jpg,0.6407232521715678,53.93361282348633
17846,koniq10k,koniq10k/7987926613.jpg,/home/sergey/iqa-data/koniq10k/koniq10k/1024x768/7987926613.jpg,0.7290636757738581,62.95663070678711
17851,koniq10k,koniq10k/7991449337.jpg,/home/sergey/iqa-data/koniq10k/koniq10k/1024x768/7991449337.jpg,0.8783986345020336,71.61357879638672
17855,koniq10k,koniq10k/7993457702.jpg,/home/sergey/iqa-data/koniq10k/koniq10k/1024x768/7993457702.jpg,0.5893968405935864,61.50815200805664
17856,koniq10k,koniq10k/7994018610.jpg,/home/sergey/iqa-data/koniq10k/koniq10k/1024x768/7994018610.jpg,0.8229757915612397,71.03411865234375
17878,koniq10k,koniq10k/8008251007.jpg,/home/sergey/iqa-data/koniq10k/koniq10k/1024x768/8008251007.jpg,0.367298819551245,33.09465789794922
17881,koniq10k,koniq10k/8009623425.jpg,/home/sergey/iqa-data/koniq10k/koniq10k/1024x768/8009623425.jpg,0.7978675361507277,57.27350997924805
17886,koniq10k,koniq10k/8015637389.jpg,/home/sergey/iqa-data/koniq10k/koniq10k/1024x768/8015637389.jpg,0.7587480863931277,72.01438903808594
17890,koniq10k,koniq10k/8016871394.jpg,/home/sergey/iqa-data/koniq10k/koniq10k/1024x768/8016871394.jpg,0.8046711076712475,74.99652099609375
17892,koniq10k,koniq10k/8017805417.jpg,/home/sergey/iqa-data/koniq10k/koniq10k/1024x768/8017805417.jpg,0.8030656614009882,77.93335723876953
17894,koniq10k,koniq10k/8019221019.jpg,/home/sergey/iqa-data/koniq10k/koniq10k/1024x768/8019221019.jpg,0.479039868699994,46.91358947753906
17896,koniq10k,koniq10k/8020739978.jpg,/home/sergey/iqa-data/koniq10k/koniq10k/1024x768/8020739978.jpg,0.7761175317422323,61.36393737792969
17898,koniq10k,koniq10k/8021300262.jpg,/home/sergey/iqa-data/koniq10k/koniq10k/1024x768/8021300262.jpg,0.807603318972396,77.52159118652344
17902,koniq10k,koniq10k/8022493551.jpg,/home/sergey/iqa-data/koniq10k/koniq10k/1024x768/8022493551.jpg,0.6364198813190369,56.723182678222656
17905,koniq10k,koniq10k/8025466958.jpg,/home/sergey/iqa-data/koniq10k/koniq10k/1024x768/8025466958.jpg,0.6961065900749948,74.90425872802734
17906,koniq10k,koniq10k/8026326591.jpg,/home/sergey/iqa-data/koniq10k/koniq10k/1024x768/8026326591.jpg,0.807084729535663,63.5711555480957
17913,koniq10k,koniq10k/8035433785.jpg,/home/sergey/iqa-data/koniq10k/koniq10k/1024x768/8035433785.jpg,0.8203626729355551,77.57759857177734
17915,koniq10k,koniq10k/8036033409.jpg,/home/sergey/iqa-data/koniq10k/koniq10k/1024x768/8036033409.jpg,0.7116158068744608,69.22831726074219
17925,koniq10k,koniq10k/8041921391.jpg,/home/sergey/iqa-data/koniq10k/koniq10k/1024x768/8041921391.jpg,0.7917687191809164,69.7598876953125
17934,koniq10k,koniq10k/8044678667.jpg,/home/sergey/iqa-data/koniq10k/koniq10k/1024x768/8044678667.jpg,0.8502818280223741,77.33470916748047
17936,koniq10k,koniq10k/8044706176.jpg,/home/sergey/iqa-data/koniq10k/koniq10k/1024x768/8044706176.jpg,0.4211114575693557,31.029788970947266
17940,koniq10k,koniq10k/8048106336.jpg,/home/sergey/iqa-data/koniq10k/koniq10k/1024x768/8048106336.jpg,0.7773196528085119,71.60275268554688
17945,koniq10k,koniq10k/8050953362.jpg,/home/sergey/iqa-data/koniq10k/koniq10k/1024x768/8050953362.jpg,0.7825381628636768,76.66727447509766
17954,koniq10k,koniq10k/8059797614.jpg,/home/sergey/iqa-data/koniq10k/koniq10k/1024x768/8059797614.jpg,0.6761608425083772,70.98384857177734
17956,koniq10k,koniq10k/8060465172.jpg,/home/sergey/iqa-data/koniq10k/koniq10k/1024x768/8060465172.jpg,0.7032949585049467,72.80708312988281
17960,koniq10k,koniq10k/8064361291.jpg,/home/sergey/iqa-data/koniq10k/koniq10k/1024x768/8064361291.jpg,0.4141550516575498,53.447662353515625
17962,koniq10k,koniq10k/8066151099.jpg,/home/sergey/iqa-data/koniq10k/koniq10k/1024x768/8066151099.jpg,0.6201702796963671,56.77781677246094
17969,koniq10k,koniq10k/8072879274.jpg,/home/sergey/iqa-data/koniq10k/koniq10k/1024x768/8072879274.jpg,0.7510160598466296,60.49530792236328
17992,koniq10k,koniq10k/8086991348.jpg,/home/sergey/iqa-data/koniq10k/koniq10k/1024x768/8086991348.jpg,0.8096091837748493,72.45382690429688
17993,koniq10k,koniq10k/8087032429.jpg,/home/sergey/iqa-data/koniq10k/koniq10k/1024x768/8087032429.jpg,0.6398025940869395,58.370330810546875
18001,koniq10k,koniq10k/8091151386.jpg,/home/sergey/iqa-data/koniq10k/koniq10k/1024x768/8091151386.jpg,0.2812350406893242,31.84177589416504
18002,koniq10k,koniq10k/8093852043.jpg,/home/sergey/iqa-data/koniq10k/koniq10k/1024x768/8093852043.jpg,0.5479381795801139,63.555091857910156
18003,koniq10k,koniq10k/8094310910.jpg,/home/sergey/iqa-data/koniq10k/koniq10k/1024x768/8094310910.jpg,0.8176046866807984,79.76607513427734
18010,koniq10k,koniq10k/8100313754.jpg,/home/sergey/iqa-data/koniq10k/koniq10k/1024x768/8100313754.jpg,0.9475735433582906,56.542808532714844
18011,koniq10k,koniq10k/81006585.jpg,/home/sergey/iqa-data/koniq10k/koniq10k/1024x768/81006585.jpg,0.241963219266894,30.770875930786133
18012,koniq10k,koniq10k/8100783568.jpg,/home/sergey/iqa-data/koniq10k/koniq10k/1024x768/8100783568.jpg,0.6679961346259675,72.61640930175781
18013,koniq10k,koniq10k/8101870815.jpg,/home/sergey/iqa-data/koniq10k/koniq10k/1024x768/8101870815.jpg,0.700339973231991,67.80744171142578
18025,koniq10k,koniq10k/8108582186.jpg,/home/sergey/iqa-data/koniq10k/koniq10k/1024x768/8108582186.jpg,0.7168501675442794,72.36972045898438
18041,koniq10k,koniq10k/8114369605.jpg,/home/sergey/iqa-data/koniq10k/koniq10k/1024x768/8114369605.jpg,0.8616562948779335,72.24740600585938
18044,koniq10k,koniq10k/8116678978.jpg,/home/sergey/iqa-data/koniq10k/koniq10k/1024x768/8116678978.jpg,0.8521869059846539,69.70211029052734
18046,koniq10k,koniq10k/8118290739.jpg,/home/sergey/iqa-data/koniq10k/koniq10k/1024x768/8118290739.jpg,0.644247646401788,65.99822998046875
18047,koniq10k,koniq10k/8120535413.jpg,/home/sergey/iqa-data/koniq10k/koniq10k/1024x768/8120535413.jpg,0.499333401931791,34.69538879394531
18048,koniq10k,koniq10k/8120735257.jpg,/home/sergey/iqa-data/koniq10k/koniq10k/1024x768/8120735257.jpg,0.7825381628636768,76.9562759399414
18066,koniq10k,koniq10k/8129206186.jpg,/home/sergey/iqa-data/koniq10k/koniq10k/1024x768/8129206186.jpg,0.7786094550096468,71.97119903564453
18077,koniq10k,koniq10k/8135725807.jpg,/home/sergey/iqa-data/koniq10k/koniq10k/1024x768/8135725807.jpg,0.7820442681620279,73.91975402832031
18078,koniq10k,koniq10k/8136167992.jpg,/home/sergey/iqa-data/koniq10k/koniq10k/1024x768/8136167992.jpg,0.6767200690756662,74.6381607055664
18079,koniq10k,koniq10k/8137649050.jpg,/home/sergey/iqa-data/koniq10k/koniq10k/1024x768/8137649050.jpg,0.7536228730580099,75.16291809082031
18081,koniq10k,koniq10k/8137767984.jpg,/home/sergey/iqa-data/koniq10k/koniq10k/1024x768/8137767984.jpg,0.147011892358665,29.16910171508789
18096,koniq10k,koniq10k/8152535252.jpg,/home/sergey/iqa-data/koniq10k/koniq10k/1024x768/8152535252.jpg,0.1974629009095249,35.058258056640625
18101,koniq10k,koniq10k/8154496951.jpg,/home/sergey/iqa-data/koniq10k/koniq10k/1024x768/8154496951.jpg,0.570163441154346,38.538490295410156
18108,koniq10k,koniq10k/8157886874.jpg,/home/sergey/iqa-data/koniq10k/koniq10k/1024x768/8157886874.jpg,0.7577766852539465,74.82604217529297
18109,koniq10k,koniq10k/8158011851.jpg,/home/sergey/iqa-data/koniq10k/koniq10k/1024x768/8158011851.jpg,0.7731541635323346,74.24166107177734
18118,koniq10k,koniq10k/8163644568.jpg,/home/sergey/iqa-data/koniq10k/koniq10k/1024x768/8163644568.jpg,0.1919224154743523,18.510982513427734
18119,koniq10k,koniq10k/8164370728.jpg,/home/sergey/iqa-data/koniq10k/koniq10k/1024x768/8164370728.jpg,0.6133317376735269,50.98303985595703
18124,koniq10k,koniq10k/8167486220.jpg,/home/sergey/iqa-data/koniq10k/koniq10k/1024x768/8167486220.jpg,0.8057512138412104,70.2204818725586
18133,koniq10k,koniq10k/8175828572.jpg,/home/sergey/iqa-data/koniq10k/koniq10k/1024x768/8175828572.jpg,0.7950667761669904,74.76439666748047
18138,koniq10k,koniq10k/8177168382.jpg,/home/sergey/iqa-data/koniq10k/koniq10k/1024x768/8177168382.jpg,0.4825697631853113,51.557979583740234
18139,koniq10k,koniq10k/8178464033.jpg,/home/sergey/iqa-data/koniq10k/koniq10k/1024x768/8178464033.jpg,0.8347295356629956,78.0101547241211
18142,koniq10k,koniq10k/8178834291.jpg,/home/sergey/iqa-data/koniq10k/koniq10k/1024x768/8178834291.jpg,0.5466308112522177,52.1796989440918
18144,koniq10k,koniq10k/8179397976.jpg,/home/sergey/iqa-data/koniq10k/koniq10k/1024x768/8179397976.jpg,0.7815213208308686,71.58985137939453
18151,koniq10k,koniq10k/8183741020.jpg,/home/sergey/iqa-data/koniq10k/koniq10k/1024x768/8183741020.jpg,0.749447217853152,64.79183197021484
18157,koniq10k,koniq10k/8185021640.jpg,/home/sergey/iqa-data/koniq10k/koniq10k/1024x768/8185021640.jpg,0.8396447377419143,75.40953826904297
18163,koniq10k,koniq10k/8188022955.jpg,/home/sergey/iqa-data/koniq10k/koniq10k/1024x768/8188022955.jpg,0.6912599598251618,70.03791809082031
18167,koniq10k,koniq10k/8189726942.jpg,/home/sergey/iqa-data/koniq10k/koniq10k/1024x768/8189726942.jpg,0.6796280472255645,63.42766571044922
18169,koniq10k,koniq10k/8192678214.jpg,/home/sergey/iqa-data/koniq10k/koniq10k/1024x768/8192678214.jpg,0.805586582273994,76.82284545898438
18179,koniq10k,koniq10k/8197822329.jpg,/home/sergey/iqa-data/koniq10k/koniq10k/1024x768/8197822329.jpg,0.3990505049566146,35.34467315673828
18189,koniq10k,koniq10k/8206370859.jpg,/home/sergey/iqa-data/koniq10k/koniq10k/1024x768/8206370859.jpg,0.8501119379530109,77.397216796875
18202,koniq10k,koniq10k/8212081020.jpg,/home/sergey/iqa-data/koniq10k/koniq10k/1024x768/8212081020.jpg,0.5175921493537559,55.43218231201172
18205,koniq10k,koniq10k/8213296844.jpg,/home/sergey/iqa-data/koniq10k/koniq10k/1024x768/8213296844.jpg,0.5181685631595826,53.51438903808594
18229,koniq10k,koniq10k/8228841274.jpg,/home/sergey/iqa-data/koniq10k/koniq10k/1024x768/8228841274.jpg,0.6808819460608424,67.55500030517578
18234,koniq10k,koniq10k/8230377264.jpg,/home/sergey/iqa-data/koniq10k/koniq10k/1024x768/8230377264.jpg,0.4176639540449974,31.25054359436035
18235,koniq10k,koniq10k/8230394579.jpg,/home/sergey/iqa-data/koniq10k/koniq10k/1024x768/8230394579.jpg,0.7265558781033022,61.68589782714844
18242,koniq10k,koniq10k/8232391054.jpg,/home/sergey/iqa-data/koniq10k/koniq10k/1024x768/8232391054.jpg,0.6575828033463266,71.9108657836914
18247,koniq10k,koniq10k/8236704145.jpg,/home/sergey/iqa-data/koniq10k/koniq10k/1024x768/8236704145.jpg,0.7647544004049979,52.407958984375
18251,koniq10k,koniq10k/8239827069.jpg,/home/sergey/iqa-data/koniq10k/koniq10k/1024x768/8239827069.jpg,0.6243764623774741,54.736488342285156
18252,koniq10k,koniq10k/8240021404.jpg,/home/sergey/iqa-data/koniq10k/koniq10k/1024x768/8240021404.jpg,0.6461334261717209,62.10859680175781
18262,koniq10k,koniq10k/8244040268.jpg,/home/sergey/iqa-data/koniq10k/koniq10k/1024x768/8244040268.jpg,0.8019411689999113,69.38751983642578
18265,koniq10k,koniq10k/8246184591.jpg,/home/sergey/iqa-data/koniq10k/koniq10k/1024x768/8246184591.jpg,0.5443429166783997,40.03556823730469
18268,koniq10k,koniq10k/8247215463.jpg,/home/sergey/iqa-data/koniq10k/koniq10k/1024x768/8247215463.jpg,0.78647465033722,72.45594024658203
18270,koniq10k,koniq10k/8248519358.jpg,/home/sergey/iqa-data/koniq10k/koniq10k/1024x768/8248519358.jpg,0.825753949258018,75.0362548828125
18275,koniq10k,koniq10k/8252742940.jpg,/home/sergey/iqa-data/koniq10k/koniq10k/1024x768/8252742940.jpg,0.9323528890307246,65.85628509521484
18279,koniq10k,koniq10k/8256076417.jpg,/home/sergey/iqa-data/koniq10k/koniq10k/1024x768/8256076417.jpg,0.6312829104834845,63.8896598815918
18282,koniq10k,koniq10k/8257636356.jpg,/home/sergey/iqa-data/koniq10k/koniq10k/1024x768/8257636356.jpg,0.776540870057933,72.37357330322266
18284,koniq10k,koniq10k/8258234240.jpg,/home/sergey/iqa-data/koniq10k/koniq10k/1024x768/8258234240.jpg,0.7979723722902289,70.8244857788086
18286,koniq10k,koniq10k/8259557757.jpg,/home/sergey/iqa-data/koniq10k/koniq10k/1024x768/8259557757.jpg,0.6883829176130278,69.16300201416016
18287,koniq10k,koniq10k/8260840073.jpg,/home/sergey/iqa-data/koniq10k/koniq10k/1024x768/8260840073.jpg,0.5487690304800845,71.66890716552734
18288,koniq10k,koniq10k/8261560586.jpg,/home/sergey/iqa-data/koniq10k/koniq10k/1024x768/8261560586.jpg,0.7433444397575242,77.23030853271484
18292,koniq10k,koniq10k/8263016549.jpg,/home/sergey/iqa-data/koniq10k/koniq10k/1024x768/8263016549.jpg,0.5863468840482026,41.28282165527344
18295,koniq10k,koniq10k/8266041849.jpg,/home/sergey/iqa-data/koniq10k/koniq10k/1024x768/8266041849.jpg,0.7766641724799811,66.7177963256836
18298,koniq10k,koniq10k/8267105534.jpg,/home/sergey/iqa-data/koniq10k/koniq10k/1024x768/8267105534.jpg,0.8695983289090037,74.49118041992188
18299,koniq10k,koniq10k/8267153015.jpg,/home/sergey/iqa-data/koniq10k/koniq10k/1024x768/8267153015.jpg,0.7998244774214148,78.67406463623047
18301,koniq10k,koniq10k/8267353806.jpg,/home/sergey/iqa-data/koniq10k/koniq10k/1024x768/8267353806.jpg,0.7479655337482046,70.75801086425781
18304,koniq10k,koniq10k/8268756631.jpg,/home/sergey/iqa-data/koniq10k/koniq10k/1024x768/8268756631.jpg,0.7998244774214148,72.46174621582031
18321,koniq10k,koniq10k/8281818195.jpg,/home/sergey/iqa-data/koniq10k/koniq10k/1024x768/8281818195.jpg,0.399524862621603,31.287479400634766
18322,koniq10k,koniq10k/8282376526.jpg,/home/sergey/iqa-data/koniq10k/koniq10k/1024x768/8282376526.jpg,0.6546194351364286,57.550567626953125
18328,koniq10k,koniq10k/8283511236.jpg,/home/sergey/iqa-data/koniq10k/koniq10k/1024x768/8283511236.jpg,0.8835600194992551,75.12786102294922
18330,koniq10k,koniq10k/8285094496.jpg,/home/sergey/iqa-data/koniq10k/koniq10k/1024x768/8285094496.jpg,0.6796280472255645,75.62335205078125
18335,koniq10k,koniq10k/8288373596.jpg,/home/sergey/iqa-data/koniq10k/koniq10k/1024x768/8288373596.jpg,0.8791381559804389,43.32258605957031
18338,koniq10k,koniq10k/8292084929.jpg,/home/sergey/iqa-data/koniq10k/koniq10k/1024x768/8292084929.jpg,0.7978675361507277,74.19194793701172
18343,koniq10k,koniq10k/8296218747.jpg,/home/sergey/iqa-data/koniq10k/koniq10k/1024x768/8296218747.jpg,0.6142666945907129,69.98197174072266
18345,koniq10k,koniq10k/8297923368.jpg,/home/sergey/iqa-data/koniq10k/koniq10k/1024x768/8297923368.jpg,0.7516405770006376,65.5553207397461
18355,koniq10k,koniq10k/8303933730.jpg,/home/sergey/iqa-data/koniq10k/koniq10k/1024x768/8303933730.jpg,0.6574481047913311,45.406593322753906
18374,koniq10k,koniq10k/8310619532.jpg,/home/sergey/iqa-data/koniq10k/koniq10k/1024x768/8310619532.jpg,0.6503486985986344,56.08887481689453
18377,koniq10k,koniq10k/8314966745.jpg,/home/sergey/iqa-data/koniq10k/koniq10k/1024x768/8314966745.jpg,0.3212845219419019,39.84074020385742
18380,koniq10k,koniq10k/8318268016.jpg,/home/sergey/iqa-data/koniq10k/koniq10k/1024x768/8318268016.jpg,0.7364413240430462,65.74890899658203
18381,koniq10k,koniq10k/8319445883.jpg,/home/sergey/iqa-data/koniq10k/koniq10k/1024x768/8319445883.jpg,0.793224248226643,75.21881866455078
18384,koniq10k,koniq10k/8320423007.jpg,/home/sergey/iqa-data/koniq10k/koniq10k/1024x768/8320423007.jpg,0.395870600387997,19.567989349365234
18387,koniq10k,koniq10k/8321029602.jpg,/home/sergey/iqa-data/koniq10k/koniq10k/1024x768/8321029602.jpg,0.661201531833414,63.421165466308594
18400,koniq10k,koniq10k/8329144701.jpg,/home/sergey/iqa-data/koniq10k/koniq10k/1024x768/8329144701.jpg,0.629357454654034,64.13874053955078
18403,koniq10k,koniq10k/8329986781.jpg,/home/sergey/iqa-data/koniq10k/koniq10k/1024x768/8329986781.jpg,0.7090713259932979,73.3465347290039
18423,koniq10k,koniq10k/8341991106.jpg,/home/sergey/iqa-data/koniq10k/koniq10k/1024x768/8341991106.jpg,0.8472383687797765,66.4211654663086
18424,koniq10k,koniq10k/8342894979.jpg,/home/sergey/iqa-data/koniq10k/koniq10k/1024x768/8342894979.jpg,0.5248742288898723,49.93992233276367
18425,koniq10k,koniq10k/8343118972.jpg,/home/sergey/iqa-data/koniq10k/koniq10k/1024x768/8343118972.jpg,0.8590918416193677,76.62085723876953
18426,koniq10k,koniq10k/8343579007.jpg,/home/sergey/iqa-data/koniq10k/koniq10k/1024x768/8343579007.jpg,0.6825360253754631,46.74240493774414
18436,koniq10k,koniq10k/8350531104.jpg,/home/sergey/iqa-data/koniq10k/koniq10k/1024x768/8350531104.jpg,0.7405571132234616,72.6963119506836
18440,koniq10k,koniq10k/8351568109.jpg,/home/sergey/iqa-data/koniq10k/koniq10k/1024x768/8351568109.jpg,0.6641933939684054,72.38296508789062
18448,koniq10k,koniq10k/8353276755.jpg,/home/sergey/iqa-data/koniq10k/koniq10k/1024x768/8353276755.jpg,0.7697753698724529,69.4027328491211
18462,koniq10k,koniq10k/8358094625.jpg,/home/sergey/iqa-data/koniq10k/koniq10k/1024x768/8358094625.jpg,0.852680708472953,72.02944946289062
18479,koniq10k,koniq10k/8375094776.jpg,/home/sergey/iqa-data/koniq10k/koniq10k/1024x768/8375094776.jpg,0.7868597415031113,42.394676208496094
18482,koniq10k,koniq10k/8376951271.jpg,/home/sergey/iqa-data/koniq10k/koniq10k/1024x768/8376951271.jpg,0.8222499665773962,55.41417694091797
18487,koniq10k,koniq10k/8377908446.jpg,/home/sergey/iqa-data/koniq10k/koniq10k/1024x768/8377908446.jpg,0.8242862433050014,63.59245300292969
18490,koniq10k,koniq10k/8380369304.jpg,/home/sergey/iqa-data/koniq10k/koniq10k/1024x768/8380369304.jpg,0.4056965055050257,38.81716537475586
18502,koniq10k,koniq10k/8390342452.jpg,/home/sergey/iqa-data/koniq10k/koniq10k/1024x768/8390342452.jpg,0.6018176015782521,61.27421188354492
18508,koniq10k,koniq10k/8392513010.jpg,/home/sergey/iqa-data/koniq10k/koniq10k/1024x768/8392513010.jpg,0.2034466251795108,28.981094360351562
18512,koniq10k,koniq10k/8395711832.jpg,/home/sergey/iqa-data/koniq10k/koniq10k/1024x768/8395711832.jpg,0.4298039063477074,63.78151321411133
18513,koniq10k,koniq10k/8395743743.jpg,/home/sergey/iqa-data/koniq10k/koniq10k/1024x768/8395743743.jpg,0.8084676347002804,74.18414306640625
18536,koniq10k,koniq10k/8403125101.jpg,/home/sergey/iqa-data/koniq10k/koniq10k/1024x768/8403125101.jpg,0.737593745013564,66.24761199951172
18544,koniq10k,koniq10k/8406491085.jpg,/home/sergey/iqa-data/koniq10k/koniq10k/1024x768/8406491085.jpg,0.7919967123386638,75.06403350830078
18545,koniq10k,koniq10k/8407650196.jpg,/home/sergey/iqa-data/koniq10k/koniq10k/1024x768/8407650196.jpg,0.6438899985143851,45.635860443115234
18552,koniq10k,koniq10k/8413383096.jpg,/home/sergey/iqa-data/koniq10k/koniq10k/1024x768/8413383096.jpg,0.4876124695929111,28.99998664855957
18566,koniq10k,koniq10k/8423036726.jpg,/home/sergey/iqa-data/koniq10k/koniq10k/1024x768/8423036726.jpg,0.800802948056758,70.57086944580078
18575,koniq10k,koniq10k/8429377035.jpg,/home/sergey/iqa-data/koniq10k/koniq10k/1024x768/8429377035.jpg,0.5983724269985637,59.720191955566406
18579,koniq10k,koniq10k/8430377800.jpg,/home/sergey/iqa-data/koniq10k/koniq10k/1024x768/8430377800.jpg,0.5832371244333064,56.055843353271484
18583,koniq10k,koniq10k/8432266484.jpg,/home/sergey/iqa-data/koniq10k/koniq10k/1024x768/8432266484.jpg,0.3474992464939792,21.599123001098633
18589,koniq10k,koniq10k/8435700290.jpg,/home/sergey/iqa-data/koniq10k/koniq10k/1024x768/8435700290.jpg,0.7872232387718502,75.15520477294922
18590,koniq10k,koniq10k/8435902776.jpg,/home/sergey/iqa-data/koniq10k/koniq10k/1024x768/8435902776.jpg,0.7526799831730433,42.98004913330078
18591,koniq10k,koniq10k/8436817796.jpg,/home/sergey/iqa-data/koniq10k/koniq10k/1024x768/8436817796.jpg,0.7853039731929151,78.51815032958984
18595,koniq10k,koniq10k/8437609150.jpg,/home/sergey/iqa-data/koniq10k/koniq10k/1024x768/8437609150.jpg,0.8766156055528966,73.69341278076172
18597,koniq10k,koniq10k/8438205347.jpg,/home/sergey/iqa-data/koniq10k/koniq10k/1024x768/8438205347.jpg,0.7539492580181906,68.55667877197266
18600,koniq10k,koniq10k/8438943296.jpg,/home/sergey/iqa-data/koniq10k/koniq10k/1024x768/8438943296.jpg,0.6160956484077603,38.971439361572266
18602,koniq10k,koniq10k/8439638054.jpg,/home/sergey/iqa-data/koniq10k/koniq10k/1024x768/8439638054.jpg,0.7319716539237567,71.311767578125
18604,koniq10k,koniq10k/8441623412.jpg,/home/sergey/iqa-data/koniq10k/koniq10k/1024x768/8441623412.jpg,0.7962479985473983,69.93689727783203
18613,koniq10k,koniq10k/8444344132.jpg,/home/sergey/iqa-data/koniq10k/koniq10k/1024x768/8444344132.jpg,0.5307741161861508,25.153064727783203
18617,koniq10k,koniq10k/8447352918.jpg,/home/sergey/iqa-data/koniq10k/koniq10k/1024x768/8447352918.jpg,0.4806150571416627,46.03044128417969
18629,koniq10k,koniq10k/8452461056.jpg,/home/sergey/iqa-data/koniq10k/koniq10k/1024x768/8452461056.jpg,0.8577844732914713,78.1709213256836
18632,koniq10k,koniq10k/8454542185.jpg,/home/sergey/iqa-data/koniq10k/koniq10k/1024x768/8454542185.jpg,0.7494195228231542,73.60420227050781
18637,koniq10k,koniq10k/8456415044.jpg,/home/sergey/iqa-data/koniq10k/koniq10k/1024x768/8456415044.jpg,0.8461450873042786,76.66029357910156
18639,koniq10k,koniq10k/8457028188.jpg,/home/sergey/iqa-data/koniq10k/koniq10k/1024x768/8457028188.jpg,0.8507573685290288,71.83065032958984
18641,koniq10k,koniq10k/8458232440.jpg,/home/sergey/iqa-data/koniq10k/koniq10k/1024x768/8458232440.jpg,0.6788202755172602,59.52064514160156
18661,koniq10k,koniq10k/8465866576.jpg,/home/sergey/iqa-data/koniq10k/koniq10k/1024x768/8465866576.jpg,0.810794638583055,67.02523040771484
18662,koniq10k,koniq10k/8466537488.jpg,/home/sergey/iqa-data/koniq10k/koniq10k/1024x768/8466537488.jpg,0.7987975676457055,70.92837524414062
18663,koniq10k,koniq10k/8466719811.jpg,/home/sergey/iqa-data/koniq10k/koniq10k/1024x768/8466719811.jpg,0.7689894298319389,80.59320831298828
18666,koniq10k,koniq10k/8468013032.jpg,/home/sergey/iqa-data/koniq10k/koniq10k/1024x768/8468013032.jpg,0.6165559774500728,59.847991943359375
18671,koniq10k,koniq10k/8471068172.jpg,/home/sergey/iqa-data/koniq10k/koniq10k/1024x768/8471068172.jpg,0.6777494418720896,71.5779037475586
18672,koniq10k,koniq10k/8471534118.jpg,/home/sergey/iqa-data/koniq10k/koniq10k/1024x768/8471534118.jpg,0.6364198813190369,68.00927734375
18673,koniq10k,koniq10k/8471619926.jpg,/home/sergey/iqa-data/koniq10k/koniq10k/1024x768/8471619926.jpg,0.5434108114816575,34.543357849121094
18674,koniq10k,koniq10k/8472852630.jpg,/home/sergey/iqa-data/koniq10k/koniq10k/1024x768/8472852630.jpg,0.7761175317422323,53.0126838684082
18679,koniq10k,koniq10k/8473611231.jpg,/home/sergey/iqa-data/koniq10k/koniq10k/1024x768/8473611231.jpg,0.1287087357681222,13.983441352844238
18682,koniq10k,koniq10k/8474312023.jpg,/home/sergey/iqa-data/koniq10k/koniq10k/1024x768/8474312023.jpg,0.7608113271351449,61.3736572265625
18683,koniq10k,koniq10k/8474594407.jpg,/home/sergey/iqa-data/koniq10k/koniq10k/1024x768/8474594407.jpg,0.6909720411964614,64.46871185302734
18685,koniq10k,koniq10k/8477555984.jpg,/home/sergey/iqa-data/koniq10k/koniq10k/1024x768/8477555984.jpg,0.6913921406501591,74.4536361694336
18686,koniq10k,koniq10k/8481080192.jpg,/home/sergey/iqa-data/koniq10k/koniq10k/1024x768/8481080192.jpg,0.7138867993343815,62.6650505065918
18700,koniq10k,koniq10k/8486986414.jpg,/home/sergey/iqa-data/koniq10k/koniq10k/1024x768/8486986414.jpg,0.6671620633736699,68.40290069580078
18712,koniq10k,koniq10k/8493065081.jpg,/home/sergey/iqa-data/koniq10k/koniq10k/1024x768/8493065081.jpg,0.8303297384056538,76.56256103515625
18715,koniq10k,koniq10k/8496798280.jpg,/home/sergey/iqa-data/koniq10k/koniq10k/1024x768/8496798280.jpg,0.749447217853152,76.30974578857422
18719,koniq10k,koniq10k/8498158756.jpg,/home/sergey/iqa-data/koniq10k/koniq10k/1024x768/8498158756.jpg,0.8916888919282404,67.94969940185547
18722,koniq10k,koniq10k/8498296013.jpg,/home/sergey/iqa-data/koniq10k/koniq10k/1024x768/8498296013.jpg,0.4698130176828125,40.1165771484375
18723,koniq10k,koniq10k/8499771607.jpg,/home/sergey/iqa-data/koniq10k/koniq10k/1024x768/8499771607.jpg,0.7220360619116014,64.94590759277344
18724,koniq10k,koniq10k/8501012764.jpg,/home/sergey/iqa-data/koniq10k/koniq10k/1024x768/8501012764.jpg,0.565461943513643,54.71900939941406
18725,koniq10k,koniq10k/8501628435.jpg,/home/sergey/iqa-data/koniq10k/koniq10k/1024x768/8501628435.jpg,0.7212503203407926,71.16358184814453
18742,koniq10k,koniq10k/8507000235.jpg,/home/sergey/iqa-data/koniq10k/koniq10k/1024x768/8507000235.jpg,0.1864072579726008,34.601890563964844
18747,koniq10k,koniq10k/8510431014.jpg,/home/sergey/iqa-data/koniq10k/koniq10k/1024x768/8510431014.jpg,0.619059016617658,65.760986328125
18748,koniq10k,koniq10k/8511131771.jpg,/home/sergey/iqa-data/koniq10k/koniq10k/1024x768/8511131771.jpg,0.5101971693597174,50.608909606933594
18751,koniq10k,koniq10k/85119046.jpg,/home/sergey/iqa-data/koniq10k/koniq10k/1024x768/85119046.jpg,0.384952928035741,47.512996673583984
18757,koniq10k,koniq10k/8515582085.jpg,/home/sergey/iqa-data/koniq10k/koniq10k/1024x768/8515582085.jpg,0.7322651196086095,70.48777770996094
18759,koniq10k,koniq10k/8516080909.jpg,/home/sergey/iqa-data/koniq10k/koniq10k/1024x768/8516080909.jpg,0.742094709936144,66.03470611572266
18760,koniq10k,koniq10k/8517283347.jpg,/home/sergey/iqa-data/koniq10k/koniq10k/1024x768/8517283347.jpg,0.737593745013564,76.10480499267578
18762,koniq10k,koniq10k/8517575081.jpg,/home/sergey/iqa-data/koniq10k/koniq10k/1024x768/8517575081.jpg,0.8488023686683319,73.38642120361328
18765,koniq10k,koniq10k/8518610606.jpg,/home/sergey/iqa-data/koniq10k/koniq10k/1024x768/8518610606.jpg,0.6100011741647634,58.12028121948242
18768,koniq10k,koniq10k/8520990466.jpg,/home/sergey/iqa-data/koniq10k/koniq10k/1024x768/8520990466.jpg,0.6246782336949154,46.76641082763672
18782,koniq10k,koniq10k/8528201518.jpg,/home/sergey/iqa-data/koniq10k/koniq10k/1024x768/8528201518.jpg,0.8482907799197411,75.65717315673828
18796,koniq10k,koniq10k/8532727626.jpg,/home/sergey/iqa-data/koniq10k/koniq10k/1024x768/8532727626.jpg,0.7779390516510692,66.90885162353516
18797,koniq10k,koniq10k/8533373653.jpg,/home/sergey/iqa-data/koniq10k/koniq10k/1024x768/8533373653.jpg,0.6701771182383912,56.359275817871094
18798,koniq10k,koniq10k/8533805271.jpg,/home/sergey/iqa-data/koniq10k/koniq10k/1024x768/8533805271.jpg,0.6432503590234563,62.486289978027344
18800,koniq10k,koniq10k/8535035859.jpg,/home/sergey/iqa-data/koniq10k/koniq10k/1024x768/8535035859.jpg,0.5271946021108294,52.083152770996094
18801,koniq10k,koniq10k/8535232822.jpg,/home/sergey/iqa-data/koniq10k/koniq10k/1024x768/8535232822.jpg,0.7736432631397935,68.74813079833984
18802,koniq10k,koniq10k/8537113381.jpg,/home/sergey/iqa-data/koniq10k/koniq10k/1024x768/8537113381.jpg,0.4935174456319939,59.239105224609375
18804,koniq10k,koniq10k/8539488665.jpg,/home/sergey/iqa-data/koniq10k/koniq10k/1024x768/8539488665.jpg,0.7186986051405533,73.23357391357422
18814,koniq10k,koniq10k/8546237134.jpg,/home/sergey/iqa-data/koniq10k/koniq10k/1024x768/8546237134.jpg,0.5538649159999096,65.38028717041016
18816,koniq10k,koniq10k/8546547724.jpg,/home/sergey/iqa-data/koniq10k/koniq10k/1024x768/8546547724.jpg,0.8892692610045623,80.29215240478516
18817,koniq10k,koniq10k/8546838188.jpg,/home/sergey/iqa-data/koniq10k/koniq10k/1024x768/8546838188.jpg,0.5131325812657477,56.87248992919922
18819,koniq10k,koniq10k/8547424731.jpg,/home/sergey/iqa-data/koniq10k/koniq10k/1024x768/8547424731.jpg,0.8027878456313124,74.4449234008789
18826,koniq10k,koniq10k/8551620615.jpg,/home/sergey/iqa-data/koniq10k/koniq10k/1024x768/8551620615.jpg,0.7850076363719257,77.44886779785156
18832,koniq10k,koniq10k/8553130419.jpg,/home/sergey/iqa-data/koniq10k/koniq10k/1024x768/8553130419.jpg,0.6605461715562242,51.47583770751953
18842,koniq10k,koniq10k/8558582535.jpg,/home/sergey/iqa-data/koniq10k/koniq10k/1024x768/8558582535.jpg,0.6510969408491921,46.04930114746094
18844,koniq10k,koniq10k/8560160557.jpg,/home/sergey/iqa-data/koniq10k/koniq10k/1024x768/8560160557.jpg,0.6298423842703398,59.34779739379883
18851,koniq10k,koniq10k/8565023764.jpg,/home/sergey/iqa-data/koniq10k/koniq10k/1024x768/8565023764.jpg,0.6282910483484933,66.40169525146484
18856,koniq10k,koniq10k/8567636458.jpg,/home/sergey/iqa-data/koniq10k/koniq10k/1024x768/8567636458.jpg,0.6257265950899275,42.18963623046875
18858,koniq10k,koniq10k/8568057395.jpg,/home/sergey/iqa-data/koniq10k/koniq10k/1024x768/8568057395.jpg,0.6409172555236898,62.593849182128906
18862,koniq10k,koniq10k/8569001906.jpg,/home/sergey/iqa-data/koniq10k/koniq10k/1024x768/8569001906.jpg,0.8430402638157557,72.72740173339844
18863,koniq10k,koniq10k/8570186179.jpg,/home/sergey/iqa-data/koniq10k/koniq10k/1024x768/8570186179.jpg,0.6201152666726701,50.65489196777344
18883,koniq10k,koniq10k/8590498036.jpg,/home/sergey/iqa-data/koniq10k/koniq10k/1024x768/8590498036.jpg,0.8657386488191384,76.75294494628906
18889,koniq10k,koniq10k/8595845896.jpg,/home/sergey/iqa-data/koniq10k/koniq10k/1024x768/8595845896.jpg,0.6276136456009458,51.87675476074219
18892,koniq10k,koniq10k/8596349698.jpg,/home/sergey/iqa-data/koniq10k/koniq10k/1024x768/8596349698.jpg,0.8608349993898963,79.38862609863281
18915,koniq10k,koniq10k/8606964079.jpg,/home/sergey/iqa-data/koniq10k/koniq10k/1024x768/8606964079.jpg,0.7639594135726528,68.01740264892578
18920,koniq10k,koniq10k/8608242752.jpg,/home/sergey/iqa-data/koniq10k/koniq10k/1024x768/8608242752.jpg,0.8350885591191958,74.82320404052734
18928,koniq10k,koniq10k/8611793668.jpg,/home/sergey/iqa-data/koniq10k/koniq10k/1024x768/8611793668.jpg,0.740957568386961,70.37059020996094
18930,koniq10k,koniq10k/8613516565.jpg,/home/sergey/iqa-data/koniq10k/koniq10k/1024x768/8613516565.jpg,0.8315160541105973,74.00128936767578
18932,koniq10k,koniq10k/8615148214.jpg,/home/sergey/iqa-data/koniq10k/koniq10k/1024x768/8615148214.jpg,0.7140214978893769,57.46750259399414
18936,koniq10k,koniq10k/8616750908.jpg,/home/sergey/iqa-data/koniq10k/koniq10k/1024x768/8616750908.jpg,0.1794029331128403,35.83588409423828
18938,koniq10k,koniq10k/8617343673.jpg,/home/sergey/iqa-data/koniq10k/koniq10k/1024x768/8617343673.jpg,0.8308429110203438,68.17144012451172
18940,koniq10k,koniq10k/8617517082.jpg,/home/sergey/iqa-data/koniq10k/koniq10k/1024x768/8617517082.jpg,0.8179037421882188,67.68326568603516
18941,koniq10k,koniq10k/8617920561.jpg,/home/sergey/iqa-data/koniq10k/koniq10k/1024x768/8617920561.jpg,0.6670655816179988,65.97069549560547
18947,koniq10k,koniq10k/8620919369.jpg,/home/sergey/iqa-data/koniq10k/koniq10k/1024x768/8620919369.jpg,0.4523695548109137,52.234642028808594
18950,koniq10k,koniq10k/86243803.jpg,/home/sergey/iqa-data/koniq10k/koniq10k/1024x768/86243803.jpg,0.4478122537002392,55.831459045410156
18954,koniq10k,koniq10k/8627391076.jpg,/home/sergey/iqa-data/koniq10k/koniq10k/1024x768/8627391076.jpg,0.7838678793681201,69.39044952392578
18955,koniq10k,koniq10k/8627453045.jpg,/home/sergey/iqa-data/koniq10k/koniq10k/1024x768/8627453045.jpg,0.8480892368796471,71.47042083740234
18957,koniq10k,koniq10k/8628548669.jpg,/home/sergey/iqa-data/koniq10k/koniq10k/1024x768/8628548669.jpg,0.7406955883734554,66.13273620605469
18958,koniq10k,koniq10k/8629754639.jpg,/home/sergey/iqa-data/koniq10k/koniq10k/1024x768/8629754639.jpg,0.62696133184405,59.44281005859375
18960,koniq10k,koniq10k/8630845484.jpg,/home/sergey/iqa-data/koniq10k/koniq10k/1024x768/8630845484.jpg,0.4718516985151724,58.28139114379883
18968,koniq10k,koniq10k/8634679976.jpg,/home/sergey/iqa-data/koniq10k/koniq10k/1024x768/8634679976.jpg,0.679995073593998,63.38764190673828
18970,koniq10k,koniq10k/8635239066.jpg,/home/sergey/iqa-data/koniq10k/koniq10k/1024x768/8635239066.jpg,0.7391592980301135,66.73909759521484
18979,koniq10k,koniq10k/8639669088.jpg,/home/sergey/iqa-data/koniq10k/koniq10k/1024x768/8639669088.jpg,0.7438351754025496,62.08809280395508
18986,koniq10k,koniq10k/8641316746.jpg,/home/sergey/iqa-data/koniq10k/koniq10k/1024x768/8641316746.jpg,0.65032766048761,67.54254150390625
18993,koniq10k,koniq10k/8644207930.jpg,/home/sergey/iqa-data/koniq10k/koniq10k/1024x768/8644207930.jpg,0.2930885135289154,18.974884033203125
19003,koniq10k,koniq10k/8645927718.jpg,/home/sergey/iqa-data/koniq10k/koniq10k/1024x768/8645927718.jpg,0.8046711076712475,77.0783462524414
19008,koniq10k,koniq10k/8648111033.jpg,/home/sergey/iqa-data/koniq10k/koniq10k/1024x768/8648111033.jpg,0.570163441154346,66.25682067871094
19014,koniq10k,koniq10k/8651960690.jpg,/home/sergey/iqa-data/koniq10k/koniq10k/1024x768/8651960690.jpg,0.674752907386027,67.9798583984375
19015,koniq10k,koniq10k/8652814108.jpg,/home/sergey/iqa-data/koniq10k/koniq10k/1024x768/8652814108.jpg,0.4475944243538742,63.66875076293945
19020,koniq10k,koniq10k/8654833683.jpg,/home/sergey/iqa-data/koniq10k/koniq10k/1024x768/8654833683.jpg,0.6812897490255088,36.91028594970703
19032,koniq10k,koniq10k/8665859306.jpg,/home/sergey/iqa-data/koniq10k/koniq10k/1024x768/8665859306.jpg,0.6633535730182334,57.860328674316406
19036,koniq10k,koniq10k/8667640386.jpg,/home/sergey/iqa-data/koniq10k/koniq10k/1024x768/8667640386.jpg,0.1831235256319004,21.7916259765625
19041,koniq10k,koniq10k/8668432915.jpg,/home/sergey/iqa-data/koniq10k/koniq10k/1024x768/8668432915.jpg,0.7849010403931511,69.6405258178711
19042,koniq10k,koniq10k/8668692139.jpg,/home/sergey/iqa-data/koniq10k/koniq10k/1024x768/8668692139.jpg,0.453755883008117,35.52949142456055
19046,koniq10k,koniq10k/8669807326.jpg,/home/sergey/iqa-data/koniq10k/koniq10k/1024x768/8669807326.jpg,0.6694887251807826,59.0972900390625
19051,koniq10k,koniq10k/8670524662.jpg,/home/sergey/iqa-data/koniq10k/koniq10k/1024x768/8670524662.jpg,0.6842531172354067,63.0828857421875
19054,koniq10k,koniq10k/8673060245.jpg,/home/sergey/iqa-data/koniq10k/koniq10k/1024x768/8673060245.jpg,0.8116779502610029,78.48418426513672
19055,koniq10k,koniq10k/8673410143.jpg,/home/sergey/iqa-data/koniq10k/koniq10k/1024x768/8673410143.jpg,0.9182194242979836,70.71749877929688
19057,koniq10k,koniq10k/8675618794.jpg,/home/sergey/iqa-data/koniq10k/koniq10k/1024x768/8675618794.jpg,0.4806150571416627,65.7476577758789
19065,koniq10k,koniq10k/8681619509.jpg,/home/sergey/iqa-data/koniq10k/koniq10k/1024x768/8681619509.jpg,0.6272844405273725,51.674095153808594
19074,koniq10k,koniq10k/8688672632.jpg,/home/sergey/iqa-data/koniq10k/koniq10k/1024x768/8688672632.jpg,0.8857621555084448,79.91560363769531
19076,koniq10k,koniq10k/8691429186.jpg,/home/sergey/iqa-data/koniq10k/koniq10k/1024x768/8691429186.jpg,0.793224248226643,66.05406188964844
19080,koniq10k,koniq10k/8693045087.jpg,/home/sergey/iqa-data/koniq10k/koniq10k/1024x768/8693045087.jpg,0.9257676263420636,74.54918670654297
19085,koniq10k,koniq10k/8695656651.jpg,/home/sergey/iqa-data/koniq10k/koniq10k/1024x768/8695656651.jpg,0.4181426519865958,48.79493713378906
19090,koniq10k,koniq10k/8697765454.jpg,/home/sergey/iqa-data/koniq10k/koniq10k/1024x768/8697765454.jpg,0.4181426519865958,35.05998611450195
19092,koniq10k,koniq10k/8699039377.jpg,/home/sergey/iqa-data/koniq10k/koniq10k/1024x768/8699039377.jpg,0.8526263109795912,68.34918212890625
19100,koniq10k,koniq10k/8702541866.jpg,/home/sergey/iqa-data/koniq10k/koniq10k/1024x768/8702541866.jpg,0.7659167065581624,77.7141342163086
19107,koniq10k,koniq10k/8704133333.jpg,/home/sergey/iqa-data/koniq10k/koniq10k/1024x768/8704133333.jpg,0.807084729535663,63.79801940917969
19109,koniq10k,koniq10k/8705536207.jpg,/home/sergey/iqa-data/koniq10k/koniq10k/1024x768/8705536207.jpg,0.4739850968198345,45.139625549316406
19122,koniq10k,koniq10k/8714823724.jpg,/home/sergey/iqa-data/koniq10k/koniq10k/1024x768/8714823724.jpg,0.7706223537996059,66.64209747314453
19133,koniq10k,koniq10k/8720193519.jpg,/home/sergey/iqa-data/koniq10k/koniq10k/1024x768/8720193519.jpg,0.4439484235905841,53.014366149902344
19137,koniq10k,koniq10k/8723579314.jpg,/home/sergey/iqa-data/koniq10k/koniq10k/1024x768/8723579314.jpg,0.7466797748141579,71.67576599121094
19138,koniq10k,koniq10k/8724425373.jpg,/home/sergey/iqa-data/koniq10k/koniq10k/1024x768/8724425373.jpg,0.6717023812876022,62.72355270385742
19143,koniq10k,koniq10k/8726378587.jpg,/home/sergey/iqa-data/koniq10k/koniq10k/1024x768/8726378587.jpg,0.8490102796681694,73.09857940673828
19150,koniq10k,koniq10k/8729158424.jpg,/home/sergey/iqa-data/koniq10k/koniq10k/1024x768/8729158424.jpg,0.769375189393107,69.83373260498047
19156,koniq10k,koniq10k/8731143356.jpg,/home/sergey/iqa-data/koniq10k/koniq10k/1024x768/8731143356.jpg,0.713225076336056,65.30870056152344
19160,koniq10k,koniq10k/8732282616.jpg,/home/sergey/iqa-data/koniq10k/koniq10k/1024x768/8732282616.jpg,0.7063756878320679,75.89984130859375
19161,koniq10k,koniq10k/8732397324.jpg,/home/sergey/iqa-data/koniq10k/koniq10k/1024x768/8732397324.jpg,0.3138320909981969,36.97395706176758
19163,koniq10k,koniq10k/8732953050.jpg,/home/sergey/iqa-data/koniq10k/koniq10k/1024x768/8732953050.jpg,0.813840408143902,73.44445037841797
19164,koniq10k,koniq10k/8733519611.jpg,/home/sergey/iqa-data/koniq10k/koniq10k/1024x768/8733519611.jpg,0.7754202686340221,61.118263244628906
19165,koniq10k,koniq10k/8733562507.jpg,/home/sergey/iqa-data/koniq10k/koniq10k/1024x768/8733562507.jpg,0.796943424995125,73.48011016845703
19172,koniq10k,koniq10k/8736879292.jpg,/home/sergey/iqa-data/koniq10k/koniq10k/1024x768/8736879292.jpg,0.6592722001762688,60.001705169677734
19176,koniq10k,koniq10k/8743944148.jpg,/home/sergey/iqa-data/koniq10k/koniq10k/1024x768/8743944148.jpg,0.3949258018190529,32.22765350341797
19184,koniq10k,koniq10k/8748661037.jpg,/home/sergey/iqa-data/koniq10k/koniq10k/1024x768/8748661037.jpg,0.6129365860707938,68.85372161865234
19187,koniq10k,koniq10k/8750299747.jpg,/home/sergey/iqa-data/koniq10k/koniq10k/1024x768/8750299747.jpg,0.3887244875756133,38.7421875
19188,koniq10k,koniq10k/8750929874.jpg,/home/sergey/iqa-data/koniq10k/koniq10k/1024x768/8750929874.jpg,0.6961065900749948,75.7805404663086
19193,koniq10k,koniq10k/8751458979.jpg,/home/sergey/iqa-data/koniq10k/koniq10k/1024x768/8751458979.jpg,0.7494759884182985,76.18293762207031
19201,koniq10k,koniq10k/8756419280.jpg,/home/sergey/iqa-data/koniq10k/koniq10k/1024x768/8756419280.jpg,0.6731689803733828,62.95384979248047
19203,koniq10k,koniq10k/8762864048.jpg,/home/sergey/iqa-data/koniq10k/koniq10k/1024x768/8762864048.jpg,0.6557208640286032,59.626983642578125
19210,koniq10k,koniq10k/8781313469.jpg,/home/sergey/iqa-data/koniq10k/koniq10k/1024x768/8781313469.jpg,0.8221189765706451,73.29451751708984
19211,koniq10k,koniq10k/8781992421.jpg,/home/sergey/iqa-data/koniq10k/koniq10k/1024x768/8781992421.jpg,0.8008314472014763,74.65528106689453
19217,koniq10k,koniq10k/8802725309.jpg,/home/sergey/iqa-data/koniq10k/koniq10k/1024x768/8802725309.jpg,0.4354350855937338,46.24174880981445
19219,koniq10k,koniq10k/8814635311.jpg,/home/sergey/iqa-data/koniq10k/koniq10k/1024x768/8814635311.jpg,0.6961065900749948,59.380794525146484
19226,koniq10k,koniq10k/8830329798.jpg,/home/sergey/iqa-data/koniq10k/koniq10k/1024x768/8830329798.jpg,0.488670815382161,39.552650451660156
19229,koniq10k,koniq10k/8840187174.jpg,/home/sergey/iqa-data/koniq10k/koniq10k/1024x768/8840187174.jpg,0.0776765701963531,13.060341835021973
19246,koniq10k,koniq10k/8864018641.jpg,/home/sergey/iqa-data/koniq10k/koniq10k/1024x768/8864018641.jpg,0.7168501675442794,65.91915130615234
19248,koniq10k,koniq10k/8867729088.jpg,/home/sergey/iqa-data/koniq10k/koniq10k/1024x768/8867729088.jpg,0.7303530623120191,67.32862091064453
19253,koniq10k,koniq10k/8878353214.jpg,/home/sergey/iqa-data/koniq10k/koniq10k/1024x768/8878353214.jpg,0.6969363331737671,70.30126190185547
19254,koniq10k,koniq10k/8880556755.jpg,/home/sergey/iqa-data/koniq10k/koniq10k/1024x768/8880556755.jpg,0.4582215273538534,57.11820983886719
19260,koniq10k,koniq10k/8885623781.jpg,/home/sergey/iqa-data/koniq10k/koniq10k/1024x768/8885623781.jpg,0.7915270464337003,60.920074462890625
19263,koniq10k,koniq10k/8891540889.jpg,/home/sergey/iqa-data/koniq10k/koniq10k/1024x768/8891540889.jpg,0.7613006906927432,71.40878295898438
19265,koniq10k,koniq10k/8891882667.jpg,/home/sergey/iqa-data/koniq10k/koniq10k/1024x768/8891882667.jpg,0.8211781601103826,78.64409637451172
19268,koniq10k,koniq10k/8894308933.jpg,/home/sergey/iqa-data/koniq10k/koniq10k/1024x768/8894308933.jpg,0.8918007171437099,74.63333892822266
19272,koniq10k,koniq10k/8899231880.jpg,/home/sergey/iqa-data/koniq10k/koniq10k/1024x768/8899231880.jpg,0.4398037338439425,54.81849670410156
19274,koniq10k,koniq10k/8902141836.jpg,/home/sergey/iqa-data/koniq10k/koniq10k/1024x768/8902141836.jpg,0.4586217078331992,45.38917541503906
19281,koniq10k,koniq10k/8906347187.jpg,/home/sergey/iqa-data/koniq10k/koniq10k/1024x768/8906347187.jpg,0.7769713835993213,72.1500473022461
19289,koniq10k,koniq10k/8914830252.jpg,/home/sergey/iqa-data/koniq10k/koniq10k/1024x768/8914830252.jpg,0.7537276386007838,65.42192077636719
19290,koniq10k,koniq10k/8916793773.jpg,/home/sergey/iqa-data/koniq10k/koniq10k/1024x768/8916793773.jpg,0.838348264150083,72.56998443603516
19299,koniq10k,koniq10k/8925668401.jpg,/home/sergey/iqa-data/koniq10k/koniq10k/1024x768/8925668401.jpg,0.8493045704674125,73.52180480957031
19306,koniq10k,koniq10k/8930562482.jpg,/home/sergey/iqa-data/koniq10k/koniq10k/1024x768/8930562482.jpg,0.7068697670637761,69.10101318359375
19315,koniq10k,koniq10k/8937929358.jpg,/home/sergey/iqa-data/koniq10k/koniq10k/1024x768/8937929358.jpg,0.4155224106220544,42.85688018798828
19325,koniq10k,koniq10k/8944011983.jpg,/home/sergey/iqa-data/koniq10k/koniq10k/1024x768/8944011983.jpg,0.3019786181586088,32.33592987060547
19334,koniq10k,koniq10k/8970878075.jpg,/home/sergey/iqa-data/koniq10k/koniq10k/1024x768/8970878075.jpg,0.6930560639765729,57.70745086669922
19342,koniq10k,koniq10k/8975860650.jpg,/home/sergey/iqa-data/koniq10k/koniq10k/1024x768/8975860650.jpg,0.9346577309717568,72.13819122314453
19343,koniq10k,koniq10k/8977825134.jpg,/home/sergey/iqa-data/koniq10k/koniq10k/1024x768/8977825134.jpg,0.5096047009016204,40.921810150146484
19348,koniq10k,koniq10k/8985407469.jpg,/home/sergey/iqa-data/koniq10k/koniq10k/1024x768/8985407469.jpg,0.7076307997801532,46.339900970458984
19349,koniq10k,koniq10k/8985551582.jpg,/home/sergey/iqa-data/koniq10k/koniq10k/1024x768/8985551582.jpg,0.4438198370701947,31.505939483642578
19356,koniq10k,koniq10k/8988227086.jpg,/home/sergey/iqa-data/koniq10k/koniq10k/1024x768/8988227086.jpg,0.6259444898112417,58.6828727722168
19357,koniq10k,koniq10k/8988404310.jpg,/home/sergey/iqa-data/koniq10k/koniq10k/1024x768/8988404310.jpg,0.499333401931791,35.1506233215332
19361,koniq10k,koniq10k/8995226934.jpg,/home/sergey/iqa-data/koniq10k/koniq10k/1024x768/8995226934.jpg,0.8758158008237392,71.83939361572266
19362,koniq10k,koniq10k/8997198808.jpg,/home/sergey/iqa-data/koniq10k/koniq10k/1024x768/8997198808.jpg,0.823531423100594,74.88483428955078
19364,koniq10k,koniq10k/8999325582.jpg,/home/sergey/iqa-data/koniq10k/koniq10k/1024x768/8999325582.jpg,0.8116779502610029,61.45671844482422
19366,koniq10k,koniq10k/9002014430.jpg,/home/sergey/iqa-data/koniq10k/koniq10k/1024x768/9002014430.jpg,0.7450844813219152,78.84728240966797
19368,koniq10k,koniq10k/9003236001.jpg,/home/sergey/iqa-data/koniq10k/koniq10k/1024x768/9003236001.jpg,0.7213352653754744,47.957149505615234
19369,koniq10k,koniq10k/9004727133.jpg,/home/sergey/iqa-data/koniq10k/koniq10k/1024x768/9004727133.jpg,0.8502017369896742,78.62106323242188
19374,koniq10k,koniq10k/9016868192.jpg,/home/sergey/iqa-data/koniq10k/koniq10k/1024x768/9016868192.jpg,0.7451368640933022,71.73656463623047
19381,koniq10k,koniq10k/9028566654.jpg,/home/sergey/iqa-data/koniq10k/koniq10k/1024x768/9028566654.jpg,0.7759693633317374,68.50286102294922
19383,koniq10k,koniq10k/9029712750.jpg,/home/sergey/iqa-data/koniq10k/koniq10k/1024x768/9029712750.jpg,0.7988271900430831,67.15743255615234
19396,koniq10k,koniq10k/9041103039.jpg,/home/sergey/iqa-data/koniq10k/koniq10k/1024x768/9041103039.jpg,0.5982595265406386,40.37548828125
19417,koniq10k,koniq10k/9062040259.jpg,/home/sergey/iqa-data/koniq10k/koniq10k/1024x768/9062040259.jpg,0.6694362761859176,66.95145416259766
19420,koniq10k,koniq10k/9064490305.jpg,/home/sergey/iqa-data/koniq10k/koniq10k/1024x768/9064490305.jpg,0.7672274271125388,66.20652770996094
19425,koniq10k,koniq10k/9068148685.jpg,/home/sergey/iqa-data/koniq10k/koniq10k/1024x768/9068148685.jpg,0.6941120153183349,62.13717269897461
19427,koniq10k,koniq10k/9069849690.jpg,/home/sergey/iqa-data/koniq10k/koniq10k/1024x768/9069849690.jpg,0.7009989432517122,63.96138381958008
19433,koniq10k,koniq10k/9074183822.jpg,/home/sergey/iqa-data/koniq10k/koniq10k/1024x768/9074183822.jpg,0.4283258627442433,35.96835708618164
19434,koniq10k,koniq10k/9076304306.jpg,/home/sergey/iqa-data/koniq10k/koniq10k/1024x768/9076304306.jpg,0.3839744574003976,36.381072998046875
19435,koniq10k,koniq10k/9076672562.jpg,/home/sergey/iqa-data/koniq10k/koniq10k/1024x768/9076672562.jpg,0.6505482657265701,46.575687408447266
19450,koniq10k,koniq10k/9106148302.jpg,/home/sergey/iqa-data/koniq10k/koniq10k/1024x768/9106148302.jpg,0.7805281262871973,73.22147369384766
19456,koniq10k,koniq10k/9111310939.jpg,/home/sergey/iqa-data/koniq10k/koniq10k/1024x768/9111310939.jpg,0.8163030202708448,68.42119598388672
19462,koniq10k,koniq10k/9118228667.jpg,/home/sergey/iqa-data/koniq10k/koniq10k/1024x768/9118228667.jpg,0.7588832061004606,60.89878845214844
19470,koniq10k,koniq10k/9122759800.jpg,/home/sergey/iqa-data/koniq10k/koniq10k/1024x768/9122759800.jpg,0.7957168383185842,73.08905792236328
19473,koniq10k,koniq10k/9130643186.jpg,/home/sergey/iqa-data/koniq10k/koniq10k/1024x768/9130643186.jpg,0.8333573282176227,72.38963317871094
19478,koniq10k,koniq10k/9132059359.jpg,/home/sergey/iqa-data/koniq10k/koniq10k/1024x768/9132059359.jpg,0.6039129124337363,69.1115493774414
19480,koniq10k,koniq10k/9135317445.jpg,/home/sergey/iqa-data/koniq10k/koniq10k/1024x768/9135317445.jpg,0.2841430188392227,36.701026916503906
19482,koniq10k,koniq10k/9136502604.jpg,/home/sergey/iqa-data/koniq10k/koniq10k/1024x768/9136502604.jpg,0.8075790858211461,58.209068298339844
19488,koniq10k,koniq10k/9141403760.jpg,/home/sergey/iqa-data/koniq10k/koniq10k/1024x768/9141403760.jpg,0.6930560639765729,58.896854400634766
19499,koniq10k,koniq10k/9154784652.jpg,/home/sergey/iqa-data/koniq10k/koniq10k/1024x768/9154784652.jpg,0.7825381628636768,64.46588897705078
19509,koniq10k,koniq10k/9166594378.jpg,/home/sergey/iqa-data/koniq10k/koniq10k/1024x768/9166594378.jpg,0.7098051789698064,71.24361419677734
19510,koniq10k,koniq10k/9166911645.jpg,/home/sergey/iqa-data/koniq10k/koniq10k/1024x768/9166911645.jpg,0.6757334336319486,72.53697204589844
19512,koniq10k,koniq10k/9175070760.jpg,/home/sergey/iqa-data/koniq10k/koniq10k/1024x768/9175070760.jpg,0.6384855415492088,72.71337890625
19520,koniq10k,koniq10k/9186366283.jpg,/home/sergey/iqa-data/koniq10k/koniq10k/1024x768/9186366283.jpg,0.6717023812876022,41.30487060546875
19524,koniq10k,koniq10k/9194756449.jpg,/home/sergey/iqa-data/koniq10k/koniq10k/1024x768/9194756449.jpg,0.5153139424069275,39.43694305419922
19525,koniq10k,koniq10k/9195069146.jpg,/home/sergey/iqa-data/koniq10k/koniq10k/1024x768/9195069146.jpg,0.836027890929126,73.44168853759766
19533,koniq10k,koniq10k/9201324227.jpg,/home/sergey/iqa-data/koniq10k/koniq10k/1024x768/9201324227.jpg,0.761559625779046,74.54712677001953
19542,koniq10k,koniq10k/9211639075.jpg,/home/sergey/iqa-data/koniq10k/koniq10k/1024x768/9211639075.jpg,0.8642705433454013,75.18672943115234
19544,koniq10k,koniq10k/9211913717.jpg,/home/sergey/iqa-data/koniq10k/koniq10k/1024x768/9211913717.jpg,0.1578948503314207,24.956222534179688
19545,koniq10k,koniq10k/9211948856.jpg,/home/sergey/iqa-data/koniq10k/koniq10k/1024x768/9211948856.jpg,0.6172809956917182,59.836265563964844
19550,koniq10k,koniq10k/9214795039.jpg,/home/sergey/iqa-data/koniq10k/koniq10k/1024x768/9214795039.jpg,0.3459303565588726,45.186180114746094
19555,koniq10k,koniq10k/9217457237.jpg,/home/sergey/iqa-data/koniq10k/koniq10k/1024x768/9217457237.jpg,0.8089760557166861,71.62351989746094
19556,koniq10k,koniq10k/9220351854.jpg,/home/sergey/iqa-data/koniq10k/koniq10k/1024x768/9220351854.jpg,0.6941679379750635,67.68827056884766
19563,koniq10k,koniq10k/9225485643.jpg,/home/sergey/iqa-data/koniq10k/koniq10k/1024x768/9225485643.jpg,0.6767200690756662,50.36875534057617
19567,koniq10k,koniq10k/9226799273.jpg,/home/sergey/iqa-data/koniq10k/koniq10k/1024x768/9226799273.jpg,0.5301579703207271,53.01936340332031
19573,koniq10k,koniq10k/9232371989.jpg,/home/sergey/iqa-data/koniq10k/koniq10k/1024x768/9232371989.jpg,0.4043032801526107,33.979637145996094
19578,koniq10k,koniq10k/9237243302.jpg,/home/sergey/iqa-data/koniq10k/koniq10k/1024x768/9237243302.jpg,0.2486379903804515,36.31206512451172
19581,koniq10k,koniq10k/9238616212.jpg,/home/sergey/iqa-data/koniq10k/koniq10k/1024x768/9238616212.jpg,0.7933994755503953,76.53620147705078
19589,koniq10k,koniq10k/9245144961.jpg,/home/sergey/iqa-data/koniq10k/koniq10k/1024x768/9245144961.jpg,0.6522259454284335,53.03383255004883
19599,koniq10k,koniq10k/9251645143.jpg,/home/sergey/iqa-data/koniq10k/koniq10k/1024x768/9251645143.jpg,0.7710139531585185,53.53530502319336
19601,koniq10k,koniq10k/9255279783.jpg,/home/sergey/iqa-data/koniq10k/koniq10k/1024x768/9255279783.jpg,0.7930391950716474,71.83100128173828
19607,koniq10k,koniq10k/9258059092.jpg,/home/sergey/iqa-data/koniq10k/koniq10k/1024x768/9258059092.jpg,0.7529841412004494,55.942100524902344
19608,koniq10k,koniq10k/9259054228.jpg,/home/sergey/iqa-data/koniq10k/koniq10k/1024x768/9259054228.jpg,0.7145237850243592,73.83551025390625
19616,koniq10k,koniq10k/9269067450.jpg,/home/sergey/iqa-data/koniq10k/koniq10k/1024x768/9269067450.jpg,0.4629980709894809,38.602603912353516
19617,koniq10k,koniq10k/9269195837.jpg,/home/sergey/iqa-data/koniq10k/koniq10k/1024x768/9269195837.jpg,0.7017129623639908,66.1087417602539
19624,koniq10k,koniq10k/9283273348.jpg,/home/sergey/iqa-data/koniq10k/koniq10k/1024x768/9283273348.jpg,0.8163030202708448,78.5252914428711
19625,koniq10k,koniq10k/9283322341.jpg,/home/sergey/iqa-data/koniq10k/koniq10k/1024x768/9283322341.jpg,0.8205680548906961,66.0706558227539
19627,koniq10k,koniq10k/9284861098.jpg,/home/sergey/iqa-data/koniq10k/koniq10k/1024x768/9284861098.jpg,0.7465382233718787,74.37699127197266
19630,koniq10k,koniq10k/9287500291.jpg,/home/sergey/iqa-data/koniq10k/koniq10k/1024x768/9287500291.jpg,0.7493671268204523,73.96916961669922
19633,koniq10k,koniq10k/9290321332.jpg,/home/sergey/iqa-data/koniq10k/koniq10k/1024x768/9290321332.jpg,0.7597071813723265,70.03567504882812
19640,koniq10k,koniq10k/9299238943.jpg,/home/sergey/iqa-data/koniq10k/koniq10k/1024x768/9299238943.jpg,0.549569391438773,78.49309539794922
19645,koniq10k,koniq10k/9304089120.jpg,/home/sergey/iqa-data/koniq10k/koniq10k/1024x768/9304089120.jpg,0.8455823688977749,77.08197784423828
19650,koniq10k,koniq10k/9307347958.jpg,/home/sergey/iqa-data/koniq10k/koniq10k/1024x768/9307347958.jpg,0.2995381972798671,35.88620376586914
19657,koniq10k,koniq10k/9318914214.jpg,/home/sergey/iqa-data/koniq10k/koniq10k/1024x768/9318914214.jpg,0.5810740241089675,39.231483459472656
19658,koniq10k,koniq10k/9321343770.jpg,/home/sergey/iqa-data/koniq10k/koniq10k/1024x768/9321343770.jpg,0.8054308497104078,78.29315948486328
19664,koniq10k,koniq10k/9326601195.jpg,/home/sergey/iqa-data/koniq10k/koniq10k/1024x768/9326601195.jpg,0.828019631263159,78.02983093261719
19665,koniq10k,koniq10k/9327556810.jpg,/home/sergey/iqa-data/koniq10k/koniq10k/1024x768/9327556810.jpg,0.8146413184709005,75.93580627441406
19669,koniq10k,koniq10k/9329940580.jpg,/home/sergey/iqa-data/koniq10k/koniq10k/1024x768/9329940580.jpg,0.5801865983348816,63.17906188964844
19677,koniq10k,koniq10k/9335639356.jpg,/home/sergey/iqa-data/koniq10k/koniq10k/1024x768/9335639356.jpg,0.2376735280038287,29.292186737060547
19702,koniq10k,koniq10k/9352087961.jpg,/home/sergey/iqa-data/koniq10k/koniq10k/1024x768/9352087961.jpg,0.060598807606944,19.96996307373047
19704,koniq10k,koniq10k/9353536560.jpg,/home/sergey/iqa-data/koniq10k/koniq10k/1024x768/9353536560.jpg,0.6250096511681772,68.6661605834961
19708,koniq10k,koniq10k/9363143543.jpg,/home/sergey/iqa-data/koniq10k/koniq10k/1024x768/9363143543.jpg,0.7364413240430462,55.715614318847656
19712,koniq10k,koniq10k/9369983914.jpg,/home/sergey/iqa-data/koniq10k/koniq10k/1024x768/9369983914.jpg,0.7762522302972275,74.9575424194336
19713,koniq10k,koniq10k/9372136957.jpg,/home/sergey/iqa-data/koniq10k/koniq10k/1024x768/9372136957.jpg,0.740957568386961,65.15618133544922
19718,koniq10k,koniq10k/9376075949.jpg,/home/sergey/iqa-data/koniq10k/koniq10k/1024x768/9376075949.jpg,0.7821924365725227,67.24515533447266
19733,koniq10k,koniq10k/9401387705.jpg,/home/sergey/iqa-data/koniq10k/koniq10k/1024x768/9401387705.jpg,0.825753949258018,74.04883575439453
19735,koniq10k,koniq10k/940371579.jpg,/home/sergey/iqa-data/koniq10k/koniq10k/1024x768/940371579.jpg,0.6479518566641594,49.51842498779297
19741,koniq10k,koniq10k/9407500995.jpg,/home/sergey/iqa-data/koniq10k/koniq10k/1024x768/9407500995.jpg,0.8407407082094506,75.53913116455078
19742,koniq10k,koniq10k/9408208696.jpg,/home/sergey/iqa-data/koniq10k/koniq10k/1024x768/9408208696.jpg,0.843124177964094,68.13656616210938
19751,koniq10k,koniq10k/9424457746.jpg,/home/sergey/iqa-data/koniq10k/koniq10k/1024x768/9424457746.jpg,0.8556725706079475,65.98314666748047
19754,koniq10k,koniq10k/9427704319.jpg,/home/sergey/iqa-data/koniq10k/koniq10k/1024x768/9427704319.jpg,0.8234434022626764,77.66712188720703
19765,koniq10k,koniq10k/9438332547.jpg,/home/sergey/iqa-data/koniq10k/koniq10k/1024x768/9438332547.jpg,0.8616562948779335,76.07852935791016
19766,koniq10k,koniq10k/9438428165.jpg,/home/sergey/iqa-data/koniq10k/koniq10k/1024x768/9438428165.jpg,0.836027890929126,75.96849060058594
19774,koniq10k,koniq10k/9445529272.jpg,/home/sergey/iqa-data/koniq10k/koniq10k/1024x768/9445529272.jpg,0.4806150571416627,27.22385597229004
19780,koniq10k,koniq10k/9458038705.jpg,/home/sergey/iqa-data/koniq10k/koniq10k/1024x768/9458038705.jpg,0.6305490575069763,60.74205780029297
19785,koniq10k,koniq10k/9460489511.jpg,/home/sergey/iqa-data/koniq10k/koniq10k/1024x768/9460489511.jpg,0.7537276386007838,59.696571350097656
19786,koniq10k,koniq10k/9461924966.jpg,/home/sergey/iqa-data/koniq10k/koniq10k/1024x768/9461924966.jpg,0.6639540449976062,70.05138397216797
19790,koniq10k,koniq10k/9467289840.jpg,/home/sergey/iqa-data/koniq10k/koniq10k/1024x768/9467289840.jpg,0.642395541270602,57.872154235839844
19792,koniq10k,koniq10k/9468744508.jpg,/home/sergey/iqa-data/koniq10k/koniq10k/1024x768/9468744508.jpg,0.8724269985639063,72.91465759277344
19793,koniq10k,koniq10k/9469622762.jpg,/home/sergey/iqa-data/koniq10k/koniq10k/1024x768/9469622762.jpg,0.6262767253269127,57.77476119995117
19796,koniq10k,koniq10k/9472829997.jpg,/home/sergey/iqa-data/koniq10k/koniq10k/1024x768/9472829997.jpg,0.4338200095739596,46.430397033691406
19809,koniq10k,koniq10k/9482188665.jpg,/home/sergey/iqa-data/koniq10k/koniq10k/1024x768/9482188665.jpg,0.7621088820227176,72.0633316040039
19815,koniq10k,koniq10k/9484990711.jpg,/home/sergey/iqa-data/koniq10k/koniq10k/1024x768/9484990711.jpg,0.3375390366773793,31.346202850341797
19823,koniq10k,koniq10k/9488864072.jpg,/home/sergey/iqa-data/koniq10k/koniq10k/1024x768/9488864072.jpg,0.5534944949736712,56.89249038696289
19828,koniq10k,koniq10k/9494293866.jpg,/home/sergey/iqa-data/koniq10k/koniq10k/1024x768/9494293866.jpg,0.3634265740581848,56.0588264465332
19835,koniq10k,koniq10k/9497710012.jpg,/home/sergey/iqa-data/koniq10k/koniq10k/1024x768/9497710012.jpg,0.2812350406893242,27.240201950073242
19836,koniq10k,koniq10k/9497810800.jpg,/home/sergey/iqa-data/koniq10k/koniq10k/1024x768/9497810800.jpg,0.6788202755172602,64.3943862915039
19837,koniq10k,koniq10k/9498977620.jpg,/home/sergey/iqa-data/koniq10k/koniq10k/1024x768/9498977620.jpg,0.6139538080184274,60.48338317871094
19839,koniq10k,koniq10k/95019293.jpg,/home/sergey/iqa-data/koniq10k/koniq10k/1024x768/95019293.jpg,0.4039013882240302,49.0283203125
19841,koniq10k,koniq10k/950420073.jpg,/home/sergey/iqa-data/koniq10k/koniq10k/1024x768/950420073.jpg,0.7348796320736581,68.42709350585938
19848,koniq10k,koniq10k/9510794857.jpg,/home/sergey/iqa-data/koniq10k/koniq10k/1024x768/9510794857.jpg,0.2466624115738519,40.600826263427734
19853,koniq10k,koniq10k/9515243339.jpg,/home/sergey/iqa-data/koniq10k/koniq10k/1024x768/9515243339.jpg,0.808714582051108,71.10735321044922
19854,koniq10k,koniq10k/9517140367.jpg,/home/sergey/iqa-data/koniq10k/koniq10k/1024x768/9517140367.jpg,0.6223073240785073,41.24246597290039
19859,koniq10k,koniq10k/9521784071.jpg,/home/sergey/iqa-data/koniq10k/koniq10k/1024x768/9521784071.jpg,0.6513193205390428,67.63286590576172
19867,koniq10k,koniq10k/9526789940.jpg,/home/sergey/iqa-data/koniq10k/koniq10k/1024x768/9526789940.jpg,0.6291614082423084,60.54186248779297
19876,koniq10k,koniq10k/9530920367.jpg,/home/sergey/iqa-data/koniq10k/koniq10k/1024x768/9530920367.jpg,0.7556673570660064,73.89331817626953
19877,koniq10k,koniq10k/9530922505.jpg,/home/sergey/iqa-data/koniq10k/koniq10k/1024x768/9530922505.jpg,0.7860659821611755,69.75965118408203
19882,koniq10k,koniq10k/9536683213.jpg,/home/sergey/iqa-data/koniq10k/koniq10k/1024x768/9536683213.jpg,0.7102041669958684,75.19482421875
19891,koniq10k,koniq10k/9543397077.jpg,/home/sergey/iqa-data/koniq10k/koniq10k/1024x768/9543397077.jpg,0.8321768459514883,71.1043472290039
19895,koniq10k,koniq10k/9546481286.jpg,/home/sergey/iqa-data/koniq10k/koniq10k/1024x768/9546481286.jpg,0.8622668789871142,80.35208129882812
19896,koniq10k,koniq10k/9547511197.jpg,/home/sergey/iqa-data/koniq10k/koniq10k/1024x768/9547511197.jpg,0.5470550566036537,54.57183074951172
19900,koniq10k,koniq10k/9550673458.jpg,/home/sergey/iqa-data/koniq10k/koniq10k/1024x768/9550673458.jpg,0.5624700813786485,47.055023193359375
19903,koniq10k,koniq10k/9557331185.jpg,/home/sergey/iqa-data/koniq10k/koniq10k/1024x768/9557331185.jpg,0.5867823304395817,62.53684997558594
19907,koniq10k,koniq10k/9562837541.jpg,/home/sergey/iqa-data/koniq10k/koniq10k/1024x768/9562837541.jpg,0.8477695385532478,71.50920867919922
19909,koniq10k,koniq10k/9566357532.jpg,/home/sergey/iqa-data/koniq10k/koniq10k/1024x768/9566357532.jpg,0.828019631263159,72.4745864868164
19910,koniq10k,koniq10k/9567386872.jpg,/home/sergey/iqa-data/koniq10k/koniq10k/1024x768/9567386872.jpg,0.6246782336949154,57.76945495605469
19914,koniq10k,koniq10k/95721252.jpg,/home/sergey/iqa-data/koniq10k/koniq10k/1024x768/95721252.jpg,0.4945975518019566,61.07935333251953
19915,koniq10k,koniq10k/9572676975.jpg,/home/sergey/iqa-data/koniq10k/koniq10k/1024x768/9572676975.jpg,0.7553739542729476,76.77803802490234
19918,koniq10k,koniq10k/9578088583.jpg,/home/sergey/iqa-data/koniq10k/koniq10k/1024x768/9578088583.jpg,0.4339308192826615,43.283905029296875
19927,koniq10k,koniq10k/9584563009.jpg,/home/sergey/iqa-data/koniq10k/koniq10k/1024x768/9584563009.jpg,0.6330780277644801,55.189674377441406
19932,koniq10k,koniq10k/9587630414.jpg,/home/sergey/iqa-data/koniq10k/koniq10k/1024x768/9587630414.jpg,0.8511987580696395,74.80701446533203
19934,koniq10k,koniq10k/9589321595.jpg,/home/sergey/iqa-data/koniq10k/koniq10k/1024x768/9589321595.jpg,0.723561324960812,73.36353302001953
19966,koniq10k,koniq10k/9629455923.jpg,/home/sergey/iqa-data/koniq10k/koniq10k/1024x768/9629455923.jpg,0.5635781784656849,71.86853790283203
19967,koniq10k,koniq10k/9629668489.jpg,/home/sergey/iqa-data/koniq10k/koniq10k/1024x768/9629668489.jpg,0.8197702249880322,78.74407958984375
19969,koniq10k,koniq10k/9630325643.jpg,/home/sergey/iqa-data/koniq10k/koniq10k/1024x768/9630325643.jpg,0.3410722833891799,29.642698287963867
19971,koniq10k,koniq10k/9633489441.jpg,/home/sergey/iqa-data/koniq10k/koniq10k/1024x768/9633489441.jpg,0.33976889790463,67.49425506591797
19980,koniq10k,koniq10k/9646156379.jpg,/home/sergey/iqa-data/koniq10k/koniq10k/1024x768/9646156379.jpg,0.7853039731929151,67.47978973388672
19982,koniq10k,koniq10k/9648319367.jpg,/home/sergey/iqa-data/koniq10k/koniq10k/1024x768/9648319367.jpg,0.7479655337482046,68.80797576904297
19983,koniq10k,koniq10k/9648549075.jpg,/home/sergey/iqa-data/koniq10k/koniq10k/1024x768/9648549075.jpg,0.7978675361507277,72.2639389038086
19986,koniq10k,koniq10k/9651547204.jpg,/home/sergey/iqa-data/koniq10k/koniq10k/1024x768/9651547204.jpg,0.5094143928514425,40.42311096191406
19999,koniq10k,koniq10k/9657756963.jpg,/home/sergey/iqa-data/koniq10k/koniq10k/1024x768/9657756963.jpg,0.7901312169217488,77.65998077392578
20000,koniq10k,koniq10k/965852463.jpg,/home/sergey/iqa-data/koniq10k/koniq10k/1024x768/965852463.jpg,0.6070657622587299,63.72115707397461
20007,koniq10k,koniq10k/9668766101.jpg,/home/sergey/iqa-data/koniq10k/koniq10k/1024x768/9668766101.jpg,0.3208918799688379,35.999656677246094
20013,koniq10k,koniq10k/9673401997.jpg,/home/sergey/iqa-data/koniq10k/koniq10k/1024x768/9673401997.jpg,0.4780873574896684,29.11807632446289
20014,koniq10k,koniq10k/9674243129.jpg,/home/sergey/iqa-data/koniq10k/koniq10k/1024x768/9674243129.jpg,0.679511728099569,69.87274169921875
20019,koniq10k,koniq10k/9678381010.jpg,/home/sergey/iqa-data/koniq10k/koniq10k/1024x768/9678381010.jpg,0.5426041168022973,37.95322799682617
20025,koniq10k,koniq10k/9685106937.jpg,/home/sergey/iqa-data/koniq10k/koniq10k/1024x768/9685106937.jpg,0.4528057515333991,49.50623321533203
20028,koniq10k,koniq10k/9687081006.jpg,/home/sergey/iqa-data/koniq10k/koniq10k/1024x768/9687081006.jpg,0.7341022517761602,63.935752868652344
20029,koniq10k,koniq10k/9687603044.jpg,/home/sergey/iqa-data/koniq10k/koniq10k/1024x768/9687603044.jpg,0.4020714142968024,45.45111846923828
20033,koniq10k,koniq10k/9690359369.jpg,/home/sergey/iqa-data/koniq10k/koniq10k/1024x768/9690359369.jpg,0.6871933341311629,66.78101348876953
20037,koniq10k,koniq10k/9694884270.jpg,/home/sergey/iqa-data/koniq10k/koniq10k/1024x768/9694884270.jpg,0.5775718616790888,48.207855224609375
20042,koniq10k,koniq10k/9700460977.jpg,/home/sergey/iqa-data/koniq10k/koniq10k/1024x768/9700460977.jpg,0.7362238861240831,67.61164855957031
20043,koniq10k,koniq10k/9701303901.jpg,/home/sergey/iqa-data/koniq10k/koniq10k/1024x768/9701303901.jpg,0.4439484235905841,47.15425109863281
20046,koniq10k,koniq10k/9702908989.jpg,/home/sergey/iqa-data/koniq10k/koniq10k/1024x768/9702908989.jpg,0.7928434657730973,79.98210144042969
20050,koniq10k,koniq10k/9707926050.jpg,/home/sergey/iqa-data/koniq10k/koniq10k/1024x768/9707926050.jpg,0.314145524174245,37.66287612915039
20062,koniq10k,koniq10k/9719700871.jpg,/home/sergey/iqa-data/koniq10k/koniq10k/1024x768/9719700871.jpg,0.836027890929126,67.38373565673828
20066,koniq10k,koniq10k/9723327327.jpg,/home/sergey/iqa-data/koniq10k/koniq10k/1024x768/9723327327.jpg,0.8614945726003634,76.26148986816406
20075,koniq10k,koniq10k/9730872137.jpg,/home/sergey/iqa-data/koniq10k/koniq10k/1024x768/9730872137.jpg,0.5803050653678303,55.17546081542969
20079,koniq10k,koniq10k/9737356732.jpg,/home/sergey/iqa-data/koniq10k/koniq10k/1024x768/9737356732.jpg,0.8129150845622236,74.90474700927734
20097,koniq10k,koniq10k/9767373513.jpg,/home/sergey/iqa-data/koniq10k/koniq10k/1024x768/9767373513.jpg,0.4032560846262871,71.64398956298828
20098,koniq10k,koniq10k/9767747482.jpg,/home/sergey/iqa-data/koniq10k/koniq10k/1024x768/9767747482.jpg,0.6043561512685497,46.25339889526367
20099,koniq10k,koniq10k/9768426856.jpg,/home/sergey/iqa-data/koniq10k/koniq10k/1024x768/9768426856.jpg,0.6183181745651813,52.16532897949219
20101,koniq10k,koniq10k/9768559232.jpg,/home/sergey/iqa-data/koniq10k/koniq10k/1024x768/9768559232.jpg,0.7583373224828456,75.66690826416016
20102,koniq10k,koniq10k/9768629394.jpg,/home/sergey/iqa-data/koniq10k/koniq10k/1024x768/9768629394.jpg,0.7249171143378909,49.235923767089844
20105,koniq10k,koniq10k/9770742411.jpg,/home/sergey/iqa-data/koniq10k/koniq10k/1024x768/9770742411.jpg,0.7937234252245651,72.22078704833984
20107,koniq10k,koniq10k/9774901765.jpg,/home/sergey/iqa-data/koniq10k/koniq10k/1024x768/9774901765.jpg,0.5326723433473076,53.85051345825195
20108,koniq10k,koniq10k/9777290841.jpg,/home/sergey/iqa-data/koniq10k/koniq10k/1024x768/9777290841.jpg,0.8312541402536622,73.72881317138672
20110,koniq10k,koniq10k/9784161203.jpg,/home/sergey/iqa-data/koniq10k/koniq10k/1024x768/9784161203.jpg,0.2172595213915349,33.69285202026367
20114,koniq10k,koniq10k/9795395745.jpg,/home/sergey/iqa-data/koniq10k/koniq10k/1024x768/9795395745.jpg,0.6625508029923308,63.41753387451172
20121,koniq10k,koniq10k/9814999.jpg,/home/sergey/iqa-data/koniq10k/koniq10k/1024x768/9814999.jpg,0.5284131834307887,55.512229919433594
20128,koniq10k,koniq10k/9823108104.jpg,/home/sergey/iqa-data/koniq10k/koniq10k/1024x768/9823108104.jpg,0.7803131916829773,71.2419204711914
20129,koniq10k,koniq10k/9823593036.jpg,/home/sergey/iqa-data/koniq10k/koniq10k/1024x768/9823593036.jpg,0.7493928441245307,60.418582916259766
20137,koniq10k,koniq10k/9843144115.jpg,/home/sergey/iqa-data/koniq10k/koniq10k/1024x768/9843144115.jpg,0.6772487923756461,75.66608428955078
20157,koniq10k,koniq10k/9910043795.jpg,/home/sergey/iqa-data/koniq10k/koniq10k/1024x768/9910043795.jpg,0.8078027764480603,77.44544982910156
20159,koniq10k,koniq10k/9913105155.jpg,/home/sergey/iqa-data/koniq10k/koniq10k/1024x768/9913105155.jpg,0.8104870639710448,70.50004577636719
20160,koniq10k,koniq10k/9915601385.jpg,/home/sergey/iqa-data/koniq10k/koniq10k/1024x768/9915601385.jpg,0.7435204814333596,55.360843658447266
20167,koniq10k,koniq10k/9927178013.jpg,/home/sergey/iqa-data/koniq10k/koniq10k/1024x768/9927178013.jpg,0.3781036335883367,50.96010971069336
20169,koniq10k,koniq10k/9932883805.jpg,/home/sergey/iqa-data/koniq10k/koniq10k/1024x768/9932883805.jpg,0.7755913261722501,74.90108489990234
20170,koniq10k,koniq10k/9933953566.jpg,/home/sergey/iqa-data/koniq10k/koniq10k/1024x768/9933953566.jpg,0.7253087136968035,73.19908905029297
20173,koniq10k,koniq10k/99355212.jpg,/home/sergey/iqa-data/koniq10k/koniq10k/1024x768/99355212.jpg,0.6755683945608545,49.501190185546875
20176,koniq10k,koniq10k/9937341544.jpg,/home/sergey/iqa-data/koniq10k/koniq10k/1024x768/9937341544.jpg,0.8393869705329338,72.48436737060547
20177,koniq10k,koniq10k/9941134286.jpg,/home/sergey/iqa-data/koniq10k/koniq10k/1024x768/9941134286.jpg,0.7364413240430462,75.07441711425781
20181,koniq10k,koniq10k/9945099433.jpg,/home/sergey/iqa-data/koniq10k/koniq10k/1024x768/9945099433.jpg,0.5301579703207271,46.41313171386719
20189,koniq10k,koniq10k/9975733946.jpg,/home/sergey/iqa-data/koniq10k/koniq10k/1024x768/9975733946.jpg,0.7563000068385405,65.73563385009766
20193,koniq10k,koniq10k/9984535544.jpg,/home/sergey/iqa-data/koniq10k/koniq10k/1024x768/9984535544.jpg,0.7748922929631396,71.55355834960938
20201,spaq,spaq/00004,/home/sergey/iqa-data/spaq/SPAQ/TestImage/00004.jpg,0.6914893617021277,36.5885009765625
20221,spaq,spaq/00024,/home/sergey/iqa-data/spaq/SPAQ/TestImage/00024.jpg,0.3696808510638298,29.71280288696289
20239,spaq,spaq/00042,/home/sergey/iqa-data/spaq/SPAQ/TestImage/00042.jpg,0.5137234042553191,25.38784408569336
20241,spaq,spaq/00044,/home/sergey/iqa-data/spaq/SPAQ/TestImage/00044.jpg,0.3422340425531915,41.755897521972656
20255,spaq,spaq/00058,/home/sergey/iqa-data/spaq/SPAQ/TestImage/00058.jpg,0.4648936170212766,39.60002899169922
20258,spaq,spaq/00061,/home/sergey/iqa-data/spaq/SPAQ/TestImage/00061.jpg,0.8085106382978723,41.69989013671875
20262,spaq,spaq/00065,/home/sergey/iqa-data/spaq/SPAQ/TestImage/00065.jpg,0.3274468085106383,28.980745315551758
20264,spaq,spaq/00067,/home/sergey/iqa-data/spaq/SPAQ/TestImage/00067.jpg,0.7006382978723404,24.75212860107422
20272,spaq,spaq/00075,/home/sergey/iqa-data/spaq/SPAQ/TestImage/00075.jpg,0.4029787234042553,43.01411437988281
20283,spaq,spaq/00086,/home/sergey/iqa-data/spaq/SPAQ/TestImage/00086.jpg,0.3282978723404255,30.803937911987305
20291,spaq,spaq/00094,/home/sergey/iqa-data/spaq/SPAQ/TestImage/00094.jpg,0.3404255319148936,26.721179962158203
20294,spaq,spaq/00097,/home/sergey/iqa-data/spaq/SPAQ/TestImage/00097.jpg,0.5997872340425532,40.0635986328125
20295,spaq,spaq/00098,/home/sergey/iqa-data/spaq/SPAQ/TestImage/00098.jpg,0.5014893617021277,38.99466323852539
20302,spaq,spaq/00105,/home/sergey/iqa-data/spaq/SPAQ/TestImage/00105.jpg,0.4880851063829787,32.035560607910156
20303,spaq,spaq/00106,/home/sergey/iqa-data/spaq/SPAQ/TestImage/00106.jpg,0.7112765957446808,52.9088020324707
20307,spaq,spaq/00110,/home/sergey/iqa-data/spaq/SPAQ/TestImage/00110.jpg,0.3738297872340425,18.963956832885742
20308,spaq,spaq/00111,/home/sergey/iqa-data/spaq/SPAQ/TestImage/00111.jpg,0.4422340425531915,37.6114616394043
20311,spaq,spaq/00114,/home/sergey/iqa-data/spaq/SPAQ/TestImage/00114.jpg,0.1337234042553191,27.103435516357422
20318,spaq,spaq/00121,/home/sergey/iqa-data/spaq/SPAQ/TestImage/00121.jpg,0.6656382978723403,47.59770965576172
20326,spaq,spaq/00129,/home/sergey/iqa-data/spaq/SPAQ/TestImage/00129.jpg,0.4468085106382978,41.86933135986328
20331,spaq,spaq/00134,/home/sergey/iqa-data/spaq/SPAQ/TestImage/00134.jpg,0.5425531914893617,40.80533981323242
20333,spaq,spaq/00136,/home/sergey/iqa-data/spaq/SPAQ/TestImage/00136.jpg,0.2101063829787234,40.096405029296875
20336,spaq,spaq/00139,/home/sergey/iqa-data/spaq/SPAQ/TestImage/00139.jpg,0.5402127659574468,34.090843200683594
20337,spaq,spaq/00140,/home/sergey/iqa-data/spaq/SPAQ/TestImage/00140.jpg,0.2127659574468085,20.25520133972168
20348,spaq,spaq/00151,/home/sergey/iqa-data/spaq/SPAQ/TestImage/00151.jpg,0.4278723404255319,23.06785011291504
20351,spaq,spaq/00154,/home/sergey/iqa-data/spaq/SPAQ/TestImage/00154.jpg,0.9508510638297872,62.299034118652344
20353,spaq,spaq/00156,/home/sergey/iqa-data/spaq/SPAQ/TestImage/00156.jpg,0.3404255319148936,32.31098175048828
20362,spaq,spaq/00165,/home/sergey/iqa-data/spaq/SPAQ/TestImage/00165.jpg,0.8286170212765958,60.97315979003906
20368,spaq,spaq/00171,/home/sergey/iqa-data/spaq/SPAQ/TestImage/00171.jpg,0.6436170212765957,47.16759490966797
20374,spaq,spaq/00177,/home/sergey/iqa-data/spaq/SPAQ/TestImage/00177.jpg,0.8212765957446809,56.11869812011719
20378,spaq,spaq/00181,/home/sergey/iqa-data/spaq/SPAQ/TestImage/00181.jpg,0.4421276595744681,29.08268928527832
20381,spaq,spaq/00184,/home/sergey/iqa-data/spaq/SPAQ/TestImage/00184.jpg,0.5574468085106383,55.30150604248047
20384,spaq,spaq/00187,/home/sergey/iqa-data/spaq/SPAQ/TestImage/00187.jpg,0.2617021276595744,39.836822509765625
20393,spaq,spaq/00196,/home/sergey/iqa-data/spaq/SPAQ/TestImage/00196.jpg,0.0944680851063829,34.91331100463867
20394,spaq,spaq/00197,/home/sergey/iqa-data/spaq/SPAQ/TestImage/00197.jpg,0.397127659574468,17.780414581298828
20400,spaq,spaq/00203,/home/sergey/iqa-data/spaq/SPAQ/TestImage/00203.jpg,0.7919148936170213,51.41600799560547
20401,spaq,spaq/00204,/home/sergey/iqa-data/spaq/SPAQ/TestImage/00204.jpg,0.8125531914893617,49.37870788574219
20402,spaq,spaq/00205,/home/sergey/iqa-data/spaq/SPAQ/TestImage/00205.jpg,0.3471276595744681,18.219261169433594
20403,spaq,spaq/00206,/home/sergey/iqa-data/spaq/SPAQ/TestImage/00206.jpg,0.1143617021276595,21.883358001708984
20410,spaq,spaq/00213,/home/sergey/iqa-data/spaq/SPAQ/TestImage/00213.jpg,0.1934042553191489,37.93467330932617
20421,spaq,spaq/00224,/home/sergey/iqa-data/spaq/SPAQ/TestImage/00224.jpg,0.1817021276595744,16.13296890258789
20426,spaq,spaq/00229,/home/sergey/iqa-data/spaq/SPAQ/TestImage/00229.jpg,0.1014893617021276,13.151226997375488
20439,spaq,spaq/00242,/home/sergey/iqa-data/spaq/SPAQ/TestImage/00242.jpg,0.2993617021276595,26.112857818603516
20447,spaq,spaq/00250,/home/sergey/iqa-data/spaq/SPAQ/TestImage/00250.jpg,0.076063829787234,24.54686737060547
20448,spaq,spaq/00251,/home/sergey/iqa-data/spaq/SPAQ/TestImage/00251.jpg,0.7530851063829788,30.373722076416016
20450,spaq,spaq/00253,/home/sergey/iqa-data/spaq/SPAQ/TestImage/00253.jpg,0.3273404255319149,18.659351348876953
20456,spaq,spaq/00259,/home/sergey/iqa-data/spaq/SPAQ/TestImage/00259.jpg,0.5354255319148936,17.615863800048828
20461,spaq,spaq/00264,/home/sergey/iqa-data/spaq/SPAQ/TestImage/00264.jpg,0.7272340425531915,54.10022735595703
20468,spaq,spaq/00271,/home/sergey/iqa-data/spaq/SPAQ/TestImage/00271.jpg,0.6906382978723404,25.60776138305664
20473,spaq,spaq/00276,/home/sergey/iqa-data/spaq/SPAQ/TestImage/00276.jpg,0.7561702127659574,42.1329345703125
20475,spaq,spaq/00278,/home/sergey/iqa-data/spaq/SPAQ/TestImage/00278.jpg,0.1994680851063829,26.494552612304688
20476,spaq,spaq/00279,/home/sergey/iqa-data/spaq/SPAQ/TestImage/00279.jpg,0.8838297872340425,26.532245635986328
20479,spaq,spaq/00282,/home/sergey/iqa-data/spaq/SPAQ/TestImage/00282.jpg,0.7779787234042552,40.854736328125
20480,spaq,spaq/00283,/home/sergey/iqa-data/spaq/SPAQ/TestImage/00283.jpg,0.675531914893617,35.82422637939453
20482,spaq,spaq/00285,/home/sergey/iqa-data/spaq/SPAQ/TestImage/00285.jpg,0.6553191489361703,51.6180305480957
20484,spaq,spaq/00287,/home/sergey/iqa-data/spaq/SPAQ/TestImage/00287.jpg,0.4914893617021277,53.89668273925781
20485,spaq,spaq/00288,/home/sergey/iqa-data/spaq/SPAQ/TestImage/00288.jpg,0.7680851063829788,30.003265380859375
20486,spaq,spaq/00289,/home/sergey/iqa-data/spaq/SPAQ/TestImage/00289.jpg,0.4606382978723404,27.847000122070312
20487,spaq,spaq/00290,/home/sergey/iqa-data/spaq/SPAQ/TestImage/00290.jpg,0.1986170212765957,20.42098617553711
20502,spaq,spaq/00305,/home/sergey/iqa-data/spaq/SPAQ/TestImage/00305.jpg,0.7095744680851064,53.863468170166016
20503,spaq,spaq/00306,/home/sergey/iqa-data/spaq/SPAQ/TestImage/00306.jpg,0.383936170212766,27.11916732788086
20508,spaq,spaq/00311,/home/sergey/iqa-data/spaq/SPAQ/TestImage/00311.jpg,0.5997872340425532,21.480976104736328
20511,spaq,spaq/00314,/home/sergey/iqa-data/spaq/SPAQ/TestImage/00314.jpg,0.2494680851063829,33.774757385253906
20528,spaq,spaq/00331,/home/sergey/iqa-data/spaq/SPAQ/TestImage/00331.jpg,0.7840425531914894,36.84121322631836
20531,spaq,spaq/00334,/home/sergey/iqa-data/spaq/SPAQ/TestImage/00334.jpg,0.7755319148936171,58.911109924316406
20537,spaq,spaq/00340,/home/sergey/iqa-data/spaq/SPAQ/TestImage/00340.jpg,0.2382978723404255,32.24197769165039
20542,spaq,spaq/00345,/home/sergey/iqa-data/spaq/SPAQ/TestImage/00345.jpg,0.2819148936170212,16.83659553527832
20543,spaq,spaq/00346,/home/sergey/iqa-data/spaq/SPAQ/TestImage/00346.jpg,0.8132978723404256,58.03959274291992
20561,spaq,spaq/00364,/home/sergey/iqa-data/spaq/SPAQ/TestImage/00364.jpg,0.3686170212765957,24.67815399169922
20565,spaq,spaq/00368,/home/sergey/iqa-data/spaq/SPAQ/TestImage/00368.jpg,0.2180851063829787,19.995431900024414
20567,spaq,spaq/00370,/home/sergey/iqa-data/spaq/SPAQ/TestImage/00370.jpg,0.7845744680851063,49.630218505859375
20572,spaq,spaq/00375,/home/sergey/iqa-data/spaq/SPAQ/TestImage/00375.jpg,0.7434042553191489,46.87480926513672
20579,spaq,spaq/00382,/home/sergey/iqa-data/spaq/SPAQ/TestImage/00382.jpg,0.7421276595744681,45.60087585449219
20584,spaq,spaq/00387,/home/sergey/iqa-data/spaq/SPAQ/TestImage/00387.jpg,0.6778723404255319,31.63286018371582
20587,spaq,spaq/00390,/home/sergey/iqa-data/spaq/SPAQ/TestImage/00390.jpg,0.7434042553191489,40.01734924316406
20593,spaq,spaq/00396,/home/sergey/iqa-data/spaq/SPAQ/TestImage/00396.jpg,0.2689361702127659,18.608184814453125
20595,spaq,spaq/00398,/home/sergey/iqa-data/spaq/SPAQ/TestImage/00398.jpg,0.7719148936170213,38.56990051269531
20602,spaq,spaq/00405,/home/sergey/iqa-data/spaq/SPAQ/TestImage/00405.jpg,0.4369148936170213,34.43059539794922
20606,spaq,spaq/00409,/home/sergey/iqa-data/spaq/SPAQ/TestImage/00409.jpg,0.5771276595744681,41.672813415527344
20610,spaq,spaq/00413,/home/sergey/iqa-data/spaq/SPAQ/TestImage/00413.jpg,0.6745744680851063,42.12629318237305
20611,spaq,spaq/00414,/home/sergey/iqa-data/spaq/SPAQ/TestImage/00414.jpg,0.6090425531914894,20.403453826904297
20616,spaq,spaq/00419,/home/sergey/iqa-data/spaq/SPAQ/TestImage/00419.jpg,0.0392553191489361,21.018905639648438
20618,spaq,spaq/00421,/home/sergey/iqa-data/spaq/SPAQ/TestImage/00421.jpg,0.3525531914893617,34.12910461425781
20628,spaq,spaq/00431,/home/sergey/iqa-data/spaq/SPAQ/TestImage/00431.jpg,0.8670212765957447,46.927433013916016
20635,spaq,spaq/00438,/home/sergey/iqa-data/spaq/SPAQ/TestImage/00438.jpg,0.769468085106383,53.075965881347656
20638,spaq,spaq/00441,/home/sergey/iqa-data/spaq/SPAQ/TestImage/00441.jpg,0.4597872340425532,27.187667846679688
20640,spaq,spaq/00443,/home/sergey/iqa-data/spaq/SPAQ/TestImage/00443.jpg,0.7978723404255319,44.336116790771484
20653,spaq,spaq/00456,/home/sergey/iqa-data/spaq/SPAQ/TestImage/00456.jpg,0.5258510638297872,32.99942398071289
20657,spaq,spaq/00460,/home/sergey/iqa-data/spaq/SPAQ/TestImage/00460.jpg,0.8070212765957446,31.750511169433594
20662,spaq,spaq/00465,/home/sergey/iqa-data/spaq/SPAQ/TestImage/00465.jpg,0.758404255319149,50.371944427490234
20665,spaq,spaq/00468,/home/sergey/iqa-data/spaq/SPAQ/TestImage/00468.jpg,0.7712765957446809,45.18574523925781
20669,spaq,spaq/00472,/home/sergey/iqa-data/spaq/SPAQ/TestImage/00472.jpg,0.8297872340425532,51.065940856933594
20671,spaq,spaq/00474,/home/sergey/iqa-data/spaq/SPAQ/TestImage/00474.jpg,0.5319148936170213,32.69891357421875
20674,spaq,spaq/00477,/home/sergey/iqa-data/spaq/SPAQ/TestImage/00477.jpg,0.3067021276595744,21.630552291870117
20680,spaq,spaq/00483,/home/sergey/iqa-data/spaq/SPAQ/TestImage/00483.jpg,0.805,55.26842498779297
20681,spaq,spaq/00484,/home/sergey/iqa-data/spaq/SPAQ/TestImage/00484.jpg,0.6702127659574468,35.279701232910156
20689,spaq,spaq/00492,/home/sergey/iqa-data/spaq/SPAQ/TestImage/00492.jpg,0.8820212765957447,41.3912239074707
20698,spaq,spaq/00501,/home/sergey/iqa-data/spaq/SPAQ/TestImage/00501.jpg,0.5452127659574468,37.15115737915039
20699,spaq,spaq/00502,/home/sergey/iqa-data/spaq/SPAQ/TestImage/00502.jpg,0.6587234042553192,51.1445198059082
20714,spaq,spaq/00517,/home/sergey/iqa-data/spaq/SPAQ/TestImage/00517.jpg,0.776595744680851,50.594566345214844
20722,spaq,spaq/00525,/home/sergey/iqa-data/spaq/SPAQ/TestImage/00525.jpg,0.3553191489361701,24.432632446289062
20725,spaq,spaq/00528,/home/sergey/iqa-data/spaq/SPAQ/TestImage/00528.jpg,0.795,54.176727294921875
20727,spaq,spaq/00530,/home/sergey/iqa-data/spaq/SPAQ/TestImage/00530.jpg,0.6648936170212766,26.045612335205078
20728,spaq,spaq/00531,/home/sergey/iqa-data/spaq/SPAQ/TestImage/00531.jpg,0.6861702127659575,58.74671173095703
20729,spaq,spaq/00532,/home/sergey/iqa-data/spaq/SPAQ/TestImage/00532.jpg,0.3627659574468085,37.58766174316406
20738,spaq,spaq/00541,/home/sergey/iqa-data/spaq/SPAQ/TestImage/00541.jpg,0.8452127659574469,59.946533203125
20741,spaq,spaq/00544,/home/sergey/iqa-data/spaq/SPAQ/TestImage/00544.jpg,0.4941489361702127,19.89013671875
20745,spaq,spaq/00548,/home/sergey/iqa-data/spaq/SPAQ/TestImage/00548.jpg,0.6372340425531915,31.957473754882812
20758,spaq,spaq/00561,/home/sergey/iqa-data/spaq/SPAQ/TestImage/00561.jpg,0.7613829787234042,39.39641571044922
20763,spaq,spaq/00566,/home/sergey/iqa-data/spaq/SPAQ/TestImage/00566.jpg,0.4492553191489361,16.803470611572266
20766,spaq,spaq/00569,/home/sergey/iqa-data/spaq/SPAQ/TestImage/00569.jpg,0.8635106382978723,48.20692443847656
20769,spaq,spaq/00572,/home/sergey/iqa-data/spaq/SPAQ/TestImage/00572.jpg,0.3882978723404255,17.709142684936523
20776,spaq,spaq/00579,/home/sergey/iqa-data/spaq/SPAQ/TestImage/00579.jpg,0.6338297872340425,52.87732696533203
20782,spaq,spaq/00585,/home/sergey/iqa-data/spaq/SPAQ/TestImage/00585.jpg,0.645,30.110797882080078
20784,spaq,spaq/00587,/home/sergey/iqa-data/spaq/SPAQ/TestImage/00587.jpg,0.5080851063829787,24.150413513183594
20786,spaq,spaq/00589,/home/sergey/iqa-data/spaq/SPAQ/TestImage/00589.jpg,0.4008510638297872,38.58610153198242
20798,spaq,spaq/00601,/home/sergey/iqa-data/spaq/SPAQ/TestImage/00601.jpg,0.5307446808510639,30.651779174804688
20802,spaq,spaq/00605,/home/sergey/iqa-data/spaq/SPAQ/TestImage/00605.jpg,0.6181914893617021,44.57091522216797
20806,spaq,spaq/00609,/home/sergey/iqa-data/spaq/SPAQ/TestImage/00609.jpg,0.3977659574468085,16.261457443237305
20823,spaq,spaq/00626,/home/sergey/iqa-data/spaq/SPAQ/TestImage/00626.jpg,0.3863829787234042,21.631418228149414
20834,spaq,spaq/00637,/home/sergey/iqa-data/spaq/SPAQ/TestImage/00637.jpg,0.5603191489361702,52.150230407714844
20835,spaq,spaq/00638,/home/sergey/iqa-data/spaq/SPAQ/TestImage/00638.jpg,0.2340425531914893,22.391347885131836
20840,spaq,spaq/00643,/home/sergey/iqa-data/spaq/SPAQ/TestImage/00643.jpg,0.2628723404255319,24.920732498168945
20841,spaq,spaq/00644,/home/sergey/iqa-data/spaq/SPAQ/TestImage/00644.jpg,0.3418085106382979,48.33200454711914
20847,spaq,spaq/00650,/home/sergey/iqa-data/spaq/SPAQ/TestImage/00650.jpg,0.1732978723404255,17.144161224365234
20849,spaq,spaq/00652,/home/sergey/iqa-data/spaq/SPAQ/TestImage/00652.jpg,0.7141489361702127,53.04151153564453
20857,spaq,spaq/00660,/home/sergey/iqa-data/spaq/SPAQ/TestImage/00660.jpg,0.6109574468085106,29.482933044433594
20860,spaq,spaq/00663,/home/sergey/iqa-data/spaq/SPAQ/TestImage/00663.jpg,0.4862765957446808,25.167400360107422
20863,spaq,spaq/00666,/home/sergey/iqa-data/spaq/SPAQ/TestImage/00666.jpg,0.5896808510638298,36.911495208740234
20865,spaq,spaq/00668,/home/sergey/iqa-data/spaq/SPAQ/TestImage/00668.jpg,0.161063829787234,17.574405670166016
20866,spaq,spaq/00669,/home/sergey/iqa-data/spaq/SPAQ/TestImage/00669.jpg,0.6777659574468085,51.683937072753906
20876,spaq,spaq/00679,/home/sergey/iqa-data/spaq/SPAQ/TestImage/00679.jpg,0.568404255319149,33.27680969238281
20877,spaq,spaq/00680,/home/sergey/iqa-data/spaq/SPAQ/TestImage/00680.jpg,0.5273404255319148,49.74667739868164
20882,spaq,spaq/00685,/home/sergey/iqa-data/spaq/SPAQ/TestImage/00685.jpg,0.7872340425531915,46.725006103515625
20886,spaq,spaq/00689,/home/sergey/iqa-data/spaq/SPAQ/TestImage/00689.jpg,0.2932978723404255,32.381832122802734
20892,spaq,spaq/00695,/home/sergey/iqa-data/spaq/SPAQ/TestImage/00695.jpg,0.7932978723404255,56.273658752441406
20893,spaq,spaq/00696,/home/sergey/iqa-data/spaq/SPAQ/TestImage/00696.jpg,0.3890425531914893,25.645599365234375
20895,spaq,spaq/00698,/home/sergey/iqa-data/spaq/SPAQ/TestImage/00698.jpg,0.5,38.598697662353516
20902,spaq,spaq/00705,/home/sergey/iqa-data/spaq/SPAQ/TestImage/00705.jpg,0.7540425531914893,49.588417053222656
20904,spaq,spaq/00707,/home/sergey/iqa-data/spaq/SPAQ/TestImage/00707.jpg,0.7104255319148937,44.96983337402344
20912,spaq,spaq/00715,/home/sergey/iqa-data/spaq/SPAQ/TestImage/00715.jpg,0.5723404255319149,42.809757232666016
20913,spaq,spaq/00716,/home/sergey/iqa-data/spaq/SPAQ/TestImage/00716.jpg,0.7360638297872341,32.40116500854492
20914,spaq,spaq/00717,/home/sergey/iqa-data/spaq/SPAQ/TestImage/00717.jpg,0.8677659574468084,63.16471481323242
20918,spaq,spaq/00721,/home/sergey/iqa-data/spaq/SPAQ/TestImage/00721.jpg,0.6778723404255319,43.782588958740234
20921,spaq,spaq/00724,/home/sergey/iqa-data/spaq/SPAQ/TestImage/00724.jpg,0.376595744680851,18.038928985595703
20923,spaq,spaq/00726,/home/sergey/iqa-data/spaq/SPAQ/TestImage/00726.jpg,0.2074468085106383,14.720785140991211
20925,spaq,spaq/00728,/home/sergey/iqa-data/spaq/SPAQ/TestImage/00728.jpg,0.466063829787234,36.4776725769043
20933,spaq,spaq/00736,/home/sergey/iqa-data/spaq/SPAQ/TestImage/00736.jpg,0.8351063829787234,59.068721771240234
20936,spaq,spaq/00739,/home/sergey/iqa-data/spaq/SPAQ/TestImage/00739.jpg,0.6290425531914894,38.93121337890625
20940,spaq,spaq/00743,/home/sergey/iqa-data/spaq/SPAQ/TestImage/00743.jpg,0.6982978723404255,29.870853424072266
20941,spaq,spaq/00744,/home/sergey/iqa-data/spaq/SPAQ/TestImage/00744.jpg,0.2440425531914893,20.43492317199707
20945,spaq,spaq/00748,/home/sergey/iqa-data/spaq/SPAQ/TestImage/00748.jpg,0.3754255319148936,20.57782554626465
20952,spaq,spaq/00755,/home/sergey/iqa-data/spaq/SPAQ/TestImage/00755.jpg,0.222127659574468,18.947078704833984
20956,spaq,spaq/00759,/home/sergey/iqa-data/spaq/SPAQ/TestImage/00759.jpg,0.5603191489361702,47.94060516357422
20965,spaq,spaq/00768,/home/sergey/iqa-data/spaq/SPAQ/TestImage/00768.jpg,0.565,39.776611328125
20968,spaq,spaq/00771,/home/sergey/iqa-data/spaq/SPAQ/TestImage/00771.jpg,0.2624468085106383,22.70586395263672
20970,spaq,spaq/00773,/home/sergey/iqa-data/spaq/SPAQ/TestImage/00773.jpg,0.0904255319148936,28.254806518554688
21000,spaq,spaq/00803,/home/sergey/iqa-data/spaq/SPAQ/TestImage/00803.jpg,0.7358510638297873,35.63141632080078
21007,spaq,spaq/00810,/home/sergey/iqa-data/spaq/SPAQ/TestImage/00810.jpg,0.2279787234042553,24.069082260131836
21011,spaq,spaq/00814,/home/sergey/iqa-data/spaq/SPAQ/TestImage/00814.jpg,0.8031914893617021,49.31178283691406
21012,spaq,spaq/00815,/home/sergey/iqa-data/spaq/SPAQ/TestImage/00815.jpg,0.6542553191489362,28.356136322021484
21013,spaq,spaq/00816,/home/sergey/iqa-data/spaq/SPAQ/TestImage/00816.jpg,0.4326595744680851,18.048181533813477
21016,spaq,spaq/00819,/home/sergey/iqa-data/spaq/SPAQ/TestImage/00819.jpg,0.370531914893617,22.673320770263672
21021,spaq,spaq/00824,/home/sergey/iqa-data/spaq/SPAQ/TestImage/00824.jpg,0.2872340425531915,27.061391830444336
21025,spaq,spaq/00828,/home/sergey/iqa-data/spaq/SPAQ/TestImage/00828.jpg,0.4057446808510638,22.095808029174805
21027,spaq,spaq/00830,/home/sergey/iqa-data/spaq/SPAQ/TestImage/00830.jpg,0.2553191489361702,31.60234260559082
21031,spaq,spaq/00834,/home/sergey/iqa-data/spaq/SPAQ/TestImage/00834.jpg,0.4346808510638297,29.037107467651367
21032,spaq,spaq/00835,/home/sergey/iqa-data/spaq/SPAQ/TestImage/00835.jpg,0.1139361702127659,13.380194664001465
21036,spaq,spaq/00839,/home/sergey/iqa-data/spaq/SPAQ/TestImage/00839.jpg,0.1990425531914893,19.90882682800293
21037,spaq,spaq/00840,/home/sergey/iqa-data/spaq/SPAQ/TestImage/00840.jpg,0.4818085106382979,32.35321044921875
21040,spaq,spaq/00843,/home/sergey/iqa-data/spaq/SPAQ/TestImage/00843.jpg,0.2903191489361702,21.86684799194336
21042,spaq,spaq/00845,/home/sergey/iqa-data/spaq/SPAQ/TestImage/00845.jpg,0.7715957446808511,30.90030288696289
21046,spaq,spaq/00849,/home/sergey/iqa-data/spaq/SPAQ/TestImage/00849.jpg,0.7340425531914894,46.07902145385742
21048,spaq,spaq/00851,/home/sergey/iqa-data/spaq/SPAQ/TestImage/00851.jpg,0.4035106382978723,18.79546356201172
21049,spaq,spaq/00852,/home/sergey/iqa-data/spaq/SPAQ/TestImage/00852.jpg,0.3411702127659574,19.03524398803711
21058,spaq,spaq/00861,/home/sergey/iqa-data/spaq/SPAQ/TestImage/00861.jpg,0.7504255319148937,25.498003005981445
21066,spaq,spaq/00869,/home/sergey/iqa-data/spaq/SPAQ/TestImage/00869.jpg,0.5,20.457244873046875
21069,spaq,spaq/00872,/home/sergey/iqa-data/spaq/SPAQ/TestImage/00872.jpg,0.1019148936170212,13.884885787963867
21074,spaq,spaq/00877,/home/sergey/iqa-data/spaq/SPAQ/TestImage/00877.jpg,0.6319148936170212,36.62954330444336
21083,spaq,spaq/00886,/home/sergey/iqa-data/spaq/SPAQ/TestImage/00886.jpg,0.4290425531914893,33.380126953125
21085,spaq,spaq/00888,/home/sergey/iqa-data/spaq/SPAQ/TestImage/00888.jpg,0.2211702127659574,19.228118896484375
21086,spaq,spaq/00889,/home/sergey/iqa-data/spaq/SPAQ/TestImage/00889.jpg,0.2307446808510638,16.5390625
21088,spaq,spaq/00891,/home/sergey/iqa-data/spaq/SPAQ/TestImage/00891.jpg,0.3448936170212766,33.89265823364258
21090,spaq,spaq/00893,/home/sergey/iqa-data/spaq/SPAQ/TestImage/00893.jpg,0.6702127659574468,46.37120819091797
21104,spaq,spaq/00907,/home/sergey/iqa-data/spaq/SPAQ/TestImage/00907.jpg,0.7586170212765958,47.3978271484375
21106,spaq,spaq/00909,/home/sergey/iqa-data/spaq/SPAQ/TestImage/00909.jpg,0.2936170212765958,19.879432678222656
21107,spaq,spaq/00910,/home/sergey/iqa-data/spaq/SPAQ/TestImage/00910.jpg,0.2561702127659574,28.623817443847656
21109,spaq,spaq/00912,/home/sergey/iqa-data/spaq/SPAQ/TestImage/00912.jpg,0.5948936170212766,50.065155029296875
21114,spaq,spaq/00917,/home/sergey/iqa-data/spaq/SPAQ/TestImage/00917.jpg,0.5174468085106383,32.858985900878906
21116,spaq,spaq/00919,/home/sergey/iqa-data/spaq/SPAQ/TestImage/00919.jpg,0.7295744680851064,50.648860931396484
21128,spaq,spaq/00931,/home/sergey/iqa-data/spaq/SPAQ/TestImage/00931.jpg,0.8085106382978723,43.285064697265625
21136,spaq,spaq/00939,/home/sergey/iqa-data/spaq/SPAQ/TestImage/00939.jpg,0.851063829787234,58.207862854003906
21139,spaq,spaq/00942,/home/sergey/iqa-data/spaq/SPAQ/TestImage/00942.jpg,0.8040425531914893,42.621299743652344
21142,spaq,spaq/00945,/home/sergey/iqa-data/spaq/SPAQ/TestImage/00945.jpg,0.4290425531914893,31.775169372558594
21153,spaq,spaq/00956,/home/sergey/iqa-data/spaq/SPAQ/TestImage/00956.jpg,0.4545744680851064,22.096111297607422
21155,spaq,spaq/00958,/home/sergey/iqa-data/spaq/SPAQ/TestImage/00958.jpg,0.4742553191489361,36.186790466308594
21164,spaq,spaq/00967,/home/sergey/iqa-data/spaq/SPAQ/TestImage/00967.jpg,0.4340425531914893,18.771297454833984
21165,spaq,spaq/00968,/home/sergey/iqa-data/spaq/SPAQ/TestImage/00968.jpg,0.652127659574468,47.977996826171875
21172,spaq,spaq/00975,/home/sergey/iqa-data/spaq/SPAQ/TestImage/00975.jpg,0.6436170212765957,40.05339050292969
21175,spaq,spaq/00978,/home/sergey/iqa-data/spaq/SPAQ/TestImage/00978.jpg,0.6861702127659575,32.51070022583008
21187,spaq,spaq/00990,/home/sergey/iqa-data/spaq/SPAQ/TestImage/00990.jpg,0.8251063829787234,59.56198501586914
21197,spaq,spaq/01000,/home/sergey/iqa-data/spaq/SPAQ/TestImage/01000.jpg,0.6143617021276596,35.93106460571289
21201,spaq,spaq/01004,/home/sergey/iqa-data/spaq/SPAQ/TestImage/01004.jpg,0.1702127659574468,30.915115356445312
21203,spaq,spaq/01006,/home/sergey/iqa-data/spaq/SPAQ/TestImage/01006.jpg,0.4361702127659574,18.276931762695312
21213,spaq,spaq/01016,/home/sergey/iqa-data/spaq/SPAQ/TestImage/01016.jpg,0.384468085106383,21.29502296447754
21215,spaq,spaq/01018,/home/sergey/iqa-data/spaq/SPAQ/TestImage/01018.jpg,0.5292553191489362,28.098512649536133
21216,spaq,spaq/01019,/home/sergey/iqa-data/spaq/SPAQ/TestImage/01019.jpg,0.161063829787234,21.35007095336914
21217,spaq,spaq/01020,/home/sergey/iqa-data/spaq/SPAQ/TestImage/01020.jpg,0.3996808510638298,45.91399383544922
21218,spaq,spaq/01021,/home/sergey/iqa-data/spaq/SPAQ/TestImage/01021.jpg,0.3875531914893617,21.207704544067383
21221,spaq,spaq/01024,/home/sergey/iqa-data/spaq/SPAQ/TestImage/01024.jpg,0.3218085106382978,38.260711669921875
21230,spaq,spaq/01033,/home/sergey/iqa-data/spaq/SPAQ/TestImage/01033.jpg,0.3427659574468085,37.74200439453125
21234,spaq,spaq/01037,/home/sergey/iqa-data/spaq/SPAQ/TestImage/01037.jpg,0.7872340425531915,43.056854248046875
21244,spaq,spaq/01047,/home/sergey/iqa-data/spaq/SPAQ/TestImage/01047.jpg,0.6671276595744681,45.77436065673828
21248,spaq,spaq/01051,/home/sergey/iqa-data/spaq/SPAQ/TestImage/01051.jpg,0.7990425531914893,42.839412689208984
21250,spaq,spaq/01053,/home/sergey/iqa-data/spaq/SPAQ/TestImage/01053.jpg,0.8206382978723404,46.361000061035156
21257,spaq,spaq/01060,/home/sergey/iqa-data/spaq/SPAQ/TestImage/01060.jpg,0.4556382978723404,51.055057525634766
21260,spaq,spaq/01063,/home/sergey/iqa-data/spaq/SPAQ/TestImage/01063.jpg,0.5280851063829787,25.95245361328125
21261,spaq,spaq/01064,/home/sergey/iqa-data/spaq/SPAQ/TestImage/01064.jpg,0.5057446808510638,21.156145095825195
21262,spaq,spaq/01065,/home/sergey/iqa-data/spaq/SPAQ/TestImage/01065.jpg,0.7659574468085106,27.66080665588379
21266,spaq,spaq/01069,/home/sergey/iqa-data/spaq/SPAQ/TestImage/01069.jpg,0.2420212765957446,15.907790184020996
21267,spaq,spaq/01070,/home/sergey/iqa-data/spaq/SPAQ/TestImage/01070.jpg,0.8472340425531915,59.98453903198242
21268,spaq,spaq/01071,/home/sergey/iqa-data/spaq/SPAQ/TestImage/01071.jpg,0.501595744680851,28.244632720947266
21271,spaq,spaq/01074,/home/sergey/iqa-data/spaq/SPAQ/TestImage/01074.jpg,0.2291489361702127,22.402481079101562
21272,spaq,spaq/01075,/home/sergey/iqa-data/spaq/SPAQ/TestImage/01075.jpg,0.469468085106383,30.0263729095459
21277,spaq,spaq/01080,/home/sergey/iqa-data/spaq/SPAQ/TestImage/01080.jpg,0.4406382978723404,18.889427185058594
21280,spaq,spaq/01083,/home/sergey/iqa-data/spaq/SPAQ/TestImage/01083.jpg,0.8519148936170212,54.106407165527344
21283,spaq,spaq/01086,/home/sergey/iqa-data/spaq/SPAQ/TestImage/01086.jpg,0.3248936170212765,18.57269287109375
21285,spaq,spaq/01088,/home/sergey/iqa-data/spaq/SPAQ/TestImage/01088.jpg,0.852872340425532,49.15874099731445
21287,spaq,spaq/01090,/home/sergey/iqa-data/spaq/SPAQ/TestImage/01090.jpg,0.6968085106382979,54.79901123046875
21290,spaq,spaq/01093,/home/sergey/iqa-data/spaq/SPAQ/TestImage/01093.jpg,0.675531914893617,37.15601348876953
21292,spaq,spaq/01095,/home/sergey/iqa-data/spaq/SPAQ/TestImage/01095.jpg,0.4271276595744681,23.83447265625
21295,spaq,spaq/01098,/home/sergey/iqa-data/spaq/SPAQ/TestImage/01098.jpg,0.8003191489361703,46.266456604003906
21307,spaq,spaq/01110,/home/sergey/iqa-data/spaq/SPAQ/TestImage/01110.jpg,0.3789361702127659,44.96772003173828
21320,spaq,spaq/01123,/home/sergey/iqa-data/spaq/SPAQ/TestImage/01123.jpg,0.3577659574468085,24.99648666381836
21322,spaq,spaq/01125,/home/sergey/iqa-data/spaq/SPAQ/TestImage/01125.jpg,0.7154255319148937,53.80242919921875
21324,spaq,spaq/01127,/home/sergey/iqa-data/spaq/SPAQ/TestImage/01127.jpg,0.5279787234042553,26.309371948242188
21332,spaq,spaq/01135,/home/sergey/iqa-data/spaq/SPAQ/TestImage/01135.jpg,0.4375531914893617,44.72724914550781
21333,spaq,spaq/01136,/home/sergey/iqa-data/spaq/SPAQ/TestImage/01136.jpg,0.5191489361702127,22.384532928466797
21334,spaq,spaq/01137,/home/sergey/iqa-data/spaq/SPAQ/TestImage/01137.jpg,0.5468085106382978,29.79693031311035
21341,spaq,spaq/01144,/home/sergey/iqa-data/spaq/SPAQ/TestImage/01144.jpg,0.2127659574468085,20.180997848510742
21345,spaq,spaq/01148,/home/sergey/iqa-data/spaq/SPAQ/TestImage/01148.jpg,0.3025531914893617,23.282798767089844
21346,spaq,spaq/01149,/home/sergey/iqa-data/spaq/SPAQ/TestImage/01149.jpg,0.7620212765957446,51.594947814941406
21347,spaq,spaq/01150,/home/sergey/iqa-data/spaq/SPAQ/TestImage/01150.jpg,0.6574468085106383,54.19396209716797
21349,spaq,spaq/01152,/home/sergey/iqa-data/spaq/SPAQ/TestImage/01152.jpg,0.776595744680851,39.135711669921875
21354,spaq,spaq/01157,/home/sergey/iqa-data/spaq/SPAQ/TestImage/01157.jpg,0.3251063829787234,15.404056549072266
21358,spaq,spaq/01161,/home/sergey/iqa-data/spaq/SPAQ/TestImage/01161.jpg,0.3125531914893616,20.21674346923828
21364,spaq,spaq/01167,/home/sergey/iqa-data/spaq/SPAQ/TestImage/01167.jpg,0.3684042553191489,29.193252563476562
21369,spaq,spaq/01172,/home/sergey/iqa-data/spaq/SPAQ/TestImage/01172.jpg,0.6359574468085106,43.229225158691406
21384,spaq,spaq/01187,/home/sergey/iqa-data/spaq/SPAQ/TestImage/01187.jpg,0.7393617021276596,47.44877243041992
21387,spaq,spaq/01190,/home/sergey/iqa-data/spaq/SPAQ/TestImage/01190.jpg,0.6968085106382979,44.885902404785156
21388,spaq,spaq/01191,/home/sergey/iqa-data/spaq/SPAQ/TestImage/01191.jpg,0.8364893617021276,53.343055725097656
21398,spaq,spaq/01201,/home/sergey/iqa-data/spaq/SPAQ/TestImage/01201.jpg,0.0412765957446808,27.857452392578125
21400,spaq,spaq/01203,/home/sergey/iqa-data/spaq/SPAQ/TestImage/01203.jpg,0.2067021276595744,28.069677352905273
21401,spaq,spaq/01204,/home/sergey/iqa-data/spaq/SPAQ/TestImage/01204.jpg,0.4042553191489361,19.029354095458984
21405,spaq,spaq/01208,/home/sergey/iqa-data/spaq/SPAQ/TestImage/01208.jpg,0.4361702127659574,24.781436920166016
21410,spaq,spaq/01213,/home/sergey/iqa-data/spaq/SPAQ/TestImage/01213.jpg,0.7112765957446808,52.83644104003906
21423,spaq,spaq/01226,/home/sergey/iqa-data/spaq/SPAQ/TestImage/01226.jpg,0.0797872340425532,28.433609008789062
21430,spaq,spaq/01233,/home/sergey/iqa-data/spaq/SPAQ/TestImage/01233.jpg,0.675531914893617,37.79071044921875
21458,spaq,spaq/01261,/home/sergey/iqa-data/spaq/SPAQ/TestImage/01261.jpg,0.3062765957446808,23.93160629272461
21459,spaq,spaq/01262,/home/sergey/iqa-data/spaq/SPAQ/TestImage/01262.jpg,0.3559574468085106,22.771854400634766
21470,spaq,spaq/01273,/home/sergey/iqa-data/spaq/SPAQ/TestImage/01273.jpg,0.0822340425531915,16.976776123046875
21478,spaq,spaq/01281,/home/sergey/iqa-data/spaq/SPAQ/TestImage/01281.jpg,0.7597872340425532,52.954227447509766
21480,spaq,spaq/01283,/home/sergey/iqa-data/spaq/SPAQ/TestImage/01283.jpg,0.3056382978723404,30.039133071899414
21486,spaq,spaq/01289,/home/sergey/iqa-data/spaq/SPAQ/TestImage/01289.jpg,0.4293617021276595,23.311641693115234
21488,spaq,spaq/01291,/home/sergey/iqa-data/spaq/SPAQ/TestImage/01291.jpg,0.8315957446808511,59.97614669799805
21496,spaq,spaq/01299,/home/sergey/iqa-data/spaq/SPAQ/TestImage/01299.jpg,0.4496808510638298,34.85564422607422
21501,spaq,spaq/01304,/home/sergey/iqa-data/spaq/SPAQ/TestImage/01304.jpg,0.7162765957446808,30.229827880859375
21510,spaq,spaq/01313,/home/sergey/iqa-data/spaq/SPAQ/TestImage/01313.jpg,0.6972340425531915,46.99541091918945
21521,spaq,spaq/01324,/home/sergey/iqa-data/spaq/SPAQ/TestImage/01324.jpg,0.7901063829787234,62.20915603637695
21525,spaq,spaq/01328,/home/sergey/iqa-data/spaq/SPAQ/TestImage/01328.jpg,0.7252127659574469,57.67536544799805
21529,spaq,spaq/01332,/home/sergey/iqa-data/spaq/SPAQ/TestImage/01332.jpg,0.4758510638297872,32.86864471435547
21531,spaq,spaq/01334,/home/sergey/iqa-data/spaq/SPAQ/TestImage/01334.jpg,0.8741489361702128,37.11873245239258
21538,spaq,spaq/01341,/home/sergey/iqa-data/spaq/SPAQ/TestImage/01341.jpg,0.5061702127659574,39.71144104003906
21539,spaq,spaq/01342,/home/sergey/iqa-data/spaq/SPAQ/TestImage/01342.jpg,0.6151063829787234,41.42403793334961
21540,spaq,spaq/01343,/home/sergey/iqa-data/spaq/SPAQ/TestImage/01343.jpg,0.0522340425531914,21.549049377441406
21546,spaq,spaq/01349,/home/sergey/iqa-data/spaq/SPAQ/TestImage/01349.jpg,0.3058510638297872,23.79402732849121
21550,spaq,spaq/01353,/home/sergey/iqa-data/spaq/SPAQ/TestImage/01353.jpg,0.5948936170212766,28.783672332763672
21552,spaq,spaq/01355,/home/sergey/iqa-data/spaq/SPAQ/TestImage/01355.jpg,0.6324468085106383,56.1612548828125
21554,spaq,spaq/01357,/home/sergey/iqa-data/spaq/SPAQ/TestImage/01357.jpg,0.8404255319148937,38.37293243408203
21564,spaq,spaq/01367,/home/sergey/iqa-data/spaq/SPAQ/TestImage/01367.jpg,0.6654255319148936,28.918434143066406
21567,spaq,spaq/01370,/home/sergey/iqa-data/spaq/SPAQ/TestImage/01370.jpg,0.5869148936170213,21.546276092529297
21568,spaq,spaq/01371,/home/sergey/iqa-data/spaq/SPAQ/TestImage/01371.jpg,0.6179787234042553,38.272064208984375
21569,spaq,spaq/01372,/home/sergey/iqa-data/spaq/SPAQ/TestImage/01372.jpg,0.495531914893617,34.58091735839844
21570,spaq,spaq/01373,/home/sergey/iqa-data/spaq/SPAQ/TestImage/01373.jpg,0.8111702127659575,52.68011474609375
21573,spaq,spaq/01376,/home/sergey/iqa-data/spaq/SPAQ/TestImage/01376.jpg,0.8847872340425532,41.06013107299805
21586,spaq,spaq/01389,/home/sergey/iqa-data/spaq/SPAQ/TestImage/01389.jpg,0.5512765957446809,43.37103271484375
21587,spaq,spaq/01390,/home/sergey/iqa-data/spaq/SPAQ/TestImage/01390.jpg,0.4526595744680851,23.903621673583984
21594,spaq,spaq/01397,/home/sergey/iqa-data/spaq/SPAQ/TestImage/01397.jpg,0.7819148936170213,46.15674591064453
21596,spaq,spaq/01399,/home/sergey/iqa-data/spaq/SPAQ/TestImage/01399.jpg,0.2127659574468085,18.13820457458496
21604,spaq,spaq/01407,/home/sergey/iqa-data/spaq/SPAQ/TestImage/01407.jpg,0.8026595744680851,26.391679763793945
21609,spaq,spaq/01412,/home/sergey/iqa-data/spaq/SPAQ/TestImage/01412.jpg,0.4371276595744681,46.63665771484375
21610,spaq,spaq/01413,/home/sergey/iqa-data/spaq/SPAQ/TestImage/01413.jpg,0.3282978723404255,26.395763397216797
21611,spaq,spaq/01414,/home/sergey/iqa-data/spaq/SPAQ/TestImage/01414.jpg,0.5909574468085106,23.233196258544922
21612,spaq,spaq/01415,/home/sergey/iqa-data/spaq/SPAQ/TestImage/01415.jpg,0.6319148936170212,27.04587173461914
21622,spaq,spaq/01425,/home/sergey/iqa-data/spaq/SPAQ/TestImage/01425.jpg,0.3994680851063829,24.593721389770508
21626,spaq,spaq/01429,/home/sergey/iqa-data/spaq/SPAQ/TestImage/01429.jpg,0.2930851063829787,13.8302001953125
21631,spaq,spaq/01434,/home/sergey/iqa-data/spaq/SPAQ/TestImage/01434.jpg,0.4936170212765957,18.059452056884766
21639,spaq,spaq/01442,/home/sergey/iqa-data/spaq/SPAQ/TestImage/01442.jpg,0.4106382978723404,19.44820785522461
21643,spaq,spaq/01446,/home/sergey/iqa-data/spaq/SPAQ/TestImage/01446.jpg,0.3404255319148936,19.964122772216797
21645,spaq,spaq/01448,/home/sergey/iqa-data/spaq/SPAQ/TestImage/01448.jpg,0.6531914893617021,34.590171813964844
21646,spaq,spaq/01449,/home/sergey/iqa-data/spaq/SPAQ/TestImage/01449.jpg,0.7707446808510638,49.897117614746094
21647,spaq,spaq/01450,/home/sergey/iqa-data/spaq/SPAQ/TestImage/01450.jpg,0.3202127659574468,21.203693389892578
21649,spaq,spaq/01452,/home/sergey/iqa-data/spaq/SPAQ/TestImage/01452.jpg,0.7085106382978723,47.56454849243164
21656,spaq,spaq/01459,/home/sergey/iqa-data/spaq/SPAQ/TestImage/01459.jpg,0.8042553191489361,49.5927734375
21666,spaq,spaq/01469,/home/sergey/iqa-data/spaq/SPAQ/TestImage/01469.jpg,0.773936170212766,51.500267028808594
21668,spaq,spaq/01471,/home/sergey/iqa-data/spaq/SPAQ/TestImage/01471.jpg,0.8617021276595744,58.62855529785156
21673,spaq,spaq/01476,/home/sergey/iqa-data/spaq/SPAQ/TestImage/01476.jpg,0.152127659574468,30.813426971435547
21674,spaq,spaq/01477,/home/sergey/iqa-data/spaq/SPAQ/TestImage/01477.jpg,0.6138297872340426,54.93635177612305
21683,spaq,spaq/01486,/home/sergey/iqa-data/spaq/SPAQ/TestImage/01486.jpg,0.8581914893617022,59.30821990966797
21687,spaq,spaq/01490,/home/sergey/iqa-data/spaq/SPAQ/TestImage/01490.jpg,0.7351063829787233,53.68565368652344
21710,spaq,spaq/01513,/home/sergey/iqa-data/spaq/SPAQ/TestImage/01513.jpg,0.820531914893617,50.19878387451172
21711,spaq,spaq/01514,/home/sergey/iqa-data/spaq/SPAQ/TestImage/01514.jpg,0.2952127659574468,12.437906265258789
21725,spaq,spaq/01528,/home/sergey/iqa-data/spaq/SPAQ/TestImage/01528.jpg,0.3457446808510638,19.334718704223633
21733,spaq,spaq/01536,/home/sergey/iqa-data/spaq/SPAQ/TestImage/01536.jpg,0.5918085106382979,49.38825988769531
21734,spaq,spaq/01537,/home/sergey/iqa-data/spaq/SPAQ/TestImage/01537.jpg,0.4468085106382978,15.214287757873535
21739,spaq,spaq/01542,/home/sergey/iqa-data/spaq/SPAQ/TestImage/01542.jpg,0.2413829787234042,21.244449615478516
21740,spaq,spaq/01543,/home/sergey/iqa-data/spaq/SPAQ/TestImage/01543.jpg,0.5709574468085107,45.32167053222656
21748,spaq,spaq/01551,/home/sergey/iqa-data/spaq/SPAQ/TestImage/01551.jpg,0.8027659574468085,56.798030853271484
21751,spaq,spaq/01554,/home/sergey/iqa-data/spaq/SPAQ/TestImage/01554.jpg,0.3796808510638297,39.317359924316406
21754,spaq,spaq/01557,/home/sergey/iqa-data/spaq/SPAQ/TestImage/01557.jpg,0.8437234042553192,46.649574279785156
21762,spaq,spaq/01565,/home/sergey/iqa-data/spaq/SPAQ/TestImage/01565.jpg,0.7272340425531915,50.72321319580078
21766,spaq,spaq/01569,/home/sergey/iqa-data/spaq/SPAQ/TestImage/01569.jpg,0.6117021276595744,36.2623291015625
21780,spaq,spaq/01583,/home/sergey/iqa-data/spaq/SPAQ/TestImage/01583.jpg,0.6254255319148936,47.51490783691406
21787,spaq,spaq/01590,/home/sergey/iqa-data/spaq/SPAQ/TestImage/01590.jpg,0.7978723404255319,30.41654396057129
21788,spaq,spaq/01591,/home/sergey/iqa-data/spaq/SPAQ/TestImage/01591.jpg,0.7375531914893617,38.922218322753906
21794,spaq,spaq/01597,/home/sergey/iqa-data/spaq/SPAQ/TestImage/01597.jpg,0.7340425531914894,57.36553955078125
21800,spaq,spaq/01603,/home/sergey/iqa-data/spaq/SPAQ/TestImage/01603.jpg,0.7852127659574468,23.92408561706543
21802,spaq,spaq/01605,/home/sergey/iqa-data/spaq/SPAQ/TestImage/01605.jpg,0.3247872340425532,24.61190414428711
21805,spaq,spaq/01608,/home/sergey/iqa-data/spaq/SPAQ/TestImage/01608.jpg,0.2295744680851063,17.139263153076172
21808,spaq,spaq/01611,/home/sergey/iqa-data/spaq/SPAQ/TestImage/01611.jpg,0.1890425531914893,17.848175048828125
21809,spaq,spaq/01612,/home/sergey/iqa-data/spaq/SPAQ/TestImage/01612.jpg,0.2606382978723404,19.34588623046875
21813,spaq,spaq/01616,/home/sergey/iqa-data/spaq/SPAQ/TestImage/01616.jpg,0.5340425531914894,21.024993896484375
21824,spaq,spaq/01627,/home/sergey/iqa-data/spaq/SPAQ/TestImage/01627.jpg,0.7611702127659574,42.352012634277344
21841,spaq,spaq/01644,/home/sergey/iqa-data/spaq/SPAQ/TestImage/01644.jpg,0.1404255319148936,20.03314208984375
21847,spaq,spaq/01650,/home/sergey/iqa-data/spaq/SPAQ/TestImage/01650.jpg,0.3723404255319149,24.535572052001953
21848,spaq,spaq/01651,/home/sergey/iqa-data/spaq/SPAQ/TestImage/01651.jpg,0.2529787234042553,14.95722770690918
21850,spaq,spaq/01653,/home/sergey/iqa-data/spaq/SPAQ/TestImage/01653.jpg,0.1797872340425531,14.98183822631836
21851,spaq,spaq/01654,/home/sergey/iqa-data/spaq/SPAQ/TestImage/01654.jpg,0.2521276595744681,28.037199020385742
21856,spaq,spaq/01659,/home/sergey/iqa-data/spaq/SPAQ/TestImage/01659.jpg,0.310531914893617,21.15183448791504
21857,spaq,spaq/01660,/home/sergey/iqa-data/spaq/SPAQ/TestImage/01660.jpg,0.4741489361702127,49.78630828857422
21863,spaq,spaq/01666,/home/sergey/iqa-data/spaq/SPAQ/TestImage/01666.jpg,0.3324468085106383,29.467182159423828
21874,spaq,spaq/01677,/home/sergey/iqa-data/spaq/SPAQ/TestImage/01677.jpg,0.2932978723404255,19.09088897705078
21880,spaq,spaq/01683,/home/sergey/iqa-data/spaq/SPAQ/TestImage/01683.jpg,0.6808510638297872,42.90565490722656
21887,spaq,spaq/01690,/home/sergey/iqa-data/spaq/SPAQ/TestImage/01690.jpg,0.195531914893617,20.158294677734375
21889,spaq,spaq/01692,/home/sergey/iqa-data/spaq/SPAQ/TestImage/01692.jpg,0.3763829787234042,47.9548454284668
21900,spaq,spaq/01703,/home/sergey/iqa-data/spaq/SPAQ/TestImage/01703.jpg,0.5118085106382979,18.60308074951172
21902,spaq,spaq/01705,/home/sergey/iqa-data/spaq/SPAQ/TestImage/01705.jpg,0.4302127659574468,22.863170623779297
21905,spaq,spaq/01708,/home/sergey/iqa-data/spaq/SPAQ/TestImage/01708.jpg,0.7624468085106383,47.571197509765625
21906,spaq,spaq/01709,/home/sergey/iqa-data/spaq/SPAQ/TestImage/01709.jpg,0.3073404255319149,29.00745964050293
21913,spaq,spaq/01716,/home/sergey/iqa-data/spaq/SPAQ/TestImage/01716.jpg,0.6329787234042553,62.1227912902832
21916,spaq,spaq/01719,/home/sergey/iqa-data/spaq/SPAQ/TestImage/01719.jpg,0.5712765957446809,34.32001495361328
21921,spaq,spaq/01724,/home/sergey/iqa-data/spaq/SPAQ/TestImage/01724.jpg,0.7327659574468085,40.20637893676758
21943,spaq,spaq/01746,/home/sergey/iqa-data/spaq/SPAQ/TestImage/01746.jpg,0.6875531914893617,49.043983459472656
21951,spaq,spaq/01754,/home/sergey/iqa-data/spaq/SPAQ/TestImage/01754.jpg,0.6337234042553191,37.411460876464844
21963,spaq,spaq/01766,/home/sergey/iqa-data/spaq/SPAQ/TestImage/01766.jpg,0.805,42.758033752441406
21967,spaq,spaq/01770,/home/sergey/iqa-data/spaq/SPAQ/TestImage/01770.jpg,0.2324468085106383,19.26789665222168
21974,spaq,spaq/01777,/home/sergey/iqa-data/spaq/SPAQ/TestImage/01777.jpg,0.3470212765957446,25.430782318115234
21988,spaq,spaq/01791,/home/sergey/iqa-data/spaq/SPAQ/TestImage/01791.jpg,0.7717021276595746,48.79802322387695
21999,spaq,spaq/01802,/home/sergey/iqa-data/spaq/SPAQ/TestImage/01802.jpg,0.5673404255319149,19.06950569152832
22003,spaq,spaq/01806,/home/sergey/iqa-data/spaq/SPAQ/TestImage/01806.jpg,0.1874468085106383,16.586668014526367
22006,spaq,spaq/01809,/home/sergey/iqa-data/spaq/SPAQ/TestImage/01809.jpg,0.300531914893617,19.88667106628418
22007,spaq,spaq/01810,/home/sergey/iqa-data/spaq/SPAQ/TestImage/01810.jpg,0.2757446808510638,40.33575439453125
22010,spaq,spaq/01813,/home/sergey/iqa-data/spaq/SPAQ/TestImage/01813.jpg,0.6854255319148936,39.22645568847656
22024,spaq,spaq/01827,/home/sergey/iqa-data/spaq/SPAQ/TestImage/01827.jpg,0.25,30.78838348388672
22026,spaq,spaq/01829,/home/sergey/iqa-data/spaq/SPAQ/TestImage/01829.jpg,0.6861702127659575,34.42780303955078
22027,spaq,spaq/01830,/home/sergey/iqa-data/spaq/SPAQ/TestImage/01830.jpg,0.5,47.58216094970703
22031,spaq,spaq/01834,/home/sergey/iqa-data/spaq/SPAQ/TestImage/01834.jpg,0.4432978723404255,25.363243103027344
22034,spaq,spaq/01837,/home/sergey/iqa-data/spaq/SPAQ/TestImage/01837.jpg,0.5357446808510639,33.72365951538086
22037,spaq,spaq/01840,/home/sergey/iqa-data/spaq/SPAQ/TestImage/01840.jpg,0.3382978723404255,24.05038070678711
22045,spaq,spaq/01848,/home/sergey/iqa-data/spaq/SPAQ/TestImage/01848.jpg,0.2297872340425532,17.94051742553711
22046,spaq,spaq/01849,/home/sergey/iqa-data/spaq/SPAQ/TestImage/01849.jpg,0.3058510638297872,19.629520416259766
22054,spaq,spaq/01857,/home/sergey/iqa-data/spaq/SPAQ/TestImage/01857.jpg,0.15,29.29445457458496
22067,spaq,spaq/01870,/home/sergey/iqa-data/spaq/SPAQ/TestImage/01870.jpg,0.4129787234042553,41.32959747314453
22071,spaq,spaq/01874,/home/sergey/iqa-data/spaq/SPAQ/TestImage/01874.jpg,0.275531914893617,21.536766052246094
22073,spaq,spaq/01876,/home/sergey/iqa-data/spaq/SPAQ/TestImage/01876.jpg,0.2234042553191489,27.544971466064453
22078,spaq,spaq/01881,/home/sergey/iqa-data/spaq/SPAQ/TestImage/01881.jpg,0.7518085106382979,35.16867446899414
22079,spaq,spaq/01882,/home/sergey/iqa-data/spaq/SPAQ/TestImage/01882.jpg,0.82,42.144508361816406
22084,spaq,spaq/01887,/home/sergey/iqa-data/spaq/SPAQ/TestImage/01887.jpg,0.8356382978723403,57.39397048950195
22087,spaq,spaq/01890,/home/sergey/iqa-data/spaq/SPAQ/TestImage/01890.jpg,0.6529787234042553,21.624679565429688
22090,spaq,spaq/01893,/home/sergey/iqa-data/spaq/SPAQ/TestImage/01893.jpg,0.4491489361702127,44.166900634765625
22097,spaq,spaq/01900,/home/sergey/iqa-data/spaq/SPAQ/TestImage/01900.jpg,0.5614893617021277,24.483537673950195
22103,spaq,spaq/01906,/home/sergey/iqa-data/spaq/SPAQ/TestImage/01906.jpg,0.8013829787234042,60.18402862548828
22111,spaq,spaq/01914,/home/sergey/iqa-data/spaq/SPAQ/TestImage/01914.jpg,0.7506382978723405,38.867706298828125
22112,spaq,spaq/01915,/home/sergey/iqa-data/spaq/SPAQ/TestImage/01915.jpg,0.2328723404255319,16.349281311035156
22129,spaq,spaq/01932,/home/sergey/iqa-data/spaq/SPAQ/TestImage/01932.jpg,0.4622340425531915,27.718994140625
22133,spaq,spaq/01936,/home/sergey/iqa-data/spaq/SPAQ/TestImage/01936.jpg,0.8557446808510638,34.834129333496094
22134,spaq,spaq/01937,/home/sergey/iqa-data/spaq/SPAQ/TestImage/01937.jpg,0.1808510638297872,30.085886001586914
22140,spaq,spaq/01943,/home/sergey/iqa-data/spaq/SPAQ/TestImage/01943.jpg,0.555531914893617,21.441478729248047
22141,spaq,spaq/01944,/home/sergey/iqa-data/spaq/SPAQ/TestImage/01944.jpg,0.7127659574468085,45.378089904785156
22147,spaq,spaq/01950,/home/sergey/iqa-data/spaq/SPAQ/TestImage/01950.jpg,0.3214893617021276,25.05177879333496
22159,spaq,spaq/01962,/home/sergey/iqa-data/spaq/SPAQ/TestImage/01962.jpg,0.3042553191489361,22.422983169555664
22160,spaq,spaq/01963,/home/sergey/iqa-data/spaq/SPAQ/TestImage/01963.jpg,0.7585106382978724,46.76798629760742
22161,spaq,spaq/01964,/home/sergey/iqa-data/spaq/SPAQ/TestImage/01964.jpg,0.7541489361702127,48.16960144042969
22167,spaq,spaq/01970,/home/sergey/iqa-data/spaq/SPAQ/TestImage/01970.jpg,0.676595744680851,37.36637878417969
22175,spaq,spaq/01978,/home/sergey/iqa-data/spaq/SPAQ/TestImage/01978.jpg,0.2968085106382979,21.821779251098633
22177,spaq,spaq/01980,/home/sergey/iqa-data/spaq/SPAQ/TestImage/01980.jpg,0.7,41.162620544433594
22178,spaq,spaq/01981,/home/sergey/iqa-data/spaq/SPAQ/TestImage/01981.jpg,0.6914893617021277,30.33677864074707
22191,spaq,spaq/01994,/home/sergey/iqa-data/spaq/SPAQ/TestImage/01994.jpg,0.7265957446808511,48.0668830871582
22194,spaq,spaq/01997,/home/sergey/iqa-data/spaq/SPAQ/TestImage/01997.jpg,0.5520212765957447,30.75977897644043
22199,spaq,spaq/02002,/home/sergey/iqa-data/spaq/SPAQ/TestImage/02002.jpg,0.3202127659574468,30.687850952148438
22201,spaq,spaq/02004,/home/sergey/iqa-data/spaq/SPAQ/TestImage/02004.jpg,0.7119148936170213,45.86412048339844
22202,spaq,spaq/02005,/home/sergey/iqa-data/spaq/SPAQ/TestImage/02005.jpg,0.7380851063829786,44.536590576171875
22209,spaq,spaq/02012,/home/sergey/iqa-data/spaq/SPAQ/TestImage/02012.jpg,0.3914893617021276,27.548538208007812
22214,spaq,spaq/02017,/home/sergey/iqa-data/spaq/SPAQ/TestImage/02017.jpg,0.6138297872340426,29.321598052978516
22215,spaq,spaq/02018,/home/sergey/iqa-data/spaq/SPAQ/TestImage/02018.jpg,0.1978723404255319,20.339794158935547
22222,spaq,spaq/02025,/home/sergey/iqa-data/spaq/SPAQ/TestImage/02025.jpg,0.7801063829787234,45.313724517822266
22225,spaq,spaq/02028,/home/sergey/iqa-data/spaq/SPAQ/TestImage/02028.jpg,0.2435106382978723,21.400249481201172
22227,spaq,spaq/02030,/home/sergey/iqa-data/spaq/SPAQ/TestImage/02030.jpg,0.6617021276595745,58.4160270690918
22230,spaq,spaq/02033,/home/sergey/iqa-data/spaq/SPAQ/TestImage/02033.jpg,0.2992553191489361,21.968170166015625
22233,spaq,spaq/02036,/home/sergey/iqa-data/spaq/SPAQ/TestImage/02036.jpg,0.5911702127659575,37.676414489746094
22239,spaq,spaq/02042,/home/sergey/iqa-data/spaq/SPAQ/TestImage/02042.jpg,0.4179787234042553,23.6103515625
22246,spaq,spaq/02049,/home/sergey/iqa-data/spaq/SPAQ/TestImage/02049.jpg,0.6671276595744681,47.67855453491211
22250,spaq,spaq/02053,/home/sergey/iqa-data/spaq/SPAQ/TestImage/02053.jpg,0.7887234042553192,42.1262092590332
22257,spaq,spaq/02060,/home/sergey/iqa-data/spaq/SPAQ/TestImage/02060.jpg,0.5864893617021277,41.54228210449219
22258,spaq,spaq/02061,/home/sergey/iqa-data/spaq/SPAQ/TestImage/02061.jpg,0.5918085106382979,38.99849319458008
22271,spaq,spaq/02074,/home/sergey/iqa-data/spaq/SPAQ/TestImage/02074.jpg,0.6368085106382979,54.259727478027344
22275,spaq,spaq/02078,/home/sergey/iqa-data/spaq/SPAQ/TestImage/02078.jpg,0.3890425531914893,30.792739868164062
22291,spaq,spaq/02094,/home/sergey/iqa-data/spaq/SPAQ/TestImage/02094.jpg,0.6143617021276596,41.905479431152344
22292,spaq,spaq/02095,/home/sergey/iqa-data/spaq/SPAQ/TestImage/02095.jpg,0.2340425531914893,21.28704071044922
22295,spaq,spaq/02098,/home/sergey/iqa-data/spaq/SPAQ/TestImage/02098.jpg,0.2340425531914893,52.73683166503906
22297,spaq,spaq/02100,/home/sergey/iqa-data/spaq/SPAQ/TestImage/02100.jpg,0.1687234042553191,19.03286361694336
22301,spaq,spaq/02104,/home/sergey/iqa-data/spaq/SPAQ/TestImage/02104.jpg,0.4521276595744681,37.083740234375
22304,spaq,spaq/02107,/home/sergey/iqa-data/spaq/SPAQ/TestImage/02107.jpg,0.8496808510638298,36.7933349609375
22307,spaq,spaq/02110,/home/sergey/iqa-data/spaq/SPAQ/TestImage/02110.jpg,0.7595744680851064,56.726951599121094
22308,spaq,spaq/02111,/home/sergey/iqa-data/spaq/SPAQ/TestImage/02111.jpg,0.2938297872340425,19.58879852294922
22323,spaq,spaq/02126,/home/sergey/iqa-data/spaq/SPAQ/TestImage/02126.jpg,0.1303191489361702,24.22865867614746
22324,spaq,spaq/02127,/home/sergey/iqa-data/spaq/SPAQ/TestImage/02127.jpg,0.675531914893617,28.465877532958984
22327,spaq,spaq/02130,/home/sergey/iqa-data/spaq/SPAQ/TestImage/02130.jpg,0.216063829787234,17.17841339111328
22329,spaq,spaq/02132,/home/sergey/iqa-data/spaq/SPAQ/TestImage/02132.jpg,0.7504255319148937,59.2473258972168
22341,spaq,spaq/02144,/home/sergey/iqa-data/spaq/SPAQ/TestImage/02144.jpg,0.3388297872340425,25.27182960510254
22345,spaq,spaq/02148,/home/sergey/iqa-data/spaq/SPAQ/TestImage/02148.jpg,0.6522340425531915,47.015892028808594
22348,spaq,spaq/02151,/home/sergey/iqa-data/spaq/SPAQ/TestImage/02151.jpg,0.5630851063829787,30.83036231994629
22352,spaq,spaq/02155,/home/sergey/iqa-data/spaq/SPAQ/TestImage/02155.jpg,0.8647872340425533,29.4249324798584
22354,spaq,spaq/02157,/home/sergey/iqa-data/spaq/SPAQ/TestImage/02157.jpg,0.1693617021276595,25.335437774658203
22356,spaq,spaq/02159,/home/sergey/iqa-data/spaq/SPAQ/TestImage/02159.jpg,0.3548936170212766,18.134809494018555
22359,spaq,spaq/02162,/home/sergey/iqa-data/spaq/SPAQ/TestImage/02162.jpg,0.3773404255319149,24.47708511352539
22363,spaq,spaq/02166,/home/sergey/iqa-data/spaq/SPAQ/TestImage/02166.jpg,0.423936170212766,42.529449462890625
22376,spaq,spaq/02179,/home/sergey/iqa-data/spaq/SPAQ/TestImage/02179.jpg,0.8386170212765958,45.664642333984375
22378,spaq,spaq/02181,/home/sergey/iqa-data/spaq/SPAQ/TestImage/02181.jpg,0.6135106382978723,41.349082946777344
22388,spaq,spaq/02191,/home/sergey/iqa-data/spaq/SPAQ/TestImage/02191.jpg,0.2765957446808511,36.41006088256836
22396,spaq,spaq/02199,/home/sergey/iqa-data/spaq/SPAQ/TestImage/02199.jpg,0.2340425531914893,21.339183807373047
22397,spaq,spaq/02200,/home/sergey/iqa-data/spaq/SPAQ/TestImage/02200.jpg,0.5577659574468085,58.11664581298828
22400,spaq,spaq/02203,/home/sergey/iqa-data/spaq/SPAQ/TestImage/02203.jpg,0.3351063829787234,18.45489501953125
22405,spaq,spaq/02208,/home/sergey/iqa-data/spaq/SPAQ/TestImage/02208.jpg,0.7712765957446809,48.081199645996094
22406,spaq,spaq/02209,/home/sergey/iqa-data/spaq/SPAQ/TestImage/02209.jpg,0.8343617021276597,60.78060531616211
22415,spaq,spaq/02218,/home/sergey/iqa-data/spaq/SPAQ/TestImage/02218.jpg,0.7677659574468085,45.34838104248047
22419,spaq,spaq/02222,/home/sergey/iqa-data/spaq/SPAQ/TestImage/02222.jpg,0.4543617021276596,35.75489807128906
22420,spaq,spaq/02223,/home/sergey/iqa-data/spaq/SPAQ/TestImage/02223.jpg,0.3138297872340425,28.24747085571289
22434,spaq,spaq/02237,/home/sergey/iqa-data/spaq/SPAQ/TestImage/02237.jpg,0.6702127659574468,57.81217956542969
22437,spaq,spaq/02240,/home/sergey/iqa-data/spaq/SPAQ/TestImage/02240.jpg,0.6117021276595744,50.16472625732422
22445,spaq,spaq/02248,/home/sergey/iqa-data/spaq/SPAQ/TestImage/02248.jpg,0.1548936170212765,16.14185333251953
22454,spaq,spaq/02257,/home/sergey/iqa-data/spaq/SPAQ/TestImage/02257.jpg,0.7837234042553192,36.075035095214844
22458,spaq,spaq/02261,/home/sergey/iqa-data/spaq/SPAQ/TestImage/02261.jpg,0.6392553191489362,33.59696960449219
22460,spaq,spaq/02263,/home/sergey/iqa-data/spaq/SPAQ/TestImage/02263.jpg,0.3002127659574468,21.828022003173828
22466,spaq,spaq/02269,/home/sergey/iqa-data/spaq/SPAQ/TestImage/02269.jpg,0.6382978723404256,50.727657318115234
22470,spaq,spaq/02273,/home/sergey/iqa-data/spaq/SPAQ/TestImage/02273.jpg,0.7931914893617021,43.71539306640625
22471,spaq,spaq/02274,/home/sergey/iqa-data/spaq/SPAQ/TestImage/02274.jpg,0.7747872340425531,56.645042419433594
22480,spaq,spaq/02283,/home/sergey/iqa-data/spaq/SPAQ/TestImage/02283.jpg,0.2851063829787234,23.91568374633789
22481,spaq,spaq/02284,/home/sergey/iqa-data/spaq/SPAQ/TestImage/02284.jpg,0.6323404255319148,63.03148651123047
22483,spaq,spaq/02286,/home/sergey/iqa-data/spaq/SPAQ/TestImage/02286.jpg,0.3853191489361702,17.39965057373047
22484,spaq,spaq/02287,/home/sergey/iqa-data/spaq/SPAQ/TestImage/02287.jpg,0.2328723404255319,23.457014083862305
22485,spaq,spaq/02288,/home/sergey/iqa-data/spaq/SPAQ/TestImage/02288.jpg,0.1371276595744681,10.229002952575684
22488,spaq,spaq/02291,/home/sergey/iqa-data/spaq/SPAQ/TestImage/02291.jpg,0.2789361702127659,15.159965515136719
22489,spaq,spaq/02292,/home/sergey/iqa-data/spaq/SPAQ/TestImage/02292.jpg,0.6429787234042553,38.3037109375
22494,spaq,spaq/02297,/home/sergey/iqa-data/spaq/SPAQ/TestImage/02297.jpg,0.75,57.8095703125
22514,spaq,spaq/02317,/home/sergey/iqa-data/spaq/SPAQ/TestImage/02317.jpg,0.3148936170212766,21.78948211669922
22519,spaq,spaq/02322,/home/sergey/iqa-data/spaq/SPAQ/TestImage/02322.jpg,0.7959574468085105,51.12470245361328
22520,spaq,spaq/02323,/home/sergey/iqa-data/spaq/SPAQ/TestImage/02323.jpg,0.7997872340425533,47.48749542236328
22526,spaq,spaq/02329,/home/sergey/iqa-data/spaq/SPAQ/TestImage/02329.jpg,0.8430851063829787,55.21917724609375
22529,spaq,spaq/02332,/home/sergey/iqa-data/spaq/SPAQ/TestImage/02332.jpg,0.3287234042553191,19.61715316772461
22532,spaq,spaq/02335,/home/sergey/iqa-data/spaq/SPAQ/TestImage/02335.jpg,0.4574468085106383,25.797645568847656
22536,spaq,spaq/02339,/home/sergey/iqa-data/spaq/SPAQ/TestImage/02339.jpg,0.6895744680851064,28.140535354614258
22545,spaq,spaq/02348,/home/sergey/iqa-data/spaq/SPAQ/TestImage/02348.jpg,0.6925531914893617,53.51654815673828
22550,spaq,spaq/02353,/home/sergey/iqa-data/spaq/SPAQ/TestImage/02353.jpg,0.874468085106383,45.65210723876953
22551,spaq,spaq/02354,/home/sergey/iqa-data/spaq/SPAQ/TestImage/02354.jpg,0.5297872340425531,29.634872436523438
22552,spaq,spaq/02355,/home/sergey/iqa-data/spaq/SPAQ/TestImage/02355.jpg,0.7808510638297873,39.70598220825195
22557,spaq,spaq/02360,/home/sergey/iqa-data/spaq/SPAQ/TestImage/02360.jpg,0.151063829787234,12.64071273803711
22563,spaq,spaq/02366,/home/sergey/iqa-data/spaq/SPAQ/TestImage/02366.jpg,0.6770212765957447,47.933738708496094
22573,spaq,spaq/02376,/home/sergey/iqa-data/spaq/SPAQ/TestImage/02376.jpg,0.6872340425531914,46.90545654296875
22576,spaq,spaq/02379,/home/sergey/iqa-data/spaq/SPAQ/TestImage/02379.jpg,0.8713829787234042,41.58820343017578
22583,spaq,spaq/02386,/home/sergey/iqa-data/spaq/SPAQ/TestImage/02386.jpg,0.5186170212765957,29.189849853515625
22594,spaq,spaq/02397,/home/sergey/iqa-data/spaq/SPAQ/TestImage/02397.jpg,0.1429787234042553,14.55495548248291
22600,spaq,spaq/02403,/home/sergey/iqa-data/spaq/SPAQ/TestImage/02403.jpg,0.2861702127659574,19.9686279296875
22604,spaq,spaq/02407,/home/sergey/iqa-data/spaq/SPAQ/TestImage/02407.jpg,0.7939361702127659,45.02604293823242
22620,spaq,spaq/02423,/home/sergey/iqa-data/spaq/SPAQ/TestImage/02423.jpg,0.7154255319148937,57.84960174560547
22624,spaq,spaq/02427,/home/sergey/iqa-data/spaq/SPAQ/TestImage/02427.jpg,0.796595744680851,48.73612594604492
22638,spaq,spaq/02441,/home/sergey/iqa-data/spaq/SPAQ/TestImage/02441.jpg,0.6264893617021277,60.24949645996094
22642,spaq,spaq/02445,/home/sergey/iqa-data/spaq/SPAQ/TestImage/02445.jpg,0.3131914893617021,12.747537612915039
22643,spaq,spaq/02446,/home/sergey/iqa-data/spaq/SPAQ/TestImage/02446.jpg,0.5287234042553192,36.822792053222656
22647,spaq,spaq/02450,/home/sergey/iqa-data/spaq/SPAQ/TestImage/02450.jpg,0.5957446808510638,27.19915199279785
22654,spaq,spaq/02457,/home/sergey/iqa-data/spaq/SPAQ/TestImage/02457.jpg,0.2670212765957447,27.708505630493164
22662,spaq,spaq/02465,/home/sergey/iqa-data/spaq/SPAQ/TestImage/02465.jpg,0.1141489361702127,13.962469100952148
22667,spaq,spaq/02470,/home/sergey/iqa-data/spaq/SPAQ/TestImage/02470.jpg,0.5117021276595745,22.633304595947266
22668,spaq,spaq/02471,/home/sergey/iqa-data/spaq/SPAQ/TestImage/02471.jpg,0.3042553191489361,21.970684051513672
22678,spaq,spaq/02481,/home/sergey/iqa-data/spaq/SPAQ/TestImage/02481.jpg,0.1797872340425531,20.279518127441406
22679,spaq,spaq/02482,/home/sergey/iqa-data/spaq/SPAQ/TestImage/02482.jpg,0.7244680851063829,44.37708282470703
22689,spaq,spaq/02492,/home/sergey/iqa-data/spaq/SPAQ/TestImage/02492.jpg,0.7329787234042554,50.79497528076172
22698,spaq,spaq/02501,/home/sergey/iqa-data/spaq/SPAQ/TestImage/02501.jpg,0.5117021276595745,25.539749145507812
22704,spaq,spaq/02507,/home/sergey/iqa-data/spaq/SPAQ/TestImage/02507.jpg,0.1904255319148936,16.94761848449707
22709,spaq,spaq/02512,/home/sergey/iqa-data/spaq/SPAQ/TestImage/02512.jpg,0.35,14.442001342773438
22718,spaq,spaq/02521,/home/sergey/iqa-data/spaq/SPAQ/TestImage/02521.jpg,0.6827659574468086,48.40467834472656
22722,spaq,spaq/02525,/home/sergey/iqa-data/spaq/SPAQ/TestImage/02525.jpg,0.4527659574468085,32.233428955078125
22726,spaq,spaq/02529,/home/sergey/iqa-data/spaq/SPAQ/TestImage/02529.jpg,0.5024468085106383,39.07414245605469
22728,spaq,spaq/02531,/home/sergey/iqa-data/spaq/SPAQ/TestImage/02531.jpg,0.6527659574468085,53.14934539794922
22732,spaq,spaq/02535,/home/sergey/iqa-data/spaq/SPAQ/TestImage/02535.jpg,0.6141489361702127,40.94816589355469
22773,spaq,spaq/02576,/home/sergey/iqa-data/spaq/SPAQ/TestImage/02576.jpg,0.3357446808510638,24.477859497070312
22774,spaq,spaq/02577,/home/sergey/iqa-data/spaq/SPAQ/TestImage/02577.jpg,0.5712765957446809,28.0012149810791
22782,spaq,spaq/02585,/home/sergey/iqa-data/spaq/SPAQ/TestImage/02585.jpg,0.7934042553191489,48.96629333496094
22791,spaq,spaq/02594,/home/sergey/iqa-data/spaq/SPAQ/TestImage/02594.jpg,0.2680851063829787,26.080074310302734
22794,spaq,spaq/02597,/home/sergey/iqa-data/spaq/SPAQ/TestImage/02597.jpg,0.3752127659574468,36.36420440673828
22800,spaq,spaq/02603,/home/sergey/iqa-data/spaq/SPAQ/TestImage/02603.jpg,0.0851063829787234,25.416860580444336
22802,spaq,spaq/02605,/home/sergey/iqa-data/spaq/SPAQ/TestImage/02605.jpg,0.7191489361702127,26.050174713134766
22804,spaq,spaq/02607,/home/sergey/iqa-data/spaq/SPAQ/TestImage/02607.jpg,0.425531914893617,22.820858001708984
22809,spaq,spaq/02612,/home/sergey/iqa-data/spaq/SPAQ/TestImage/02612.jpg,0.6354255319148936,32.199119567871094
22817,spaq,spaq/02620,/home/sergey/iqa-data/spaq/SPAQ/TestImage/02620.jpg,0.3463829787234043,19.11882972717285
22818,spaq,spaq/02621,/home/sergey/iqa-data/spaq/SPAQ/TestImage/02621.jpg,0.7506382978723405,42.810794830322266
22821,spaq,spaq/02624,/home/sergey/iqa-data/spaq/SPAQ/TestImage/02624.jpg,0.65,50.42287063598633
22830,spaq,spaq/02633,/home/sergey/iqa-data/spaq/SPAQ/TestImage/02633.jpg,0.7191489361702127,32.486549377441406
22835,spaq,spaq/02638,/home/sergey/iqa-data/spaq/SPAQ/TestImage/02638.jpg,0.6606382978723404,42.95652389526367
22843,spaq,spaq/02646,/home/sergey/iqa-data/spaq/SPAQ/TestImage/02646.jpg,0.7617021276595745,54.50960159301758
22858,spaq,spaq/02661,/home/sergey/iqa-data/spaq/SPAQ/TestImage/02661.jpg,0.7970212765957447,57.17768859863281
22860,spaq,spaq/02663,/home/sergey/iqa-data/spaq/SPAQ/TestImage/02663.jpg,0.4696808510638298,21.020708084106445
22862,spaq,spaq/02665,/home/sergey/iqa-data/spaq/SPAQ/TestImage/02665.jpg,0.6261702127659574,22.641094207763672
22865,spaq,spaq/02668,/home/sergey/iqa-data/spaq/SPAQ/TestImage/02668.jpg,0.2811702127659574,26.894790649414062
22869,spaq,spaq/02672,/home/sergey/iqa-data/spaq/SPAQ/TestImage/02672.jpg,0.3092553191489361,25.490488052368164
22874,spaq,spaq/02677,/home/sergey/iqa-data/spaq/SPAQ/TestImage/02677.jpg,0.723404255319149,35.32136917114258
22880,spaq,spaq/02683,/home/sergey/iqa-data/spaq/SPAQ/TestImage/02683.jpg,0.3845744680851063,18.603012084960938
22882,spaq,spaq/02685,/home/sergey/iqa-data/spaq/SPAQ/TestImage/02685.jpg,0.7411702127659575,53.32478332519531
22885,spaq,spaq/02688,/home/sergey/iqa-data/spaq/SPAQ/TestImage/02688.jpg,0.541063829787234,26.786029815673828
22890,spaq,spaq/02693,/home/sergey/iqa-data/spaq/SPAQ/TestImage/02693.jpg,0.669468085106383,51.117515563964844
22893,spaq,spaq/02696,/home/sergey/iqa-data/spaq/SPAQ/TestImage/02696.jpg,0.6892553191489362,38.292869567871094
22896,spaq,spaq/02699,/home/sergey/iqa-data/spaq/SPAQ/TestImage/02699.jpg,0.5711702127659575,52.582977294921875
22897,spaq,spaq/02700,/home/sergey/iqa-data/spaq/SPAQ/TestImage/02700.jpg,0.6775531914893617,52.90107727050781
22899,spaq,spaq/02702,/home/sergey/iqa-data/spaq/SPAQ/TestImage/02702.jpg,0.693936170212766,49.686134338378906
22903,spaq,spaq/02706,/home/sergey/iqa-data/spaq/SPAQ/TestImage/02706.jpg,0.634468085106383,21.732906341552734
22907,spaq,spaq/02710,/home/sergey/iqa-data/spaq/SPAQ/TestImage/02710.jpg,0.2264893617021276,16.654748916625977
22910,spaq,spaq/02713,/home/sergey/iqa-data/spaq/SPAQ/TestImage/02713.jpg,0.8109574468085107,54.62843322753906
22937,spaq,spaq/02740,/home/sergey/iqa-data/spaq/SPAQ/TestImage/02740.jpg,0.5747872340425532,42.59236145019531
22947,spaq,spaq/02750,/home/sergey/iqa-data/spaq/SPAQ/TestImage/02750.jpg,0.4006382978723404,34.20283508300781
22960,spaq,spaq/02763,/home/sergey/iqa-data/spaq/SPAQ/TestImage/02763.jpg,0.7446808510638298,49.39500427246094
22962,spaq,spaq/02765,/home/sergey/iqa-data/spaq/SPAQ/TestImage/02765.jpg,0.6246808510638298,20.708784103393555
22965,spaq,spaq/02768,/home/sergey/iqa-data/spaq/SPAQ/TestImage/02768.jpg,0.3931914893617021,31.70381736755371
22966,spaq,spaq/02769,/home/sergey/iqa-data/spaq/SPAQ/TestImage/02769.jpg,0.4931914893617021,16.96991729736328
22967,spaq,spaq/02770,/home/sergey/iqa-data/spaq/SPAQ/TestImage/02770.jpg,0.4057446808510638,20.370285034179688
22968,spaq,spaq/02771,/home/sergey/iqa-data/spaq/SPAQ/TestImage/02771.jpg,0.3718085106382979,35.20777130126953
22972,spaq,spaq/02775,/home/sergey/iqa-data/spaq/SPAQ/TestImage/02775.jpg,0.4361702127659574,41.49797821044922
22979,spaq,spaq/02782,/home/sergey/iqa-data/spaq/SPAQ/TestImage/02782.jpg,0.4118085106382979,18.816076278686523
22993,spaq,spaq/02796,/home/sergey/iqa-data/spaq/SPAQ/TestImage/02796.jpg,0.485531914893617,33.974918365478516
22994,spaq,spaq/02797,/home/sergey/iqa-data/spaq/SPAQ/TestImage/02797.jpg,0.6317021276595745,52.04669189453125
22996,spaq,spaq/02799,/home/sergey/iqa-data/spaq/SPAQ/TestImage/02799.jpg,0.344468085106383,18.454566955566406
22999,spaq,spaq/02802,/home/sergey/iqa-data/spaq/SPAQ/TestImage/02802.jpg,0.4543617021276596,31.51712417602539
23001,spaq,spaq/02804,/home/sergey/iqa-data/spaq/SPAQ/TestImage/02804.jpg,0.7175531914893617,49.31282424926758
23006,spaq,spaq/02809,/home/sergey/iqa-data/spaq/SPAQ/TestImage/02809.jpg,0.7563829787234042,65.26385498046875
23009,spaq,spaq/02812,/home/sergey/iqa-data/spaq/SPAQ/TestImage/02812.jpg,0.0543617021276595,14.828832626342773
23010,spaq,spaq/02813,/home/sergey/iqa-data/spaq/SPAQ/TestImage/02813.jpg,0.7712765957446809,46.88230895996094
23014,spaq,spaq/02817,/home/sergey/iqa-data/spaq/SPAQ/TestImage/02817.jpg,0.7686170212765957,54.260963439941406
23025,spaq,spaq/02828,/home/sergey/iqa-data/spaq/SPAQ/TestImage/02828.jpg,0.6447872340425532,47.80252456665039
23030,spaq,spaq/02833,/home/sergey/iqa-data/spaq/SPAQ/TestImage/02833.jpg,0.7261702127659575,36.23585510253906
23044,spaq,spaq/02847,/home/sergey/iqa-data/spaq/SPAQ/TestImage/02847.jpg,0.6484042553191489,39.25239562988281
23045,spaq,spaq/02848,/home/sergey/iqa-data/spaq/SPAQ/TestImage/02848.jpg,0.51,40.332069396972656
23047,spaq,spaq/02850,/home/sergey/iqa-data/spaq/SPAQ/TestImage/02850.jpg,0.805,44.8812255859375
23050,spaq,spaq/02853,/home/sergey/iqa-data/spaq/SPAQ/TestImage/02853.jpg,0.6795744680851064,39.19417953491211
23057,spaq,spaq/02860,/home/sergey/iqa-data/spaq/SPAQ/TestImage/02860.jpg,0.6935106382978723,28.27132797241211
23059,spaq,spaq/02862,/home/sergey/iqa-data/spaq/SPAQ/TestImage/02862.jpg,0.4479787234042553,17.319833755493164
23068,spaq,spaq/02871,/home/sergey/iqa-data/spaq/SPAQ/TestImage/02871.jpg,0.3606382978723404,21.9776611328125
23069,spaq,spaq/02872,/home/sergey/iqa-data/spaq/SPAQ/TestImage/02872.jpg,0.4859574468085106,26.857444763183594
23072,spaq,spaq/02875,/home/sergey/iqa-data/spaq/SPAQ/TestImage/02875.jpg,0.2412765957446808,27.428258895874023
23078,spaq,spaq/02881,/home/sergey/iqa-data/spaq/SPAQ/TestImage/02881.jpg,0.6130851063829788,48.37730026245117
23079,spaq,spaq/02882,/home/sergey/iqa-data/spaq/SPAQ/TestImage/02882.jpg,0.7428723404255319,41.07343292236328
23082,spaq,spaq/02885,/home/sergey/iqa-data/spaq/SPAQ/TestImage/02885.jpg,0.2146808510638297,22.734317779541016
23083,spaq,spaq/02886,/home/sergey/iqa-data/spaq/SPAQ/TestImage/02886.jpg,0.2168085106382978,15.687324523925781
23085,spaq,spaq/02888,/home/sergey/iqa-data/spaq/SPAQ/TestImage/02888.jpg,0.6140425531914894,27.819740295410156
23095,spaq,spaq/02898,/home/sergey/iqa-data/spaq/SPAQ/TestImage/02898.jpg,0.5979787234042553,51.21672058105469
23098,spaq,spaq/02901,/home/sergey/iqa-data/spaq/SPAQ/TestImage/02901.jpg,0.2928723404255319,19.362417221069336
23104,spaq,spaq/02907,/home/sergey/iqa-data/spaq/SPAQ/TestImage/02907.jpg,0.6873404255319149,45.786773681640625
23107,spaq,spaq/02910,/home/sergey/iqa-data/spaq/SPAQ/TestImage/02910.jpg,0.7841489361702128,29.39120864868164
23108,spaq,spaq/02911,/home/sergey/iqa-data/spaq/SPAQ/TestImage/02911.jpg,0.8537234042553191,40.40924072265625
23110,spaq,spaq/02913,/home/sergey/iqa-data/spaq/SPAQ/TestImage/02913.jpg,0.4240425531914893,35.14735412597656
23118,spaq,spaq/02921,/home/sergey/iqa-data/spaq/SPAQ/TestImage/02921.jpg,0.4118085106382979,25.970975875854492
23122,spaq,spaq/02925,/home/sergey/iqa-data/spaq/SPAQ/TestImage/02925.jpg,0.695531914893617,31.457109451293945
23123,spaq,spaq/02926,/home/sergey/iqa-data/spaq/SPAQ/TestImage/02926.jpg,0.2553191489361702,13.032990455627441
23125,spaq,spaq/02928,/home/sergey/iqa-data/spaq/SPAQ/TestImage/02928.jpg,0.4680851063829787,21.16524314880371
23132,spaq,spaq/02935,/home/sergey/iqa-data/spaq/SPAQ/TestImage/02935.jpg,0.2528723404255319,15.195055961608887
23136,spaq,spaq/02939,/home/sergey/iqa-data/spaq/SPAQ/TestImage/02939.jpg,0.2457446808510638,18.73896026611328
23140,spaq,spaq/02943,/home/sergey/iqa-data/spaq/SPAQ/TestImage/02943.jpg,0.8776595744680851,25.962491989135742
23144,spaq,spaq/02947,/home/sergey/iqa-data/spaq/SPAQ/TestImage/02947.jpg,0.800531914893617,27.810932159423828
23148,spaq,spaq/02951,/home/sergey/iqa-data/spaq/SPAQ/TestImage/02951.jpg,0.6675531914893617,22.185230255126953
23152,spaq,spaq/02955,/home/sergey/iqa-data/spaq/SPAQ/TestImage/02955.jpg,0.5159574468085106,31.086631774902344
23156,spaq,spaq/02959,/home/sergey/iqa-data/spaq/SPAQ/TestImage/02959.jpg,0.111063829787234,19.392366409301758
23159,spaq,spaq/02962,/home/sergey/iqa-data/spaq/SPAQ/TestImage/02962.jpg,0.0551063829787234,34.296932220458984
23161,spaq,spaq/02964,/home/sergey/iqa-data/spaq/SPAQ/TestImage/02964.jpg,0.2606382978723404,27.274572372436523
23162,spaq,spaq/02965,/home/sergey/iqa-data/spaq/SPAQ/TestImage/02965.jpg,0.7819148936170213,45.04872512817383
23172,spaq,spaq/02975,/home/sergey/iqa-data/spaq/SPAQ/TestImage/02975.jpg,0.2407446808510638,18.86392593383789
23173,spaq,spaq/02976,/home/sergey/iqa-data/spaq/SPAQ/TestImage/02976.jpg,0.202127659574468,15.434225082397461
23181,spaq,spaq/02984,/home/sergey/iqa-data/spaq/SPAQ/TestImage/02984.jpg,0.8843617021276595,45.904335021972656
23183,spaq,spaq/02986,/home/sergey/iqa-data/spaq/SPAQ/TestImage/02986.jpg,0.3430851063829787,24.74425506591797
23193,spaq,spaq/02996,/home/sergey/iqa-data/spaq/SPAQ/TestImage/02996.jpg,0.449468085106383,50.63282012939453
23198,spaq,spaq/03001,/home/sergey/iqa-data/spaq/SPAQ/TestImage/03001.jpg,0.8138297872340425,49.52825164794922
23199,spaq,spaq/03002,/home/sergey/iqa-data/spaq/SPAQ/TestImage/03002.jpg,0.8214893617021276,33.463951110839844
23208,spaq,spaq/03011,/home/sergey/iqa-data/spaq/SPAQ/TestImage/03011.jpg,0.19,20.37118911743164
23215,spaq,spaq/03018,/home/sergey/iqa-data/spaq/SPAQ/TestImage/03018.jpg,0.2522340425531915,24.25856590270996
23218,spaq,spaq/03021,/home/sergey/iqa-data/spaq/SPAQ/TestImage/03021.jpg,0.1223404255319148,13.457752227783203
23219,spaq,spaq/03022,/home/sergey/iqa-data/spaq/SPAQ/TestImage/03022.jpg,0.5243617021276595,40.748016357421875
23234,spaq,spaq/03037,/home/sergey/iqa-data/spaq/SPAQ/TestImage/03037.jpg,0.2978723404255319,21.60531997680664
23242,spaq,spaq/03045,/home/sergey/iqa-data/spaq/SPAQ/TestImage/03045.jpg,0.6109574468085106,45.07938003540039
23246,spaq,spaq/03049,/home/sergey/iqa-data/spaq/SPAQ/TestImage/03049.jpg,0.2919148936170213,24.392250061035156
23261,spaq,spaq/03064,/home/sergey/iqa-data/spaq/SPAQ/TestImage/03064.jpg,0.2162765957446808,21.232643127441406
23262,spaq,spaq/03065,/home/sergey/iqa-data/spaq/SPAQ/TestImage/03065.jpg,0.6914893617021277,31.54889678955078
23266,spaq,spaq/03069,/home/sergey/iqa-data/spaq/SPAQ/TestImage/03069.jpg,0.6382978723404256,32.802093505859375
23271,spaq,spaq/03074,/home/sergey/iqa-data/spaq/SPAQ/TestImage/03074.jpg,0.4042553191489361,16.728628158569336
23275,spaq,spaq/03078,/home/sergey/iqa-data/spaq/SPAQ/TestImage/03078.jpg,0.6524468085106383,26.15462303161621
23278,spaq,spaq/03081,/home/sergey/iqa-data/spaq/SPAQ/TestImage/03081.jpg,0.1307446808510638,23.330270767211914
23289,spaq,spaq/03092,/home/sergey/iqa-data/spaq/SPAQ/TestImage/03092.jpg,0.8231914893617021,44.585330963134766
23293,spaq,spaq/03096,/home/sergey/iqa-data/spaq/SPAQ/TestImage/03096.jpg,0.6667021276595745,40.69993591308594
23295,spaq,spaq/03098,/home/sergey/iqa-data/spaq/SPAQ/TestImage/03098.jpg,0.7780851063829787,50.99654006958008
23296,spaq,spaq/03099,/home/sergey/iqa-data/spaq/SPAQ/TestImage/03099.jpg,0.1839361702127659,16.01454734802246
23299,spaq,spaq/03102,/home/sergey/iqa-data/spaq/SPAQ/TestImage/03102.jpg,0.8630851063829786,54.33866500854492
23300,spaq,spaq/03103,/home/sergey/iqa-data/spaq/SPAQ/TestImage/03103.jpg,0.121063829787234,13.28293514251709
23306,spaq,spaq/03109,/home/sergey/iqa-data/spaq/SPAQ/TestImage/03109.jpg,0.2207446808510638,26.318031311035156
23307,spaq,spaq/03110,/home/sergey/iqa-data/spaq/SPAQ/TestImage/03110.jpg,0.1303191489361702,11.582071304321289
23310,spaq,spaq/03113,/home/sergey/iqa-data/spaq/SPAQ/TestImage/03113.jpg,0.8541489361702128,44.8613166809082
23312,spaq,spaq/03115,/home/sergey/iqa-data/spaq/SPAQ/TestImage/03115.jpg,0.9102127659574468,63.28534698486328
23314,spaq,spaq/03117,/home/sergey/iqa-data/spaq/SPAQ/TestImage/03117.jpg,0.3358510638297872,17.228412628173828
23317,spaq,spaq/03120,/home/sergey/iqa-data/spaq/SPAQ/TestImage/03120.jpg,0.6564893617021277,28.78197479248047
23323,spaq,spaq/03126,/home/sergey/iqa-data/spaq/SPAQ/TestImage/03126.jpg,0.857127659574468,38.72792434692383
23328,spaq,spaq/03131,/home/sergey/iqa-data/spaq/SPAQ/TestImage/03131.jpg,0.6835106382978723,38.79547119140625
23337,spaq,spaq/03140,/home/sergey/iqa-data/spaq/SPAQ/TestImage/03140.jpg,0.9077659574468084,32.255470275878906
23341,spaq,spaq/03144,/home/sergey/iqa-data/spaq/SPAQ/TestImage/03144.jpg,0.3586170212765957,16.175697326660156
23347,spaq,spaq/03150,/home/sergey/iqa-data/spaq/SPAQ/TestImage/03150.jpg,0.5272340425531915,35.80210876464844
23355,spaq,spaq/03158,/home/sergey/iqa-data/spaq/SPAQ/TestImage/03158.jpg,0.7571276595744681,49.53805160522461
23361,spaq,spaq/03164,/home/sergey/iqa-data/spaq/SPAQ/TestImage/03164.jpg,0.2234042553191489,30.79154396057129
23366,spaq,spaq/03169,/home/sergey/iqa-data/spaq/SPAQ/TestImage/03169.jpg,0.7487234042553191,41.33404541015625
23369,spaq,spaq/03172,/home/sergey/iqa-data/spaq/SPAQ/TestImage/03172.jpg,0.3031914893617021,21.309099197387695
23374,spaq,spaq/03177,/home/sergey/iqa-data/spaq/SPAQ/TestImage/03177.jpg,0.2518085106382979,20.507551193237305
23376,spaq,spaq/03179,/home/sergey/iqa-data/spaq/SPAQ/TestImage/03179.jpg,0.8479787234042553,49.56684112548828
23377,spaq,spaq/03180,/home/sergey/iqa-data/spaq/SPAQ/TestImage/03180.jpg,0.7784042553191489,41.63970184326172
23384,spaq,spaq/03187,/home/sergey/iqa-data/spaq/SPAQ/TestImage/03187.jpg,0.555,21.408597946166992
23389,spaq,spaq/03192,/home/sergey/iqa-data/spaq/SPAQ/TestImage/03192.jpg,0.4802127659574468,24.875362396240234
23391,spaq,spaq/03194,/home/sergey/iqa-data/spaq/SPAQ/TestImage/03194.jpg,0.805,49.8073616027832
23395,spaq,spaq/03198,/home/sergey/iqa-data/spaq/SPAQ/TestImage/03198.jpg,0.4503191489361702,23.78502655029297
23402,spaq,spaq/03205,/home/sergey/iqa-data/spaq/SPAQ/TestImage/03205.jpg,0.5546808510638298,25.749378204345703
23409,spaq,spaq/03212,/home/sergey/iqa-data/spaq/SPAQ/TestImage/03212.jpg,0.6671276595744681,53.05963134765625
23410,spaq,spaq/03213,/home/sergey/iqa-data/spaq/SPAQ/TestImage/03213.jpg,0.4113829787234043,18.058456420898438
23413,spaq,spaq/03216,/home/sergey/iqa-data/spaq/SPAQ/TestImage/03216.jpg,0.8145744680851064,43.18354034423828
23415,spaq,spaq/03218,/home/sergey/iqa-data/spaq/SPAQ/TestImage/03218.jpg,0.6401063829787235,53.042198181152344
23420,spaq,spaq/03223,/home/sergey/iqa-data/spaq/SPAQ/TestImage/03223.jpg,0.648936170212766,38.03670120239258
23424,spaq,spaq/03227,/home/sergey/iqa-data/spaq/SPAQ/TestImage/03227.jpg,0.4745744680851064,39.7750358581543
23426,spaq,spaq/03229,/home/sergey/iqa-data/spaq/SPAQ/TestImage/03229.jpg,0.2096808510638298,20.164949417114258
23427,spaq,spaq/03230,/home/sergey/iqa-data/spaq/SPAQ/TestImage/03230.jpg,0.2080851063829787,25.68643569946289
23433,spaq,spaq/03236,/home/sergey/iqa-data/spaq/SPAQ/TestImage/03236.jpg,0.3595744680851063,18.013530731201172
23446,spaq,spaq/03249,/home/sergey/iqa-data/spaq/SPAQ/TestImage/03249.jpg,0.2906382978723404,22.919780731201172
23449,spaq,spaq/03252,/home/sergey/iqa-data/spaq/SPAQ/TestImage/03252.jpg,0.7188297872340424,39.714759826660156
23452,spaq,spaq/03255,/home/sergey/iqa-data/spaq/SPAQ/TestImage/03255.jpg,0.2525531914893617,29.370622634887695
23460,spaq,spaq/03263,/home/sergey/iqa-data/spaq/SPAQ/TestImage/03263.jpg,0.3851063829787234,18.880126953125
23463,spaq,spaq/03266,/home/sergey/iqa-data/spaq/SPAQ/TestImage/03266.jpg,0.8146808510638298,50.898170471191406
23466,spaq,spaq/03269,/home/sergey/iqa-data/spaq/SPAQ/TestImage/03269.jpg,0.4348936170212766,37.655765533447266
23473,spaq,spaq/03276,/home/sergey/iqa-data/spaq/SPAQ/TestImage/03276.jpg,0.4876595744680851,27.757633209228516
23480,spaq,spaq/03283,/home/sergey/iqa-data/spaq/SPAQ/TestImage/03283.jpg,0.3404255319148936,37.3580436706543
23481,spaq,spaq/03284,/home/sergey/iqa-data/spaq/SPAQ/TestImage/03284.jpg,0.2778723404255319,32.86296081542969
23482,spaq,spaq/03285,/home/sergey/iqa-data/spaq/SPAQ/TestImage/03285.jpg,0.620531914893617,29.32577896118164
23486,spaq,spaq/03289,/home/sergey/iqa-data/spaq/SPAQ/TestImage/03289.jpg,0.6921276595744681,41.871578216552734
23489,spaq,spaq/03292,/home/sergey/iqa-data/spaq/SPAQ/TestImage/03292.jpg,0.7056382978723404,38.622344970703125
23498,spaq,spaq/03301,/home/sergey/iqa-data/spaq/SPAQ/TestImage/03301.jpg,0.8031914893617021,42.198028564453125
23499,spaq,spaq/03302,/home/sergey/iqa-data/spaq/SPAQ/TestImage/03302.jpg,0.7872340425531915,53.803871154785156
23501,spaq,spaq/03304,/home/sergey/iqa-data/spaq/SPAQ/TestImage/03304.jpg,0.5167021276595745,42.752593994140625
23502,spaq,spaq/03305,/home/sergey/iqa-data/spaq/SPAQ/TestImage/03305.jpg,0.3237234042553191,29.12183380126953
23504,spaq,spaq/03307,/home/sergey/iqa-data/spaq/SPAQ/TestImage/03307.jpg,0.1808510638297872,15.604036331176758
23508,spaq,spaq/03311,/home/sergey/iqa-data/spaq/SPAQ/TestImage/03311.jpg,0.5862765957446808,39.684913635253906
23512,spaq,spaq/03315,/home/sergey/iqa-data/spaq/SPAQ/TestImage/03315.jpg,0.4376595744680851,41.89306640625
23513,spaq,spaq/03316,/home/sergey/iqa-data/spaq/SPAQ/TestImage/03316.jpg,0.6675531914893617,35.91581344604492
23514,spaq,spaq/03317,/home/sergey/iqa-data/spaq/SPAQ/TestImage/03317.jpg,0.5607446808510639,22.87860107421875
23516,spaq,spaq/03319,/home/sergey/iqa-data/spaq/SPAQ/TestImage/03319.jpg,0.2203191489361702,13.771656036376953
23523,spaq,spaq/03326,/home/sergey/iqa-data/spaq/SPAQ/TestImage/03326.jpg,0.5040425531914894,30.736452102661133
23540,spaq,spaq/03343,/home/sergey/iqa-data/spaq/SPAQ/TestImage/03343.jpg,0.7056382978723404,52.33171844482422
23546,spaq,spaq/03349,/home/sergey/iqa-data/spaq/SPAQ/TestImage/03349.jpg,0.5626595744680851,40.78607940673828
23560,spaq,spaq/03363,/home/sergey/iqa-data/spaq/SPAQ/TestImage/03363.jpg,0.7056382978723404,45.803009033203125
23563,spaq,spaq/03366,/home/sergey/iqa-data/spaq/SPAQ/TestImage/03366.jpg,0.4521276595744681,33.168212890625
23564,spaq,spaq/03367,/home/sergey/iqa-data/spaq/SPAQ/TestImage/03367.jpg,0.6143617021276596,29.57111930847168
23573,spaq,spaq/03376,/home/sergey/iqa-data/spaq/SPAQ/TestImage/03376.jpg,0.37,31.0914363861084
23577,spaq,spaq/03380,/home/sergey/iqa-data/spaq/SPAQ/TestImage/03380.jpg,0.5295744680851064,36.722965240478516
23579,spaq,spaq/03382,/home/sergey/iqa-data/spaq/SPAQ/TestImage/03382.jpg,0.7387234042553191,50.87693786621094
23583,spaq,spaq/03386,/home/sergey/iqa-data/spaq/SPAQ/TestImage/03386.jpg,0.7647872340425532,35.553550720214844
23588,spaq,spaq/03391,/home/sergey/iqa-data/spaq/SPAQ/TestImage/03391.jpg,0.2801063829787233,17.98052978515625
23591,spaq,spaq/03394,/home/sergey/iqa-data/spaq/SPAQ/TestImage/03394.jpg,0.4113829787234043,21.679203033447266
23599,spaq,spaq/03402,/home/sergey/iqa-data/spaq/SPAQ/TestImage/03402.jpg,0.5413829787234042,21.060251235961914
23602,spaq,spaq/03405,/home/sergey/iqa-data/spaq/SPAQ/TestImage/03405.jpg,0.1702127659574468,23.615095138549805
23606,spaq,spaq/03409,/home/sergey/iqa-data/spaq/SPAQ/TestImage/03409.jpg,0.2435106382978723,27.717905044555664
23610,spaq,spaq/03413,/home/sergey/iqa-data/spaq/SPAQ/TestImage/03413.jpg,0.9503191489361702,60.8933219909668
23613,spaq,spaq/03416,/home/sergey/iqa-data/spaq/SPAQ/TestImage/03416.jpg,0.6347872340425532,28.63775062561035
23614,spaq,spaq/03417,/home/sergey/iqa-data/spaq/SPAQ/TestImage/03417.jpg,0.6287234042553191,27.813373565673828
23621,spaq,spaq/03424,/home/sergey/iqa-data/spaq/SPAQ/TestImage/03424.jpg,0.4220212765957447,22.570035934448242
23627,spaq,spaq/03430,/home/sergey/iqa-data/spaq/SPAQ/TestImage/03430.jpg,0.3389361702127659,30.38705062866211
23629,spaq,spaq/03432,/home/sergey/iqa-data/spaq/SPAQ/TestImage/03432.jpg,0.5204255319148936,30.09334945678711
23634,spaq,spaq/03437,/home/sergey/iqa-data/spaq/SPAQ/TestImage/03437.jpg,0.3608510638297872,27.679176330566406
23640,spaq,spaq/03443,/home/sergey/iqa-data/spaq/SPAQ/TestImage/03443.jpg,0.7514893617021277,39.25862503051758
23643,spaq,spaq/03446,/home/sergey/iqa-data/spaq/SPAQ/TestImage/03446.jpg,0.7857446808510639,60.92627716064453
23644,spaq,spaq/03447,/home/sergey/iqa-data/spaq/SPAQ/TestImage/03447.jpg,0.6418085106382978,49.13865661621094
23646,spaq,spaq/03449,/home/sergey/iqa-data/spaq/SPAQ/TestImage/03449.jpg,0.6959574468085107,36.024627685546875
23648,spaq,spaq/03451,/home/sergey/iqa-data/spaq/SPAQ/TestImage/03451.jpg,0.5172340425531915,22.133930206298828
23649,spaq,spaq/03452,/home/sergey/iqa-data/spaq/SPAQ/TestImage/03452.jpg,0.480531914893617,37.41383743286133
23665,spaq,spaq/03468,/home/sergey/iqa-data/spaq/SPAQ/TestImage/03468.jpg,0.5061702127659574,29.33591079711914
23673,spaq,spaq/03476,/home/sergey/iqa-data/spaq/SPAQ/TestImage/03476.jpg,0.7804255319148936,64.22828674316406
23675,spaq,spaq/03478,/home/sergey/iqa-data/spaq/SPAQ/TestImage/03478.jpg,0.1569148936170212,21.49457550048828
23679,spaq,spaq/03482,/home/sergey/iqa-data/spaq/SPAQ/TestImage/03482.jpg,0.6914893617021277,29.945003509521484
23682,spaq,spaq/03485,/home/sergey/iqa-data/spaq/SPAQ/TestImage/03485.jpg,0.1682978723404255,23.54279899597168
23688,spaq,spaq/03491,/home/sergey/iqa-data/spaq/SPAQ/TestImage/03491.jpg,0.4536170212765957,24.884849548339844
23693,spaq,spaq/03496,/home/sergey/iqa-data/spaq/SPAQ/TestImage/03496.jpg,0.7117021276595745,47.333961486816406
23696,spaq,spaq/03499,/home/sergey/iqa-data/spaq/SPAQ/TestImage/03499.jpg,0.6789361702127659,53.00891876220703
23702,spaq,spaq/03505,/home/sergey/iqa-data/spaq/SPAQ/TestImage/03505.jpg,0.4122340425531915,31.133987426757812
23704,spaq,spaq/03507,/home/sergey/iqa-data/spaq/SPAQ/TestImage/03507.jpg,0.7854255319148936,49.705474853515625
23705,spaq,spaq/03508,/home/sergey/iqa-data/spaq/SPAQ/TestImage/03508.jpg,0.5695744680851064,37.694847106933594
23717,spaq,spaq/03520,/home/sergey/iqa-data/spaq/SPAQ/TestImage/03520.jpg,0.7890425531914894,52.912635803222656
23723,spaq,spaq/03526,/home/sergey/iqa-data/spaq/SPAQ/TestImage/03526.jpg,0.2291489361702127,19.304859161376953
23731,spaq,spaq/03534,/home/sergey/iqa-data/spaq/SPAQ/TestImage/03534.jpg,0.2234042553191489,20.669164657592773
23732,spaq,spaq/03535,/home/sergey/iqa-data/spaq/SPAQ/TestImage/03535.jpg,0.7917021276595745,59.94389343261719
23740,spaq,spaq/03543,/home/sergey/iqa-data/spaq/SPAQ/TestImage/03543.jpg,0.1527659574468085,23.05751609802246
23742,spaq,spaq/03545,/home/sergey/iqa-data/spaq/SPAQ/TestImage/03545.jpg,0.4619148936170213,16.124752044677734
23746,spaq,spaq/03549,/home/sergey/iqa-data/spaq/SPAQ/TestImage/03549.jpg,0.8003191489361703,40.955318450927734
23747,spaq,spaq/03550,/home/sergey/iqa-data/spaq/SPAQ/TestImage/03550.jpg,0.8444680851063829,55.7078742980957
23749,spaq,spaq/03552,/home/sergey/iqa-data/spaq/SPAQ/TestImage/03552.jpg,0.5879787234042554,41.67887878417969
23758,spaq,spaq/03561,/home/sergey/iqa-data/spaq/SPAQ/TestImage/03561.jpg,0.4468085106382978,34.42924499511719
23779,spaq,spaq/03582,/home/sergey/iqa-data/spaq/SPAQ/TestImage/03582.jpg,0.2987234042553191,23.481651306152344
23780,spaq,spaq/03583,/home/sergey/iqa-data/spaq/SPAQ/TestImage/03583.jpg,0.6797872340425533,31.014610290527344
23800,spaq,spaq/03603,/home/sergey/iqa-data/spaq/SPAQ/TestImage/03603.jpg,0.708936170212766,59.737056732177734
23802,spaq,spaq/03605,/home/sergey/iqa-data/spaq/SPAQ/TestImage/03605.jpg,0.7207446808510638,30.836557388305664
23804,spaq,spaq/03607,/home/sergey/iqa-data/spaq/SPAQ/TestImage/03607.jpg,0.7224468085106382,59.962520599365234
23810,spaq,spaq/03613,/home/sergey/iqa-data/spaq/SPAQ/TestImage/03613.jpg,0.5345744680851063,48.67150115966797
23830,spaq,spaq/03633,/home/sergey/iqa-data/spaq/SPAQ/TestImage/03633.jpg,0.6454255319148936,32.49418258666992
23835,spaq,spaq/03638,/home/sergey/iqa-data/spaq/SPAQ/TestImage/03638.jpg,0.6082978723404255,17.280502319335938
23840,spaq,spaq/03643,/home/sergey/iqa-data/spaq/SPAQ/TestImage/03643.jpg,0.4274468085106383,39.536041259765625
23846,spaq,spaq/03649,/home/sergey/iqa-data/spaq/SPAQ/TestImage/03649.jpg,0.6740425531914893,53.70164489746094
23849,spaq,spaq/03652,/home/sergey/iqa-data/spaq/SPAQ/TestImage/03652.jpg,0.8645744680851063,49.823150634765625
23862,spaq,spaq/03665,/home/sergey/iqa-data/spaq/SPAQ/TestImage/03665.jpg,0.3297872340425531,20.91067886352539
23864,spaq,spaq/03667,/home/sergey/iqa-data/spaq/SPAQ/TestImage/03667.jpg,0.7021276595744681,62.47750473022461
23869,spaq,spaq/03672,/home/sergey/iqa-data/spaq/SPAQ/TestImage/03672.jpg,0.3307446808510638,28.073047637939453
23883,spaq,spaq/03686,/home/sergey/iqa-data/spaq/SPAQ/TestImage/03686.jpg,0.2819148936170212,26.969154357910156
23888,spaq,spaq/03691,/home/sergey/iqa-data/spaq/SPAQ/TestImage/03691.jpg,0.4820212765957447,26.447307586669922
23889,spaq,spaq/03692,/home/sergey/iqa-data/spaq/SPAQ/TestImage/03692.jpg,0.675531914893617,57.849754333496094
23890,spaq,spaq/03693,/home/sergey/iqa-data/spaq/SPAQ/TestImage/03693.jpg,0.7356382978723405,44.059364318847656
23891,spaq,spaq/03694,/home/sergey/iqa-data/spaq/SPAQ/TestImage/03694.jpg,0.3713829787234042,17.4392032623291
23894,spaq,spaq/03697,/home/sergey/iqa-data/spaq/SPAQ/TestImage/03697.jpg,0.4698936170212766,26.6206111907959
23902,spaq,spaq/03705,/home/sergey/iqa-data/spaq/SPAQ/TestImage/03705.jpg,0.4662765957446808,30.209598541259766
23905,spaq,spaq/03708,/home/sergey/iqa-data/spaq/SPAQ/TestImage/03708.jpg,0.7127659574468085,22.48467254638672
23906,spaq,spaq/03709,/home/sergey/iqa-data/spaq/SPAQ/TestImage/03709.jpg,0.395,16.152490615844727
23915,spaq,spaq/03718,/home/sergey/iqa-data/spaq/SPAQ/TestImage/03718.jpg,0.7717021276595746,51.04377746582031
23917,spaq,spaq/03720,/home/sergey/iqa-data/spaq/SPAQ/TestImage/03720.jpg,0.2602127659574468,25.43014907836914
23918,spaq,spaq/03721,/home/sergey/iqa-data/spaq/SPAQ/TestImage/03721.jpg,0.7162765957446808,51.02307891845703
23919,spaq,spaq/03722,/home/sergey/iqa-data/spaq/SPAQ/TestImage/03722.jpg,0.6448936170212766,37.346946716308594
23921,spaq,spaq/03724,/home/sergey/iqa-data/spaq/SPAQ/TestImage/03724.jpg,0.3877659574468085,27.679018020629883
23922,spaq,spaq/03725,/home/sergey/iqa-data/spaq/SPAQ/TestImage/03725.jpg,0.6243617021276595,37.056297302246094
23928,spaq,spaq/03731,/home/sergey/iqa-data/spaq/SPAQ/TestImage/03731.jpg,0.7819148936170213,45.03932189941406
23929,spaq,spaq/03732,/home/sergey/iqa-data/spaq/SPAQ/TestImage/03732.jpg,0.4353191489361702,24.684879302978516
23935,spaq,spaq/03738,/home/sergey/iqa-data/spaq/SPAQ/TestImage/03738.jpg,0.635,43.80953598022461
23937,spaq,spaq/03740,/home/sergey/iqa-data/spaq/SPAQ/TestImage/03740.jpg,0.5713829787234043,50.18978500366211
23940,spaq,spaq/03743,/home/sergey/iqa-data/spaq/SPAQ/TestImage/03743.jpg,0.7127659574468085,39.94007110595703
23947,spaq,spaq/03750,/home/sergey/iqa-data/spaq/SPAQ/TestImage/03750.jpg,0.2677659574468085,18.377315521240234
23952,spaq,spaq/03755,/home/sergey/iqa-data/spaq/SPAQ/TestImage/03755.jpg,0.8395744680851064,55.30738067626953
23955,spaq,spaq/03758,/home/sergey/iqa-data/spaq/SPAQ/TestImage/03758.jpg,0.5392553191489361,29.80605697631836
23966,spaq,spaq/03769,/home/sergey/iqa-data/spaq/SPAQ/TestImage/03769.jpg,0.3207446808510638,45.76763153076172
23969,spaq,spaq/03772,/home/sergey/iqa-data/spaq/SPAQ/TestImage/03772.jpg,0.4858510638297872,26.255409240722656
23972,spaq,spaq/03775,/home/sergey/iqa-data/spaq/SPAQ/TestImage/03775.jpg,0.5452127659574468,34.25461196899414
23976,spaq,spaq/03779,/home/sergey/iqa-data/spaq/SPAQ/TestImage/03779.jpg,0.3123404255319149,18.076704025268555
23979,spaq,spaq/03782,/home/sergey/iqa-data/spaq/SPAQ/TestImage/03782.jpg,0.7203191489361701,53.7923698425293
23980,spaq,spaq/03783,/home/sergey/iqa-data/spaq/SPAQ/TestImage/03783.jpg,0.2918085106382979,23.351524353027344
23981,spaq,spaq/03784,/home/sergey/iqa-data/spaq/SPAQ/TestImage/03784.jpg,0.647127659574468,24.059932708740234
23986,spaq,spaq/03789,/home/sergey/iqa-data/spaq/SPAQ/TestImage/03789.jpg,0.2162765957446808,23.39231300354004
23987,spaq,spaq/03790,/home/sergey/iqa-data/spaq/SPAQ/TestImage/03790.jpg,0.5319148936170213,28.79651641845703
23992,spaq,spaq/03795,/home/sergey/iqa-data/spaq/SPAQ/TestImage/03795.jpg,0.449468085106383,37.43922424316406
23996,spaq,spaq/03799,/home/sergey/iqa-data/spaq/SPAQ/TestImage/03799.jpg,0.202127659574468,20.962602615356445
24000,spaq,spaq/03803,/home/sergey/iqa-data/spaq/SPAQ/TestImage/03803.jpg,0.6276595744680851,47.265892028808594
24006,spaq,spaq/03809,/home/sergey/iqa-data/spaq/SPAQ/TestImage/03809.jpg,0.5440425531914894,44.377193450927734
24014,spaq,spaq/03817,/home/sergey/iqa-data/spaq/SPAQ/TestImage/03817.jpg,0.3882978723404255,26.46158218383789
24015,spaq,spaq/03818,/home/sergey/iqa-data/spaq/SPAQ/TestImage/03818.jpg,0.3156382978723404,24.81174659729004
24022,spaq,spaq/03825,/home/sergey/iqa-data/spaq/SPAQ/TestImage/03825.jpg,0.7801063829787234,43.9621696472168
24024,spaq,spaq/03827,/home/sergey/iqa-data/spaq/SPAQ/TestImage/03827.jpg,0.7202127659574469,23.42064666748047
24030,spaq,spaq/03833,/home/sergey/iqa-data/spaq/SPAQ/TestImage/03833.jpg,0.6932978723404255,49.255584716796875
24040,spaq,spaq/03843,/home/sergey/iqa-data/spaq/SPAQ/TestImage/03843.jpg,0.4802127659574468,28.4835262298584
24043,spaq,spaq/03846,/home/sergey/iqa-data/spaq/SPAQ/TestImage/03846.jpg,0.3692553191489361,37.946266174316406
24046,spaq,spaq/03849,/home/sergey/iqa-data/spaq/SPAQ/TestImage/03849.jpg,0.2461702127659574,25.581619262695312
24059,spaq,spaq/03862,/home/sergey/iqa-data/spaq/SPAQ/TestImage/03862.jpg,0.7727659574468085,40.121524810791016
24062,spaq,spaq/03865,/home/sergey/iqa-data/spaq/SPAQ/TestImage/03865.jpg,0.7774468085106383,45.49031066894531
24070,spaq,spaq/03873,/home/sergey/iqa-data/spaq/SPAQ/TestImage/03873.jpg,0.7986170212765956,42.03724670410156
24071,spaq,spaq/03874,/home/sergey/iqa-data/spaq/SPAQ/TestImage/03874.jpg,0.1823404255319149,24.376201629638672
24074,spaq,spaq/03877,/home/sergey/iqa-data/spaq/SPAQ/TestImage/03877.jpg,0.7811702127659576,61.17192077636719
24076,spaq,spaq/03879,/home/sergey/iqa-data/spaq/SPAQ/TestImage/03879.jpg,0.635,24.57872772216797
24084,spaq,spaq/03887,/home/sergey/iqa-data/spaq/SPAQ/TestImage/03887.jpg,0.8412765957446808,47.15089797973633
24086,spaq,spaq/03889,/home/sergey/iqa-data/spaq/SPAQ/TestImage/03889.jpg,0.8338297872340426,45.74505615234375
24087,spaq,spaq/03890,/home/sergey/iqa-data/spaq/SPAQ/TestImage/03890.jpg,0.8442553191489361,46.51435089111328
24092,spaq,spaq/03895,/home/sergey/iqa-data/spaq/SPAQ/TestImage/03895.jpg,0.8267021276595744,36.9012565612793
24095,spaq,spaq/03898,/home/sergey/iqa-data/spaq/SPAQ/TestImage/03898.jpg,0.8592553191489362,41.25533676147461
24096,spaq,spaq/03899,/home/sergey/iqa-data/spaq/SPAQ/TestImage/03899.jpg,0.264468085106383,23.540023803710938
24102,spaq,spaq/03905,/home/sergey/iqa-data/spaq/SPAQ/TestImage/03905.jpg,0.2971276595744681,20.926681518554688
24103,spaq,spaq/03906,/home/sergey/iqa-data/spaq/SPAQ/TestImage/03906.jpg,0.1185106382978723,17.538427352905273
24104,spaq,spaq/03907,/home/sergey/iqa-data/spaq/SPAQ/TestImage/03907.jpg,0.7471276595744681,35.976226806640625
24105,spaq,spaq/03908,/home/sergey/iqa-data/spaq/SPAQ/TestImage/03908.jpg,0.8257446808510639,36.27594757080078
24107,spaq,spaq/03910,/home/sergey/iqa-data/spaq/SPAQ/TestImage/03910.jpg,0.0990425531914893,14.624383926391602
24109,spaq,spaq/03912,/home/sergey/iqa-data/spaq/SPAQ/TestImage/03912.jpg,0.8118085106382978,43.86055374145508
24111,spaq,spaq/03914,/home/sergey/iqa-data/spaq/SPAQ/TestImage/03914.jpg,0.3257446808510638,24.99905014038086
24115,spaq,spaq/03918,/home/sergey/iqa-data/spaq/SPAQ/TestImage/03918.jpg,0.2996808510638298,27.280912399291992
24116,spaq,spaq/03919,/home/sergey/iqa-data/spaq/SPAQ/TestImage/03919.jpg,0.7970212765957447,46.098175048828125
24117,spaq,spaq/03920,/home/sergey/iqa-data/spaq/SPAQ/TestImage/03920.jpg,0.5079787234042553,25.881900787353516
24123,spaq,spaq/03926,/home/sergey/iqa-data/spaq/SPAQ/TestImage/03926.jpg,0.8636170212765958,52.25836181640625
24125,spaq,spaq/03928,/home/sergey/iqa-data/spaq/SPAQ/TestImage/03928.jpg,0.1973404255319149,27.43621826171875
24129,spaq,spaq/03932,/home/sergey/iqa-data/spaq/SPAQ/TestImage/03932.jpg,0.7843617021276597,54.27991485595703
24130,spaq,spaq/03933,/home/sergey/iqa-data/spaq/SPAQ/TestImage/03933.jpg,0.4058510638297872,22.758865356445312
24138,spaq,spaq/03941,/home/sergey/iqa-data/spaq/SPAQ/TestImage/03941.jpg,0.3226595744680851,21.76120948791504
24141,spaq,spaq/03944,/home/sergey/iqa-data/spaq/SPAQ/TestImage/03944.jpg,0.4476595744680851,30.090641021728516
24145,spaq,spaq/03948,/home/sergey/iqa-data/spaq/SPAQ/TestImage/03948.jpg,0.620531914893617,47.933406829833984
24154,spaq,spaq/03957,/home/sergey/iqa-data/spaq/SPAQ/TestImage/03957.jpg,0.7561702127659574,48.98735046386719
24155,spaq,spaq/03958,/home/sergey/iqa-data/spaq/SPAQ/TestImage/03958.jpg,0.3806382978723404,18.29513168334961
24164,spaq,spaq/03967,/home/sergey/iqa-data/spaq/SPAQ/TestImage/03967.jpg,0.7891489361702129,38.61158752441406
24167,spaq,spaq/03970,/home/sergey/iqa-data/spaq/SPAQ/TestImage/03970.jpg,0.3707446808510638,29.8255672454834
24177,spaq,spaq/03980,/home/sergey/iqa-data/spaq/SPAQ/TestImage/03980.jpg,0.7719148936170213,50.282752990722656
24192,spaq,spaq/03995,/home/sergey/iqa-data/spaq/SPAQ/TestImage/03995.jpg,0.2347872340425532,34.303401947021484
24194,spaq,spaq/03997,/home/sergey/iqa-data/spaq/SPAQ/TestImage/03997.jpg,0.2619148936170213,16.24079704284668
24200,spaq,spaq/04003,/home/sergey/iqa-data/spaq/SPAQ/TestImage/04003.jpg,0.4756382978723404,24.268390655517578
24224,spaq,spaq/04027,/home/sergey/iqa-data/spaq/SPAQ/TestImage/04027.jpg,0.4992553191489361,14.570028305053711
24228,spaq,spaq/04031,/home/sergey/iqa-data/spaq/SPAQ/TestImage/04031.jpg,0.2757446808510638,45.44538879394531
24238,spaq,spaq/04041,/home/sergey/iqa-data/spaq/SPAQ/TestImage/04041.jpg,0.3696808510638298,19.715160369873047
24240,spaq,spaq/04043,/home/sergey/iqa-data/spaq/SPAQ/TestImage/04043.jpg,0.5736170212765958,40.1505126953125
24245,spaq,spaq/04048,/home/sergey/iqa-data/spaq/SPAQ/TestImage/04048.jpg,0.7880851063829787,33.96943664550781
24247,spaq,spaq/04050,/home/sergey/iqa-data/spaq/SPAQ/TestImage/04050.jpg,0.346595744680851,15.363797187805176
24252,spaq,spaq/04055,/home/sergey/iqa-data/spaq/SPAQ/TestImage/04055.jpg,0.265,17.380020141601562
24253,spaq,spaq/04056,/home/sergey/iqa-data/spaq/SPAQ/TestImage/04056.jpg,0.2602127659574468,27.24007225036621
24254,spaq,spaq/04057,/home/sergey/iqa-data/spaq/SPAQ/TestImage/04057.jpg,0.5736170212765958,64.05874633789062
24262,spaq,spaq/04065,/home/sergey/iqa-data/spaq/SPAQ/TestImage/04065.jpg,0.5691489361702128,24.9987735748291
24263,spaq,spaq/04066,/home/sergey/iqa-data/spaq/SPAQ/TestImage/04066.jpg,0.8317021276595745,52.46687316894531
24275,spaq,spaq/04078,/home/sergey/iqa-data/spaq/SPAQ/TestImage/04078.jpg,0.2678723404255319,28.060562133789062
24281,spaq,spaq/04084,/home/sergey/iqa-data/spaq/SPAQ/TestImage/04084.jpg,0.6907446808510639,62.00212097167969
24290,spaq,spaq/04093,/home/sergey/iqa-data/spaq/SPAQ/TestImage/04093.jpg,0.2840425531914893,18.48836898803711
24291,spaq,spaq/04094,/home/sergey/iqa-data/spaq/SPAQ/TestImage/04094.jpg,0.8691489361702128,51.556427001953125
24292,spaq,spaq/04095,/home/sergey/iqa-data/spaq/SPAQ/TestImage/04095.jpg,0.2968085106382979,21.74397087097168
24298,spaq,spaq/04101,/home/sergey/iqa-data/spaq/SPAQ/TestImage/04101.jpg,0.2727659574468085,30.411230087280273
24300,spaq,spaq/04103,/home/sergey/iqa-data/spaq/SPAQ/TestImage/04103.jpg,0.3240425531914894,19.068031311035156
24303,spaq,spaq/04106,/home/sergey/iqa-data/spaq/SPAQ/TestImage/04106.jpg,0.6617021276595745,34.17721939086914
24307,spaq,spaq/04110,/home/sergey/iqa-data/spaq/SPAQ/TestImage/04110.jpg,0.814468085106383,52.77428436279297
24321,spaq,spaq/04124,/home/sergey/iqa-data/spaq/SPAQ/TestImage/04124.jpg,0.5435106382978724,32.100868225097656
24330,spaq,spaq/04133,/home/sergey/iqa-data/spaq/SPAQ/TestImage/04133.jpg,0.4308510638297872,25.116073608398438
24346,spaq,spaq/04149,/home/sergey/iqa-data/spaq/SPAQ/TestImage/04149.jpg,0.7993617021276596,51.94176483154297
24348,spaq,spaq/04151,/home/sergey/iqa-data/spaq/SPAQ/TestImage/04151.jpg,0.4769148936170213,55.93916320800781
24349,spaq,spaq/04152,/home/sergey/iqa-data/spaq/SPAQ/TestImage/04152.jpg,0.5372340425531915,35.756317138671875
24353,spaq,spaq/04156,/home/sergey/iqa-data/spaq/SPAQ/TestImage/04156.jpg,0.7492553191489363,37.4927978515625
24355,spaq,spaq/04158,/home/sergey/iqa-data/spaq/SPAQ/TestImage/04158.jpg,0.8206382978723404,43.69981384277344
24358,spaq,spaq/04161,/home/sergey/iqa-data/spaq/SPAQ/TestImage/04161.jpg,0.8218085106382979,64.95188903808594
24359,spaq,spaq/04162,/home/sergey/iqa-data/spaq/SPAQ/TestImage/04162.jpg,0.357127659574468,17.18108367919922
24360,spaq,spaq/04163,/home/sergey/iqa-data/spaq/SPAQ/TestImage/04163.jpg,0.6152127659574468,30.7519474029541
24367,spaq,spaq/04170,/home/sergey/iqa-data/spaq/SPAQ/TestImage/04170.jpg,0.1777659574468085,22.20146942138672
24371,spaq,spaq/04174,/home/sergey/iqa-data/spaq/SPAQ/TestImage/04174.jpg,0.6241489361702128,41.68083953857422
24372,spaq,spaq/04175,/home/sergey/iqa-data/spaq/SPAQ/TestImage/04175.jpg,0.1352127659574468,25.261945724487305
24375,spaq,spaq/04178,/home/sergey/iqa-data/spaq/SPAQ/TestImage/04178.jpg,0.8439361702127659,60.012664794921875
24392,spaq,spaq/04195,/home/sergey/iqa-data/spaq/SPAQ/TestImage/04195.jpg,0.3282978723404255,16.261367797851562
24393,spaq,spaq/04196,/home/sergey/iqa-data/spaq/SPAQ/TestImage/04196.jpg,0.6454255319148936,56.56390380859375
24394,spaq,spaq/04197,/home/sergey/iqa-data/spaq/SPAQ/TestImage/04197.jpg,0.7180851063829787,37.00995635986328
24399,spaq,spaq/04202,/home/sergey/iqa-data/spaq/SPAQ/TestImage/04202.jpg,0.4326595744680851,29.51243782043457
24416,spaq,spaq/04219,/home/sergey/iqa-data/spaq/SPAQ/TestImage/04219.jpg,0.2872340425531915,39.555206298828125
24417,spaq,spaq/04220,/home/sergey/iqa-data/spaq/SPAQ/TestImage/04220.jpg,0.4853191489361702,30.69116973876953
24422,spaq,spaq/04225,/home/sergey/iqa-data/spaq/SPAQ/TestImage/04225.jpg,0.6104255319148937,34.389015197753906
24423,spaq,spaq/04226,/home/sergey/iqa-data/spaq/SPAQ/TestImage/04226.jpg,0.2978723404255319,25.54189682006836
24429,spaq,spaq/04232,/home/sergey/iqa-data/spaq/SPAQ/TestImage/04232.jpg,0.7398936170212765,30.391244888305664
24433,spaq,spaq/04236,/home/sergey/iqa-data/spaq/SPAQ/TestImage/04236.jpg,0.4163829787234042,15.278650283813477
24435,spaq,spaq/04238,/home/sergey/iqa-data/spaq/SPAQ/TestImage/04238.jpg,0.1906382978723404,27.084728240966797
24436,spaq,spaq/04239,/home/sergey/iqa-data/spaq/SPAQ/TestImage/04239.jpg,0.8209574468085107,45.62156677246094
24438,spaq,spaq/04241,/home/sergey/iqa-data/spaq/SPAQ/TestImage/04241.jpg,0.7854255319148936,43.11884307861328
24442,spaq,spaq/04245,/home/sergey/iqa-data/spaq/SPAQ/TestImage/04245.jpg,0.1959574468085106,23.068923950195312
24452,spaq,spaq/04255,/home/sergey/iqa-data/spaq/SPAQ/TestImage/04255.jpg,0.671063829787234,41.98332977294922
24454,spaq,spaq/04257,/home/sergey/iqa-data/spaq/SPAQ/TestImage/04257.jpg,0.5736170212765958,23.47762680053711
24455,spaq,spaq/04258,/home/sergey/iqa-data/spaq/SPAQ/TestImage/04258.jpg,0.2704255319148936,21.69938850402832
24456,spaq,spaq/04259,/home/sergey/iqa-data/spaq/SPAQ/TestImage/04259.jpg,0.4361702127659574,43.52044677734375
24458,spaq,spaq/04261,/home/sergey/iqa-data/spaq/SPAQ/TestImage/04261.jpg,0.6773404255319149,27.804019927978516
24459,spaq,spaq/04262,/home/sergey/iqa-data/spaq/SPAQ/TestImage/04262.jpg,0.1622340425531915,17.458770751953125
24467,spaq,spaq/04270,/home/sergey/iqa-data/spaq/SPAQ/TestImage/04270.jpg,0.4445744680851063,21.148334503173828
24473,spaq,spaq/04276,/home/sergey/iqa-data/spaq/SPAQ/TestImage/04276.jpg,0.2957446808510638,31.18217658996582
24474,spaq,spaq/04277,/home/sergey/iqa-data/spaq/SPAQ/TestImage/04277.jpg,0.6196808510638298,43.05530548095703
24479,spaq,spaq/04282,/home/sergey/iqa-data/spaq/SPAQ/TestImage/04282.jpg,0.2224468085106383,28.142093658447266
24504,spaq,spaq/04307,/home/sergey/iqa-data/spaq/SPAQ/TestImage/04307.jpg,0.3768085106382979,26.01396942138672
24509,spaq,spaq/04312,/home/sergey/iqa-data/spaq/SPAQ/TestImage/04312.jpg,0.7269148936170212,42.232948303222656
24513,spaq,spaq/04316,/home/sergey/iqa-data/spaq/SPAQ/TestImage/04316.jpg,0.2863829787234043,26.254657745361328
24520,spaq,spaq/04323,/home/sergey/iqa-data/spaq/SPAQ/TestImage/04323.jpg,0.2243617021276595,22.566959381103516
24521,spaq,spaq/04324,/home/sergey/iqa-data/spaq/SPAQ/TestImage/04324.jpg,0.7881914893617021,28.551742553710938
24531,spaq,spaq/04334,/home/sergey/iqa-data/spaq/SPAQ/TestImage/04334.jpg,0.705,47.465457916259766
24535,spaq,spaq/04338,/home/sergey/iqa-data/spaq/SPAQ/TestImage/04338.jpg,0.175531914893617,34.128173828125
24561,spaq,spaq/04364,/home/sergey/iqa-data/spaq/SPAQ/TestImage/04364.jpg,0.7617021276595745,47.70387649536133
24565,spaq,spaq/04368,/home/sergey/iqa-data/spaq/SPAQ/TestImage/04368.jpg,0.7699999999999999,39.6453742980957
24566,spaq,spaq/04369,/home/sergey/iqa-data/spaq/SPAQ/TestImage/04369.jpg,0.512127659574468,35.74043273925781
24569,spaq,spaq/04372,/home/sergey/iqa-data/spaq/SPAQ/TestImage/04372.jpg,0.3897872340425532,25.666532516479492
24571,spaq,spaq/04374,/home/sergey/iqa-data/spaq/SPAQ/TestImage/04374.jpg,0.4425531914893617,19.957040786743164
24572,spaq,spaq/04375,/home/sergey/iqa-data/spaq/SPAQ/TestImage/04375.jpg,0.2928723404255319,21.074092864990234
24573,spaq,spaq/04376,/home/sergey/iqa-data/spaq/SPAQ/TestImage/04376.jpg,0.8737234042553191,35.5111083984375
24575,spaq,spaq/04378,/home/sergey/iqa-data/spaq/SPAQ/TestImage/04378.jpg,0.5673404255319149,56.11738586425781
24578,spaq,spaq/04381,/home/sergey/iqa-data/spaq/SPAQ/TestImage/04381.jpg,0.672340425531915,39.52727127075195
24594,spaq,spaq/04397,/home/sergey/iqa-data/spaq/SPAQ/TestImage/04397.jpg,0.6921276595744681,50.55612564086914
24595,spaq,spaq/04398,/home/sergey/iqa-data/spaq/SPAQ/TestImage/04398.jpg,0.6630851063829787,55.783790588378906
24600,spaq,spaq/04403,/home/sergey/iqa-data/spaq/SPAQ/TestImage/04403.jpg,0.3773404255319149,31.11829376220703
24604,spaq,spaq/04407,/home/sergey/iqa-data/spaq/SPAQ/TestImage/04407.jpg,0.7027659574468086,46.572391510009766
24607,spaq,spaq/04410,/home/sergey/iqa-data/spaq/SPAQ/TestImage/04410.jpg,0.5325531914893618,55.21211242675781
24613,spaq,spaq/04416,/home/sergey/iqa-data/spaq/SPAQ/TestImage/04416.jpg,0.3723404255319149,29.40926170349121
24617,spaq,spaq/04420,/home/sergey/iqa-data/spaq/SPAQ/TestImage/04420.jpg,0.6769148936170212,46.7938232421875
24623,spaq,spaq/04426,/home/sergey/iqa-data/spaq/SPAQ/TestImage/04426.jpg,0.2673404255319149,33.1361198425293
24624,spaq,spaq/04427,/home/sergey/iqa-data/spaq/SPAQ/TestImage/04427.jpg,0.3361702127659575,35.408050537109375
24625,spaq,spaq/04428,/home/sergey/iqa-data/spaq/SPAQ/TestImage/04428.jpg,0.2765957446808511,22.199180603027344
24632,spaq,spaq/04435,/home/sergey/iqa-data/spaq/SPAQ/TestImage/04435.jpg,0.6582978723404256,34.8832893371582
24637,spaq,spaq/04440,/home/sergey/iqa-data/spaq/SPAQ/TestImage/04440.jpg,0.4508510638297872,36.52070617675781
24639,spaq,spaq/04442,/home/sergey/iqa-data/spaq/SPAQ/TestImage/04442.jpg,0.375,17.007551193237305
24641,spaq,spaq/04444,/home/sergey/iqa-data/spaq/SPAQ/TestImage/04444.jpg,0.4634042553191489,16.645767211914062
24645,spaq,spaq/04448,/home/sergey/iqa-data/spaq/SPAQ/TestImage/04448.jpg,0.5904255319148937,46.81199645996094
24653,spaq,spaq/04456,/home/sergey/iqa-data/spaq/SPAQ/TestImage/04456.jpg,0.6314893617021277,35.1297492980957
24660,spaq,spaq/04463,/home/sergey/iqa-data/spaq/SPAQ/TestImage/04463.jpg,0.4481914893617021,14.087809562683105
24663,spaq,spaq/04466,/home/sergey/iqa-data/spaq/SPAQ/TestImage/04466.jpg,0.5292553191489362,39.095062255859375
24664,spaq,spaq/04467,/home/sergey/iqa-data/spaq/SPAQ/TestImage/04467.jpg,0.300531914893617,19.647647857666016
24668,spaq,spaq/04471,/home/sergey/iqa-data/spaq/SPAQ/TestImage/04471.jpg,0.7925531914893617,52.67058563232422
24672,spaq,spaq/04475,/home/sergey/iqa-data/spaq/SPAQ/TestImage/04475.jpg,0.3829787234042553,22.635576248168945
24683,spaq,spaq/04486,/home/sergey/iqa-data/spaq/SPAQ/TestImage/04486.jpg,0.7446808510638298,44.21238708496094
24684,spaq,spaq/04487,/home/sergey/iqa-data/spaq/SPAQ/TestImage/04487.jpg,0.8173404255319149,36.327152252197266
24690,spaq,spaq/04493,/home/sergey/iqa-data/spaq/SPAQ/TestImage/04493.jpg,0.4134042553191489,21.227014541625977
24700,spaq,spaq/04503,/home/sergey/iqa-data/spaq/SPAQ/TestImage/04503.jpg,0.3677659574468085,15.821213722229004
24701,spaq,spaq/04504,/home/sergey/iqa-data/spaq/SPAQ/TestImage/04504.jpg,0.594468085106383,38.82832717895508
24703,spaq,spaq/04506,/home/sergey/iqa-data/spaq/SPAQ/TestImage/04506.jpg,0.3338297872340426,25.41439437866211
24709,spaq,spaq/04512,/home/sergey/iqa-data/spaq/SPAQ/TestImage/04512.jpg,0.8070212765957446,52.720638275146484
24710,spaq,spaq/04513,/home/sergey/iqa-data/spaq/SPAQ/TestImage/04513.jpg,0.5896808510638298,29.144123077392578
24714,spaq,spaq/04517,/home/sergey/iqa-data/spaq/SPAQ/TestImage/04517.jpg,0.0638297872340425,20.110671997070312
24722,spaq,spaq/04525,/home/sergey/iqa-data/spaq/SPAQ/TestImage/04525.jpg,0.5980851063829787,29.08114242553711
24723,spaq,spaq/04526,/home/sergey/iqa-data/spaq/SPAQ/TestImage/04526.jpg,0.5243617021276595,31.365543365478516
24727,spaq,spaq/04530,/home/sergey/iqa-data/spaq/SPAQ/TestImage/04530.jpg,0.8297872340425532,38.547271728515625
24728,spaq,spaq/04531,/home/sergey/iqa-data/spaq/SPAQ/TestImage/04531.jpg,0.6762765957446808,31.169849395751953
24731,spaq,spaq/04534,/home/sergey/iqa-data/spaq/SPAQ/TestImage/04534.jpg,0.5152127659574468,24.023820877075195
24735,spaq,spaq/04538,/home/sergey/iqa-data/spaq/SPAQ/TestImage/04538.jpg,0.3222340425531915,16.94005584716797
24739,spaq,spaq/04542,/home/sergey/iqa-data/spaq/SPAQ/TestImage/04542.jpg,0.6504255319148936,20.03913688659668
24750,spaq,spaq/04553,/home/sergey/iqa-data/spaq/SPAQ/TestImage/04553.jpg,0.5622340425531915,29.8686580657959
24768,spaq,spaq/04571,/home/sergey/iqa-data/spaq/SPAQ/TestImage/04571.jpg,0.824468085106383,39.952552795410156
24773,spaq,spaq/04576,/home/sergey/iqa-data/spaq/SPAQ/TestImage/04576.jpg,0.2765957446808511,17.230548858642578
24775,spaq,spaq/04578,/home/sergey/iqa-data/spaq/SPAQ/TestImage/04578.jpg,0.4574468085106383,27.978288650512695
24779,spaq,spaq/04582,/home/sergey/iqa-data/spaq/SPAQ/TestImage/04582.jpg,0.3306382978723404,20.541406631469727
24780,spaq,spaq/04583,/home/sergey/iqa-data/spaq/SPAQ/TestImage/04583.jpg,0.2481914893617021,16.18079376220703
24802,spaq,spaq/04605,/home/sergey/iqa-data/spaq/SPAQ/TestImage/04605.jpg,0.379468085106383,32.76885223388672
24808,spaq,spaq/04611,/home/sergey/iqa-data/spaq/SPAQ/TestImage/04611.jpg,0.6196808510638298,28.09322738647461
24814,spaq,spaq/04617,/home/sergey/iqa-data/spaq/SPAQ/TestImage/04617.jpg,0.3927659574468085,21.275222778320312
24815,spaq,spaq/04618,/home/sergey/iqa-data/spaq/SPAQ/TestImage/04618.jpg,0.5354255319148936,34.19551086425781
24827,spaq,spaq/04630,/home/sergey/iqa-data/spaq/SPAQ/TestImage/04630.jpg,0.3545744680851063,30.389379501342773
24834,spaq,spaq/04637,/home/sergey/iqa-data/spaq/SPAQ/TestImage/04637.jpg,0.6276595744680851,49.83235168457031
24838,spaq,spaq/04641,/home/sergey/iqa-data/spaq/SPAQ/TestImage/04641.jpg,0.2477659574468085,23.588134765625
24843,spaq,spaq/04646,/home/sergey/iqa-data/spaq/SPAQ/TestImage/04646.jpg,0.8085106382978723,55.12615966796875
24846,spaq,spaq/04649,/home/sergey/iqa-data/spaq/SPAQ/TestImage/04649.jpg,0.1413829787234042,15.090904235839844
24852,spaq,spaq/04655,/home/sergey/iqa-data/spaq/SPAQ/TestImage/04655.jpg,0.6932978723404255,49.95295715332031
24857,spaq,spaq/04660,/home/sergey/iqa-data/spaq/SPAQ/TestImage/04660.jpg,0.278404255319149,24.25815200805664
24875,spaq,spaq/04678,/home/sergey/iqa-data/spaq/SPAQ/TestImage/04678.jpg,0.7340425531914894,31.33103370666504
24878,spaq,spaq/04681,/home/sergey/iqa-data/spaq/SPAQ/TestImage/04681.jpg,0.3602127659574468,27.555191040039062
24879,spaq,spaq/04682,/home/sergey/iqa-data/spaq/SPAQ/TestImage/04682.jpg,0.8860638297872341,60.77579116821289
24883,spaq,spaq/04686,/home/sergey/iqa-data/spaq/SPAQ/TestImage/04686.jpg,0.4872340425531914,21.363914489746094
24892,spaq,spaq/04695,/home/sergey/iqa-data/spaq/SPAQ/TestImage/04695.jpg,0.0972340425531915,29.598514556884766
24895,spaq,spaq/04698,/home/sergey/iqa-data/spaq/SPAQ/TestImage/04698.jpg,0.151595744680851,30.128448486328125
24898,spaq,spaq/04701,/home/sergey/iqa-data/spaq/SPAQ/TestImage/04701.jpg,0.1854255319148936,16.08021354675293
24903,spaq,spaq/04706,/home/sergey/iqa-data/spaq/SPAQ/TestImage/04706.jpg,0.1848936170212765,28.760433197021484
24904,spaq,spaq/04707,/home/sergey/iqa-data/spaq/SPAQ/TestImage/04707.jpg,0.4348936170212766,35.369903564453125
24907,spaq,spaq/04710,/home/sergey/iqa-data/spaq/SPAQ/TestImage/04710.jpg,0.6678723404255319,21.969833374023438
24915,spaq,spaq/04718,/home/sergey/iqa-data/spaq/SPAQ/TestImage/04718.jpg,0.8351063829787234,56.2799072265625
24917,spaq,spaq/04720,/home/sergey/iqa-data/spaq/SPAQ/TestImage/04720.jpg,0.3176595744680851,29.092906951904297
24921,spaq,spaq/04724,/home/sergey/iqa-data/spaq/SPAQ/TestImage/04724.jpg,0.4752127659574468,36.027793884277344
24928,spaq,spaq/04731,/home/sergey/iqa-data/spaq/SPAQ/TestImage/04731.jpg,0.469468085106383,19.797428131103516
24930,spaq,spaq/04733,/home/sergey/iqa-data/spaq/SPAQ/TestImage/04733.jpg,0.5762765957446808,49.513404846191406
24935,spaq,spaq/04738,/home/sergey/iqa-data/spaq/SPAQ/TestImage/04738.jpg,0.6717021276595745,28.008817672729492
24936,spaq,spaq/04739,/home/sergey/iqa-data/spaq/SPAQ/TestImage/04739.jpg,0.3901063829787234,21.62737274169922
24938,spaq,spaq/04741,/home/sergey/iqa-data/spaq/SPAQ/TestImage/04741.jpg,0.7322340425531915,54.101497650146484
24940,spaq,spaq/04743,/home/sergey/iqa-data/spaq/SPAQ/TestImage/04743.jpg,0.7606382978723404,50.103553771972656
24952,spaq,spaq/04755,/home/sergey/iqa-data/spaq/SPAQ/TestImage/04755.jpg,0.7628723404255319,39.66865539550781
24963,spaq,spaq/04766,/home/sergey/iqa-data/spaq/SPAQ/TestImage/04766.jpg,0.87,50.6995849609375
24965,spaq,spaq/04768,/home/sergey/iqa-data/spaq/SPAQ/TestImage/04768.jpg,0.7506382978723405,22.960926055908203
24968,spaq,spaq/04771,/home/sergey/iqa-data/spaq/SPAQ/TestImage/04771.jpg,0.8357446808510639,60.98340606689453
24969,spaq,spaq/04772,/home/sergey/iqa-data/spaq/SPAQ/TestImage/04772.jpg,0.6992553191489362,24.424606323242188
24970,spaq,spaq/04773,/home/sergey/iqa-data/spaq/SPAQ/TestImage/04773.jpg,0.8570212765957447,46.1309700012207
24972,spaq,spaq/04775,/home/sergey/iqa-data/spaq/SPAQ/TestImage/04775.jpg,0.4432978723404255,37.57982635498047
24973,spaq,spaq/04776,/home/sergey/iqa-data/spaq/SPAQ/TestImage/04776.jpg,0.3439361702127659,43.21701431274414
24975,spaq,spaq/04778,/home/sergey/iqa-data/spaq/SPAQ/TestImage/04778.jpg,0.3131914893617021,30.98160171508789
24977,spaq,spaq/04780,/home/sergey/iqa-data/spaq/SPAQ/TestImage/04780.jpg,0.7734042553191489,61.5665397644043
24987,spaq,spaq/04790,/home/sergey/iqa-data/spaq/SPAQ/TestImage/04790.jpg,0.801063829787234,43.58086395263672
24999,spaq,spaq/04802,/home/sergey/iqa-data/spaq/SPAQ/TestImage/04802.jpg,0.5448936170212766,22.539443969726562
25000,spaq,spaq/04803,/home/sergey/iqa-data/spaq/SPAQ/TestImage/04803.jpg,0.7387234042553191,39.03373718261719
25002,spaq,spaq/04805,/home/sergey/iqa-data/spaq/SPAQ/TestImage/04805.jpg,0.3901063829787234,29.581565856933594
25003,spaq,spaq/04806,/home/sergey/iqa-data/spaq/SPAQ/TestImage/04806.jpg,0.3723404255319149,44.56973648071289
25009,spaq,spaq/04812,/home/sergey/iqa-data/spaq/SPAQ/TestImage/04812.jpg,0.7174468085106382,45.77257537841797
25011,spaq,spaq/04814,/home/sergey/iqa-data/spaq/SPAQ/TestImage/04814.jpg,0.3995744680851064,30.988229751586914
25013,spaq,spaq/04816,/home/sergey/iqa-data/spaq/SPAQ/TestImage/04816.jpg,0.1643617021276595,21.63146209716797
25020,spaq,spaq/04823,/home/sergey/iqa-data/spaq/SPAQ/TestImage/04823.jpg,0.860531914893617,55.23414611816406
25028,spaq,spaq/04831,/home/sergey/iqa-data/spaq/SPAQ/TestImage/04831.jpg,0.4612765957446808,35.363590240478516
25031,spaq,spaq/04834,/home/sergey/iqa-data/spaq/SPAQ/TestImage/04834.jpg,0.4148936170212766,23.29235076904297
25041,spaq,spaq/04844,/home/sergey/iqa-data/spaq/SPAQ/TestImage/04844.jpg,0.5,35.75239181518555
25042,spaq,spaq/04845,/home/sergey/iqa-data/spaq/SPAQ/TestImage/04845.jpg,0.4536170212765957,39.62664794921875
25050,spaq,spaq/04853,/home/sergey/iqa-data/spaq/SPAQ/TestImage/04853.jpg,0.4023404255319149,32.86016845703125
25055,spaq,spaq/04858,/home/sergey/iqa-data/spaq/SPAQ/TestImage/04858.jpg,0.3164893617021276,15.499103546142578
25056,spaq,spaq/04859,/home/sergey/iqa-data/spaq/SPAQ/TestImage/04859.jpg,0.3422340425531915,33.82057189941406
25057,spaq,spaq/04860,/home/sergey/iqa-data/spaq/SPAQ/TestImage/04860.jpg,0.4042553191489361,29.211423873901367
25062,spaq,spaq/04865,/home/sergey/iqa-data/spaq/SPAQ/TestImage/04865.jpg,0.2997872340425532,20.96627426147461
25078,spaq,spaq/04881,/home/sergey/iqa-data/spaq/SPAQ/TestImage/04881.jpg,0.6846808510638298,48.183197021484375
25079,spaq,spaq/04882,/home/sergey/iqa-data/spaq/SPAQ/TestImage/04882.jpg,0.774468085106383,50.42306137084961
25090,spaq,spaq/04893,/home/sergey/iqa-data/spaq/SPAQ/TestImage/04893.jpg,0.3829787234042553,25.574949264526367
25093,spaq,spaq/04896,/home/sergey/iqa-data/spaq/SPAQ/TestImage/04896.jpg,0.6557446808510639,20.944089889526367
25098,spaq,spaq/04901,/home/sergey/iqa-data/spaq/SPAQ/TestImage/04901.jpg,0.3072340425531915,17.316768646240234
25099,spaq,spaq/04902,/home/sergey/iqa-data/spaq/SPAQ/TestImage/04902.jpg,0.390531914893617,33.274837493896484
25101,spaq,spaq/04904,/home/sergey/iqa-data/spaq/SPAQ/TestImage/04904.jpg,0.6914893617021277,56.32162857055664
25107,spaq,spaq/04910,/home/sergey/iqa-data/spaq/SPAQ/TestImage/04910.jpg,0.6820212765957446,63.56747055053711
25112,spaq,spaq/04915,/home/sergey/iqa-data/spaq/SPAQ/TestImage/04915.jpg,0.7659574468085106,56.342227935791016
25115,spaq,spaq/04918,/home/sergey/iqa-data/spaq/SPAQ/TestImage/04918.jpg,0.2993617021276595,21.91179656982422
25122,spaq,spaq/04925,/home/sergey/iqa-data/spaq/SPAQ/TestImage/04925.jpg,0.6914893617021277,33.46729278564453
25127,spaq,spaq/04930,/home/sergey/iqa-data/spaq/SPAQ/TestImage/04930.jpg,0.6512765957446809,50.50501251220703
25132,spaq,spaq/04935,/home/sergey/iqa-data/spaq/SPAQ/TestImage/04935.jpg,0.4822340425531914,47.15299987792969
25134,spaq,spaq/04937,/home/sergey/iqa-data/spaq/SPAQ/TestImage/04937.jpg,0.2925531914893617,33.440216064453125
25136,spaq,spaq/04939,/home/sergey/iqa-data/spaq/SPAQ/TestImage/04939.jpg,0.683936170212766,21.850772857666016
25139,spaq,spaq/04942,/home/sergey/iqa-data/spaq/SPAQ/TestImage/04942.jpg,0.5592553191489362,45.80316925048828
25147,spaq,spaq/04950,/home/sergey/iqa-data/spaq/SPAQ/TestImage/04950.jpg,0.3085106382978723,31.754173278808594
25151,spaq,spaq/04954,/home/sergey/iqa-data/spaq/SPAQ/TestImage/04954.jpg,0.6109574468085106,34.179222106933594
25154,spaq,spaq/04957,/home/sergey/iqa-data/spaq/SPAQ/TestImage/04957.jpg,0.086595744680851,22.203636169433594
25156,spaq,spaq/04959,/home/sergey/iqa-data/spaq/SPAQ/TestImage/04959.jpg,0.6914893617021277,23.165374755859375
25171,spaq,spaq/04974,/home/sergey/iqa-data/spaq/SPAQ/TestImage/04974.jpg,0.5787234042553191,18.486572265625
25180,spaq,spaq/04983,/home/sergey/iqa-data/spaq/SPAQ/TestImage/04983.jpg,0.4223404255319149,45.34974670410156
25182,spaq,spaq/04985,/home/sergey/iqa-data/spaq/SPAQ/TestImage/04985.jpg,0.7606382978723404,35.31736755371094
25184,spaq,spaq/04987,/home/sergey/iqa-data/spaq/SPAQ/TestImage/04987.jpg,0.3061702127659574,27.7064208984375
25188,spaq,spaq/04991,/home/sergey/iqa-data/spaq/SPAQ/TestImage/04991.jpg,0.7393617021276596,38.920433044433594
25191,spaq,spaq/04994,/home/sergey/iqa-data/spaq/SPAQ/TestImage/04994.jpg,0.7407446808510638,55.423805236816406
25201,spaq,spaq/05004,/home/sergey/iqa-data/spaq/SPAQ/TestImage/05004.jpg,0.7526595744680851,61.74494934082031
25208,spaq,spaq/05011,/home/sergey/iqa-data/spaq/SPAQ/TestImage/05011.jpg,0.4680851063829787,28.43992805480957
25215,spaq,spaq/05018,/home/sergey/iqa-data/spaq/SPAQ/TestImage/05018.jpg,0.1413829787234042,21.613073348999023
25217,spaq,spaq/05020,/home/sergey/iqa-data/spaq/SPAQ/TestImage/05020.jpg,0.8324468085106383,51.67639923095703
25218,spaq,spaq/05021,/home/sergey/iqa-data/spaq/SPAQ/TestImage/05021.jpg,0.6678723404255319,26.312541961669922
25220,spaq,spaq/05023,/home/sergey/iqa-data/spaq/SPAQ/TestImage/05023.jpg,0.3962765957446808,17.780380249023438
25221,spaq,spaq/05024,/home/sergey/iqa-data/spaq/SPAQ/TestImage/05024.jpg,0.6670212765957447,47.19621276855469
25225,spaq,spaq/05028,/home/sergey/iqa-data/spaq/SPAQ/TestImage/05028.jpg,0.6728723404255319,24.591615676879883
25233,spaq,spaq/05036,/home/sergey/iqa-data/spaq/SPAQ/TestImage/05036.jpg,0.8026595744680851,47.88672637939453
25239,spaq,spaq/05042,/home/sergey/iqa-data/spaq/SPAQ/TestImage/05042.jpg,0.3617021276595745,20.178455352783203
25244,spaq,spaq/05047,/home/sergey/iqa-data/spaq/SPAQ/TestImage/05047.jpg,0.8404255319148937,23.224082946777344
25247,spaq,spaq/05050,/home/sergey/iqa-data/spaq/SPAQ/TestImage/05050.jpg,0.5377659574468084,30.58879852294922
25251,spaq,spaq/05054,/home/sergey/iqa-data/spaq/SPAQ/TestImage/05054.jpg,0.7978723404255319,44.15348815917969
25253,spaq,spaq/05056,/home/sergey/iqa-data/spaq/SPAQ/TestImage/05056.jpg,0.75,55.39154815673828
25266,spaq,spaq/05069,/home/sergey/iqa-data/spaq/SPAQ/TestImage/05069.jpg,0.527127659574468,42.65479278564453
25268,spaq,spaq/05071,/home/sergey/iqa-data/spaq/SPAQ/TestImage/05071.jpg,0.6335106382978724,53.48151397705078
25269,spaq,spaq/05072,/home/sergey/iqa-data/spaq/SPAQ/TestImage/05072.jpg,0.3395744680851064,16.82391357421875
25270,spaq,spaq/05073,/home/sergey/iqa-data/spaq/SPAQ/TestImage/05073.jpg,0.5541489361702128,34.41127014160156
25274,spaq,spaq/05077,/home/sergey/iqa-data/spaq/SPAQ/TestImage/05077.jpg,0.8209574468085107,49.215553283691406
25285,spaq,spaq/05088,/home/sergey/iqa-data/spaq/SPAQ/TestImage/05088.jpg,0.3173404255319149,16.7862548828125
25286,spaq,spaq/05089,/home/sergey/iqa-data/spaq/SPAQ/TestImage/05089.jpg,0.7398936170212765,46.569618225097656
25293,spaq,spaq/05096,/home/sergey/iqa-data/spaq/SPAQ/TestImage/05096.jpg,0.445,30.827762603759766
25295,spaq,spaq/05098,/home/sergey/iqa-data/spaq/SPAQ/TestImage/05098.jpg,0.7732978723404255,31.739574432373047
25315,spaq,spaq/05118,/home/sergey/iqa-data/spaq/SPAQ/TestImage/05118.jpg,0.7,37.735084533691406
25317,spaq,spaq/05120,/home/sergey/iqa-data/spaq/SPAQ/TestImage/05120.jpg,0.2632978723404255,19.974029541015625
25318,spaq,spaq/05121,/home/sergey/iqa-data/spaq/SPAQ/TestImage/05121.jpg,0.0702127659574468,13.817728042602539
25326,spaq,spaq/05129,/home/sergey/iqa-data/spaq/SPAQ/TestImage/05129.jpg,0.1553191489361702,18.40467643737793
25329,spaq,spaq/05132,/home/sergey/iqa-data/spaq/SPAQ/TestImage/05132.jpg,0.0904255319148936,15.733845710754395
25332,spaq,spaq/05135,/home/sergey/iqa-data/spaq/SPAQ/TestImage/05135.jpg,0.8489361702127659,60.241668701171875
25347,spaq,spaq/05150,/home/sergey/iqa-data/spaq/SPAQ/TestImage/05150.jpg,0.5021276595744681,36.75190353393555
25350,spaq,spaq/05153,/home/sergey/iqa-data/spaq/SPAQ/TestImage/05153.jpg,0.8214893617021276,60.272193908691406
25353,spaq,spaq/05156,/home/sergey/iqa-data/spaq/SPAQ/TestImage/05156.jpg,0.7195744680851064,46.615875244140625
25361,spaq,spaq/05164,/home/sergey/iqa-data/spaq/SPAQ/TestImage/05164.jpg,0.1373404255319149,18.80683135986328
25364,spaq,spaq/05167,/home/sergey/iqa-data/spaq/SPAQ/TestImage/05167.jpg,0.5404255319148936,31.300127029418945
25365,spaq,spaq/05168,/home/sergey/iqa-data/spaq/SPAQ/TestImage/05168.jpg,0.1102127659574468,14.213268280029297
25370,spaq,spaq/05173,/home/sergey/iqa-data/spaq/SPAQ/TestImage/05173.jpg,0.5496808510638298,53.768898010253906
25371,spaq,spaq/05174,/home/sergey/iqa-data/spaq/SPAQ/TestImage/05174.jpg,0.0893617021276595,18.82207489013672
25378,spaq,spaq/05181,/home/sergey/iqa-data/spaq/SPAQ/TestImage/05181.jpg,0.8847872340425532,56.07653045654297
25384,spaq,spaq/05187,/home/sergey/iqa-data/spaq/SPAQ/TestImage/05187.jpg,0.7851063829787234,43.6516227722168
25393,spaq,spaq/05196,/home/sergey/iqa-data/spaq/SPAQ/TestImage/05196.jpg,0.2468085106382978,21.040889739990234
25395,spaq,spaq/05198,/home/sergey/iqa-data/spaq/SPAQ/TestImage/05198.jpg,0.8586170212765957,53.450218200683594
25399,spaq,spaq/05202,/home/sergey/iqa-data/spaq/SPAQ/TestImage/05202.jpg,0.9680851063829788,38.26137161254883
25406,spaq,spaq/05209,/home/sergey/iqa-data/spaq/SPAQ/TestImage/05209.jpg,0.6098936170212765,40.89012908935547
25409,spaq,spaq/05212,/home/sergey/iqa-data/spaq/SPAQ/TestImage/05212.jpg,0.7893617021276597,46.421226501464844
25413,spaq,spaq/05216,/home/sergey/iqa-data/spaq/SPAQ/TestImage/05216.jpg,0.2571276595744681,30.79422378540039
25414,spaq,spaq/05217,/home/sergey/iqa-data/spaq/SPAQ/TestImage/05217.jpg,0.425531914893617,32.100669860839844
25422,spaq,spaq/05225,/home/sergey/iqa-data/spaq/SPAQ/TestImage/05225.jpg,0.1978723404255319,25.637157440185547
25423,spaq,spaq/05226,/home/sergey/iqa-data/spaq/SPAQ/TestImage/05226.jpg,0.5,48.885414123535156
25435,spaq,spaq/05238,/home/sergey/iqa-data/spaq/SPAQ/TestImage/05238.jpg,0.4127659574468085,31.501644134521484
25438,spaq,spaq/05241,/home/sergey/iqa-data/spaq/SPAQ/TestImage/05241.jpg,0.674468085106383,30.066905975341797
25442,spaq,spaq/05245,/home/sergey/iqa-data/spaq/SPAQ/TestImage/05245.jpg,0.5345744680851063,32.03279113769531
25443,spaq,spaq/05246,/home/sergey/iqa-data/spaq/SPAQ/TestImage/05246.jpg,0.7446808510638298,27.894733428955078
25444,spaq,spaq/05247,/home/sergey/iqa-data/spaq/SPAQ/TestImage/05247.jpg,0.2446808510638297,13.794655799865723
25446,spaq,spaq/05249,/home/sergey/iqa-data/spaq/SPAQ/TestImage/05249.jpg,0.3563829787234042,16.357746124267578
25449,spaq,spaq/05252,/home/sergey/iqa-data/spaq/SPAQ/TestImage/05252.jpg,0.8829787234042553,57.220802307128906
25453,spaq,spaq/05256,/home/sergey/iqa-data/spaq/SPAQ/TestImage/05256.jpg,0.4392553191489362,34.403297424316406
25461,spaq,spaq/05264,/home/sergey/iqa-data/spaq/SPAQ/TestImage/05264.jpg,0.1742553191489361,23.172794342041016
25468,spaq,spaq/05271,/home/sergey/iqa-data/spaq/SPAQ/TestImage/05271.jpg,0.081595744680851,20.057392120361328
25469,spaq,spaq/05272,/home/sergey/iqa-data/spaq/SPAQ/TestImage/05272.jpg,0.1311702127659574,24.546010971069336
25475,spaq,spaq/05278,/home/sergey/iqa-data/spaq/SPAQ/TestImage/05278.jpg,0.6075531914893617,41.995025634765625
25477,spaq,spaq/05280,/home/sergey/iqa-data/spaq/SPAQ/TestImage/05280.jpg,0.7939361702127659,43.89204406738281
25478,spaq,spaq/05281,/home/sergey/iqa-data/spaq/SPAQ/TestImage/05281.jpg,0.7553191489361702,42.03343200683594
25483,spaq,spaq/05286,/home/sergey/iqa-data/spaq/SPAQ/TestImage/05286.jpg,0.384468085106383,23.163944244384766
25487,spaq,spaq/05290,/home/sergey/iqa-data/spaq/SPAQ/TestImage/05290.jpg,0.6868085106382978,24.33415985107422
25493,spaq,spaq/05296,/home/sergey/iqa-data/spaq/SPAQ/TestImage/05296.jpg,0.2887234042553191,31.987890243530273
25494,spaq,spaq/05297,/home/sergey/iqa-data/spaq/SPAQ/TestImage/05297.jpg,0.6869148936170212,50.659706115722656
25500,spaq,spaq/05303,/home/sergey/iqa-data/spaq/SPAQ/TestImage/05303.jpg,0.4122340425531915,19.891008377075195
25501,spaq,spaq/05304,/home/sergey/iqa-data/spaq/SPAQ/TestImage/05304.jpg,0.2584042553191489,20.53122329711914
25507,spaq,spaq/05310,/home/sergey/iqa-data/spaq/SPAQ/TestImage/05310.jpg,0.5106382978723404,27.09356117248535
25534,spaq,spaq/05337,/home/sergey/iqa-data/spaq/SPAQ/TestImage/05337.jpg,0.4551063829787234,31.21482276916504
25539,spaq,spaq/05342,/home/sergey/iqa-data/spaq/SPAQ/TestImage/05342.jpg,0.625,45.930809020996094
25579,spaq,spaq/05382,/home/sergey/iqa-data/spaq/SPAQ/TestImage/05382.jpg,0.723404255319149,55.91514587402344
25581,spaq,spaq/05384,/home/sergey/iqa-data/spaq/SPAQ/TestImage/05384.jpg,0.1675531914893617,28.408065795898438
25594,spaq,spaq/05397,/home/sergey/iqa-data/spaq/SPAQ/TestImage/05397.jpg,0.9163829787234042,36.20795822143555
25595,spaq,spaq/05398,/home/sergey/iqa-data/spaq/SPAQ/TestImage/05398.jpg,0.1843617021276595,25.77822494506836
25601,spaq,spaq/05404,/home/sergey/iqa-data/spaq/SPAQ/TestImage/05404.jpg,0.3692553191489361,24.049917221069336
25604,spaq,spaq/05407,/home/sergey/iqa-data/spaq/SPAQ/TestImage/05407.jpg,0.1474468085106383,14.914780616760254
25609,spaq,spaq/05412,/home/sergey/iqa-data/spaq/SPAQ/TestImage/05412.jpg,0.8176595744680851,20.17906951904297
25611,spaq,spaq/05414,/home/sergey/iqa-data/spaq/SPAQ/TestImage/05414.jpg,0.8279787234042553,39.92667007446289
25612,spaq,spaq/05415,/home/sergey/iqa-data/spaq/SPAQ/TestImage/05415.jpg,0.4042553191489361,24.831161499023438
25613,spaq,spaq/05416,/home/sergey/iqa-data/spaq/SPAQ/TestImage/05416.jpg,0.723404255319149,37.85505294799805
25620,spaq,spaq/05423,/home/sergey/iqa-data/spaq/SPAQ/TestImage/05423.jpg,0.2535106382978723,22.812885284423828
25621,spaq,spaq/05424,/home/sergey/iqa-data/spaq/SPAQ/TestImage/05424.jpg,0.75,51.68403625488281
25622,spaq,spaq/05425,/home/sergey/iqa-data/spaq/SPAQ/TestImage/05425.jpg,0.6542553191489362,43.121219635009766
25629,spaq,spaq/05432,/home/sergey/iqa-data/spaq/SPAQ/TestImage/05432.jpg,0.7677659574468085,41.88414764404297
25641,spaq,spaq/05444,/home/sergey/iqa-data/spaq/SPAQ/TestImage/05444.jpg,0.4148936170212766,26.3470401763916
25642,spaq,spaq/05445,/home/sergey/iqa-data/spaq/SPAQ/TestImage/05445.jpg,0.270531914893617,17.922122955322266
25645,spaq,spaq/05448,/home/sergey/iqa-data/spaq/SPAQ/TestImage/05448.jpg,0.3389361702127659,37.210079193115234
25646,spaq,spaq/05449,/home/sergey/iqa-data/spaq/SPAQ/TestImage/05449.jpg,0.8173404255319149,62.37117004394531
25656,spaq,spaq/05459,/home/sergey/iqa-data/spaq/SPAQ/TestImage/05459.jpg,0.7393617021276596,41.522926330566406
25660,spaq,spaq/05463,/home/sergey/iqa-data/spaq/SPAQ/TestImage/05463.jpg,0.8252127659574467,29.97441864013672
25662,spaq,spaq/05465,/home/sergey/iqa-data/spaq/SPAQ/TestImage/05465.jpg,0.5771276595744681,34.32771682739258
25663,spaq,spaq/05466,/home/sergey/iqa-data/spaq/SPAQ/TestImage/05466.jpg,0.5664893617021277,39.08833312988281
25664,spaq,spaq/05467,/home/sergey/iqa-data/spaq/SPAQ/TestImage/05467.jpg,0.3045744680851063,25.606523513793945
25668,spaq,spaq/05471,/home/sergey/iqa-data/spaq/SPAQ/TestImage/05471.jpg,0.7806382978723404,43.34917449951172
25670,spaq,spaq/05473,/home/sergey/iqa-data/spaq/SPAQ/TestImage/05473.jpg,0.4388297872340425,21.158916473388672
25672,spaq,spaq/05475,/home/sergey/iqa-data/spaq/SPAQ/TestImage/05475.jpg,0.4787234042553192,37.75556182861328
25689,spaq,spaq/05492,/home/sergey/iqa-data/spaq/SPAQ/TestImage/05492.jpg,0.7779787234042552,51.02637481689453
25697,spaq,spaq/05500,/home/sergey/iqa-data/spaq/SPAQ/TestImage/05500.jpg,0.2792553191489361,21.154953002929688
25699,spaq,spaq/05502,/home/sergey/iqa-data/spaq/SPAQ/TestImage/05502.jpg,0.4361702127659574,44.04640197753906
25709,spaq,spaq/05512,/home/sergey/iqa-data/spaq/SPAQ/TestImage/05512.jpg,0.9295744680851064,61.118377685546875
25711,spaq,spaq/05514,/home/sergey/iqa-data/spaq/SPAQ/TestImage/05514.jpg,0.3617021276595745,21.616567611694336
25723,spaq,spaq/05526,/home/sergey/iqa-data/spaq/SPAQ/TestImage/05526.jpg,0.25,36.738739013671875
25733,spaq,spaq/05536,/home/sergey/iqa-data/spaq/SPAQ/TestImage/05536.jpg,0.1932978723404255,14.730509757995605
25738,spaq,spaq/05541,/home/sergey/iqa-data/spaq/SPAQ/TestImage/05541.jpg,0.1667021276595744,21.241912841796875
25740,spaq,spaq/05543,/home/sergey/iqa-data/spaq/SPAQ/TestImage/05543.jpg,0.6595744680851063,42.958702087402344
25742,spaq,spaq/05545,/home/sergey/iqa-data/spaq/SPAQ/TestImage/05545.jpg,0.19,18.28826904296875
25747,spaq,spaq/05550,/home/sergey/iqa-data/spaq/SPAQ/TestImage/05550.jpg,0.374468085106383,26.946205139160156
25749,spaq,spaq/05552,/home/sergey/iqa-data/spaq/SPAQ/TestImage/05552.jpg,0.6648936170212766,48.793800354003906
25756,spaq,spaq/05559,/home/sergey/iqa-data/spaq/SPAQ/TestImage/05559.jpg,0.2170212765957446,20.138919830322266
25758,spaq,spaq/05561,/home/sergey/iqa-data/spaq/SPAQ/TestImage/05561.jpg,0.6613829787234042,33.59400939941406
25761,spaq,spaq/05564,/home/sergey/iqa-data/spaq/SPAQ/TestImage/05564.jpg,0.676595744680851,39.34543991088867
25762,spaq,spaq/05565,/home/sergey/iqa-data/spaq/SPAQ/TestImage/05565.jpg,0.2322340425531914,30.350059509277344
25765,spaq,spaq/05568,/home/sergey/iqa-data/spaq/SPAQ/TestImage/05568.jpg,0.3914893617021276,16.568973541259766
25769,spaq,spaq/05572,/home/sergey/iqa-data/spaq/SPAQ/TestImage/05572.jpg,0.6626595744680852,36.3647346496582
25784,spaq,spaq/05587,/home/sergey/iqa-data/spaq/SPAQ/TestImage/05587.jpg,0.6737234042553192,41.9688835144043
25789,spaq,spaq/05592,/home/sergey/iqa-data/spaq/SPAQ/TestImage/05592.jpg,0.8332978723404255,63.302730560302734
25790,spaq,spaq/05593,/home/sergey/iqa-data/spaq/SPAQ/TestImage/05593.jpg,0.2914893617021276,22.362995147705078
25803,spaq,spaq/05606,/home/sergey/iqa-data/spaq/SPAQ/TestImage/05606.jpg,0.6085106382978723,51.202491760253906
25807,spaq,spaq/05610,/home/sergey/iqa-data/spaq/SPAQ/TestImage/05610.jpg,0.3285106382978723,23.17432403564453
25811,spaq,spaq/05614,/home/sergey/iqa-data/spaq/SPAQ/TestImage/05614.jpg,0.1504255319148936,25.04387855529785
25813,spaq,spaq/05616,/home/sergey/iqa-data/spaq/SPAQ/TestImage/05616.jpg,0.3297872340425531,26.382675170898438
25815,spaq,spaq/05618,/home/sergey/iqa-data/spaq/SPAQ/TestImage/05618.jpg,0.87,61.18049621582031
25830,spaq,spaq/05633,/home/sergey/iqa-data/spaq/SPAQ/TestImage/05633.jpg,0.574468085106383,23.42719078063965
25832,spaq,spaq/05635,/home/sergey/iqa-data/spaq/SPAQ/TestImage/05635.jpg,0.526595744680851,41.930137634277344
25835,spaq,spaq/05638,/home/sergey/iqa-data/spaq/SPAQ/TestImage/05638.jpg,0.4654255319148936,23.84100341796875
25836,spaq,spaq/05639,/home/sergey/iqa-data/spaq/SPAQ/TestImage/05639.jpg,0.5874468085106382,20.949289321899414
25837,spaq,spaq/05640,/home/sergey/iqa-data/spaq/SPAQ/TestImage/05640.jpg,0.1891489361702127,24.743818283081055
25841,spaq,spaq/05644,/home/sergey/iqa-data/spaq/SPAQ/TestImage/05644.jpg,0.5292553191489362,20.049238204956055
25846,spaq,spaq/05649,/home/sergey/iqa-data/spaq/SPAQ/TestImage/05649.jpg,0.651595744680851,38.5057373046875
25855,spaq,spaq/05658,/home/sergey/iqa-data/spaq/SPAQ/TestImage/05658.jpg,0.5718085106382979,37.56549072265625
25859,spaq,spaq/05662,/home/sergey/iqa-data/spaq/SPAQ/TestImage/05662.jpg,0.5864893617021277,24.389984130859375
25861,spaq,spaq/05664,/home/sergey/iqa-data/spaq/SPAQ/TestImage/05664.jpg,0.6891489361702128,54.35395812988281
25867,spaq,spaq/05670,/home/sergey/iqa-data/spaq/SPAQ/TestImage/05670.jpg,0.4042553191489361,24.184555053710938
25871,spaq,spaq/05674,/home/sergey/iqa-data/spaq/SPAQ/TestImage/05674.jpg,0.2446808510638297,30.58767318725586
25887,spaq,spaq/05690,/home/sergey/iqa-data/spaq/SPAQ/TestImage/05690.jpg,0.3754255319148936,25.951618194580078
25890,spaq,spaq/05693,/home/sergey/iqa-data/spaq/SPAQ/TestImage/05693.jpg,0.5379787234042553,41.60523986816406
25891,spaq,spaq/05694,/home/sergey/iqa-data/spaq/SPAQ/TestImage/05694.jpg,0.5471276595744681,49.987159729003906
25893,spaq,spaq/05696,/home/sergey/iqa-data/spaq/SPAQ/TestImage/05696.jpg,0.722127659574468,43.64849853515625
25894,spaq,spaq/05697,/home/sergey/iqa-data/spaq/SPAQ/TestImage/05697.jpg,0.741595744680851,54.599082946777344
25895,spaq,spaq/05698,/home/sergey/iqa-data/spaq/SPAQ/TestImage/05698.jpg,0.3817021276595745,18.87322998046875
25898,spaq,spaq/05701,/home/sergey/iqa-data/spaq/SPAQ/TestImage/05701.jpg,0.2401063829787234,30.52152442932129
25899,spaq,spaq/05702,/home/sergey/iqa-data/spaq/SPAQ/TestImage/05702.jpg,0.1888297872340425,19.768911361694336
25913,spaq,spaq/05716,/home/sergey/iqa-data/spaq/SPAQ/TestImage/05716.jpg,0.4559574468085106,28.76081085205078
25914,spaq,spaq/05717,/home/sergey/iqa-data/spaq/SPAQ/TestImage/05717.jpg,0.651595744680851,59.13081359863281
25916,spaq,spaq/05719,/home/sergey/iqa-data/spaq/SPAQ/TestImage/05719.jpg,0.568404255319149,28.29478645324707
25920,spaq,spaq/05723,/home/sergey/iqa-data/spaq/SPAQ/TestImage/05723.jpg,0.5,47.48320007324219
25921,spaq,spaq/05724,/home/sergey/iqa-data/spaq/SPAQ/TestImage/05724.jpg,0.6442553191489362,38.661033630371094
25924,spaq,spaq/05727,/home/sergey/iqa-data/spaq/SPAQ/TestImage/05727.jpg,0.5279787234042553,39.29527282714844
25925,spaq,spaq/05728,/home/sergey/iqa-data/spaq/SPAQ/TestImage/05728.jpg,0.8415957446808511,56.14887619018555
25926,spaq,spaq/05729,/home/sergey/iqa-data/spaq/SPAQ/TestImage/05729.jpg,0.2857446808510638,14.346770286560059
25928,spaq,spaq/05731,/home/sergey/iqa-data/spaq/SPAQ/TestImage/05731.jpg,0.2279787234042553,26.756980895996094
25936,spaq,spaq/05739,/home/sergey/iqa-data/spaq/SPAQ/TestImage/05739.jpg,0.6732978723404256,20.441543579101562
25942,spaq,spaq/05745,/home/sergey/iqa-data/spaq/SPAQ/TestImage/05745.jpg,0.7352127659574468,41.70060729980469
25944,spaq,spaq/05747,/home/sergey/iqa-data/spaq/SPAQ/TestImage/05747.jpg,0.2435106382978723,24.23542022705078
25949,spaq,spaq/05752,/home/sergey/iqa-data/spaq/SPAQ/TestImage/05752.jpg,0.344468085106383,24.99182891845703
25951,spaq,spaq/05754,/home/sergey/iqa-data/spaq/SPAQ/TestImage/05754.jpg,0.6630851063829787,26.479408264160156
25957,spaq,spaq/05760,/home/sergey/iqa-data/spaq/SPAQ/TestImage/05760.jpg,0.2180851063829787,19.712345123291016
25959,spaq,spaq/05762,/home/sergey/iqa-data/spaq/SPAQ/TestImage/05762.jpg,0.2845744680851064,51.120880126953125
25963,spaq,spaq/05766,/home/sergey/iqa-data/spaq/SPAQ/TestImage/05766.jpg,0.6542553191489362,46.18506622314453
25964,spaq,spaq/05767,/home/sergey/iqa-data/spaq/SPAQ/TestImage/05767.jpg,0.2659574468085106,24.054183959960938
25965,spaq,spaq/05768,/home/sergey/iqa-data/spaq/SPAQ/TestImage/05768.jpg,0.5572340425531915,33.6350212097168
25988,spaq,spaq/05791,/home/sergey/iqa-data/spaq/SPAQ/TestImage/05791.jpg,0.4801063829787234,19.07958221435547
25989,spaq,spaq/05792,/home/sergey/iqa-data/spaq/SPAQ/TestImage/05792.jpg,0.7293617021276596,48.7537727355957
25997,spaq,spaq/05800,/home/sergey/iqa-data/spaq/SPAQ/TestImage/05800.jpg,0.820531914893617,62.33470153808594
26003,spaq,spaq/05806,/home/sergey/iqa-data/spaq/SPAQ/TestImage/05806.jpg,0.3981914893617021,42.064491271972656
26005,spaq,spaq/05808,/home/sergey/iqa-data/spaq/SPAQ/TestImage/05808.jpg,0.3176595744680851,17.870943069458008
26007,spaq,spaq/05810,/home/sergey/iqa-data/spaq/SPAQ/TestImage/05810.jpg,0.3471276595744681,15.080047607421875
26010,spaq,spaq/05813,/home/sergey/iqa-data/spaq/SPAQ/TestImage/05813.jpg,0.7287234042553191,37.23716735839844
26013,spaq,spaq/05816,/home/sergey/iqa-data/spaq/SPAQ/TestImage/05816.jpg,0.1170212765957446,14.62758731842041
26015,spaq,spaq/05818,/home/sergey/iqa-data/spaq/SPAQ/TestImage/05818.jpg,0.7978723404255319,61.18125534057617
26016,spaq,spaq/05819,/home/sergey/iqa-data/spaq/SPAQ/TestImage/05819.jpg,0.7,37.443138122558594
26028,spaq,spaq/05831,/home/sergey/iqa-data/spaq/SPAQ/TestImage/05831.jpg,0.4297872340425532,28.477161407470703
26033,spaq,spaq/05836,/home/sergey/iqa-data/spaq/SPAQ/TestImage/05836.jpg,0.7628723404255319,38.93840789794922
26035,spaq,spaq/05838,/home/sergey/iqa-data/spaq/SPAQ/TestImage/05838.jpg,0.3890425531914893,19.0836238861084
26037,spaq,spaq/05840,/home/sergey/iqa-data/spaq/SPAQ/TestImage/05840.jpg,0.3957446808510638,22.984086990356445
26038,spaq,spaq/05841,/home/sergey/iqa-data/spaq/SPAQ/TestImage/05841.jpg,0.5574468085106383,26.495906829833984
26043,spaq,spaq/05846,/home/sergey/iqa-data/spaq/SPAQ/TestImage/05846.jpg,0.5297872340425531,23.83397674560547
26048,spaq,spaq/05851,/home/sergey/iqa-data/spaq/SPAQ/TestImage/05851.jpg,0.4148936170212766,36.18730926513672
26056,spaq,spaq/05859,/home/sergey/iqa-data/spaq/SPAQ/TestImage/05859.jpg,0.4911702127659574,18.846641540527344
26059,spaq,spaq/05862,/home/sergey/iqa-data/spaq/SPAQ/TestImage/05862.jpg,0.3738297872340425,27.794466018676758
26073,spaq,spaq/05876,/home/sergey/iqa-data/spaq/SPAQ/TestImage/05876.jpg,0.7978723404255319,57.950992584228516
26083,spaq,spaq/05886,/home/sergey/iqa-data/spaq/SPAQ/TestImage/05886.jpg,0.4514893617021276,28.778453826904297
26085,spaq,spaq/05888,/home/sergey/iqa-data/spaq/SPAQ/TestImage/05888.jpg,0.2691489361702128,29.976001739501953
26093,spaq,spaq/05896,/home/sergey/iqa-data/spaq/SPAQ/TestImage/05896.jpg,0.2670212765957447,24.218292236328125
26094,spaq,spaq/05897,/home/sergey/iqa-data/spaq/SPAQ/TestImage/05897.jpg,0.3253191489361702,30.593320846557617
26098,spaq,spaq/05901,/home/sergey/iqa-data/spaq/SPAQ/TestImage/05901.jpg,0.7106382978723403,37.46464538574219
26100,spaq,spaq/05903,/home/sergey/iqa-data/spaq/SPAQ/TestImage/05903.jpg,0.0617021276595744,24.856365203857422
26109,spaq,spaq/05912,/home/sergey/iqa-data/spaq/SPAQ/TestImage/05912.jpg,0.2930851063829787,32.955078125
26119,spaq,spaq/05922,/home/sergey/iqa-data/spaq/SPAQ/TestImage/05922.jpg,0.2907446808510638,26.412979125976562
26124,spaq,spaq/05927,/home/sergey/iqa-data/spaq/SPAQ/TestImage/05927.jpg,0.6208510638297873,25.891359329223633
26130,spaq,spaq/05933,/home/sergey/iqa-data/spaq/SPAQ/TestImage/05933.jpg,0.1092553191489361,18.5380859375
26132,spaq,spaq/05935,/home/sergey/iqa-data/spaq/SPAQ/TestImage/05935.jpg,0.4032978723404255,42.37287139892578
26138,spaq,spaq/05941,/home/sergey/iqa-data/spaq/SPAQ/TestImage/05941.jpg,0.3691489361702127,30.130739212036133
26141,spaq,spaq/05944,/home/sergey/iqa-data/spaq/SPAQ/TestImage/05944.jpg,0.3372340425531915,21.287973403930664
26143,spaq,spaq/05946,/home/sergey/iqa-data/spaq/SPAQ/TestImage/05946.jpg,0.6189361702127659,44.337196350097656
26165,spaq,spaq/05968,/home/sergey/iqa-data/spaq/SPAQ/TestImage/05968.jpg,0.7269148936170212,45.91214370727539
26168,spaq,spaq/05971,/home/sergey/iqa-data/spaq/SPAQ/TestImage/05971.jpg,0.3829787234042553,16.1789608001709
26172,spaq,spaq/05975,/home/sergey/iqa-data/spaq/SPAQ/TestImage/05975.jpg,0.8688297872340426,51.06117248535156
26175,spaq,spaq/05978,/home/sergey/iqa-data/spaq/SPAQ/TestImage/05978.jpg,0.4396808510638297,42.30248260498047
26187,spaq,spaq/05990,/home/sergey/iqa-data/spaq/SPAQ/TestImage/05990.jpg,0.4468085106382978,16.46112823486328
26189,spaq,spaq/05992,/home/sergey/iqa-data/spaq/SPAQ/TestImage/05992.jpg,0.3361702127659575,31.224483489990234
26196,spaq,spaq/05999,/home/sergey/iqa-data/spaq/SPAQ/TestImage/05999.jpg,0.5452127659574468,32.74913024902344
26201,spaq,spaq/06004,/home/sergey/iqa-data/spaq/SPAQ/TestImage/06004.jpg,0.6303191489361702,24.170127868652344
26210,spaq,spaq/06013,/home/sergey/iqa-data/spaq/SPAQ/TestImage/06013.jpg,0.4007446808510638,35.91499710083008
26211,spaq,spaq/06014,/home/sergey/iqa-data/spaq/SPAQ/TestImage/06014.jpg,0.6941489361702128,52.476078033447266
26212,spaq,spaq/06015,/home/sergey/iqa-data/spaq/SPAQ/TestImage/06015.jpg,0.8324468085106383,34.91073989868164
26217,spaq,spaq/06020,/home/sergey/iqa-data/spaq/SPAQ/TestImage/06020.jpg,0.6968085106382979,39.34325408935547
26230,spaq,spaq/06033,/home/sergey/iqa-data/spaq/SPAQ/TestImage/06033.jpg,0.6702127659574468,17.89072608947754
26231,spaq,spaq/06034,/home/sergey/iqa-data/spaq/SPAQ/TestImage/06034.jpg,0.7861702127659576,37.48631286621094
26248,spaq,spaq/06051,/home/sergey/iqa-data/spaq/SPAQ/TestImage/06051.jpg,0.7541489361702127,57.452537536621094
26253,spaq,spaq/06056,/home/sergey/iqa-data/spaq/SPAQ/TestImage/06056.jpg,0.4432978723404255,23.5665340423584
26254,spaq,spaq/06057,/home/sergey/iqa-data/spaq/SPAQ/TestImage/06057.jpg,0.594468085106383,23.098033905029297
26262,spaq,spaq/06065,/home/sergey/iqa-data/spaq/SPAQ/TestImage/06065.jpg,0.4634042553191489,37.018253326416016
26273,spaq,spaq/06076,/home/sergey/iqa-data/spaq/SPAQ/TestImage/06076.jpg,0.5578723404255319,44.34690856933594
26288,spaq,spaq/06091,/home/sergey/iqa-data/spaq/SPAQ/TestImage/06091.jpg,0.8497872340425532,51.10082244873047
26291,spaq,spaq/06094,/home/sergey/iqa-data/spaq/SPAQ/TestImage/06094.jpg,0.6063829787234043,30.090364456176758
26292,spaq,spaq/06095,/home/sergey/iqa-data/spaq/SPAQ/TestImage/06095.jpg,0.6368085106382979,36.448394775390625
26296,spaq,spaq/06099,/home/sergey/iqa-data/spaq/SPAQ/TestImage/06099.jpg,0.7481914893617021,41.26634979248047
26297,spaq,spaq/06100,/home/sergey/iqa-data/spaq/SPAQ/TestImage/06100.jpg,0.7747872340425531,45.60546112060547
26300,spaq,spaq/06103,/home/sergey/iqa-data/spaq/SPAQ/TestImage/06103.jpg,0.6458510638297873,35.04502868652344
26301,spaq,spaq/06104,/home/sergey/iqa-data/spaq/SPAQ/TestImage/06104.jpg,0.7796808510638299,39.79376983642578
26304,spaq,spaq/06107,/home/sergey/iqa-data/spaq/SPAQ/TestImage/06107.jpg,0.1720212765957447,20.941768646240234
26308,spaq,spaq/06111,/home/sergey/iqa-data/spaq/SPAQ/TestImage/06111.jpg,0.8541489361702128,52.02099609375
26309,spaq,spaq/06112,/home/sergey/iqa-data/spaq/SPAQ/TestImage/06112.jpg,0.647127659574468,42.77172088623047
26311,spaq,spaq/06114,/home/sergey/iqa-data/spaq/SPAQ/TestImage/06114.jpg,0.526595744680851,22.46443748474121
26314,spaq,spaq/06117,/home/sergey/iqa-data/spaq/SPAQ/TestImage/06117.jpg,0.8738297872340426,27.76766014099121
26324,spaq,spaq/06127,/home/sergey/iqa-data/spaq/SPAQ/TestImage/06127.jpg,0.6063829787234043,37.03588104248047
26325,spaq,spaq/06128,/home/sergey/iqa-data/spaq/SPAQ/TestImage/06128.jpg,0.4486170212765957,50.524314880371094
26330,spaq,spaq/06133,/home/sergey/iqa-data/spaq/SPAQ/TestImage/06133.jpg,0.7507446808510637,22.7657413482666
26338,spaq,spaq/06141,/home/sergey/iqa-data/spaq/SPAQ/TestImage/06141.jpg,0.5546808510638298,39.156673431396484
26339,spaq,spaq/06142,/home/sergey/iqa-data/spaq/SPAQ/TestImage/06142.jpg,0.5926595744680851,21.367860794067383
26345,spaq,spaq/06148,/home/sergey/iqa-data/spaq/SPAQ/TestImage/06148.jpg,0.7854255319148936,38.65107727050781
26363,spaq,spaq/06166,/home/sergey/iqa-data/spaq/SPAQ/TestImage/06166.jpg,0.2753191489361702,25.5775146484375
26366,spaq,spaq/06169,/home/sergey/iqa-data/spaq/SPAQ/TestImage/06169.jpg,0.607872340425532,21.844728469848633
26369,spaq,spaq/06172,/home/sergey/iqa-data/spaq/SPAQ/TestImage/06172.jpg,0.6854255319148936,48.278587341308594
26372,spaq,spaq/06175,/home/sergey/iqa-data/spaq/SPAQ/TestImage/06175.jpg,0.2386170212765957,13.537694931030273
26382,spaq,spaq/06185,/home/sergey/iqa-data/spaq/SPAQ/TestImage/06185.jpg,0.8125531914893617,45.20933532714844
26389,spaq,spaq/06192,/home/sergey/iqa-data/spaq/SPAQ/TestImage/06192.jpg,0.2369148936170212,14.365968704223633
26391,spaq,spaq/06194,/home/sergey/iqa-data/spaq/SPAQ/TestImage/06194.jpg,0.8063829787234043,50.404659271240234
26405,spaq,spaq/06208,/home/sergey/iqa-data/spaq/SPAQ/TestImage/06208.jpg,0.7914893617021277,41.66930389404297
26410,spaq,spaq/06213,/home/sergey/iqa-data/spaq/SPAQ/TestImage/06213.jpg,0.7101063829787234,46.67657470703125
26416,spaq,spaq/06219,/home/sergey/iqa-data/spaq/SPAQ/TestImage/06219.jpg,0.6018085106382979,57.774253845214844
26421,spaq,spaq/06224,/home/sergey/iqa-data/spaq/SPAQ/TestImage/06224.jpg,0.7796808510638299,39.79106903076172
26424,spaq,spaq/06227,/home/sergey/iqa-data/spaq/SPAQ/TestImage/06227.jpg,0.2887234042553191,24.47039031982422
26431,spaq,spaq/06234,/home/sergey/iqa-data/spaq/SPAQ/TestImage/06234.jpg,0.5071276595744681,29.286563873291016
26443,spaq,spaq/06246,/home/sergey/iqa-data/spaq/SPAQ/TestImage/06246.jpg,0.5638297872340425,37.94339370727539
26447,spaq,spaq/06250,/home/sergey/iqa-data/spaq/SPAQ/TestImage/06250.jpg,0.6737234042553192,41.091705322265625
26449,spaq,spaq/06252,/home/sergey/iqa-data/spaq/SPAQ/TestImage/06252.jpg,0.4574468085106383,23.58753776550293
26451,spaq,spaq/06254,/home/sergey/iqa-data/spaq/SPAQ/TestImage/06254.jpg,0.3864893617021276,15.495938301086426
26460,spaq,spaq/06263,/home/sergey/iqa-data/spaq/SPAQ/TestImage/06263.jpg,0.2162765957446808,25.133255004882812
26462,spaq,spaq/06265,/home/sergey/iqa-data/spaq/SPAQ/TestImage/06265.jpg,0.6196808510638298,30.674842834472656
26465,spaq,spaq/06268,/home/sergey/iqa-data/spaq/SPAQ/TestImage/06268.jpg,0.3617021276595745,38.34555435180664
26474,spaq,spaq/06277,/home/sergey/iqa-data/spaq/SPAQ/TestImage/06277.jpg,0.2730851063829787,14.010625839233398
26479,spaq,spaq/06282,/home/sergey/iqa-data/spaq/SPAQ/TestImage/06282.jpg,0.6560638297872341,40.61595153808594
26484,spaq,spaq/06287,/home/sergey/iqa-data/spaq/SPAQ/TestImage/06287.jpg,0.3332978723404255,33.94354248046875
26494,spaq,spaq/06297,/home/sergey/iqa-data/spaq/SPAQ/TestImage/06297.jpg,0.4920212765957447,31.22691535949707
26498,spaq,spaq/06301,/home/sergey/iqa-data/spaq/SPAQ/TestImage/06301.jpg,0.8598936170212765,58.30169677734375
26503,spaq,spaq/06306,/home/sergey/iqa-data/spaq/SPAQ/TestImage/06306.jpg,0.8351063829787234,28.693702697753906
26506,spaq,spaq/06309,/home/sergey/iqa-data/spaq/SPAQ/TestImage/06309.jpg,0.6884042553191488,32.81018829345703
26512,spaq,spaq/06315,/home/sergey/iqa-data/spaq/SPAQ/TestImage/06315.jpg,0.5709574468085107,34.18602752685547
26524,spaq,spaq/06327,/home/sergey/iqa-data/spaq/SPAQ/TestImage/06327.jpg,0.6045744680851064,30.64304542541504
26526,spaq,spaq/06329,/home/sergey/iqa-data/spaq/SPAQ/TestImage/06329.jpg,0.3067021276595744,35.94565200805664
26527,spaq,spaq/06330,/home/sergey/iqa-data/spaq/SPAQ/TestImage/06330.jpg,0.4609574468085106,26.174829483032227
26529,spaq,spaq/06332,/home/sergey/iqa-data/spaq/SPAQ/TestImage/06332.jpg,0.2907446808510638,34.32788848876953
26532,spaq,spaq/06335,/home/sergey/iqa-data/spaq/SPAQ/TestImage/06335.jpg,0.1507446808510638,17.898468017578125
26535,spaq,spaq/06338,/home/sergey/iqa-data/spaq/SPAQ/TestImage/06338.jpg,0.4928723404255319,57.58818817138672
26537,spaq,spaq/06340,/home/sergey/iqa-data/spaq/SPAQ/TestImage/06340.jpg,0.3351063829787234,23.987056732177734
26547,spaq,spaq/06350,/home/sergey/iqa-data/spaq/SPAQ/TestImage/06350.jpg,0.5212765957446809,34.72125244140625
26550,spaq,spaq/06353,/home/sergey/iqa-data/spaq/SPAQ/TestImage/06353.jpg,0.8738297872340426,36.83870315551758
26560,spaq,spaq/06363,/home/sergey/iqa-data/spaq/SPAQ/TestImage/06363.jpg,0.379468085106383,33.482398986816406
26562,spaq,spaq/06365,/home/sergey/iqa-data/spaq/SPAQ/TestImage/06365.jpg,0.703936170212766,27.119182586669922
26563,spaq,spaq/06366,/home/sergey/iqa-data/spaq/SPAQ/TestImage/06366.jpg,0.6401063829787235,45.93839645385742
26565,spaq,spaq/06368,/home/sergey/iqa-data/spaq/SPAQ/TestImage/06368.jpg,0.4698936170212766,23.516597747802734
26569,spaq,spaq/06372,/home/sergey/iqa-data/spaq/SPAQ/TestImage/06372.jpg,0.5452127659574468,29.872032165527344
26578,spaq,spaq/06381,/home/sergey/iqa-data/spaq/SPAQ/TestImage/06381.jpg,0.6662765957446808,47.047908782958984
26580,spaq,spaq/06383,/home/sergey/iqa-data/spaq/SPAQ/TestImage/06383.jpg,0.5413829787234042,37.66819763183594
26586,spaq,spaq/06389,/home/sergey/iqa-data/spaq/SPAQ/TestImage/06389.jpg,0.637127659574468,37.226444244384766
26587,spaq,spaq/06390,/home/sergey/iqa-data/spaq/SPAQ/TestImage/06390.jpg,0.800531914893617,50.964866638183594
26588,spaq,spaq/06391,/home/sergey/iqa-data/spaq/SPAQ/TestImage/06391.jpg,0.8574468085106383,57.98504638671875
26593,spaq,spaq/06396,/home/sergey/iqa-data/spaq/SPAQ/TestImage/06396.jpg,0.2162765957446808,41.14231872558594
26594,spaq,spaq/06397,/home/sergey/iqa-data/spaq/SPAQ/TestImage/06397.jpg,0.1981914893617021,32.062313079833984
26595,spaq,spaq/06398,/home/sergey/iqa-data/spaq/SPAQ/TestImage/06398.jpg,0.7080851063829787,36.09496307373047
26598,spaq,spaq/06401,/home/sergey/iqa-data/spaq/SPAQ/TestImage/06401.jpg,0.7387234042553191,24.66504669189453
26599,spaq,spaq/06402,/home/sergey/iqa-data/spaq/SPAQ/TestImage/06402.jpg,0.5718085106382979,26.428115844726562
26606,spaq,spaq/06409,/home/sergey/iqa-data/spaq/SPAQ/TestImage/06409.jpg,0.2168085106382978,17.143436431884766
26607,spaq,spaq/06410,/home/sergey/iqa-data/spaq/SPAQ/TestImage/06410.jpg,0.1542553191489361,20.50414276123047
26613,spaq,spaq/06416,/home/sergey/iqa-data/spaq/SPAQ/TestImage/06416.jpg,0.7151063829787234,41.415504455566406
26615,spaq,spaq/06418,/home/sergey/iqa-data/spaq/SPAQ/TestImage/06418.jpg,0.7174468085106382,29.504209518432617
26623,spaq,spaq/06426,/home/sergey/iqa-data/spaq/SPAQ/TestImage/06426.jpg,0.6158510638297873,39.60565948486328
26630,spaq,spaq/06433,/home/sergey/iqa-data/spaq/SPAQ/TestImage/06433.jpg,0.543936170212766,42.90351104736328
26632,spaq,spaq/06435,/home/sergey/iqa-data/spaq/SPAQ/TestImage/06435.jpg,0.2540425531914893,22.489776611328125
26640,spaq,spaq/06443,/home/sergey/iqa-data/spaq/SPAQ/TestImage/06443.jpg,0.3989361702127659,26.095905303955078
26641,spaq,spaq/06444,/home/sergey/iqa-data/spaq/SPAQ/TestImage/06444.jpg,0.6436170212765957,42.342525482177734
26645,spaq,spaq/06448,/home/sergey/iqa-data/spaq/SPAQ/TestImage/06448.jpg,0.3312765957446809,33.63157653808594
26653,spaq,spaq/06456,/home/sergey/iqa-data/spaq/SPAQ/TestImage/06456.jpg,0.5653191489361702,31.508411407470703
26667,spaq,spaq/06470,/home/sergey/iqa-data/spaq/SPAQ/TestImage/06470.jpg,0.2588297872340425,28.658649444580078
26673,spaq,spaq/06476,/home/sergey/iqa-data/spaq/SPAQ/TestImage/06476.jpg,0.3631914893617021,27.023643493652344
26681,spaq,spaq/06484,/home/sergey/iqa-data/spaq/SPAQ/TestImage/06484.jpg,0.7735106382978723,56.795310974121094
26684,spaq,spaq/06487,/home/sergey/iqa-data/spaq/SPAQ/TestImage/06487.jpg,0.7593617021276595,43.706138610839844
26687,spaq,spaq/06490,/home/sergey/iqa-data/spaq/SPAQ/TestImage/06490.jpg,0.8404255319148937,54.25343704223633
26690,spaq,spaq/06493,/home/sergey/iqa-data/spaq/SPAQ/TestImage/06493.jpg,0.3723404255319149,20.37544822692871
26691,spaq,spaq/06494,/home/sergey/iqa-data/spaq/SPAQ/TestImage/06494.jpg,0.717340425531915,40.874725341796875
26696,spaq,spaq/06499,/home/sergey/iqa-data/spaq/SPAQ/TestImage/06499.jpg,0.7992553191489361,36.656829833984375
26700,spaq,spaq/06503,/home/sergey/iqa-data/spaq/SPAQ/TestImage/06503.jpg,0.6428723404255319,23.627986907958984
26703,spaq,spaq/06506,/home/sergey/iqa-data/spaq/SPAQ/TestImage/06506.jpg,0.8237234042553192,43.50469207763672
26705,spaq,spaq/06508,/home/sergey/iqa-data/spaq/SPAQ/TestImage/06508.jpg,0.8708510638297873,57.19672393798828
26708,spaq,spaq/06511,/home/sergey/iqa-data/spaq/SPAQ/TestImage/06511.jpg,0.6109574468085106,40.44557189941406
26715,spaq,spaq/06518,/home/sergey/iqa-data/spaq/SPAQ/TestImage/06518.jpg,0.2735106382978723,22.07064437866211
26719,spaq,spaq/06522,/home/sergey/iqa-data/spaq/SPAQ/TestImage/06522.jpg,0.3271276595744681,24.333065032958984
26727,spaq,spaq/06530,/home/sergey/iqa-data/spaq/SPAQ/TestImage/06530.jpg,0.6702127659574468,27.924171447753906
26729,spaq,spaq/06532,/home/sergey/iqa-data/spaq/SPAQ/TestImage/06532.jpg,0.7309574468085106,55.103641510009766
26730,spaq,spaq/06533,/home/sergey/iqa-data/spaq/SPAQ/TestImage/06533.jpg,0.4772340425531914,50.64984130859375
26731,spaq,spaq/06534,/home/sergey/iqa-data/spaq/SPAQ/TestImage/06534.jpg,0.2154255319148936,18.287044525146484
26734,spaq,spaq/06537,/home/sergey/iqa-data/spaq/SPAQ/TestImage/06537.jpg,0.3541489361702127,15.848468780517578
26738,spaq,spaq/06541,/home/sergey/iqa-data/spaq/SPAQ/TestImage/06541.jpg,0.7371276595744681,25.63092613220215
26740,spaq,spaq/06543,/home/sergey/iqa-data/spaq/SPAQ/TestImage/06543.jpg,0.8419148936170213,49.78472900390625
26747,spaq,spaq/06550,/home/sergey/iqa-data/spaq/SPAQ/TestImage/06550.jpg,0.5075531914893617,35.990638732910156
26751,spaq,spaq/06554,/home/sergey/iqa-data/spaq/SPAQ/TestImage/06554.jpg,0.2686170212765957,35.64781188964844
26755,spaq,spaq/06558,/home/sergey/iqa-data/spaq/SPAQ/TestImage/06558.jpg,0.7690425531914894,23.716323852539062
26760,spaq,spaq/06563,/home/sergey/iqa-data/spaq/SPAQ/TestImage/06563.jpg,0.6210638297872341,33.19255828857422
26780,spaq,spaq/06583,/home/sergey/iqa-data/spaq/SPAQ/TestImage/06583.jpg,0.3404255319148936,41.67544937133789
26781,spaq,spaq/06584,/home/sergey/iqa-data/spaq/SPAQ/TestImage/06584.jpg,0.6364893617021277,30.363500595092773
26800,spaq,spaq/06603,/home/sergey/iqa-data/spaq/SPAQ/TestImage/06603.jpg,0.2943617021276596,27.629638671875
26804,spaq,spaq/06607,/home/sergey/iqa-data/spaq/SPAQ/TestImage/06607.jpg,0.2297872340425532,19.398540496826172
26806,spaq,spaq/06609,/home/sergey/iqa-data/spaq/SPAQ/TestImage/06609.jpg,0.3425531914893617,23.98835563659668
26810,spaq,spaq/06613,/home/sergey/iqa-data/spaq/SPAQ/TestImage/06613.jpg,0.3847872340425532,50.05919647216797
26811,spaq,spaq/06614,/home/sergey/iqa-data/spaq/SPAQ/TestImage/06614.jpg,0.2085106382978723,40.706153869628906
26813,spaq,spaq/06616,/home/sergey/iqa-data/spaq/SPAQ/TestImage/06616.jpg,0.2464893617021276,23.457244873046875
26817,spaq,spaq/06620,/home/sergey/iqa-data/spaq/SPAQ/TestImage/06620.jpg,0.2638297872340425,28.834068298339844
26820,spaq,spaq/06623,/home/sergey/iqa-data/spaq/SPAQ/TestImage/06623.jpg,0.4875531914893616,54.52012634277344
26824,spaq,spaq/06627,/home/sergey/iqa-data/spaq/SPAQ/TestImage/06627.jpg,0.3893617021276596,16.97045135498047
26842,spaq,spaq/06645,/home/sergey/iqa-data/spaq/SPAQ/TestImage/06645.jpg,0.5877659574468085,51.116024017333984
26844,spaq,spaq/06647,/home/sergey/iqa-data/spaq/SPAQ/TestImage/06647.jpg,0.2739361702127659,31.52720832824707
26845,spaq,spaq/06648,/home/sergey/iqa-data/spaq/SPAQ/TestImage/06648.jpg,0.3430851063829787,20.516918182373047
26846,spaq,spaq/06649,/home/sergey/iqa-data/spaq/SPAQ/TestImage/06649.jpg,0.6196808510638298,29.84992027282715
26863,spaq,spaq/06666,/home/sergey/iqa-data/spaq/SPAQ/TestImage/06666.jpg,0.7857446808510639,59.73522186279297
26874,spaq,spaq/06677,/home/sergey/iqa-data/spaq/SPAQ/TestImage/06677.jpg,0.5141489361702127,44.59727478027344
26886,spaq,spaq/06689,/home/sergey/iqa-data/spaq/SPAQ/TestImage/06689.jpg,0.4503191489361702,46.44477081298828
26888,spaq,spaq/06691,/home/sergey/iqa-data/spaq/SPAQ/TestImage/06691.jpg,0.5284042553191489,24.529869079589844
26890,spaq,spaq/06693,/home/sergey/iqa-data/spaq/SPAQ/TestImage/06693.jpg,0.351063829787234,23.84148597717285
26901,spaq,spaq/06704,/home/sergey/iqa-data/spaq/SPAQ/TestImage/06704.jpg,0.5496808510638298,19.88922882080078
26902,spaq,spaq/06705,/home/sergey/iqa-data/spaq/SPAQ/TestImage/06705.jpg,0.7641489361702127,37.151031494140625
26908,spaq,spaq/06711,/home/sergey/iqa-data/spaq/SPAQ/TestImage/06711.jpg,0.5851063829787234,50.14215850830078
26909,spaq,spaq/06712,/home/sergey/iqa-data/spaq/SPAQ/TestImage/06712.jpg,0.3617021276595745,31.937767028808594
26914,spaq,spaq/06717,/home/sergey/iqa-data/spaq/SPAQ/TestImage/06717.jpg,0.3176595744680851,36.72835159301758
26921,spaq,spaq/06724,/home/sergey/iqa-data/spaq/SPAQ/TestImage/06724.jpg,0.4273404255319149,50.29393768310547
26924,spaq,spaq/06727,/home/sergey/iqa-data/spaq/SPAQ/TestImage/06727.jpg,0.7468085106382979,47.85696029663086
26931,spaq,spaq/06734,/home/sergey/iqa-data/spaq/SPAQ/TestImage/06734.jpg,0.0808510638297872,16.790517807006836
26934,spaq,spaq/06737,/home/sergey/iqa-data/spaq/SPAQ/TestImage/06737.jpg,0.1613829787234042,16.78000259399414
26936,spaq,spaq/06739,/home/sergey/iqa-data/spaq/SPAQ/TestImage/06739.jpg,0.0106382978723404,17.191247940063477
26939,spaq,spaq/06742,/home/sergey/iqa-data/spaq/SPAQ/TestImage/06742.jpg,0.748936170212766,53.41240692138672
26948,spaq,spaq/06751,/home/sergey/iqa-data/spaq/SPAQ/TestImage/06751.jpg,0.723404255319149,51.58575439453125
26949,spaq,spaq/06752,/home/sergey/iqa-data/spaq/SPAQ/TestImage/06752.jpg,0.7,36.91130065917969
26954,spaq,spaq/06757,/home/sergey/iqa-data/spaq/SPAQ/TestImage/06757.jpg,0.7106382978723403,51.75098419189453
26957,spaq,spaq/06760,/home/sergey/iqa-data/spaq/SPAQ/TestImage/06760.jpg,0.2801063829787233,19.057701110839844
26959,spaq,spaq/06762,/home/sergey/iqa-data/spaq/SPAQ/TestImage/06762.jpg,0.672340425531915,49.06041717529297
26962,spaq,spaq/06765,/home/sergey/iqa-data/spaq/SPAQ/TestImage/06765.jpg,0.723404255319149,45.52149200439453
26966,spaq,spaq/06769,/home/sergey/iqa-data/spaq/SPAQ/TestImage/06769.jpg,0.1893617021276595,30.935302734375
26970,spaq,spaq/06773,/home/sergey/iqa-data/spaq/SPAQ/TestImage/06773.jpg,0.3808510638297872,31.589399337768555
26972,spaq,spaq/06775,/home/sergey/iqa-data/spaq/SPAQ/TestImage/06775.jpg,0.4179787234042553,27.418514251708984
26978,spaq,spaq/06781,/home/sergey/iqa-data/spaq/SPAQ/TestImage/06781.jpg,0.2659574468085106,18.001583099365234
26981,spaq,spaq/06784,/home/sergey/iqa-data/spaq/SPAQ/TestImage/06784.jpg,0.448936170212766,35.74243927001953
26986,spaq,spaq/06789,/home/sergey/iqa-data/spaq/SPAQ/TestImage/06789.jpg,0.2957446808510638,20.93642807006836
26988,spaq,spaq/06791,/home/sergey/iqa-data/spaq/SPAQ/TestImage/06791.jpg,0.8138297872340425,54.870765686035156
26992,spaq,spaq/06795,/home/sergey/iqa-data/spaq/SPAQ/TestImage/06795.jpg,0.6595744680851063,58.858917236328125
26999,spaq,spaq/06802,/home/sergey/iqa-data/spaq/SPAQ/TestImage/06802.jpg,0.7712765957446809,43.08721160888672
27006,spaq,spaq/06809,/home/sergey/iqa-data/spaq/SPAQ/TestImage/06809.jpg,0.2925531914893617,28.962194442749023
27007,spaq,spaq/06810,/home/sergey/iqa-data/spaq/SPAQ/TestImage/06810.jpg,0.2287234042553191,29.561038970947266
27020,spaq,spaq/06823,/home/sergey/iqa-data/spaq/SPAQ/TestImage/06823.jpg,0.2801063829787233,24.45157814025879
27023,spaq,spaq/06826,/home/sergey/iqa-data/spaq/SPAQ/TestImage/06826.jpg,0.4680851063829787,30.335783004760742
27024,spaq,spaq/06827,/home/sergey/iqa-data/spaq/SPAQ/TestImage/06827.jpg,0.202127659574468,25.033613204956055
27038,spaq,spaq/06841,/home/sergey/iqa-data/spaq/SPAQ/TestImage/06841.jpg,0.2659574468085106,38.76417541503906
27048,spaq,spaq/06851,/home/sergey/iqa-data/spaq/SPAQ/TestImage/06851.jpg,0.5106382978723404,40.597721099853516
27050,spaq,spaq/06853,/home/sergey/iqa-data/spaq/SPAQ/TestImage/06853.jpg,0.175531914893617,35.71166229248047
27051,spaq,spaq/06854,/home/sergey/iqa-data/spaq/SPAQ/TestImage/06854.jpg,0.8882978723404256,49.542091369628906
27057,spaq,spaq/06860,/home/sergey/iqa-data/spaq/SPAQ/TestImage/06860.jpg,0.2872340425531915,20.311145782470703
27063,spaq,spaq/06866,/home/sergey/iqa-data/spaq/SPAQ/TestImage/06866.jpg,0.6212765957446809,46.732635498046875
27065,spaq,spaq/06868,/home/sergey/iqa-data/spaq/SPAQ/TestImage/06868.jpg,0.1968085106382978,23.101749420166016
27070,spaq,spaq/06873,/home/sergey/iqa-data/spaq/SPAQ/TestImage/06873.jpg,0.351063829787234,16.56175422668457
27071,spaq,spaq/06874,/home/sergey/iqa-data/spaq/SPAQ/TestImage/06874.jpg,0.4095744680851064,26.364803314208984
27073,spaq,spaq/06876,/home/sergey/iqa-data/spaq/SPAQ/TestImage/06876.jpg,0.4308510638297872,25.942468643188477
27075,spaq,spaq/06878,/home/sergey/iqa-data/spaq/SPAQ/TestImage/06878.jpg,0.4654255319148936,49.80816650390625
27084,spaq,spaq/06887,/home/sergey/iqa-data/spaq/SPAQ/TestImage/06887.jpg,0.3111702127659574,23.834716796875
27101,spaq,spaq/06904,/home/sergey/iqa-data/spaq/SPAQ/TestImage/06904.jpg,0.3856382978723404,17.039718627929688
27102,spaq,spaq/06905,/home/sergey/iqa-data/spaq/SPAQ/TestImage/06905.jpg,0.7420212765957447,44.07767105102539
27103,spaq,spaq/06906,/home/sergey/iqa-data/spaq/SPAQ/TestImage/06906.jpg,0.3457446808510638,25.190773010253906
27107,spaq,spaq/06910,/home/sergey/iqa-data/spaq/SPAQ/TestImage/06910.jpg,0.4946808510638298,33.55449295043945
27111,spaq,spaq/06914,/home/sergey/iqa-data/spaq/SPAQ/TestImage/06914.jpg,0.2957446808510638,30.763669967651367
27112,spaq,spaq/06915,/home/sergey/iqa-data/spaq/SPAQ/TestImage/06915.jpg,0.2632978723404255,17.220388412475586
27115,spaq,spaq/06918,/home/sergey/iqa-data/spaq/SPAQ/TestImage/06918.jpg,0.5659574468085107,50.224517822265625
27120,spaq,spaq/06923,/home/sergey/iqa-data/spaq/SPAQ/TestImage/06923.jpg,0.5877659574468085,40.200645446777344
27123,spaq,spaq/06926,/home/sergey/iqa-data/spaq/SPAQ/TestImage/06926.jpg,0.5771276595744681,39.89883041381836
27129,spaq,spaq/06932,/home/sergey/iqa-data/spaq/SPAQ/TestImage/06932.jpg,0.7372340425531915,34.20136260986328
27132,spaq,spaq/06935,/home/sergey/iqa-data/spaq/SPAQ/TestImage/06935.jpg,0.3288297872340425,36.415740966796875
27140,spaq,spaq/06943,/home/sergey/iqa-data/spaq/SPAQ/TestImage/06943.jpg,0.0437234042553191,21.238204956054688
27145,spaq,spaq/06948,/home/sergey/iqa-data/spaq/SPAQ/TestImage/06948.jpg,0.4340425531914893,30.01429557800293
27153,spaq,spaq/06956,/home/sergey/iqa-data/spaq/SPAQ/TestImage/06956.jpg,0.7563829787234042,47.52769088745117
27155,spaq,spaq/06958,/home/sergey/iqa-data/spaq/SPAQ/TestImage/06958.jpg,0.4692553191489361,36.50360870361328
27156,spaq,spaq/06959,/home/sergey/iqa-data/spaq/SPAQ/TestImage/06959.jpg,0.7636170212765958,57.93024444580078
27168,spaq,spaq/06971,/home/sergey/iqa-data/spaq/SPAQ/TestImage/06971.jpg,0.3053191489361702,18.066070556640625
27169,spaq,spaq/06972,/home/sergey/iqa-data/spaq/SPAQ/TestImage/06972.jpg,0.4542553191489362,37.68999099731445
27170,spaq,spaq/06973,/home/sergey/iqa-data/spaq/SPAQ/TestImage/06973.jpg,0.8442553191489361,50.5983772277832
27182,spaq,spaq/06985,/home/sergey/iqa-data/spaq/SPAQ/TestImage/06985.jpg,0.2606382978723404,15.93237590789795
27185,spaq,spaq/06988,/home/sergey/iqa-data/spaq/SPAQ/TestImage/06988.jpg,0.623404255319149,36.9082145690918
27189,spaq,spaq/06992,/home/sergey/iqa-data/spaq/SPAQ/TestImage/06992.jpg,0.7423404255319149,43.642601013183594
27190,spaq,spaq/06993,/home/sergey/iqa-data/spaq/SPAQ/TestImage/06993.jpg,0.8214893617021276,55.818603515625
27195,spaq,spaq/06998,/home/sergey/iqa-data/spaq/SPAQ/TestImage/06998.jpg,0.8013829787234042,36.17753982543945
27208,spaq,spaq/07011,/home/sergey/iqa-data/spaq/SPAQ/TestImage/07011.jpg,0.4521276595744681,26.727989196777344
27214,spaq,spaq/07017,/home/sergey/iqa-data/spaq/SPAQ/TestImage/07017.jpg,0.351063829787234,21.754928588867188
27218,spaq,spaq/07021,/home/sergey/iqa-data/spaq/SPAQ/TestImage/07021.jpg,0.7925531914893617,44.200138092041016
27221,spaq,spaq/07024,/home/sergey/iqa-data/spaq/SPAQ/TestImage/07024.jpg,0.7309574468085106,38.43340301513672
27236,spaq,spaq/07039,/home/sergey/iqa-data/spaq/SPAQ/TestImage/07039.jpg,0.3098936170212766,23.160768508911133
27237,spaq,spaq/07040,/home/sergey/iqa-data/spaq/SPAQ/TestImage/07040.jpg,0.7553191489361702,46.03472900390625
27240,spaq,spaq/07043,/home/sergey/iqa-data/spaq/SPAQ/TestImage/07043.jpg,0.2487234042553191,26.15703773498535
27243,spaq,spaq/07046,/home/sergey/iqa-data/spaq/SPAQ/TestImage/07046.jpg,0.7978723404255319,56.42808532714844
27247,spaq,spaq/07050,/home/sergey/iqa-data/spaq/SPAQ/TestImage/07050.jpg,0.6063829787234043,23.507293701171875
27249,spaq,spaq/07052,/home/sergey/iqa-data/spaq/SPAQ/TestImage/07052.jpg,0.7674468085106383,41.70362091064453
27256,spaq,spaq/07059,/home/sergey/iqa-data/spaq/SPAQ/TestImage/07059.jpg,0.2903191489361702,25.426298141479492
27258,spaq,spaq/07061,/home/sergey/iqa-data/spaq/SPAQ/TestImage/07061.jpg,0.4774468085106383,17.946903228759766
27259,spaq,spaq/07062,/home/sergey/iqa-data/spaq/SPAQ/TestImage/07062.jpg,0.0562765957446808,35.32518005371094
27263,spaq,spaq/07066,/home/sergey/iqa-data/spaq/SPAQ/TestImage/07066.jpg,0.7646808510638298,51.312374114990234
27272,spaq,spaq/07075,/home/sergey/iqa-data/spaq/SPAQ/TestImage/07075.jpg,0.3776595744680851,31.981704711914062
27274,spaq,spaq/07077,/home/sergey/iqa-data/spaq/SPAQ/TestImage/07077.jpg,0.3776595744680851,50.81126022338867
27277,spaq,spaq/07080,/home/sergey/iqa-data/spaq/SPAQ/TestImage/07080.jpg,0.2473404255319149,20.53961944580078
27278,spaq,spaq/07081,/home/sergey/iqa-data/spaq/SPAQ/TestImage/07081.jpg,0.4936170212765957,32.04469299316406
27290,spaq,spaq/07093,/home/sergey/iqa-data/spaq/SPAQ/TestImage/07093.jpg,0.5159574468085106,35.037689208984375
27293,spaq,spaq/07096,/home/sergey/iqa-data/spaq/SPAQ/TestImage/07096.jpg,0.480531914893617,42.85841369628906
27302,spaq,spaq/07105,/home/sergey/iqa-data/spaq/SPAQ/TestImage/07105.jpg,0.4601063829787234,34.662628173828125
27306,spaq,spaq/07109,/home/sergey/iqa-data/spaq/SPAQ/TestImage/07109.jpg,0.1595744680851064,24.393115997314453
27318,spaq,spaq/07121,/home/sergey/iqa-data/spaq/SPAQ/TestImage/07121.jpg,0.3643617021276595,18.74978256225586
27327,spaq,spaq/07130,/home/sergey/iqa-data/spaq/SPAQ/TestImage/07130.jpg,0.8404255319148937,43.55438995361328
27333,spaq,spaq/07136,/home/sergey/iqa-data/spaq/SPAQ/TestImage/07136.jpg,0.4893617021276595,48.18126678466797
27336,spaq,spaq/07139,/home/sergey/iqa-data/spaq/SPAQ/TestImage/07139.jpg,0.5398936170212766,23.23925018310547
27344,spaq,spaq/07147,/home/sergey/iqa-data/spaq/SPAQ/TestImage/07147.jpg,0.776595744680851,47.54908752441406
27346,spaq,spaq/07149,/home/sergey/iqa-data/spaq/SPAQ/TestImage/07149.jpg,0.7319148936170212,47.003448486328125
27364,spaq,spaq/07167,/home/sergey/iqa-data/spaq/SPAQ/TestImage/07167.jpg,0.7978723404255319,49.68476867675781
27372,spaq,spaq/07175,/home/sergey/iqa-data/spaq/SPAQ/TestImage/07175.jpg,0.7085106382978723,42.69268035888672
27379,spaq,spaq/07182,/home/sergey/iqa-data/spaq/SPAQ/TestImage/07182.jpg,0.7322340425531915,30.39242935180664
27383,spaq,spaq/07186,/home/sergey/iqa-data/spaq/SPAQ/TestImage/07186.jpg,0.7052127659574469,51.03901672363281
27392,spaq,spaq/07195,/home/sergey/iqa-data/spaq/SPAQ/TestImage/07195.jpg,0.4130851063829787,14.87030029296875
27397,spaq,spaq/07200,/home/sergey/iqa-data/spaq/SPAQ/TestImage/07200.jpg,0.4113829787234043,35.86018371582031
27398,spaq,spaq/07201,/home/sergey/iqa-data/spaq/SPAQ/TestImage/07201.jpg,0.648936170212766,29.385459899902344
27400,spaq,spaq/07203,/home/sergey/iqa-data/spaq/SPAQ/TestImage/07203.jpg,0.8212765957446809,33.79957580566406
27401,spaq,spaq/07204,/home/sergey/iqa-data/spaq/SPAQ/TestImage/07204.jpg,0.7893617021276597,49.00792694091797
27403,spaq,spaq/07206,/home/sergey/iqa-data/spaq/SPAQ/TestImage/07206.jpg,0.7574468085106383,35.97304153442383
27405,spaq,spaq/07208,/home/sergey/iqa-data/spaq/SPAQ/TestImage/07208.jpg,0.3872340425531915,18.48456573486328
27412,spaq,spaq/07215,/home/sergey/iqa-data/spaq/SPAQ/TestImage/07215.jpg,0.952127659574468,64.1374740600586
27425,spaq,spaq/07228,/home/sergey/iqa-data/spaq/SPAQ/TestImage/07228.jpg,0.8776595744680851,34.09537124633789
27428,spaq,spaq/07231,/home/sergey/iqa-data/spaq/SPAQ/TestImage/07231.jpg,0.6861702127659575,30.176029205322266
27432,spaq,spaq/07235,/home/sergey/iqa-data/spaq/SPAQ/TestImage/07235.jpg,0.6276595744680851,51.49445724487305
27446,spaq,spaq/07249,/home/sergey/iqa-data/spaq/SPAQ/TestImage/07249.jpg,0.4077659574468085,13.423944473266602
27454,spaq,spaq/07257,/home/sergey/iqa-data/spaq/SPAQ/TestImage/07257.jpg,0.7659574468085106,54.22390365600586
27460,spaq,spaq/07263,/home/sergey/iqa-data/spaq/SPAQ/TestImage/07263.jpg,0.3989361702127659,20.520374298095703
27463,spaq,spaq/07266,/home/sergey/iqa-data/spaq/SPAQ/TestImage/07266.jpg,0.8563829787234043,34.60725784301758
27467,spaq,spaq/07270,/home/sergey/iqa-data/spaq/SPAQ/TestImage/07270.jpg,0.8563829787234043,46.76806640625
27476,spaq,spaq/07279,/home/sergey/iqa-data/spaq/SPAQ/TestImage/07279.jpg,0.8829787234042553,48.13737869262695
27484,spaq,spaq/07287,/home/sergey/iqa-data/spaq/SPAQ/TestImage/07287.jpg,0.4432978723404255,28.96666145324707
27497,spaq,spaq/07300,/home/sergey/iqa-data/spaq/SPAQ/TestImage/07300.jpg,0.723404255319149,14.941035270690918
27507,spaq,spaq/07310,/home/sergey/iqa-data/spaq/SPAQ/TestImage/07310.jpg,0.9077659574468084,51.513031005859375
27509,spaq,spaq/07312,/home/sergey/iqa-data/spaq/SPAQ/TestImage/07312.jpg,0.2553191489361702,21.74530029296875
27516,spaq,spaq/07319,/home/sergey/iqa-data/spaq/SPAQ/TestImage/07319.jpg,0.6667021276595745,50.74808883666992
27517,spaq,spaq/07320,/home/sergey/iqa-data/spaq/SPAQ/TestImage/07320.jpg,0.6382978723404256,37.06499481201172
27520,spaq,spaq/07323,/home/sergey/iqa-data/spaq/SPAQ/TestImage/07323.jpg,0.879468085106383,50.18531799316406
27533,spaq,spaq/07336,/home/sergey/iqa-data/spaq/SPAQ/TestImage/07336.jpg,0.8297872340425532,29.272972106933594
27535,spaq,spaq/07338,/home/sergey/iqa-data/spaq/SPAQ/TestImage/07338.jpg,0.0,29.546001434326172
27540,spaq,spaq/07343,/home/sergey/iqa-data/spaq/SPAQ/TestImage/07343.jpg,0.3439361702127659,26.769237518310547
27542,spaq,spaq/07345,/home/sergey/iqa-data/spaq/SPAQ/TestImage/07345.jpg,0.5922340425531915,40.76763916015625
27543,spaq,spaq/07346,/home/sergey/iqa-data/spaq/SPAQ/TestImage/07346.jpg,0.6630851063829787,29.40215492248535
27544,spaq,spaq/07347,/home/sergey/iqa-data/spaq/SPAQ/TestImage/07347.jpg,0.9396808510638298,46.282623291015625
27545,spaq,spaq/07348,/home/sergey/iqa-data/spaq/SPAQ/TestImage/07348.jpg,0.8617021276595744,55.95168685913086
27547,spaq,spaq/07350,/home/sergey/iqa-data/spaq/SPAQ/TestImage/07350.jpg,0.5531914893617021,47.592742919921875
27549,spaq,spaq/07352,/home/sergey/iqa-data/spaq/SPAQ/TestImage/07352.jpg,0.1361702127659574,18.602210998535156
27552,spaq,spaq/07355,/home/sergey/iqa-data/spaq/SPAQ/TestImage/07355.jpg,0.0726595744680851,34.32054901123047
27559,spaq,spaq/07362,/home/sergey/iqa-data/spaq/SPAQ/TestImage/07362.jpg,0.519468085106383,36.26805114746094
27568,spaq,spaq/07371,/home/sergey/iqa-data/spaq/SPAQ/TestImage/07371.jpg,0.2,17.533363342285156
27573,spaq,spaq/07376,/home/sergey/iqa-data/spaq/SPAQ/TestImage/07376.jpg,0.1297872340425531,26.59929656982422
27578,spaq,spaq/07381,/home/sergey/iqa-data/spaq/SPAQ/TestImage/07381.jpg,0.1829787234042553,17.0716495513916
27579,spaq,spaq/07382,/home/sergey/iqa-data/spaq/SPAQ/TestImage/07382.jpg,0.2148936170212766,20.04519271850586
27584,spaq,spaq/07387,/home/sergey/iqa-data/spaq/SPAQ/TestImage/07387.jpg,0.1404255319148936,35.22468566894531
27591,spaq,spaq/07394,/home/sergey/iqa-data/spaq/SPAQ/TestImage/07394.jpg,0.2361702127659574,34.24872589111328
27594,spaq,spaq/07397,/home/sergey/iqa-data/spaq/SPAQ/TestImage/07397.jpg,0.1808510638297872,43.35444641113281
27598,spaq,spaq/07401,/home/sergey/iqa-data/spaq/SPAQ/TestImage/07401.jpg,0.3148936170212766,16.72968292236328
27606,spaq,spaq/07409,/home/sergey/iqa-data/spaq/SPAQ/TestImage/07409.jpg,0.5382978723404256,35.0299072265625
27609,spaq,spaq/07412,/home/sergey/iqa-data/spaq/SPAQ/TestImage/07412.jpg,0.0691489361702127,25.186290740966797
27610,spaq,spaq/07413,/home/sergey/iqa-data/spaq/SPAQ/TestImage/07413.jpg,0.3978723404255319,41.55261993408203
27618,spaq,spaq/07421,/home/sergey/iqa-data/spaq/SPAQ/TestImage/07421.jpg,0.3692553191489361,29.176036834716797
27621,spaq,spaq/07424,/home/sergey/iqa-data/spaq/SPAQ/TestImage/07424.jpg,0.5808510638297872,37.43024444580078
27624,spaq,spaq/07427,/home/sergey/iqa-data/spaq/SPAQ/TestImage/07427.jpg,0.0957446808510638,19.815162658691406
27637,spaq,spaq/07440,/home/sergey/iqa-data/spaq/SPAQ/TestImage/07440.jpg,0.3191489361702128,28.195648193359375
27642,spaq,spaq/07445,/home/sergey/iqa-data/spaq/SPAQ/TestImage/07445.jpg,0.7044680851063829,47.65742492675781
27647,spaq,spaq/07450,/home/sergey/iqa-data/spaq/SPAQ/TestImage/07450.jpg,0.6356382978723404,39.41664123535156
27650,spaq,spaq/07453,/home/sergey/iqa-data/spaq/SPAQ/TestImage/07453.jpg,0.8024468085106383,31.81815528869629
27658,spaq,spaq/07461,/home/sergey/iqa-data/spaq/SPAQ/TestImage/07461.jpg,0.851063829787234,44.891822814941406
27665,spaq,spaq/07468,/home/sergey/iqa-data/spaq/SPAQ/TestImage/07468.jpg,0.4109574468085106,28.78042984008789
27667,spaq,spaq/07470,/home/sergey/iqa-data/spaq/SPAQ/TestImage/07470.jpg,0.4162765957446809,20.041057586669922
27668,spaq,spaq/07471,/home/sergey/iqa-data/spaq/SPAQ/TestImage/07471.jpg,0.3962765957446808,45.95987319946289
27670,spaq,spaq/07473,/home/sergey/iqa-data/spaq/SPAQ/TestImage/07473.jpg,0.8617021276595744,43.753456115722656
27671,spaq,spaq/07474,/home/sergey/iqa-data/spaq/SPAQ/TestImage/07474.jpg,0.7327659574468085,27.490270614624023
27674,spaq,spaq/07477,/home/sergey/iqa-data/spaq/SPAQ/TestImage/07477.jpg,0.8072340425531914,23.29970932006836
27676,spaq,spaq/07479,/home/sergey/iqa-data/spaq/SPAQ/TestImage/07479.jpg,0.2224468085106383,15.030981063842773
27677,spaq,spaq/07480,/home/sergey/iqa-data/spaq/SPAQ/TestImage/07480.jpg,0.4375531914893617,36.83648681640625
27680,spaq,spaq/07483,/home/sergey/iqa-data/spaq/SPAQ/TestImage/07483.jpg,0.5011702127659574,26.953052520751953
27698,spaq,spaq/07501,/home/sergey/iqa-data/spaq/SPAQ/TestImage/07501.jpg,0.7811702127659576,56.00917053222656
27701,spaq,spaq/07504,/home/sergey/iqa-data/spaq/SPAQ/TestImage/07504.jpg,0.6720212765957447,33.70020294189453
27703,spaq,spaq/07506,/home/sergey/iqa-data/spaq/SPAQ/TestImage/07506.jpg,0.7978723404255319,40.79997253417969
27712,spaq,spaq/07515,/home/sergey/iqa-data/spaq/SPAQ/TestImage/07515.jpg,0.2765957446808511,35.6729736328125
27716,spaq,spaq/07519,/home/sergey/iqa-data/spaq/SPAQ/TestImage/07519.jpg,0.5212765957446809,37.25043869018555
27719,spaq,spaq/07522,/home/sergey/iqa-data/spaq/SPAQ/TestImage/07522.jpg,0.2819148936170212,24.935638427734375
27721,spaq,spaq/07524,/home/sergey/iqa-data/spaq/SPAQ/TestImage/07524.jpg,0.8670212765957447,44.53260040283203
27723,spaq,spaq/07526,/home/sergey/iqa-data/spaq/SPAQ/TestImage/07526.jpg,0.81,38.37726974487305
27724,spaq,spaq/07527,/home/sergey/iqa-data/spaq/SPAQ/TestImage/07527.jpg,0.397127659574468,18.445837020874023
27734,spaq,spaq/07537,/home/sergey/iqa-data/spaq/SPAQ/TestImage/07537.jpg,0.8315957446808511,49.96809387207031
27742,spaq,spaq/07545,/home/sergey/iqa-data/spaq/SPAQ/TestImage/07545.jpg,0.3262765957446809,19.540515899658203
27746,spaq,spaq/07549,/home/sergey/iqa-data/spaq/SPAQ/TestImage/07549.jpg,0.324468085106383,33.48025894165039
27749,spaq,spaq/07552,/home/sergey/iqa-data/spaq/SPAQ/TestImage/07552.jpg,0.7003191489361702,38.79090881347656
27755,spaq,spaq/07558,/home/sergey/iqa-data/spaq/SPAQ/TestImage/07558.jpg,0.6829787234042554,44.83247375488281
27767,spaq,spaq/07570,/home/sergey/iqa-data/spaq/SPAQ/TestImage/07570.jpg,0.3170212765957447,23.7349910736084
27772,spaq,spaq/07575,/home/sergey/iqa-data/spaq/SPAQ/TestImage/07575.jpg,0.445,35.02137756347656
27774,spaq,spaq/07577,/home/sergey/iqa-data/spaq/SPAQ/TestImage/07577.jpg,0.3528723404255319,14.018951416015625
27775,spaq,spaq/07578,/home/sergey/iqa-data/spaq/SPAQ/TestImage/07578.jpg,0.102127659574468,19.494855880737305
27782,spaq,spaq/07585,/home/sergey/iqa-data/spaq/SPAQ/TestImage/07585.jpg,0.3212765957446808,19.74690055847168
27787,spaq,spaq/07590,/home/sergey/iqa-data/spaq/SPAQ/TestImage/07590.jpg,0.3652127659574468,26.03355598449707
27790,spaq,spaq/07593,/home/sergey/iqa-data/spaq/SPAQ/TestImage/07593.jpg,0.4680851063829787,13.650553703308105
27804,spaq,spaq/07607,/home/sergey/iqa-data/spaq/SPAQ/TestImage/07607.jpg,0.8106382978723404,49.670623779296875
27805,spaq,spaq/07608,/home/sergey/iqa-data/spaq/SPAQ/TestImage/07608.jpg,0.776595744680851,29.50124740600586
27826,spaq,spaq/07629,/home/sergey/iqa-data/spaq/SPAQ/TestImage/07629.jpg,0.2957446808510638,19.09579849243164
27836,spaq,spaq/07639,/home/sergey/iqa-data/spaq/SPAQ/TestImage/07639.jpg,0.4875531914893616,21.647653579711914
27837,spaq,spaq/07640,/home/sergey/iqa-data/spaq/SPAQ/TestImage/07640.jpg,0.6117021276595744,35.75301742553711
27849,spaq,spaq/07652,/home/sergey/iqa-data/spaq/SPAQ/TestImage/07652.jpg,0.3981914893617021,49.81379699707031
27851,spaq,spaq/07654,/home/sergey/iqa-data/spaq/SPAQ/TestImage/07654.jpg,0.1454255319148936,20.03546714782715
27861,spaq,spaq/07664,/home/sergey/iqa-data/spaq/SPAQ/TestImage/07664.jpg,0.1879787234042553,19.613033294677734
27870,spaq,spaq/07673,/home/sergey/iqa-data/spaq/SPAQ/TestImage/07673.jpg,0.3404255319148936,39.975120544433594
27871,spaq,spaq/07674,/home/sergey/iqa-data/spaq/SPAQ/TestImage/07674.jpg,0.4893617021276595,20.706361770629883
27882,spaq,spaq/07685,/home/sergey/iqa-data/spaq/SPAQ/TestImage/07685.jpg,0.7477659574468086,53.312644958496094
27883,spaq,spaq/07686,/home/sergey/iqa-data/spaq/SPAQ/TestImage/07686.jpg,0.4396808510638297,48.35551452636719
27892,spaq,spaq/07695,/home/sergey/iqa-data/spaq/SPAQ/TestImage/07695.jpg,0.2309574468085106,27.817977905273438
27897,spaq,spaq/07700,/home/sergey/iqa-data/spaq/SPAQ/TestImage/07700.jpg,0.2148936170212766,24.4377498626709
27899,spaq,spaq/07702,/home/sergey/iqa-data/spaq/SPAQ/TestImage/07702.jpg,0.1361702127659574,19.64532470703125
27908,spaq,spaq/07711,/home/sergey/iqa-data/spaq/SPAQ/TestImage/07711.jpg,0.0361702127659574,19.703975677490234
27912,spaq,spaq/07715,/home/sergey/iqa-data/spaq/SPAQ/TestImage/07715.jpg,0.374468085106383,27.855064392089844
27923,spaq,spaq/07726,/home/sergey/iqa-data/spaq/SPAQ/TestImage/07726.jpg,0.2801063829787233,16.065780639648438
27937,spaq,spaq/07740,/home/sergey/iqa-data/spaq/SPAQ/TestImage/07740.jpg,0.4148936170212766,19.224164962768555
27945,spaq,spaq/07748,/home/sergey/iqa-data/spaq/SPAQ/TestImage/07748.jpg,0.4148936170212766,52.70429992675781
27950,spaq,spaq/07753,/home/sergey/iqa-data/spaq/SPAQ/TestImage/07753.jpg,0.3914893617021276,23.510427474975586
27953,spaq,spaq/07756,/home/sergey/iqa-data/spaq/SPAQ/TestImage/07756.jpg,0.648936170212766,28.693817138671875
27954,spaq,spaq/07757,/home/sergey/iqa-data/spaq/SPAQ/TestImage/07757.jpg,0.8173404255319149,55.708106994628906
27963,spaq,spaq/07766,/home/sergey/iqa-data/spaq/SPAQ/TestImage/07766.jpg,0.7535106382978723,30.626506805419922
27968,spaq,spaq/07771,/home/sergey/iqa-data/spaq/SPAQ/TestImage/07771.jpg,0.8297872340425532,54.363189697265625
27981,spaq,spaq/07784,/home/sergey/iqa-data/spaq/SPAQ/TestImage/07784.jpg,0.375,19.633825302124023
27986,spaq,spaq/07789,/home/sergey/iqa-data/spaq/SPAQ/TestImage/07789.jpg,0.6641489361702129,42.20015335083008
27988,spaq,spaq/07791,/home/sergey/iqa-data/spaq/SPAQ/TestImage/07791.jpg,0.4498936170212765,22.493938446044922
27990,spaq,spaq/07793,/home/sergey/iqa-data/spaq/SPAQ/TestImage/07793.jpg,0.2796808510638298,31.197967529296875
27993,spaq,spaq/07796,/home/sergey/iqa-data/spaq/SPAQ/TestImage/07796.jpg,0.7446808510638298,54.62297821044922
27995,spaq,spaq/07798,/home/sergey/iqa-data/spaq/SPAQ/TestImage/07798.jpg,0.5035106382978723,16.47072410583496
28003,spaq,spaq/07806,/home/sergey/iqa-data/spaq/SPAQ/TestImage/07806.jpg,0.526595744680851,37.2816162109375
28012,spaq,spaq/07815,/home/sergey/iqa-data/spaq/SPAQ/TestImage/07815.jpg,0.2837234042553191,26.871623992919922
28014,spaq,spaq/07817,/home/sergey/iqa-data/spaq/SPAQ/TestImage/07817.jpg,0.3989361702127659,34.81511688232422
28023,spaq,spaq/07826,/home/sergey/iqa-data/spaq/SPAQ/TestImage/07826.jpg,0.4088297872340425,36.577606201171875
28028,spaq,spaq/07831,/home/sergey/iqa-data/spaq/SPAQ/TestImage/07831.jpg,0.7198936170212766,33.510902404785156
28035,spaq,spaq/07838,/home/sergey/iqa-data/spaq/SPAQ/TestImage/07838.jpg,0.5762765957446808,23.909042358398438
28046,spaq,spaq/07849,/home/sergey/iqa-data/spaq/SPAQ/TestImage/07849.jpg,0.331595744680851,43.481712341308594
28050,spaq,spaq/07853,/home/sergey/iqa-data/spaq/SPAQ/TestImage/07853.jpg,0.6902127659574467,47.36040115356445
28057,spaq,spaq/07860,/home/sergey/iqa-data/spaq/SPAQ/TestImage/07860.jpg,0.3662765957446808,30.47736358642578
28063,spaq,spaq/07866,/home/sergey/iqa-data/spaq/SPAQ/TestImage/07866.jpg,0.4220212765957447,18.239776611328125
28066,spaq,spaq/07869,/home/sergey/iqa-data/spaq/SPAQ/TestImage/07869.jpg,0.2207446808510638,28.258033752441406
28074,spaq,spaq/07877,/home/sergey/iqa-data/spaq/SPAQ/TestImage/07877.jpg,0.2446808510638297,22.02118682861328
28075,spaq,spaq/07878,/home/sergey/iqa-data/spaq/SPAQ/TestImage/07878.jpg,0.6879787234042554,28.76666259765625
28076,spaq,spaq/07879,/home/sergey/iqa-data/spaq/SPAQ/TestImage/07879.jpg,0.539468085106383,42.51171875
28077,spaq,spaq/07880,/home/sergey/iqa-data/spaq/SPAQ/TestImage/07880.jpg,0.6048936170212766,39.601566314697266
28078,spaq,spaq/07881,/home/sergey/iqa-data/spaq/SPAQ/TestImage/07881.jpg,0.3439361702127659,15.745519638061523
28081,spaq,spaq/07884,/home/sergey/iqa-data/spaq/SPAQ/TestImage/07884.jpg,0.2401063829787234,17.733890533447266
28084,spaq,spaq/07887,/home/sergey/iqa-data/spaq/SPAQ/TestImage/07887.jpg,0.425531914893617,25.46169090270996
28093,spaq,spaq/07896,/home/sergey/iqa-data/spaq/SPAQ/TestImage/07896.jpg,0.3811702127659574,38.09825134277344
28094,spaq,spaq/07897,/home/sergey/iqa-data/spaq/SPAQ/TestImage/07897.jpg,0.2907446808510638,17.07807159423828
28095,spaq,spaq/07898,/home/sergey/iqa-data/spaq/SPAQ/TestImage/07898.jpg,0.4237234042553191,30.03549575805664
28101,spaq,spaq/07904,/home/sergey/iqa-data/spaq/SPAQ/TestImage/07904.jpg,0.402127659574468,22.188337326049805
28103,spaq,spaq/07906,/home/sergey/iqa-data/spaq/SPAQ/TestImage/07906.jpg,0.6680851063829787,51.50083923339844
28109,spaq,spaq/07912,/home/sergey/iqa-data/spaq/SPAQ/TestImage/07912.jpg,0.2947872340425532,24.098651885986328
28112,spaq,spaq/07915,/home/sergey/iqa-data/spaq/SPAQ/TestImage/07915.jpg,0.2393617021276596,17.364646911621094
28113,spaq,spaq/07916,/home/sergey/iqa-data/spaq/SPAQ/TestImage/07916.jpg,0.8343617021276597,42.7083740234375
28127,spaq,spaq/07930,/home/sergey/iqa-data/spaq/SPAQ/TestImage/07930.jpg,0.3723404255319149,34.68373107910156
28130,spaq,spaq/07933,/home/sergey/iqa-data/spaq/SPAQ/TestImage/07933.jpg,0.8045744680851064,43.396202087402344
28131,spaq,spaq/07934,/home/sergey/iqa-data/spaq/SPAQ/TestImage/07934.jpg,0.7996808510638298,49.056983947753906
28140,spaq,spaq/07943,/home/sergey/iqa-data/spaq/SPAQ/TestImage/07943.jpg,0.5106382978723404,34.82170104980469
28142,spaq,spaq/07945,/home/sergey/iqa-data/spaq/SPAQ/TestImage/07945.jpg,0.3191489361702128,18.93121337890625
28144,spaq,spaq/07947,/home/sergey/iqa-data/spaq/SPAQ/TestImage/07947.jpg,0.5106382978723404,30.1923828125
28145,spaq,spaq/07948,/home/sergey/iqa-data/spaq/SPAQ/TestImage/07948.jpg,0.3324468085106383,21.749034881591797
28161,spaq,spaq/07964,/home/sergey/iqa-data/spaq/SPAQ/TestImage/07964.jpg,0.3847872340425532,38.958518981933594
28164,spaq,spaq/07967,/home/sergey/iqa-data/spaq/SPAQ/TestImage/07967.jpg,0.471595744680851,41.02803039550781
28167,spaq,spaq/07970,/home/sergey/iqa-data/spaq/SPAQ/TestImage/07970.jpg,0.2584042553191489,28.19442367553711
28168,spaq,spaq/07971,/home/sergey/iqa-data/spaq/SPAQ/TestImage/07971.jpg,0.6170212765957447,35.496360778808594
28172,spaq,spaq/07975,/home/sergey/iqa-data/spaq/SPAQ/TestImage/07975.jpg,0.568404255319149,37.15016555786133
28173,spaq,spaq/07976,/home/sergey/iqa-data/spaq/SPAQ/TestImage/07976.jpg,0.6879787234042554,48.496978759765625
28177,spaq,spaq/07980,/home/sergey/iqa-data/spaq/SPAQ/TestImage/07980.jpg,0.852872340425532,54.9219856262207
28181,spaq,spaq/07984,/home/sergey/iqa-data/spaq/SPAQ/TestImage/07984.jpg,0.5063829787234043,38.137516021728516
28185,spaq,spaq/07988,/home/sergey/iqa-data/spaq/SPAQ/TestImage/07988.jpg,0.3468085106382979,19.693483352661133
28195,spaq,spaq/07998,/home/sergey/iqa-data/spaq/SPAQ/TestImage/07998.jpg,0.7680851063829788,44.60063552856445
28199,spaq,spaq/08002,/home/sergey/iqa-data/spaq/SPAQ/TestImage/08002.jpg,0.4981914893617021,39.6469841003418
28210,spaq,spaq/08013,/home/sergey/iqa-data/spaq/SPAQ/TestImage/08013.jpg,0.8191489361702128,50.34088134765625
28213,spaq,spaq/08016,/home/sergey/iqa-data/spaq/SPAQ/TestImage/08016.jpg,0.2127659574468085,18.116914749145508
28218,spaq,spaq/08021,/home/sergey/iqa-data/spaq/SPAQ/TestImage/08021.jpg,0.6808510638297872,34.057247161865234
28219,spaq,spaq/08022,/home/sergey/iqa-data/spaq/SPAQ/TestImage/08022.jpg,0.425531914893617,41.472496032714844
28241,spaq,spaq/08044,/home/sergey/iqa-data/spaq/SPAQ/TestImage/08044.jpg,0.3957446808510638,37.06599426269531
28248,spaq,spaq/08051,/home/sergey/iqa-data/spaq/SPAQ/TestImage/08051.jpg,0.3380851063829787,34.99170684814453
28251,spaq,spaq/08054,/home/sergey/iqa-data/spaq/SPAQ/TestImage/08054.jpg,0.7796808510638299,61.80741500854492
28252,spaq,spaq/08055,/home/sergey/iqa-data/spaq/SPAQ/TestImage/08055.jpg,0.6003191489361702,35.36163330078125
28253,spaq,spaq/08056,/home/sergey/iqa-data/spaq/SPAQ/TestImage/08056.jpg,0.4437234042553191,41.22903060913086
28256,spaq,spaq/08059,/home/sergey/iqa-data/spaq/SPAQ/TestImage/08059.jpg,0.5379787234042553,32.32093048095703
28261,spaq,spaq/08064,/home/sergey/iqa-data/spaq/SPAQ/TestImage/08064.jpg,0.7380851063829786,46.57699203491211
28264,spaq,spaq/08067,/home/sergey/iqa-data/spaq/SPAQ/TestImage/08067.jpg,0.4695744680851064,20.45223617553711
28268,spaq,spaq/08071,/home/sergey/iqa-data/spaq/SPAQ/TestImage/08071.jpg,0.6413829787234042,31.71555519104004
28274,spaq,spaq/08077,/home/sergey/iqa-data/spaq/SPAQ/TestImage/08077.jpg,0.6474468085106383,49.67322540283203
28283,spaq,spaq/08086,/home/sergey/iqa-data/spaq/SPAQ/TestImage/08086.jpg,0.6929787234042554,45.12969970703125
28287,spaq,spaq/08090,/home/sergey/iqa-data/spaq/SPAQ/TestImage/08090.jpg,0.7593617021276595,46.162574768066406
28308,spaq,spaq/08111,/home/sergey/iqa-data/spaq/SPAQ/TestImage/08111.jpg,0.4122340425531915,21.168777465820312
28313,spaq,spaq/08116,/home/sergey/iqa-data/spaq/SPAQ/TestImage/08116.jpg,0.3864893617021276,19.108156204223633
28320,spaq,spaq/08123,/home/sergey/iqa-data/spaq/SPAQ/TestImage/08123.jpg,0.6968085106382979,37.832271575927734
28322,spaq,spaq/08125,/home/sergey/iqa-data/spaq/SPAQ/TestImage/08125.jpg,0.3176595744680851,39.01154327392578
28336,spaq,spaq/08139,/home/sergey/iqa-data/spaq/SPAQ/TestImage/08139.jpg,0.8475531914893617,26.23654556274414
28337,spaq,spaq/08140,/home/sergey/iqa-data/spaq/SPAQ/TestImage/08140.jpg,0.5035106382978723,26.634807586669922
28338,spaq,spaq/08141,/home/sergey/iqa-data/spaq/SPAQ/TestImage/08141.jpg,0.8954255319148936,51.507850646972656
28341,spaq,spaq/08144,/home/sergey/iqa-data/spaq/SPAQ/TestImage/08144.jpg,0.4822340425531914,36.314002990722656
28351,spaq,spaq/08154,/home/sergey/iqa-data/spaq/SPAQ/TestImage/08154.jpg,0.6258510638297872,47.38682556152344
28374,spaq,spaq/08177,/home/sergey/iqa-data/spaq/SPAQ/TestImage/08177.jpg,0.6638297872340426,55.26625442504883
28380,spaq,spaq/08183,/home/sergey/iqa-data/spaq/SPAQ/TestImage/08183.jpg,0.3901063829787234,22.628765106201172
28381,spaq,spaq/08184,/home/sergey/iqa-data/spaq/SPAQ/TestImage/08184.jpg,0.2893617021276595,19.76354217529297
28383,spaq,spaq/08186,/home/sergey/iqa-data/spaq/SPAQ/TestImage/08186.jpg,0.8688297872340426,30.388452529907227
28387,spaq,spaq/08190,/home/sergey/iqa-data/spaq/SPAQ/TestImage/08190.jpg,0.8319148936170213,53.483821868896484
28405,spaq,spaq/08208,/home/sergey/iqa-data/spaq/SPAQ/TestImage/08208.jpg,0.3382978723404255,26.019742965698242
28408,spaq,spaq/08211,/home/sergey/iqa-data/spaq/SPAQ/TestImage/08211.jpg,0.2659574468085106,46.51240539550781
28409,spaq,spaq/08212,/home/sergey/iqa-data/spaq/SPAQ/TestImage/08212.jpg,0.2898936170212766,28.134889602661133
28411,spaq,spaq/08214,/home/sergey/iqa-data/spaq/SPAQ/TestImage/08214.jpg,0.4122340425531915,33.2119140625
28418,spaq,spaq/08221,/home/sergey/iqa-data/spaq/SPAQ/TestImage/08221.jpg,0.7446808510638298,55.90167236328125
28423,spaq,spaq/08226,/home/sergey/iqa-data/spaq/SPAQ/TestImage/08226.jpg,0.3954255319148936,21.37583351135254
28424,spaq,spaq/08227,/home/sergey/iqa-data/spaq/SPAQ/TestImage/08227.jpg,0.2952127659574468,19.672588348388672
28431,spaq,spaq/08234,/home/sergey/iqa-data/spaq/SPAQ/TestImage/08234.jpg,0.4601063829787234,28.67813491821289
28443,spaq,spaq/08246,/home/sergey/iqa-data/spaq/SPAQ/TestImage/08246.jpg,0.6861702127659575,47.51544952392578
28445,spaq,spaq/08248,/home/sergey/iqa-data/spaq/SPAQ/TestImage/08248.jpg,0.3170212765957447,21.680233001708984
28446,spaq,spaq/08249,/home/sergey/iqa-data/spaq/SPAQ/TestImage/08249.jpg,0.7042553191489362,39.34795379638672
28447,spaq,spaq/08250,/home/sergey/iqa-data/spaq/SPAQ/TestImage/08250.jpg,0.2632978723404255,18.45844268798828
28449,spaq,spaq/08252,/home/sergey/iqa-data/spaq/SPAQ/TestImage/08252.jpg,0.4015957446808511,18.070152282714844
28450,spaq,spaq/08253,/home/sergey/iqa-data/spaq/SPAQ/TestImage/08253.jpg,0.7101063829787234,50.12732696533203
28454,spaq,spaq/08257,/home/sergey/iqa-data/spaq/SPAQ/TestImage/08257.jpg,0.730531914893617,44.22423553466797
28464,spaq,spaq/08267,/home/sergey/iqa-data/spaq/SPAQ/TestImage/08267.jpg,0.7777659574468085,43.727256774902344
28467,spaq,spaq/08270,/home/sergey/iqa-data/spaq/SPAQ/TestImage/08270.jpg,0.7280851063829787,34.52629852294922
28470,spaq,spaq/08273,/home/sergey/iqa-data/spaq/SPAQ/TestImage/08273.jpg,0.1961702127659574,16.755691528320312
28472,spaq,spaq/08275,/home/sergey/iqa-data/spaq/SPAQ/TestImage/08275.jpg,0.7648936170212767,41.62267303466797
28478,spaq,spaq/08281,/home/sergey/iqa-data/spaq/SPAQ/TestImage/08281.jpg,0.698936170212766,27.343713760375977
28486,spaq,spaq/08289,/home/sergey/iqa-data/spaq/SPAQ/TestImage/08289.jpg,0.2080851063829787,17.48763656616211
28491,spaq,spaq/08294,/home/sergey/iqa-data/spaq/SPAQ/TestImage/08294.jpg,0.8191489361702128,43.364044189453125
28494,spaq,spaq/08297,/home/sergey/iqa-data/spaq/SPAQ/TestImage/08297.jpg,0.5542553191489362,38.638648986816406
28496,spaq,spaq/08299,/home/sergey/iqa-data/spaq/SPAQ/TestImage/08299.jpg,0.7354255319148936,51.60376739501953
28499,spaq,spaq/08302,/home/sergey/iqa-data/spaq/SPAQ/TestImage/08302.jpg,0.4019148936170212,18.74641227722168
28507,spaq,spaq/08310,/home/sergey/iqa-data/spaq/SPAQ/TestImage/08310.jpg,0.2706382978723404,24.26830291748047
28512,spaq,spaq/08315,/home/sergey/iqa-data/spaq/SPAQ/TestImage/08315.jpg,0.7636170212765958,42.38506317138672
28515,spaq,spaq/08318,/home/sergey/iqa-data/spaq/SPAQ/TestImage/08318.jpg,0.7967021276595745,25.07106590270996
28523,spaq,spaq/08326,/home/sergey/iqa-data/spaq/SPAQ/TestImage/08326.jpg,0.6737234042553192,39.77735900878906
28532,spaq,spaq/08335,/home/sergey/iqa-data/spaq/SPAQ/TestImage/08335.jpg,0.351063829787234,20.03082275390625
28533,spaq,spaq/08336,/home/sergey/iqa-data/spaq/SPAQ/TestImage/08336.jpg,0.3042553191489361,23.876405715942383
28539,spaq,spaq/08342,/home/sergey/iqa-data/spaq/SPAQ/TestImage/08342.jpg,0.4787234042553192,29.238677978515625
28548,spaq,spaq/08351,/home/sergey/iqa-data/spaq/SPAQ/TestImage/08351.jpg,0.4946808510638298,23.50606346130371
28550,spaq,spaq/08353,/home/sergey/iqa-data/spaq/SPAQ/TestImage/08353.jpg,0.6872340425531914,29.05034828186035
28555,spaq,spaq/08358,/home/sergey/iqa-data/spaq/SPAQ/TestImage/08358.jpg,0.1127659574468085,25.882286071777344
28559,spaq,spaq/08362,/home/sergey/iqa-data/spaq/SPAQ/TestImage/08362.jpg,0.7702127659574469,49.32323455810547
28564,spaq,spaq/08367,/home/sergey/iqa-data/spaq/SPAQ/TestImage/08367.jpg,0.4609574468085106,28.407936096191406
28567,spaq,spaq/08370,/home/sergey/iqa-data/spaq/SPAQ/TestImage/08370.jpg,0.5585106382978723,24.474010467529297
28568,spaq,spaq/08371,/home/sergey/iqa-data/spaq/SPAQ/TestImage/08371.jpg,0.6680851063829787,35.261383056640625
28572,spaq,spaq/08375,/home/sergey/iqa-data/spaq/SPAQ/TestImage/08375.jpg,0.4638297872340425,19.505617141723633
28573,spaq,spaq/08376,/home/sergey/iqa-data/spaq/SPAQ/TestImage/08376.jpg,0.451063829787234,34.91886901855469
28575,spaq,spaq/08378,/home/sergey/iqa-data/spaq/SPAQ/TestImage/08378.jpg,0.3276595744680851,33.235107421875
28576,spaq,spaq/08379,/home/sergey/iqa-data/spaq/SPAQ/TestImage/08379.jpg,0.5297872340425531,36.60759353637695
28577,spaq,spaq/08380,/home/sergey/iqa-data/spaq/SPAQ/TestImage/08380.jpg,0.6364893617021277,26.371625900268555
28584,spaq,spaq/08387,/home/sergey/iqa-data/spaq/SPAQ/TestImage/08387.jpg,0.7787234042553192,44.17540740966797
28585,spaq,spaq/08388,/home/sergey/iqa-data/spaq/SPAQ/TestImage/08388.jpg,0.6630851063829787,47.835716247558594
28605,spaq,spaq/08408,/home/sergey/iqa-data/spaq/SPAQ/TestImage/08408.jpg,0.8670212765957447,53.553165435791016
28607,spaq,spaq/08410,/home/sergey/iqa-data/spaq/SPAQ/TestImage/08410.jpg,0.3457446808510638,29.38321876525879
28609,spaq,spaq/08412,/home/sergey/iqa-data/spaq/SPAQ/TestImage/08412.jpg,0.7845744680851063,27.489627838134766
28611,spaq,spaq/08414,/home/sergey/iqa-data/spaq/SPAQ/TestImage/08414.jpg,0.3085106382978723,24.54646873474121
28623,spaq,spaq/08426,/home/sergey/iqa-data/spaq/SPAQ/TestImage/08426.jpg,0.602872340425532,40.655364990234375
28630,spaq,spaq/08433,/home/sergey/iqa-data/spaq/SPAQ/TestImage/08433.jpg,0.3688297872340426,22.82707977294922
28640,spaq,spaq/08443,/home/sergey/iqa-data/spaq/SPAQ/TestImage/08443.jpg,0.4574468085106383,30.503108978271484
28641,spaq,spaq/08444,/home/sergey/iqa-data/spaq/SPAQ/TestImage/08444.jpg,0.7978723404255319,45.74231719970703
28651,spaq,spaq/08454,/home/sergey/iqa-data/spaq/SPAQ/TestImage/08454.jpg,0.7092553191489361,42.10124206542969
28652,spaq,spaq/08455,/home/sergey/iqa-data/spaq/SPAQ/TestImage/08455.jpg,0.5638297872340425,36.699729919433594
28654,spaq,spaq/08457,/home/sergey/iqa-data/spaq/SPAQ/TestImage/08457.jpg,0.8545744680851064,55.741661071777344
28656,spaq,spaq/08459,/home/sergey/iqa-data/spaq/SPAQ/TestImage/08459.jpg,0.3581914893617021,29.070592880249023
28658,spaq,spaq/08461,/home/sergey/iqa-data/spaq/SPAQ/TestImage/08461.jpg,0.7659574468085106,53.75924301147461
28663,spaq,spaq/08466,/home/sergey/iqa-data/spaq/SPAQ/TestImage/08466.jpg,0.7925531914893617,58.089046478271484
28677,spaq,spaq/08480,/home/sergey/iqa-data/spaq/SPAQ/TestImage/08480.jpg,0.4978723404255319,22.737804412841797
28689,spaq,spaq/08492,/home/sergey/iqa-data/spaq/SPAQ/TestImage/08492.jpg,0.471595744680851,41.4383430480957
28692,spaq,spaq/08495,/home/sergey/iqa-data/spaq/SPAQ/TestImage/08495.jpg,0.7939361702127659,57.843833923339844
28693,spaq,spaq/08496,/home/sergey/iqa-data/spaq/SPAQ/TestImage/08496.jpg,0.4335106382978723,27.94356918334961
28694,spaq,spaq/08497,/home/sergey/iqa-data/spaq/SPAQ/TestImage/08497.jpg,0.4402127659574468,29.381059646606445
28707,spaq,spaq/08510,/home/sergey/iqa-data/spaq/SPAQ/TestImage/08510.jpg,0.4752127659574468,44.82172393798828
28718,spaq,spaq/08521,/home/sergey/iqa-data/spaq/SPAQ/TestImage/08521.jpg,0.3577659574468085,23.82468032836914
28722,spaq,spaq/08525,/home/sergey/iqa-data/spaq/SPAQ/TestImage/08525.jpg,0.8125531914893617,36.22233581542969
28723,spaq,spaq/08526,/home/sergey/iqa-data/spaq/SPAQ/TestImage/08526.jpg,0.7327659574468085,38.45130920410156
28724,spaq,spaq/08527,/home/sergey/iqa-data/spaq/SPAQ/TestImage/08527.jpg,0.6135106382978723,37.00154113769531
28725,spaq,spaq/08528,/home/sergey/iqa-data/spaq/SPAQ/TestImage/08528.jpg,0.7352127659574468,35.55390930175781
28739,spaq,spaq/08542,/home/sergey/iqa-data/spaq/SPAQ/TestImage/08542.jpg,0.1356382978723404,20.17966079711914
28741,spaq,spaq/08544,/home/sergey/iqa-data/spaq/SPAQ/TestImage/08544.jpg,0.3537234042553192,20.755189895629883
28746,spaq,spaq/08549,/home/sergey/iqa-data/spaq/SPAQ/TestImage/08549.jpg,0.6968085106382979,27.677616119384766
28752,spaq,spaq/08555,/home/sergey/iqa-data/spaq/SPAQ/TestImage/08555.jpg,0.3127659574468085,26.209022521972656
28753,spaq,spaq/08556,/home/sergey/iqa-data/spaq/SPAQ/TestImage/08556.jpg,0.6622340425531915,25.4719181060791
28762,spaq,spaq/08565,/home/sergey/iqa-data/spaq/SPAQ/TestImage/08565.jpg,0.6021276595744681,24.529159545898438
28770,spaq,spaq/08573,/home/sergey/iqa-data/spaq/SPAQ/TestImage/08573.jpg,0.7021276595744681,32.62111282348633
28778,spaq,spaq/08581,/home/sergey/iqa-data/spaq/SPAQ/TestImage/08581.jpg,0.574468085106383,26.98065948486328
28780,spaq,spaq/08583,/home/sergey/iqa-data/spaq/SPAQ/TestImage/08583.jpg,0.7579787234042553,31.04271697998047
28787,spaq,spaq/08590,/home/sergey/iqa-data/spaq/SPAQ/TestImage/08590.jpg,0.2606382978723404,17.051483154296875
28791,spaq,spaq/08594,/home/sergey/iqa-data/spaq/SPAQ/TestImage/08594.jpg,0.3351063829787234,16.761066436767578
28793,spaq,spaq/08596,/home/sergey/iqa-data/spaq/SPAQ/TestImage/08596.jpg,0.75,35.27883529663086
28796,spaq,spaq/08599,/home/sergey/iqa-data/spaq/SPAQ/TestImage/08599.jpg,0.4964893617021276,31.87272071838379
28798,spaq,spaq/08601,/home/sergey/iqa-data/spaq/SPAQ/TestImage/08601.jpg,0.251063829787234,22.08480453491211
28799,spaq,spaq/08602,/home/sergey/iqa-data/spaq/SPAQ/TestImage/08602.jpg,0.9042553191489362,57.38591766357422
28812,spaq,spaq/08615,/home/sergey/iqa-data/spaq/SPAQ/TestImage/08615.jpg,0.3811702127659574,30.652183532714844
28815,spaq,spaq/08618,/home/sergey/iqa-data/spaq/SPAQ/TestImage/08618.jpg,0.8262765957446808,49.281333923339844
28817,spaq,spaq/08620,/home/sergey/iqa-data/spaq/SPAQ/TestImage/08620.jpg,0.202127659574468,17.217914581298828
28818,spaq,spaq/08621,/home/sergey/iqa-data/spaq/SPAQ/TestImage/08621.jpg,0.897872340425532,45.693084716796875
28821,spaq,spaq/08624,/home/sergey/iqa-data/spaq/SPAQ/TestImage/08624.jpg,0.8446808510638298,56.926490783691406
28822,spaq,spaq/08625,/home/sergey/iqa-data/spaq/SPAQ/TestImage/08625.jpg,0.9106382978723404,52.016578674316406
28827,spaq,spaq/08630,/home/sergey/iqa-data/spaq/SPAQ/TestImage/08630.jpg,0.6829787234042554,34.69837188720703
28830,spaq,spaq/08633,/home/sergey/iqa-data/spaq/SPAQ/TestImage/08633.jpg,0.4330851063829787,38.39564514160156
28835,spaq,spaq/08638,/home/sergey/iqa-data/spaq/SPAQ/TestImage/08638.jpg,0.5354255319148936,28.041133880615234
28838,spaq,spaq/08641,/home/sergey/iqa-data/spaq/SPAQ/TestImage/08641.jpg,0.8723404255319149,32.66347885131836
28846,spaq,spaq/08649,/home/sergey/iqa-data/spaq/SPAQ/TestImage/08649.jpg,0.7595744680851064,40.26760482788086
28848,spaq,spaq/08651,/home/sergey/iqa-data/spaq/SPAQ/TestImage/08651.jpg,0.7507446808510637,44.51513671875
28854,spaq,spaq/08657,/home/sergey/iqa-data/spaq/SPAQ/TestImage/08657.jpg,0.8723404255319149,31.15060806274414
28857,spaq,spaq/08660,/home/sergey/iqa-data/spaq/SPAQ/TestImage/08660.jpg,0.9175531914893617,38.276649475097656
28858,spaq,spaq/08661,/home/sergey/iqa-data/spaq/SPAQ/TestImage/08661.jpg,0.8670212765957447,46.26512908935547
28863,spaq,spaq/08666,/home/sergey/iqa-data/spaq/SPAQ/TestImage/08666.jpg,0.2340425531914893,35.208465576171875
28877,spaq,spaq/08680,/home/sergey/iqa-data/spaq/SPAQ/TestImage/08680.jpg,0.4414893617021276,39.12821578979492
28878,spaq,spaq/08681,/home/sergey/iqa-data/spaq/SPAQ/TestImage/08681.jpg,0.4508510638297872,22.021102905273438
28886,spaq,spaq/08689,/home/sergey/iqa-data/spaq/SPAQ/TestImage/08689.jpg,0.7434042553191489,41.59480667114258
28888,spaq,spaq/08691,/home/sergey/iqa-data/spaq/SPAQ/TestImage/08691.jpg,0.7340425531914894,49.95591735839844
28893,spaq,spaq/08696,/home/sergey/iqa-data/spaq/SPAQ/TestImage/08696.jpg,0.7636170212765958,46.70412826538086
28898,spaq,spaq/08701,/home/sergey/iqa-data/spaq/SPAQ/TestImage/08701.jpg,0.4645744680851064,29.138896942138672
28919,spaq,spaq/08722,/home/sergey/iqa-data/spaq/SPAQ/TestImage/08722.jpg,0.7009574468085107,37.339500427246094
28921,spaq,spaq/08724,/home/sergey/iqa-data/spaq/SPAQ/TestImage/08724.jpg,0.3297872340425531,20.62965965270996
28927,spaq,spaq/08730,/home/sergey/iqa-data/spaq/SPAQ/TestImage/08730.jpg,0.6170212765957447,47.97740173339844
28939,spaq,spaq/08742,/home/sergey/iqa-data/spaq/SPAQ/TestImage/08742.jpg,0.7367021276595744,32.62779998779297
28943,spaq,spaq/08746,/home/sergey/iqa-data/spaq/SPAQ/TestImage/08746.jpg,0.5091489361702127,33.2840576171875
28948,spaq,spaq/08751,/home/sergey/iqa-data/spaq/SPAQ/TestImage/08751.jpg,0.2819148936170212,37.614723205566406
28973,spaq,spaq/08776,/home/sergey/iqa-data/spaq/SPAQ/TestImage/08776.jpg,0.7898936170212766,60.255802154541016
28978,spaq,spaq/08781,/home/sergey/iqa-data/spaq/SPAQ/TestImage/08781.jpg,0.6861702127659575,35.79405212402344
28981,spaq,spaq/08784,/home/sergey/iqa-data/spaq/SPAQ/TestImage/08784.jpg,0.8218085106382979,31.58233642578125
28982,spaq,spaq/08785,/home/sergey/iqa-data/spaq/SPAQ/TestImage/08785.jpg,0.2686170212765957,31.040281295776367
28983,spaq,spaq/08786,/home/sergey/iqa-data/spaq/SPAQ/TestImage/08786.jpg,0.7579787234042553,57.69256591796875
28984,spaq,spaq/08787,/home/sergey/iqa-data/spaq/SPAQ/TestImage/08787.jpg,0.574468085106383,23.62417984008789
28987,spaq,spaq/08790,/home/sergey/iqa-data/spaq/SPAQ/TestImage/08790.jpg,0.8617021276595744,38.900978088378906
28988,spaq,spaq/08791,/home/sergey/iqa-data/spaq/SPAQ/TestImage/08791.jpg,0.3537234042553192,22.67208480834961
28992,spaq,spaq/08795,/home/sergey/iqa-data/spaq/SPAQ/TestImage/08795.jpg,0.5106382978723404,25.95058822631836
28993,spaq,spaq/08796,/home/sergey/iqa-data/spaq/SPAQ/TestImage/08796.jpg,0.2531914893617021,16.426319122314453
28999,spaq,spaq/08802,/home/sergey/iqa-data/spaq/SPAQ/TestImage/08802.jpg,0.874468085106383,55.413578033447266
29002,spaq,spaq/08805,/home/sergey/iqa-data/spaq/SPAQ/TestImage/08805.jpg,0.3164893617021276,27.44485855102539
29008,spaq,spaq/08811,/home/sergey/iqa-data/spaq/SPAQ/TestImage/08811.jpg,0.6728723404255319,41.46418762207031
29010,spaq,spaq/08813,/home/sergey/iqa-data/spaq/SPAQ/TestImage/08813.jpg,0.7686170212765957,30.619304656982422
29012,spaq,spaq/08815,/home/sergey/iqa-data/spaq/SPAQ/TestImage/08815.jpg,0.2207446808510638,13.785927772521973
29015,spaq,spaq/08818,/home/sergey/iqa-data/spaq/SPAQ/TestImage/08818.jpg,0.4441489361702128,29.00680923461914
29019,spaq,spaq/08822,/home/sergey/iqa-data/spaq/SPAQ/TestImage/08822.jpg,0.8818085106382979,46.92697525024414
29020,spaq,spaq/08823,/home/sergey/iqa-data/spaq/SPAQ/TestImage/08823.jpg,0.6442553191489362,35.007816314697266
29021,spaq,spaq/08824,/home/sergey/iqa-data/spaq/SPAQ/TestImage/08824.jpg,0.8630851063829786,60.30895233154297
29025,spaq,spaq/08828,/home/sergey/iqa-data/spaq/SPAQ/TestImage/08828.jpg,0.1648936170212765,22.85247039794922
29027,spaq,spaq/08830,/home/sergey/iqa-data/spaq/SPAQ/TestImage/08830.jpg,0.3696808510638298,20.351322174072266
29034,spaq,spaq/08837,/home/sergey/iqa-data/spaq/SPAQ/TestImage/08837.jpg,0.3851063829787234,19.59001922607422
29038,spaq,spaq/08841,/home/sergey/iqa-data/spaq/SPAQ/TestImage/08841.jpg,0.7114893617021276,37.56346893310547
29039,spaq,spaq/08842,/home/sergey/iqa-data/spaq/SPAQ/TestImage/08842.jpg,0.7952127659574468,23.007654190063477
29042,spaq,spaq/08845,/home/sergey/iqa-data/spaq/SPAQ/TestImage/08845.jpg,0.7719148936170213,43.13618087768555
29047,spaq,spaq/08850,/home/sergey/iqa-data/spaq/SPAQ/TestImage/08850.jpg,0.8525531914893617,44.479469299316406
29052,spaq,spaq/08855,/home/sergey/iqa-data/spaq/SPAQ/TestImage/08855.jpg,0.6303191489361702,33.69389724731445
29057,spaq,spaq/08860,/home/sergey/iqa-data/spaq/SPAQ/TestImage/08860.jpg,0.7354255319148936,41.45841979980469
29061,spaq,spaq/08864,/home/sergey/iqa-data/spaq/SPAQ/TestImage/08864.jpg,0.4692553191489361,20.67180633544922
29062,spaq,spaq/08865,/home/sergey/iqa-data/spaq/SPAQ/TestImage/08865.jpg,0.2792553191489361,25.60647964477539
29066,spaq,spaq/08869,/home/sergey/iqa-data/spaq/SPAQ/TestImage/08869.jpg,0.5718085106382979,42.52702331542969
29067,spaq,spaq/08870,/home/sergey/iqa-data/spaq/SPAQ/TestImage/08870.jpg,0.8818085106382979,59.8894157409668
29076,spaq,spaq/08879,/home/sergey/iqa-data/spaq/SPAQ/TestImage/08879.jpg,0.5607446808510639,21.222801208496094
29080,spaq,spaq/08883,/home/sergey/iqa-data/spaq/SPAQ/TestImage/08883.jpg,0.778936170212766,46.904449462890625
29097,spaq,spaq/08900,/home/sergey/iqa-data/spaq/SPAQ/TestImage/08900.jpg,0.2832978723404255,23.648494720458984
29102,spaq,spaq/08905,/home/sergey/iqa-data/spaq/SPAQ/TestImage/08905.jpg,0.5698936170212766,38.78326416015625
29114,spaq,spaq/08917,/home/sergey/iqa-data/spaq/SPAQ/TestImage/08917.jpg,0.5726595744680851,36.98321533203125
29129,spaq,spaq/08932,/home/sergey/iqa-data/spaq/SPAQ/TestImage/08932.jpg,0.0088297872340425,36.54703903198242
29135,spaq,spaq/08938,/home/sergey/iqa-data/spaq/SPAQ/TestImage/08938.jpg,0.7109574468085106,54.264041900634766
29137,spaq,spaq/08940,/home/sergey/iqa-data/spaq/SPAQ/TestImage/08940.jpg,0.1311702127659574,15.890793800354004
29141,spaq,spaq/08944,/home/sergey/iqa-data/spaq/SPAQ/TestImage/08944.jpg,0.3563829787234042,19.249967575073242
29148,spaq,spaq/08951,/home/sergey/iqa-data/spaq/SPAQ/TestImage/08951.jpg,0.7109574468085106,70.21749114990234
29149,spaq,spaq/08952,/home/sergey/iqa-data/spaq/SPAQ/TestImage/08952.jpg,0.2287234042553191,24.818580627441406
29156,spaq,spaq/08959,/home/sergey/iqa-data/spaq/SPAQ/TestImage/08959.jpg,0.3156382978723404,14.61589527130127
29158,spaq,spaq/08961,/home/sergey/iqa-data/spaq/SPAQ/TestImage/08961.jpg,0.7006382978723404,39.91923522949219
29167,spaq,spaq/08970,/home/sergey/iqa-data/spaq/SPAQ/TestImage/08970.jpg,0.8206382978723404,40.66352081298828
29170,spaq,spaq/08973,/home/sergey/iqa-data/spaq/SPAQ/TestImage/08973.jpg,0.8328723404255319,17.96630096435547
29187,spaq,spaq/08990,/home/sergey/iqa-data/spaq/SPAQ/TestImage/08990.jpg,0.8324468085106383,58.771236419677734
29195,spaq,spaq/08998,/home/sergey/iqa-data/spaq/SPAQ/TestImage/08998.jpg,0.4851063829787234,40.21868896484375
29198,spaq,spaq/09001,/home/sergey/iqa-data/spaq/SPAQ/TestImage/09001.jpg,0.5562765957446808,49.52305603027344
29201,spaq,spaq/09004,/home/sergey/iqa-data/spaq/SPAQ/TestImage/09004.jpg,0.8492553191489361,25.222036361694336
29202,spaq,spaq/09005,/home/sergey/iqa-data/spaq/SPAQ/TestImage/09005.jpg,0.6843617021276596,38.440921783447266
29208,spaq,spaq/09011,/home/sergey/iqa-data/spaq/SPAQ/TestImage/09011.jpg,0.7180851063829787,24.63345718383789
29224,spaq,spaq/09027,/home/sergey/iqa-data/spaq/SPAQ/TestImage/09027.jpg,0.6152127659574468,32.94940948486328
29227,spaq,spaq/09030,/home/sergey/iqa-data/spaq/SPAQ/TestImage/09030.jpg,0.7925531914893617,21.664220809936523
29237,spaq,spaq/09040,/home/sergey/iqa-data/spaq/SPAQ/TestImage/09040.jpg,0.6808510638297872,39.572208404541016
29242,spaq,spaq/09045,/home/sergey/iqa-data/spaq/SPAQ/TestImage/09045.jpg,0.0896808510638297,20.444997787475586
29248,spaq,spaq/09051,/home/sergey/iqa-data/spaq/SPAQ/TestImage/09051.jpg,0.3430851063829787,27.91701889038086
29258,spaq,spaq/09061,/home/sergey/iqa-data/spaq/SPAQ/TestImage/09061.jpg,0.6258510638297872,35.754573822021484
29260,spaq,spaq/09063,/home/sergey/iqa-data/spaq/SPAQ/TestImage/09063.jpg,0.7212765957446808,46.68730926513672
29261,spaq,spaq/09064,/home/sergey/iqa-data/spaq/SPAQ/TestImage/09064.jpg,0.897127659574468,62.576358795166016
29264,spaq,spaq/09067,/home/sergey/iqa-data/spaq/SPAQ/TestImage/09067.jpg,0.6787234042553191,50.55194091796875
29288,spaq,spaq/09091,/home/sergey/iqa-data/spaq/SPAQ/TestImage/09091.jpg,0.1489361702127659,25.162982940673828
29289,spaq,spaq/09092,/home/sergey/iqa-data/spaq/SPAQ/TestImage/09092.jpg,0.6978723404255318,56.504119873046875
29298,spaq,spaq/09101,/home/sergey/iqa-data/spaq/SPAQ/TestImage/09101.jpg,0.425531914893617,19.742210388183594
29305,spaq,spaq/09108,/home/sergey/iqa-data/spaq/SPAQ/TestImage/09108.jpg,0.4556382978723404,17.869670867919922
29318,spaq,spaq/09121,/home/sergey/iqa-data/spaq/SPAQ/TestImage/09121.jpg,0.3758510638297872,23.981117248535156
29319,spaq,spaq/09122,/home/sergey/iqa-data/spaq/SPAQ/TestImage/09122.jpg,0.3617021276595745,36.054866790771484
29322,spaq,spaq/09125,/home/sergey/iqa-data/spaq/SPAQ/TestImage/09125.jpg,0.8085106382978723,49.92076873779297
29332,spaq,spaq/09135,/home/sergey/iqa-data/spaq/SPAQ/TestImage/09135.jpg,0.7574468085106383,42.96217727661133
29334,spaq,spaq/09137,/home/sergey/iqa-data/spaq/SPAQ/TestImage/09137.jpg,0.4957446808510638,31.637226104736328
29336,spaq,spaq/09139,/home/sergey/iqa-data/spaq/SPAQ/TestImage/09139.jpg,0.2780851063829787,21.291667938232422
29340,spaq,spaq/09143,/home/sergey/iqa-data/spaq/SPAQ/TestImage/09143.jpg,0.7787234042553192,23.897056579589844
29343,spaq,spaq/09146,/home/sergey/iqa-data/spaq/SPAQ/TestImage/09146.jpg,0.648936170212766,22.096343994140625
29347,spaq,spaq/09150,/home/sergey/iqa-data/spaq/SPAQ/TestImage/09150.jpg,0.8170212765957446,36.45411682128906
29353,spaq,spaq/09156,/home/sergey/iqa-data/spaq/SPAQ/TestImage/09156.jpg,0.4297872340425532,37.85771942138672
29354,spaq,spaq/09157,/home/sergey/iqa-data/spaq/SPAQ/TestImage/09157.jpg,0.374468085106383,21.88089942932129
29359,spaq,spaq/09162,/home/sergey/iqa-data/spaq/SPAQ/TestImage/09162.jpg,0.6329787234042553,20.47126579284668
29361,spaq,spaq/09164,/home/sergey/iqa-data/spaq/SPAQ/TestImage/09164.jpg,0.6702127659574468,43.17579650878906
29362,spaq,spaq/09165,/home/sergey/iqa-data/spaq/SPAQ/TestImage/09165.jpg,0.8031914893617021,61.646400451660156
29365,spaq,spaq/09168,/home/sergey/iqa-data/spaq/SPAQ/TestImage/09168.jpg,0.3382978723404255,24.140396118164062
29371,spaq,spaq/09174,/home/sergey/iqa-data/spaq/SPAQ/TestImage/09174.jpg,0.7148936170212766,30.628822326660156
29383,spaq,spaq/09186,/home/sergey/iqa-data/spaq/SPAQ/TestImage/09186.jpg,0.6831914893617022,15.637574195861816
29384,spaq,spaq/09187,/home/sergey/iqa-data/spaq/SPAQ/TestImage/09187.jpg,0.2943617021276596,16.999208450317383
29386,spaq,spaq/09189,/home/sergey/iqa-data/spaq/SPAQ/TestImage/09189.jpg,0.4776595744680851,52.47803497314453
29387,spaq,spaq/09190,/home/sergey/iqa-data/spaq/SPAQ/TestImage/09190.jpg,0.721063829787234,58.13277816772461
29394,spaq,spaq/09197,/home/sergey/iqa-data/spaq/SPAQ/TestImage/09197.jpg,0.4597872340425532,31.523418426513672
29401,spaq,spaq/09204,/home/sergey/iqa-data/spaq/SPAQ/TestImage/09204.jpg,0.4815957446808511,37.03246307373047
29405,spaq,spaq/09208,/home/sergey/iqa-data/spaq/SPAQ/TestImage/09208.jpg,0.3918085106382978,20.175838470458984
29419,spaq,spaq/09222,/home/sergey/iqa-data/spaq/SPAQ/TestImage/09222.jpg,0.7481914893617021,47.473060607910156
29432,spaq,spaq/09235,/home/sergey/iqa-data/spaq/SPAQ/TestImage/09235.jpg,0.6351063829787235,20.1278018951416
29437,spaq,spaq/09240,/home/sergey/iqa-data/spaq/SPAQ/TestImage/09240.jpg,0.1157446808510638,33.54667663574219
29440,spaq,spaq/09243,/home/sergey/iqa-data/spaq/SPAQ/TestImage/09243.jpg,0.3541489361702127,21.13463020324707
29443,spaq,spaq/09246,/home/sergey/iqa-data/spaq/SPAQ/TestImage/09246.jpg,0.647127659574468,47.16389465332031
29450,spaq,spaq/09253,/home/sergey/iqa-data/spaq/SPAQ/TestImage/09253.jpg,0.7112765957446808,48.23495864868164
29451,spaq,spaq/09254,/home/sergey/iqa-data/spaq/SPAQ/TestImage/09254.jpg,0.0194680851063829,18.738412857055664
29453,spaq,spaq/09256,/home/sergey/iqa-data/spaq/SPAQ/TestImage/09256.jpg,0.4065957446808511,17.973041534423828
29454,spaq,spaq/09257,/home/sergey/iqa-data/spaq/SPAQ/TestImage/09257.jpg,0.2854255319148936,23.176544189453125
29458,spaq,spaq/09261,/home/sergey/iqa-data/spaq/SPAQ/TestImage/09261.jpg,0.4752127659574468,33.15586853027344
29460,spaq,spaq/09263,/home/sergey/iqa-data/spaq/SPAQ/TestImage/09263.jpg,0.6790425531914893,39.629669189453125
29463,spaq,spaq/09266,/home/sergey/iqa-data/spaq/SPAQ/TestImage/09266.jpg,0.7269148936170212,37.60251998901367
29466,spaq,spaq/09269,/home/sergey/iqa-data/spaq/SPAQ/TestImage/09269.jpg,0.5137234042553191,49.4338264465332
29473,spaq,spaq/09276,/home/sergey/iqa-data/spaq/SPAQ/TestImage/09276.jpg,0.535,58.33223342895508
29477,spaq,spaq/09280,/home/sergey/iqa-data/spaq/SPAQ/TestImage/09280.jpg,0.1311702127659574,35.284175872802734
29482,spaq,spaq/09285,/home/sergey/iqa-data/spaq/SPAQ/TestImage/09285.jpg,0.6535106382978724,55.049461364746094
29486,spaq,spaq/09289,/home/sergey/iqa-data/spaq/SPAQ/TestImage/09289.jpg,0.2162765957446808,24.672367095947266
29494,spaq,spaq/09297,/home/sergey/iqa-data/spaq/SPAQ/TestImage/09297.jpg,0.1648936170212765,20.1368465423584
29500,spaq,spaq/09303,/home/sergey/iqa-data/spaq/SPAQ/TestImage/09303.jpg,0.3209574468085107,19.977994918823242
29505,spaq,spaq/09308,/home/sergey/iqa-data/spaq/SPAQ/TestImage/09308.jpg,0.453936170212766,19.372194290161133
29514,spaq,spaq/09317,/home/sergey/iqa-data/spaq/SPAQ/TestImage/09317.jpg,0.5074468085106383,41.59961700439453
29516,spaq,spaq/09319,/home/sergey/iqa-data/spaq/SPAQ/TestImage/09319.jpg,0.3131914893617021,24.992923736572266
29531,spaq,spaq/09334,/home/sergey/iqa-data/spaq/SPAQ/TestImage/09334.jpg,0.6196808510638298,55.016571044921875
29535,spaq,spaq/09338,/home/sergey/iqa-data/spaq/SPAQ/TestImage/09338.jpg,0.8218085106382979,51.64436340332031
29541,spaq,spaq/09344,/home/sergey/iqa-data/spaq/SPAQ/TestImage/09344.jpg,0.3282978723404255,22.215009689331055
29543,spaq,spaq/09346,/home/sergey/iqa-data/spaq/SPAQ/TestImage/09346.jpg,0.8024468085106383,44.409149169921875
29549,spaq,spaq/09352,/home/sergey/iqa-data/spaq/SPAQ/TestImage/09352.jpg,0.3631914893617021,19.097251892089844
29567,spaq,spaq/09370,/home/sergey/iqa-data/spaq/SPAQ/TestImage/09370.jpg,0.4335106382978723,29.03564453125
29572,spaq,spaq/09375,/home/sergey/iqa-data/spaq/SPAQ/TestImage/09375.jpg,0.3297872340425531,16.855358123779297
29575,spaq,spaq/09378,/home/sergey/iqa-data/spaq/SPAQ/TestImage/09378.jpg,0.2993617021276595,23.758106231689453
29579,spaq,spaq/09382,/home/sergey/iqa-data/spaq/SPAQ/TestImage/09382.jpg,0.196063829787234,33.007232666015625
29580,spaq,spaq/09383,/home/sergey/iqa-data/spaq/SPAQ/TestImage/09383.jpg,0.5975531914893617,48.19221496582031
29586,spaq,spaq/09389,/home/sergey/iqa-data/spaq/SPAQ/TestImage/09389.jpg,0.331595744680851,30.842622756958008
29588,spaq,spaq/09391,/home/sergey/iqa-data/spaq/SPAQ/TestImage/09391.jpg,0.796063829787234,63.078487396240234
29589,spaq,spaq/09392,/home/sergey/iqa-data/spaq/SPAQ/TestImage/09392.jpg,0.3989361702127659,19.062511444091797
29591,spaq,spaq/09394,/home/sergey/iqa-data/spaq/SPAQ/TestImage/09394.jpg,0.0673404255319149,21.972761154174805
29592,spaq,spaq/09395,/home/sergey/iqa-data/spaq/SPAQ/TestImage/09395.jpg,0.8067021276595745,55.19429016113281
29593,spaq,spaq/09396,/home/sergey/iqa-data/spaq/SPAQ/TestImage/09396.jpg,0.675531914893617,22.403541564941406
29598,spaq,spaq/09401,/home/sergey/iqa-data/spaq/SPAQ/TestImage/09401.jpg,0.8252127659574467,51.986228942871094
29601,spaq,spaq/09404,/home/sergey/iqa-data/spaq/SPAQ/TestImage/09404.jpg,0.7279787234042554,52.359169006347656
29606,spaq,spaq/09409,/home/sergey/iqa-data/spaq/SPAQ/TestImage/09409.jpg,0.1762765957446808,29.886478424072266
29610,spaq,spaq/09413,/home/sergey/iqa-data/spaq/SPAQ/TestImage/09413.jpg,0.8222340425531915,43.561973571777344
29612,spaq,spaq/09415,/home/sergey/iqa-data/spaq/SPAQ/TestImage/09415.jpg,0.1949999999999999,27.77500343322754
29613,spaq,spaq/09416,/home/sergey/iqa-data/spaq/SPAQ/TestImage/09416.jpg,0.0939361702127659,19.571983337402344
29614,spaq,spaq/09417,/home/sergey/iqa-data/spaq/SPAQ/TestImage/09417.jpg,0.0718085106382978,14.997709274291992
29620,spaq,spaq/09423,/home/sergey/iqa-data/spaq/SPAQ/TestImage/09423.jpg,0.0620212765957446,15.768022537231445
29636,spaq,spaq/09439,/home/sergey/iqa-data/spaq/SPAQ/TestImage/09439.jpg,0.055,38.53561019897461
29639,spaq,spaq/09442,/home/sergey/iqa-data/spaq/SPAQ/TestImage/09442.jpg,0.7978723404255319,40.404212951660156
29644,spaq,spaq/09447,/home/sergey/iqa-data/spaq/SPAQ/TestImage/09447.jpg,0.1613829787234042,37.886627197265625
29645,spaq,spaq/09448,/home/sergey/iqa-data/spaq/SPAQ/TestImage/09448.jpg,0.0851063829787234,18.1984920501709
29648,spaq,spaq/09451,/home/sergey/iqa-data/spaq/SPAQ/TestImage/09451.jpg,0.7895744680851063,52.92750930786133
29654,spaq,spaq/09457,/home/sergey/iqa-data/spaq/SPAQ/TestImage/09457.jpg,0.7411702127659575,54.64128875732422
29667,spaq,spaq/09470,/home/sergey/iqa-data/spaq/SPAQ/TestImage/09470.jpg,0.8627659574468084,68.25543975830078
29669,spaq,spaq/09472,/home/sergey/iqa-data/spaq/SPAQ/TestImage/09472.jpg,0.8309574468085106,40.77361297607422
29673,spaq,spaq/09476,/home/sergey/iqa-data/spaq/SPAQ/TestImage/09476.jpg,0.7127659574468085,38.86131286621094
29683,spaq,spaq/09486,/home/sergey/iqa-data/spaq/SPAQ/TestImage/09486.jpg,0.7340425531914894,61.7821159362793
29690,spaq,spaq/09493,/home/sergey/iqa-data/spaq/SPAQ/TestImage/09493.jpg,0.5191489361702127,37.95527648925781
29695,spaq,spaq/09498,/home/sergey/iqa-data/spaq/SPAQ/TestImage/09498.jpg,0.776595744680851,30.248538970947266
29696,spaq,spaq/09499,/home/sergey/iqa-data/spaq/SPAQ/TestImage/09499.jpg,0.4645744680851064,18.017702102661133
29697,spaq,spaq/09500,/home/sergey/iqa-data/spaq/SPAQ/TestImage/09500.jpg,0.5861702127659575,24.260448455810547
29701,spaq,spaq/09504,/home/sergey/iqa-data/spaq/SPAQ/TestImage/09504.jpg,0.7588297872340425,57.61814880371094
29717,spaq,spaq/09520,/home/sergey/iqa-data/spaq/SPAQ/TestImage/09520.jpg,0.2593617021276596,22.241344451904297
29718,spaq,spaq/09521,/home/sergey/iqa-data/spaq/SPAQ/TestImage/09521.jpg,0.758404255319149,32.37749481201172
29720,spaq,spaq/09523,/home/sergey/iqa-data/spaq/SPAQ/TestImage/09523.jpg,0.7461702127659574,42.890419006347656
29721,spaq,spaq/09524,/home/sergey/iqa-data/spaq/SPAQ/TestImage/09524.jpg,0.5372340425531915,41.681243896484375
29724,spaq,spaq/09527,/home/sergey/iqa-data/spaq/SPAQ/TestImage/09527.jpg,0.2872340425531915,19.485538482666016
29729,spaq,spaq/09532,/home/sergey/iqa-data/spaq/SPAQ/TestImage/09532.jpg,0.4095744680851064,19.221569061279297
29730,spaq,spaq/09533,/home/sergey/iqa-data/spaq/SPAQ/TestImage/09533.jpg,0.2747872340425532,36.421329498291016
29731,spaq,spaq/09534,/home/sergey/iqa-data/spaq/SPAQ/TestImage/09534.jpg,0.2446808510638297,15.772628784179688
29732,spaq,spaq/09535,/home/sergey/iqa-data/spaq/SPAQ/TestImage/09535.jpg,0.2518085106382979,29.90597915649414
29736,spaq,spaq/09539,/home/sergey/iqa-data/spaq/SPAQ/TestImage/09539.jpg,0.6773404255319149,48.44587707519531
29739,spaq,spaq/09542,/home/sergey/iqa-data/spaq/SPAQ/TestImage/09542.jpg,0.6188297872340426,34.3131103515625
29746,spaq,spaq/09549,/home/sergey/iqa-data/spaq/SPAQ/TestImage/09549.jpg,0.5035106382978723,41.43927001953125
29748,spaq,spaq/09551,/home/sergey/iqa-data/spaq/SPAQ/TestImage/09551.jpg,0.5167021276595745,31.515121459960938
29754,spaq,spaq/09557,/home/sergey/iqa-data/spaq/SPAQ/TestImage/09557.jpg,0.4286170212765957,51.66498565673828
29759,spaq,spaq/09562,/home/sergey/iqa-data/spaq/SPAQ/TestImage/09562.jpg,0.695,53.77003479003906
29772,spaq,spaq/09575,/home/sergey/iqa-data/spaq/SPAQ/TestImage/09575.jpg,0.3120212765957447,24.910503387451172
29773,spaq,spaq/09576,/home/sergey/iqa-data/spaq/SPAQ/TestImage/09576.jpg,0.5152127659574468,30.454980850219727
29774,spaq,spaq/09577,/home/sergey/iqa-data/spaq/SPAQ/TestImage/09577.jpg,0.3031914893617021,41.98834991455078
29791,spaq,spaq/09594,/home/sergey/iqa-data/spaq/SPAQ/TestImage/09594.jpg,0.9224468085106382,40.479949951171875
29795,spaq,spaq/09598,/home/sergey/iqa-data/spaq/SPAQ/TestImage/09598.jpg,0.0656382978723404,20.512229919433594
29796,spaq,spaq/09599,/home/sergey/iqa-data/spaq/SPAQ/TestImage/09599.jpg,0.7720212765957446,43.98990249633789
29798,spaq,spaq/09601,/home/sergey/iqa-data/spaq/SPAQ/TestImage/09601.jpg,0.852872340425532,53.902923583984375
29799,spaq,spaq/09602,/home/sergey/iqa-data/spaq/SPAQ/TestImage/09602.jpg,0.4787234042553192,28.424968719482422
29806,spaq,spaq/09609,/home/sergey/iqa-data/spaq/SPAQ/TestImage/09609.jpg,0.4077659574468085,21.42104148864746
29813,spaq,spaq/09616,/home/sergey/iqa-data/spaq/SPAQ/TestImage/09616.jpg,0.2943617021276596,15.791863441467285
29821,spaq,spaq/09624,/home/sergey/iqa-data/spaq/SPAQ/TestImage/09624.jpg,0.555,29.825923919677734
29822,spaq,spaq/09625,/home/sergey/iqa-data/spaq/SPAQ/TestImage/09625.jpg,0.4521276595744681,20.328655242919922
29825,spaq,spaq/09628,/home/sergey/iqa-data/spaq/SPAQ/TestImage/09628.jpg,0.5762765957446808,37.93223571777344
29845,spaq,spaq/09648,/home/sergey/iqa-data/spaq/SPAQ/TestImage/09648.jpg,0.0779787234042553,20.853618621826172
29846,spaq,spaq/09649,/home/sergey/iqa-data/spaq/SPAQ/TestImage/09649.jpg,0.2411702127659574,26.547821044921875
29849,spaq,spaq/09652,/home/sergey/iqa-data/spaq/SPAQ/TestImage/09652.jpg,0.4281914893617021,31.36212921142578
29853,spaq,spaq/09656,/home/sergey/iqa-data/spaq/SPAQ/TestImage/09656.jpg,0.8617021276595744,58.230613708496094
29860,spaq,spaq/09663,/home/sergey/iqa-data/spaq/SPAQ/TestImage/09663.jpg,0.9175531914893617,49.15862274169922
29861,spaq,spaq/09664,/home/sergey/iqa-data/spaq/SPAQ/TestImage/09664.jpg,0.6542553191489362,45.51030731201172
29864,spaq,spaq/09667,/home/sergey/iqa-data/spaq/SPAQ/TestImage/09667.jpg,0.7723404255319148,55.553672790527344
29869,spaq,spaq/09672,/home/sergey/iqa-data/spaq/SPAQ/TestImage/09672.jpg,0.7845744680851063,63.26994705200195
29876,spaq,spaq/09679,/home/sergey/iqa-data/spaq/SPAQ/TestImage/09679.jpg,0.3085106382978723,13.68751049041748
29878,spaq,spaq/09681,/home/sergey/iqa-data/spaq/SPAQ/TestImage/09681.jpg,0.1622340425531915,13.28671932220459
29881,spaq,spaq/09684,/home/sergey/iqa-data/spaq/SPAQ/TestImage/09684.jpg,0.6276595744680851,34.495330810546875
29884,spaq,spaq/09687,/home/sergey/iqa-data/spaq/SPAQ/TestImage/09687.jpg,0.8553191489361702,48.66739273071289
29885,spaq,spaq/09688,/home/sergey/iqa-data/spaq/SPAQ/TestImage/09688.jpg,0.8058510638297872,31.1014404296875
29890,spaq,spaq/09693,/home/sergey/iqa-data/spaq/SPAQ/TestImage/09693.jpg,0.7276595744680852,29.977855682373047
29900,spaq,spaq/09703,/home/sergey/iqa-data/spaq/SPAQ/TestImage/09703.jpg,0.7845744680851063,41.67528533935547
29903,spaq,spaq/09706,/home/sergey/iqa-data/spaq/SPAQ/TestImage/09706.jpg,0.476063829787234,15.11312484741211
29905,spaq,spaq/09708,/home/sergey/iqa-data/spaq/SPAQ/TestImage/09708.jpg,0.7553191489361702,46.84656524658203
29907,spaq,spaq/09710,/home/sergey/iqa-data/spaq/SPAQ/TestImage/09710.jpg,0.8617021276595744,37.474220275878906
29908,spaq,spaq/09711,/home/sergey/iqa-data/spaq/SPAQ/TestImage/09711.jpg,0.5824468085106383,60.215335845947266
29918,spaq,spaq/09721,/home/sergey/iqa-data/spaq/SPAQ/TestImage/09721.jpg,0.851063829787234,52.21064758300781
29925,spaq,spaq/09728,/home/sergey/iqa-data/spaq/SPAQ/TestImage/09728.jpg,0.5771276595744681,32.82320022583008
29936,spaq,spaq/09739,/home/sergey/iqa-data/spaq/SPAQ/TestImage/09739.jpg,0.3238297872340425,23.69865608215332
29937,spaq,spaq/09740,/home/sergey/iqa-data/spaq/SPAQ/TestImage/09740.jpg,0.4479787234042553,38.98964309692383
29940,spaq,spaq/09743,/home/sergey/iqa-data/spaq/SPAQ/TestImage/09743.jpg,0.9042553191489362,53.3501091003418
29942,spaq,spaq/09745,/home/sergey/iqa-data/spaq/SPAQ/TestImage/09745.jpg,0.1690425531914893,28.586933135986328
29949,spaq,spaq/09752,/home/sergey/iqa-data/spaq/SPAQ/TestImage/09752.jpg,0.591063829787234,61.954376220703125
29957,spaq,spaq/09760,/home/sergey/iqa-data/spaq/SPAQ/TestImage/09760.jpg,0.8404255319148937,61.10447692871094
29958,spaq,spaq/09761,/home/sergey/iqa-data/spaq/SPAQ/TestImage/09761.jpg,0.6052127659574468,35.937198638916016
29961,spaq,spaq/09764,/home/sergey/iqa-data/spaq/SPAQ/TestImage/09764.jpg,0.2223404255319148,18.70197105407715
29962,spaq,spaq/09765,/home/sergey/iqa-data/spaq/SPAQ/TestImage/09765.jpg,0.5067021276595745,40.433555603027344
29964,spaq,spaq/09767,/home/sergey/iqa-data/spaq/SPAQ/TestImage/09767.jpg,0.2141489361702127,22.261798858642578
29975,spaq,spaq/09778,/home/sergey/iqa-data/spaq/SPAQ/TestImage/09778.jpg,0.5448936170212766,28.239900588989258
29983,spaq,spaq/09786,/home/sergey/iqa-data/spaq/SPAQ/TestImage/09786.jpg,0.3588297872340425,42.98356628417969
29994,spaq,spaq/09797,/home/sergey/iqa-data/spaq/SPAQ/TestImage/09797.jpg,0.5664893617021277,27.235919952392578
29997,spaq,spaq/09800,/home/sergey/iqa-data/spaq/SPAQ/TestImage/09800.jpg,0.2247872340425531,21.52187156677246
29998,spaq,spaq/09801,/home/sergey/iqa-data/spaq/SPAQ/TestImage/09801.jpg,0.5060638297872341,32.209747314453125
30003,spaq,spaq/09806,/home/sergey/iqa-data/spaq/SPAQ/TestImage/09806.jpg,0.8361702127659574,52.178775787353516
30015,spaq,spaq/09818,/home/sergey/iqa-data/spaq/SPAQ/TestImage/09818.jpg,0.4741489361702127,32.452369689941406
30016,spaq,spaq/09819,/home/sergey/iqa-data/spaq/SPAQ/TestImage/09819.jpg,0.9301063829787236,48.77411651611328
30023,spaq,spaq/09826,/home/sergey/iqa-data/spaq/SPAQ/TestImage/09826.jpg,0.3191489361702128,24.925704956054688
30031,spaq,spaq/09834,/home/sergey/iqa-data/spaq/SPAQ/TestImage/09834.jpg,0.3723404255319149,39.779808044433594
30044,spaq,spaq/09847,/home/sergey/iqa-data/spaq/SPAQ/TestImage/09847.jpg,0.496063829787234,34.21847152709961
30060,spaq,spaq/09863,/home/sergey/iqa-data/spaq/SPAQ/TestImage/09863.jpg,0.4322340425531915,26.4188175201416
30061,spaq,spaq/09864,/home/sergey/iqa-data/spaq/SPAQ/TestImage/09864.jpg,0.7461702127659574,31.840038299560547
30075,spaq,spaq/09878,/home/sergey/iqa-data/spaq/SPAQ/TestImage/09878.jpg,0.2553191489361702,18.31442642211914
30076,spaq,spaq/09879,/home/sergey/iqa-data/spaq/SPAQ/TestImage/09879.jpg,0.1957446808510638,16.804649353027344
30084,spaq,spaq/09887,/home/sergey/iqa-data/spaq/SPAQ/TestImage/09887.jpg,0.5106382978723404,20.02762794494629
30087,spaq,spaq/09890,/home/sergey/iqa-data/spaq/SPAQ/TestImage/09890.jpg,0.6914893617021277,38.21450424194336
30092,spaq,spaq/09895,/home/sergey/iqa-data/spaq/SPAQ/TestImage/09895.jpg,0.4319148936170213,27.586177825927734
30094,spaq,spaq/09897,/home/sergey/iqa-data/spaq/SPAQ/TestImage/09897.jpg,0.726063829787234,34.499977111816406
30095,spaq,spaq/09898,/home/sergey/iqa-data/spaq/SPAQ/TestImage/09898.jpg,0.7393617021276596,48.910282135009766
30098,spaq,spaq/09901,/home/sergey/iqa-data/spaq/SPAQ/TestImage/09901.jpg,0.3696808510638298,27.130102157592773
30100,spaq,spaq/09903,/home/sergey/iqa-data/spaq/SPAQ/TestImage/09903.jpg,0.7428723404255319,57.195350646972656
30103,spaq,spaq/09906,/home/sergey/iqa-data/spaq/SPAQ/TestImage/09906.jpg,0.6037234042553191,51.10847473144531
30108,spaq,spaq/09911,/home/sergey/iqa-data/spaq/SPAQ/TestImage/09911.jpg,0.3127659574468085,28.079978942871094
30109,spaq,spaq/09912,/home/sergey/iqa-data/spaq/SPAQ/TestImage/09912.jpg,0.3138297872340425,43.253440856933594
30110,spaq,spaq/09913,/home/sergey/iqa-data/spaq/SPAQ/TestImage/09913.jpg,0.324468085106383,29.602447509765625
30120,spaq,spaq/09923,/home/sergey/iqa-data/spaq/SPAQ/TestImage/09923.jpg,0.1106382978723404,33.27432632446289
30121,spaq,spaq/09924,/home/sergey/iqa-data/spaq/SPAQ/TestImage/09924.jpg,0.5936170212765958,49.10560989379883
30123,spaq,spaq/09926,/home/sergey/iqa-data/spaq/SPAQ/TestImage/09926.jpg,0.7021276595744681,39.69042205810547
30127,spaq,spaq/09930,/home/sergey/iqa-data/spaq/SPAQ/TestImage/09930.jpg,0.6143617021276596,26.106552124023438
30128,spaq,spaq/09931,/home/sergey/iqa-data/spaq/SPAQ/TestImage/09931.jpg,0.5398936170212766,53.12495040893555
30143,spaq,spaq/09946,/home/sergey/iqa-data/spaq/SPAQ/TestImage/09946.jpg,0.1507446808510638,21.05042266845703
30144,spaq,spaq/09947,/home/sergey/iqa-data/spaq/SPAQ/TestImage/09947.jpg,0.5288297872340426,31.647918701171875
30147,spaq,spaq/09950,/home/sergey/iqa-data/spaq/SPAQ/TestImage/09950.jpg,0.4928723404255319,42.282806396484375
30149,spaq,spaq/09952,/home/sergey/iqa-data/spaq/SPAQ/TestImage/09952.jpg,0.3457446808510638,23.519184112548828
30158,spaq,spaq/09961,/home/sergey/iqa-data/spaq/SPAQ/TestImage/09961.jpg,0.1762765957446808,23.082204818725586
30159,spaq,spaq/09962,/home/sergey/iqa-data/spaq/SPAQ/TestImage/09962.jpg,0.6720212765957447,38.481510162353516
30160,spaq,spaq/09963,/home/sergey/iqa-data/spaq/SPAQ/TestImage/09963.jpg,0.2837234042553191,29.316267013549805
30161,spaq,spaq/09964,/home/sergey/iqa-data/spaq/SPAQ/TestImage/09964.jpg,0.7145744680851064,53.6716194152832
30166,spaq,spaq/09969,/home/sergey/iqa-data/spaq/SPAQ/TestImage/09969.jpg,0.1454255319148936,28.2289981842041
30169,spaq,spaq/09972,/home/sergey/iqa-data/spaq/SPAQ/TestImage/09972.jpg,0.5035106382978723,55.25453186035156
30173,spaq,spaq/09976,/home/sergey/iqa-data/spaq/SPAQ/TestImage/09976.jpg,0.6428723404255319,51.634159088134766
30175,spaq,spaq/09978,/home/sergey/iqa-data/spaq/SPAQ/TestImage/09978.jpg,0.5832978723404255,51.63526153564453
30180,spaq,spaq/09983,/home/sergey/iqa-data/spaq/SPAQ/TestImage/09983.jpg,0.5869148936170213,52.77225875854492
30183,spaq,spaq/09986,/home/sergey/iqa-data/spaq/SPAQ/TestImage/09986.jpg,0.7215957446808511,63.88003158569336
30185,spaq,spaq/09988,/home/sergey/iqa-data/spaq/SPAQ/TestImage/09988.jpg,0.046063829787234,14.439536094665527
30186,spaq,spaq/09989,/home/sergey/iqa-data/spaq/SPAQ/TestImage/09989.jpg,0.1648936170212765,14.800802230834961
30191,spaq,spaq/09994,/home/sergey/iqa-data/spaq/SPAQ/TestImage/09994.jpg,0.5177659574468085,36.06429672241211
30192,spaq,spaq/09995,/home/sergey/iqa-data/spaq/SPAQ/TestImage/09995.jpg,0.6986170212765958,52.651283264160156
30198,spaq,spaq/10001,/home/sergey/iqa-data/spaq/SPAQ/TestImage/10001.jpg,0.6276595744680851,52.709266662597656
30199,spaq,spaq/10002,/home/sergey/iqa-data/spaq/SPAQ/TestImage/10002.jpg,0.6298936170212766,34.567626953125
30201,spaq,spaq/10004,/home/sergey/iqa-data/spaq/SPAQ/TestImage/10004.jpg,0.3475531914893617,20.808069229125977
30202,spaq,spaq/10005,/home/sergey/iqa-data/spaq/SPAQ/TestImage/10005.jpg,0.2109574468085106,24.863117218017578
30205,spaq,spaq/10008,/home/sergey/iqa-data/spaq/SPAQ/TestImage/10008.jpg,0.6352127659574468,40.04090881347656
30212,spaq,spaq/10015,/home/sergey/iqa-data/spaq/SPAQ/TestImage/10015.jpg,0.642340425531915,36.966796875
30214,spaq,spaq/10017,/home/sergey/iqa-data/spaq/SPAQ/TestImage/10017.jpg,0.5060638297872341,40.12074279785156
30216,spaq,spaq/10019,/home/sergey/iqa-data/spaq/SPAQ/TestImage/10019.jpg,0.2880851063829787,26.400123596191406
30218,spaq,spaq/10021,/home/sergey/iqa-data/spaq/SPAQ/TestImage/10021.jpg,0.4124468085106383,21.321855545043945
30221,spaq,spaq/10024,/home/sergey/iqa-data/spaq/SPAQ/TestImage/10024.jpg,0.2491489361702127,14.354958534240723
30226,spaq,spaq/10029,/home/sergey/iqa-data/spaq/SPAQ/TestImage/10029.jpg,0.8224468085106383,53.44349670410156
30232,spaq,spaq/10035,/home/sergey/iqa-data/spaq/SPAQ/TestImage/10035.jpg,0.9179787234042552,49.151275634765625
30234,spaq,spaq/10037,/home/sergey/iqa-data/spaq/SPAQ/TestImage/10037.jpg,0.4035106382978723,23.581214904785156
30237,spaq,spaq/10040,/home/sergey/iqa-data/spaq/SPAQ/TestImage/10040.jpg,0.306063829787234,22.263545989990234
30250,spaq,spaq/10053,/home/sergey/iqa-data/spaq/SPAQ/TestImage/10053.jpg,0.7172340425531915,52.71152877807617
30251,spaq,spaq/10054,/home/sergey/iqa-data/spaq/SPAQ/TestImage/10054.jpg,0.601063829787234,30.971614837646484
30257,spaq,spaq/10060,/home/sergey/iqa-data/spaq/SPAQ/TestImage/10060.jpg,0.3698936170212766,22.82027244567871
30262,spaq,spaq/10065,/home/sergey/iqa-data/spaq/SPAQ/TestImage/10065.jpg,0.8142553191489362,42.24789047241211
30263,spaq,spaq/10066,/home/sergey/iqa-data/spaq/SPAQ/TestImage/10066.jpg,0.6480851063829788,32.002376556396484
30268,spaq,spaq/10071,/home/sergey/iqa-data/spaq/SPAQ/TestImage/10071.jpg,0.2514893617021276,18.41164207458496
30275,spaq,spaq/10078,/home/sergey/iqa-data/spaq/SPAQ/TestImage/10078.jpg,0.2162765957446808,27.394922256469727
30281,spaq,spaq/10084,/home/sergey/iqa-data/spaq/SPAQ/TestImage/10084.jpg,0.3551063829787234,16.56175422668457
30286,spaq,spaq/10089,/home/sergey/iqa-data/spaq/SPAQ/TestImage/10089.jpg,0.4973404255319149,28.978065490722656
30289,spaq,spaq/10092,/home/sergey/iqa-data/spaq/SPAQ/TestImage/10092.jpg,0.7567021276595745,39.481239318847656
30292,spaq,spaq/10095,/home/sergey/iqa-data/spaq/SPAQ/TestImage/10095.jpg,0.3817021276595745,17.9514217376709
30300,spaq,spaq/10103,/home/sergey/iqa-data/spaq/SPAQ/TestImage/10103.jpg,0.1968085106382978,33.5996208190918
30301,spaq,spaq/10104,/home/sergey/iqa-data/spaq/SPAQ/TestImage/10104.jpg,0.2620212765957446,35.40574645996094
30304,spaq,spaq/10107,/home/sergey/iqa-data/spaq/SPAQ/TestImage/10107.jpg,0.3989361702127659,23.274473190307617
30312,spaq,spaq/10115,/home/sergey/iqa-data/spaq/SPAQ/TestImage/10115.jpg,0.4348936170212766,25.940141677856445
30320,spaq,spaq/10123,/home/sergey/iqa-data/spaq/SPAQ/TestImage/10123.jpg,0.8430851063829787,30.293354034423828
30325,spaq,spaq/10128,/home/sergey/iqa-data/spaq/SPAQ/TestImage/10128.jpg,0.8098936170212766,36.31879806518555
30329,spaq,spaq/10132,/home/sergey/iqa-data/spaq/SPAQ/TestImage/10132.jpg,0.2487234042553191,22.822162628173828
30338,spaq,spaq/10141,/home/sergey/iqa-data/spaq/SPAQ/TestImage/10141.jpg,0.8843617021276595,43.80863571166992
30345,spaq,spaq/10148,/home/sergey/iqa-data/spaq/SPAQ/TestImage/10148.jpg,0.6848936170212766,51.507469177246094
30360,spaq,spaq/10163,/home/sergey/iqa-data/spaq/SPAQ/TestImage/10163.jpg,0.7112765957446808,37.050453186035156
30364,spaq,spaq/10167,/home/sergey/iqa-data/spaq/SPAQ/TestImage/10167.jpg,0.264468085106383,35.6729736328125
30384,spaq,spaq/10187,/home/sergey/iqa-data/spaq/SPAQ/TestImage/10187.jpg,0.8206382978723404,47.08989334106445
30387,spaq,spaq/10190,/home/sergey/iqa-data/spaq/SPAQ/TestImage/10190.jpg,0.5562765957446808,52.53767776489258
30390,spaq,spaq/10193,/home/sergey/iqa-data/spaq/SPAQ/TestImage/10193.jpg,0.6170212765957447,42.8812255859375
30394,spaq,spaq/10197,/home/sergey/iqa-data/spaq/SPAQ/TestImage/10197.jpg,0.4969148936170213,38.008365631103516
30400,spaq,spaq/10203,/home/sergey/iqa-data/spaq/SPAQ/TestImage/10203.jpg,0.6322340425531915,45.640159606933594
30408,spaq,spaq/10211,/home/sergey/iqa-data/spaq/SPAQ/TestImage/10211.jpg,0.6003191489361702,54.189483642578125
30409,spaq,spaq/10212,/home/sergey/iqa-data/spaq/SPAQ/TestImage/10212.jpg,0.6458510638297873,29.209501266479492
30413,spaq,spaq/10216,/home/sergey/iqa-data/spaq/SPAQ/TestImage/10216.jpg,0.8191489361702128,54.369136810302734
30426,spaq,spaq/10229,/home/sergey/iqa-data/spaq/SPAQ/TestImage/10229.jpg,0.741595744680851,62.26797103881836
30427,spaq,spaq/10230,/home/sergey/iqa-data/spaq/SPAQ/TestImage/10230.jpg,0.4893617021276595,39.360198974609375
30433,spaq,spaq/10236,/home/sergey/iqa-data/spaq/SPAQ/TestImage/10236.jpg,0.3754255319148936,29.88581657409668
30441,spaq,spaq/10244,/home/sergey/iqa-data/spaq/SPAQ/TestImage/10244.jpg,0.2859574468085106,23.427953720092773
30444,spaq,spaq/10247,/home/sergey/iqa-data/spaq/SPAQ/TestImage/10247.jpg,0.6210638297872341,41.59961700439453
30451,spaq,spaq/10254,/home/sergey/iqa-data/spaq/SPAQ/TestImage/10254.jpg,0.3763829787234042,29.647319793701172
30455,spaq,spaq/10258,/home/sergey/iqa-data/spaq/SPAQ/TestImage/10258.jpg,0.6077659574468085,35.84027099609375
30461,spaq,spaq/10264,/home/sergey/iqa-data/spaq/SPAQ/TestImage/10264.jpg,0.5345744680851063,21.03612518310547
30463,spaq,spaq/10266,/home/sergey/iqa-data/spaq/SPAQ/TestImage/10266.jpg,0.2526595744680851,18.01819610595703
30466,spaq,spaq/10269,/home/sergey/iqa-data/spaq/SPAQ/TestImage/10269.jpg,0.8058510638297872,54.257408142089844
30470,spaq,spaq/10273,/home/sergey/iqa-data/spaq/SPAQ/TestImage/10273.jpg,0.820531914893617,59.119022369384766
30485,spaq,spaq/10288,/home/sergey/iqa-data/spaq/SPAQ/TestImage/10288.jpg,0.2806382978723404,27.07001495361328
30489,spaq,spaq/10292,/home/sergey/iqa-data/spaq/SPAQ/TestImage/10292.jpg,0.3497872340425532,34.50883483886719
30493,spaq,spaq/10296,/home/sergey/iqa-data/spaq/SPAQ/TestImage/10296.jpg,0.2720212765957447,30.40873908996582
30496,spaq,spaq/10299,/home/sergey/iqa-data/spaq/SPAQ/TestImage/10299.jpg,0.3328723404255319,22.621681213378906
30504,spaq,spaq/10307,/home/sergey/iqa-data/spaq/SPAQ/TestImage/10307.jpg,0.5197872340425532,40.64645767211914
30513,spaq,spaq/10316,/home/sergey/iqa-data/spaq/SPAQ/TestImage/10316.jpg,0.7606382978723404,47.015342712402344
30535,spaq,spaq/10338,/home/sergey/iqa-data/spaq/SPAQ/TestImage/10338.jpg,0.5,46.44825744628906
30537,spaq,spaq/10340,/home/sergey/iqa-data/spaq/SPAQ/TestImage/10340.jpg,0.4635106382978723,34.67958068847656
30543,spaq,spaq/10346,/home/sergey/iqa-data/spaq/SPAQ/TestImage/10346.jpg,0.539468085106383,34.530494689941406
30548,spaq,spaq/10351,/home/sergey/iqa-data/spaq/SPAQ/TestImage/10351.jpg,0.8996808510638297,42.84876251220703
30553,spaq,spaq/10356,/home/sergey/iqa-data/spaq/SPAQ/TestImage/10356.jpg,0.6717021276595745,40.4664306640625
30556,spaq,spaq/10359,/home/sergey/iqa-data/spaq/SPAQ/TestImage/10359.jpg,0.7264893617021277,49.15140151977539
30558,spaq,spaq/10361,/home/sergey/iqa-data/spaq/SPAQ/TestImage/10361.jpg,0.7819148936170213,52.949432373046875
30569,spaq,spaq/10372,/home/sergey/iqa-data/spaq/SPAQ/TestImage/10372.jpg,0.5603191489361702,45.16816711425781
30574,spaq,spaq/10377,/home/sergey/iqa-data/spaq/SPAQ/TestImage/10377.jpg,0.7464893617021277,44.004276275634766
30579,spaq,spaq/10382,/home/sergey/iqa-data/spaq/SPAQ/TestImage/10382.jpg,0.8688297872340426,65.08781433105469
30582,spaq,spaq/10385,/home/sergey/iqa-data/spaq/SPAQ/TestImage/10385.jpg,0.7003191489361702,44.952247619628906
30587,spaq,spaq/10390,/home/sergey/iqa-data/spaq/SPAQ/TestImage/10390.jpg,0.4202127659574468,25.117870330810547
30592,spaq,spaq/10395,/home/sergey/iqa-data/spaq/SPAQ/TestImage/10395.jpg,0.278404255319149,21.95608139038086
30593,spaq,spaq/10396,/home/sergey/iqa-data/spaq/SPAQ/TestImage/10396.jpg,0.6418085106382978,23.734737396240234
30600,spaq,spaq/10403,/home/sergey/iqa-data/spaq/SPAQ/TestImage/10403.jpg,0.7553191489361702,40.894710540771484
30601,spaq,spaq/10404,/home/sergey/iqa-data/spaq/SPAQ/TestImage/10404.jpg,0.3173404255319149,28.231781005859375
30608,spaq,spaq/10411,/home/sergey/iqa-data/spaq/SPAQ/TestImage/10411.jpg,0.2162765957446808,20.29759979248047
30609,spaq,spaq/10412,/home/sergey/iqa-data/spaq/SPAQ/TestImage/10412.jpg,0.7446808510638298,60.171573638916016
30613,spaq,spaq/10416,/home/sergey/iqa-data/spaq/SPAQ/TestImage/10416.jpg,0.1319148936170212,20.851490020751953
30616,spaq,spaq/10419,/home/sergey/iqa-data/spaq/SPAQ/TestImage/10419.jpg,0.4220212765957447,20.787216186523438
30629,spaq,spaq/10432,/home/sergey/iqa-data/spaq/SPAQ/TestImage/10432.jpg,0.3297872340425531,21.256540298461914
30631,spaq,spaq/10434,/home/sergey/iqa-data/spaq/SPAQ/TestImage/10434.jpg,0.2518085106382979,33.168739318847656
30632,spaq,spaq/10435,/home/sergey/iqa-data/spaq/SPAQ/TestImage/10435.jpg,0.1212765957446808,16.873268127441406
30635,spaq,spaq/10438,/home/sergey/iqa-data/spaq/SPAQ/TestImage/10438.jpg,0.4379787234042553,23.433488845825195
30645,spaq,spaq/10448,/home/sergey/iqa-data/spaq/SPAQ/TestImage/10448.jpg,0.202127659574468,17.17425537109375
30649,spaq,spaq/10452,/home/sergey/iqa-data/spaq/SPAQ/TestImage/10452.jpg,0.2393617021276596,24.171890258789062
30655,spaq,spaq/10458,/home/sergey/iqa-data/spaq/SPAQ/TestImage/10458.jpg,0.2411702127659574,22.25790786743164
30661,spaq,spaq/10464,/home/sergey/iqa-data/spaq/SPAQ/TestImage/10464.jpg,0.7996808510638298,61.31086730957031
30662,spaq,spaq/10465,/home/sergey/iqa-data/spaq/SPAQ/TestImage/10465.jpg,0.2890425531914893,19.4536190032959
30666,spaq,spaq/10469,/home/sergey/iqa-data/spaq/SPAQ/TestImage/10469.jpg,0.7287234042553191,58.79399871826172
30669,spaq,spaq/10472,/home/sergey/iqa-data/spaq/SPAQ/TestImage/10472.jpg,0.2518085106382979,20.175121307373047
30673,spaq,spaq/10476,/home/sergey/iqa-data/spaq/SPAQ/TestImage/10476.jpg,0.2943617021276596,26.654163360595703
30685,spaq,spaq/10488,/home/sergey/iqa-data/spaq/SPAQ/TestImage/10488.jpg,0.2819148936170212,28.364837646484375
30690,spaq,spaq/10493,/home/sergey/iqa-data/spaq/SPAQ/TestImage/10493.jpg,0.6914893617021277,29.22698974609375
30691,spaq,spaq/10494,/home/sergey/iqa-data/spaq/SPAQ/TestImage/10494.jpg,0.5177659574468085,16.96991729736328
30692,spaq,spaq/10495,/home/sergey/iqa-data/spaq/SPAQ/TestImage/10495.jpg,0.4928723404255319,20.581090927124023
30703,spaq,spaq/10506,/home/sergey/iqa-data/spaq/SPAQ/TestImage/10506.jpg,0.7446808510638298,49.96883773803711
30706,spaq,spaq/10509,/home/sergey/iqa-data/spaq/SPAQ/TestImage/10509.jpg,0.3989361702127659,42.01449966430664
30715,spaq,spaq/10518,/home/sergey/iqa-data/spaq/SPAQ/TestImage/10518.jpg,0.8404255319148937,45.297760009765625
30724,spaq,spaq/10527,/home/sergey/iqa-data/spaq/SPAQ/TestImage/10527.jpg,0.8103191489361702,50.654449462890625
30732,spaq,spaq/10535,/home/sergey/iqa-data/spaq/SPAQ/TestImage/10535.jpg,0.3226595744680851,20.65199851989746
30733,spaq,spaq/10536,/home/sergey/iqa-data/spaq/SPAQ/TestImage/10536.jpg,0.5319148936170213,34.383323669433594
30740,spaq,spaq/10543,/home/sergey/iqa-data/spaq/SPAQ/TestImage/10543.jpg,0.6098936170212765,34.761329650878906
30750,spaq,spaq/10553,/home/sergey/iqa-data/spaq/SPAQ/TestImage/10553.jpg,0.2358510638297872,19.356481552124023
30751,spaq,spaq/10554,/home/sergey/iqa-data/spaq/SPAQ/TestImage/10554.jpg,0.4024468085106383,33.66221618652344
30759,spaq,spaq/10562,/home/sergey/iqa-data/spaq/SPAQ/TestImage/10562.jpg,0.4163829787234042,30.627197265625
30773,spaq,spaq/10576,/home/sergey/iqa-data/spaq/SPAQ/TestImage/10576.jpg,0.1018085106382978,24.546010971069336
30776,spaq,spaq/10579,/home/sergey/iqa-data/spaq/SPAQ/TestImage/10579.jpg,0.5379787234042553,44.54853057861328
30779,spaq,spaq/10582,/home/sergey/iqa-data/spaq/SPAQ/TestImage/10582.jpg,0.1990425531914893,27.734088897705078
30780,spaq,spaq/10583,/home/sergey/iqa-data/spaq/SPAQ/TestImage/10583.jpg,0.1474468085106383,24.98434066772461
30781,spaq,spaq/10584,/home/sergey/iqa-data/spaq/SPAQ/TestImage/10584.jpg,0.7659574468085106,29.889698028564453
30795,spaq,spaq/10598,/home/sergey/iqa-data/spaq/SPAQ/TestImage/10598.jpg,0.1929787234042553,17.474353790283203
30803,spaq,spaq/10606,/home/sergey/iqa-data/spaq/SPAQ/TestImage/10606.jpg,0.6641489361702129,25.735340118408203
30804,spaq,spaq/10607,/home/sergey/iqa-data/spaq/SPAQ/TestImage/10607.jpg,0.5,44.82068634033203
30807,spaq,spaq/10610,/home/sergey/iqa-data/spaq/SPAQ/TestImage/10610.jpg,0.2690425531914893,21.905406951904297
30810,spaq,spaq/10613,/home/sergey/iqa-data/spaq/SPAQ/TestImage/10613.jpg,0.1747872340425532,28.766101837158203
30813,spaq,spaq/10616,/home/sergey/iqa-data/spaq/SPAQ/TestImage/10616.jpg,0.4224468085106383,25.66156005859375
30822,spaq,spaq/10625,/home/sergey/iqa-data/spaq/SPAQ/TestImage/10625.jpg,0.0922340425531915,19.46433448791504
30833,spaq,spaq/10636,/home/sergey/iqa-data/spaq/SPAQ/TestImage/10636.jpg,0.6975531914893617,35.33389663696289
30837,spaq,spaq/10640,/home/sergey/iqa-data/spaq/SPAQ/TestImage/10640.jpg,0.2765957446808511,25.211822509765625
30838,spaq,spaq/10641,/home/sergey/iqa-data/spaq/SPAQ/TestImage/10641.jpg,0.2067021276595744,23.09067153930664
30839,spaq,spaq/10642,/home/sergey/iqa-data/spaq/SPAQ/TestImage/10642.jpg,0.7613829787234042,43.25770950317383
30847,spaq,spaq/10650,/home/sergey/iqa-data/spaq/SPAQ/TestImage/10650.jpg,0.4011702127659574,41.89306640625
30848,spaq,spaq/10651,/home/sergey/iqa-data/spaq/SPAQ/TestImage/10651.jpg,0.857127659574468,42.758033752441406
30850,spaq,spaq/10653,/home/sergey/iqa-data/spaq/SPAQ/TestImage/10653.jpg,0.6185106382978723,44.21963119506836
30853,spaq,spaq/10656,/home/sergey/iqa-data/spaq/SPAQ/TestImage/10656.jpg,0.5865957446808511,30.712913513183594
30856,spaq,spaq/10659,/home/sergey/iqa-data/spaq/SPAQ/TestImage/10659.jpg,0.6382978723404256,37.593719482421875
30861,spaq,spaq/10664,/home/sergey/iqa-data/spaq/SPAQ/TestImage/10664.jpg,0.3085106382978723,21.57271957397461
30865,spaq,spaq/10668,/home/sergey/iqa-data/spaq/SPAQ/TestImage/10668.jpg,0.2857446808510638,16.7862548828125
30867,spaq,spaq/10670,/home/sergey/iqa-data/spaq/SPAQ/TestImage/10670.jpg,0.7903191489361703,47.81520462036133
30878,spaq,spaq/10681,/home/sergey/iqa-data/spaq/SPAQ/TestImage/10681.jpg,0.3479787234042553,23.96006965637207
30907,spaq,spaq/10710,/home/sergey/iqa-data/spaq/SPAQ/TestImage/10710.jpg,0.6975531914893617,37.478721618652344
30910,spaq,spaq/10713,/home/sergey/iqa-data/spaq/SPAQ/TestImage/10713.jpg,0.8525531914893617,23.773887634277344
30922,spaq,spaq/10725,/home/sergey/iqa-data/spaq/SPAQ/TestImage/10725.jpg,0.2887234042553191,21.83388328552246
30929,spaq,spaq/10732,/home/sergey/iqa-data/spaq/SPAQ/TestImage/10732.jpg,0.1777659574468085,16.41741943359375
30930,spaq,spaq/10733,/home/sergey/iqa-data/spaq/SPAQ/TestImage/10733.jpg,0.3890425531914893,33.89247131347656
30931,spaq,spaq/10734,/home/sergey/iqa-data/spaq/SPAQ/TestImage/10734.jpg,0.3267021276595744,23.36672019958496
30934,spaq,spaq/10737,/home/sergey/iqa-data/spaq/SPAQ/TestImage/10737.jpg,0.4528723404255319,22.641094207763672
30935,spaq,spaq/10738,/home/sergey/iqa-data/spaq/SPAQ/TestImage/10738.jpg,0.6610638297872341,27.09572410583496
30938,spaq,spaq/10741,/home/sergey/iqa-data/spaq/SPAQ/TestImage/10741.jpg,0.5832978723404255,51.89593505859375
30949,spaq,spaq/10752,/home/sergey/iqa-data/spaq/SPAQ/TestImage/10752.jpg,0.7325531914893617,49.722286224365234
30956,spaq,spaq/10759,/home/sergey/iqa-data/spaq/SPAQ/TestImage/10759.jpg,0.1117021276595744,14.715605735778809
30982,spaq,spaq/10785,/home/sergey/iqa-data/spaq/SPAQ/TestImage/10785.jpg,0.6854255319148936,25.30306625366211
30984,spaq,spaq/10787,/home/sergey/iqa-data/spaq/SPAQ/TestImage/10787.jpg,0.615531914893617,47.68528747558594
30997,spaq,spaq/10800,/home/sergey/iqa-data/spaq/SPAQ/TestImage/10800.jpg,0.3631914893617021,51.055057525634766
31009,spaq,spaq/10812,/home/sergey/iqa-data/spaq/SPAQ/TestImage/10812.jpg,0.5452127659574468,53.905487060546875
31014,spaq,spaq/10817,/home/sergey/iqa-data/spaq/SPAQ/TestImage/10817.jpg,0.2735106382978723,32.354759216308594
31015,spaq,spaq/10818,/home/sergey/iqa-data/spaq/SPAQ/TestImage/10818.jpg,0.5638297872340425,37.89326858520508
31027,spaq,spaq/10830,/home/sergey/iqa-data/spaq/SPAQ/TestImage/10830.jpg,0.5939361702127659,52.171661376953125
31041,spaq,spaq/10844,/home/sergey/iqa-data/spaq/SPAQ/TestImage/10844.jpg,0.3545744680851063,47.51410675048828
31043,spaq,spaq/10846,/home/sergey/iqa-data/spaq/SPAQ/TestImage/10846.jpg,0.0922340425531915,29.83060646057129
31045,spaq,spaq/10848,/home/sergey/iqa-data/spaq/SPAQ/TestImage/10848.jpg,0.2287234042553191,32.14055633544922
31046,spaq,spaq/10849,/home/sergey/iqa-data/spaq/SPAQ/TestImage/10849.jpg,0.3031914893617021,37.16192626953125
31047,spaq,spaq/10850,/home/sergey/iqa-data/spaq/SPAQ/TestImage/10850.jpg,0.5425531914893617,43.331661224365234
31051,spaq,spaq/10854,/home/sergey/iqa-data/spaq/SPAQ/TestImage/10854.jpg,0.8297872340425532,48.73096466064453
31052,spaq,spaq/10855,/home/sergey/iqa-data/spaq/SPAQ/TestImage/10855.jpg,0.3617021276595745,24.444561004638672
31060,spaq,spaq/10863,/home/sergey/iqa-data/spaq/SPAQ/TestImage/10863.jpg,0.324468085106383,30.988779067993164
31071,spaq,spaq/10874,/home/sergey/iqa-data/spaq/SPAQ/TestImage/10874.jpg,0.6968085106382979,46.53266143798828
31093,spaq,spaq/10896,/home/sergey/iqa-data/spaq/SPAQ/TestImage/10896.jpg,0.2613829787234042,18.58953094482422
31095,spaq,spaq/10898,/home/sergey/iqa-data/spaq/SPAQ/TestImage/10898.jpg,0.1945744680851063,26.99364471435547
31098,spaq,spaq/10901,/home/sergey/iqa-data/spaq/SPAQ/TestImage/10901.jpg,0.2096808510638298,17.576736450195312
31102,spaq,spaq/10905,/home/sergey/iqa-data/spaq/SPAQ/TestImage/10905.jpg,0.8617021276595744,52.55313491821289
31114,spaq,spaq/10917,/home/sergey/iqa-data/spaq/SPAQ/TestImage/10917.jpg,0.196063829787234,17.885509490966797
31126,spaq,spaq/10929,/home/sergey/iqa-data/spaq/SPAQ/TestImage/10929.jpg,0.4240425531914893,23.86502456665039
31130,spaq,spaq/10933,/home/sergey/iqa-data/spaq/SPAQ/TestImage/10933.jpg,0.1063829787234042,15.036332130432129
31134,spaq,spaq/10937,/home/sergey/iqa-data/spaq/SPAQ/TestImage/10937.jpg,0.5691489361702128,44.35645294189453
31137,spaq,spaq/10940,/home/sergey/iqa-data/spaq/SPAQ/TestImage/10940.jpg,0.8130851063829788,45.262229919433594
31141,spaq,spaq/10944,/home/sergey/iqa-data/spaq/SPAQ/TestImage/10944.jpg,0.2109574468085106,25.87549591064453
31142,spaq,spaq/10945,/home/sergey/iqa-data/spaq/SPAQ/TestImage/10945.jpg,0.237127659574468,27.751049041748047
31143,spaq,spaq/10946,/home/sergey/iqa-data/spaq/SPAQ/TestImage/10946.jpg,0.4194680851063829,40.742496490478516
31149,spaq,spaq/10952,/home/sergey/iqa-data/spaq/SPAQ/TestImage/10952.jpg,0.6520212765957447,48.930091857910156
31151,spaq,spaq/10954,/home/sergey/iqa-data/spaq/SPAQ/TestImage/10954.jpg,0.2203191489361702,25.5933780670166
31159,spaq,spaq/10962,/home/sergey/iqa-data/spaq/SPAQ/TestImage/10962.jpg,0.8389361702127659,41.70362091064453
31162,spaq,spaq/10965,/home/sergey/iqa-data/spaq/SPAQ/TestImage/10965.jpg,0.2507446808510638,17.683460235595703
31163,spaq,spaq/10966,/home/sergey/iqa-data/spaq/SPAQ/TestImage/10966.jpg,0.7142553191489361,42.04449462890625
31173,spaq,spaq/10976,/home/sergey/iqa-data/spaq/SPAQ/TestImage/10976.jpg,0.7081914893617021,30.63082504272461
31182,spaq,spaq/10985,/home/sergey/iqa-data/spaq/SPAQ/TestImage/10985.jpg,0.384468085106383,40.82060241699219
31192,spaq,spaq/10995,/home/sergey/iqa-data/spaq/SPAQ/TestImage/10995.jpg,0.8602127659574468,57.506439208984375
31201,spaq,spaq/11004,/home/sergey/iqa-data/spaq/SPAQ/TestImage/11004.jpg,0.3343617021276596,48.06847381591797
31208,spaq,spaq/11011,/home/sergey/iqa-data/spaq/SPAQ/TestImage/11011.jpg,0.3921276595744681,39.89013671875
31214,spaq,spaq/11017,/home/sergey/iqa-data/spaq/SPAQ/TestImage/11017.jpg,0.2963829787234042,24.981868743896484
31223,spaq,spaq/11026,/home/sergey/iqa-data/spaq/SPAQ/TestImage/11026.jpg,0.7780851063829787,35.24485778808594
31228,spaq,spaq/11031,/home/sergey/iqa-data/spaq/SPAQ/TestImage/11031.jpg,0.3297872340425531,27.38612174987793
31229,spaq,spaq/11032,/home/sergey/iqa-data/spaq/SPAQ/TestImage/11032.jpg,0.723404255319149,45.41865539550781
31237,spaq,spaq/11040,/home/sergey/iqa-data/spaq/SPAQ/TestImage/11040.jpg,0.7411702127659575,27.137269973754883
31239,spaq,spaq/11042,/home/sergey/iqa-data/spaq/SPAQ/TestImage/11042.jpg,0.1626595744680851,20.422819137573242
31244,spaq,spaq/11047,/home/sergey/iqa-data/spaq/SPAQ/TestImage/11047.jpg,0.3386170212765957,29.602447509765625
31247,spaq,spaq/11050,/home/sergey/iqa-data/spaq/SPAQ/TestImage/11050.jpg,0.7624468085106383,38.82225036621094
31249,spaq,spaq/11052,/home/sergey/iqa-data/spaq/SPAQ/TestImage/11052.jpg,0.3297872340425531,25.923574447631836
31250,spaq,spaq/11053,/home/sergey/iqa-data/spaq/SPAQ/TestImage/11053.jpg,0.805,40.84440612792969
31253,spaq,spaq/11056,/home/sergey/iqa-data/spaq/SPAQ/TestImage/11056.jpg,0.2535106382978723,17.050968170166016
31255,spaq,spaq/11058,/home/sergey/iqa-data/spaq/SPAQ/TestImage/11058.jpg,0.5354255319148936,33.380126953125
31258,spaq,spaq/11061,/home/sergey/iqa-data/spaq/SPAQ/TestImage/11061.jpg,0.8776595744680851,46.00063705444336
31259,spaq,spaq/11062,/home/sergey/iqa-data/spaq/SPAQ/TestImage/11062.jpg,0.296063829787234,17.30682373046875
31261,spaq,spaq/11064,/home/sergey/iqa-data/spaq/SPAQ/TestImage/11064.jpg,0.8936170212765957,49.382102966308594
31262,spaq,spaq/11065,/home/sergey/iqa-data/spaq/SPAQ/TestImage/11065.jpg,0.7056382978723404,43.80101776123047
31266,spaq,spaq/11069,/home/sergey/iqa-data/spaq/SPAQ/TestImage/11069.jpg,0.7411702127659575,36.19172286987305
31267,spaq,spaq/11070,/home/sergey/iqa-data/spaq/SPAQ/TestImage/11070.jpg,0.4617021276595744,46.644004821777344
31275,spaq,spaq/11078,/home/sergey/iqa-data/spaq/SPAQ/TestImage/11078.jpg,0.3262765957446809,24.79824447631836
31276,spaq,spaq/11079,/home/sergey/iqa-data/spaq/SPAQ/TestImage/11079.jpg,0.2677659574468085,25.329832077026367
31286,spaq,spaq/11089,/home/sergey/iqa-data/spaq/SPAQ/TestImage/11089.jpg,0.7003191489361702,41.8258056640625
31287,spaq,spaq/11090,/home/sergey/iqa-data/spaq/SPAQ/TestImage/11090.jpg,0.6241489361702128,34.227020263671875
31289,spaq,spaq/11092,/home/sergey/iqa-data/spaq/SPAQ/TestImage/11092.jpg,0.953936170212766,56.926719665527344
31312,spaq,spaq/11115,/home/sergey/iqa-data/spaq/SPAQ/TestImage/11115.jpg,0.4167021276595745,33.177268981933594
31316,spaq,spaq/11119,/home/sergey/iqa-data/spaq/SPAQ/TestImage/11119.jpg,0.5680851063829787,38.41492462158203
31318,spaq,spaq/11121,/home/sergey/iqa-data/spaq/SPAQ/TestImage/11121.jpg,0.278404255319149,19.294910430908203
