cache_index,dataset,reference,path,scaled_subjective_score,prediction
0,kadid10k,kadid10k/i01,/home/sergey/iqa-data/kadid10k/images/I01_01_01.png,0.9083969465648856,2.832801198568448
1,kadid10k,kadid10k/i01,/home/sergey/iqa-data/kadid10k/images/I01_01_02.png,0.8473282442748092,3.361231192880798
2,kadid10k,kadid10k/i01,/home/sergey/iqa-data/kadid10k/images/I01_01_03.png,0.4249363867684478,5.969793208430461
3,kadid10k,kadid10k/i01,/home/sergey/iqa-data/kadid10k/images/I01_01_04.png,0.1704834605597964,7.900235232079579
4,kadid10k,kadid10k/i01,/home/sergey/iqa-data/kadid10k/images/I01_01_05.png,0.0254452926208651,11.867665983604184
5,kadid10k,kadid10k/i01,/home/sergey/iqa-data/kadid10k/images/I01_02_01.png,0.7201017811704835,4.102943344653119
6,kadid10k,kadid10k/i01,/home/sergey/iqa-data/kadid10k/images/I01_02_02.png,0.3231552162849873,6.38936454256959
7,kadid10k,kadid10k/i01,/home/sergey/iqa-data/kadid10k/images/I01_02_03.png,0.1348600508905852,8.514250095873473
8,kadid10k,kadid10k/i01,/home/sergey/iqa-data/kadid10k/images/I01_02_04.png,0.0585241730279898,9.813186626257838
9,kadid10k,kadid10k/i01,/home/sergey/iqa-data/kadid10k/images/I01_02_05.png,0.0508905852417302,10.920456573135516
10,kadid10k,kadid10k/i01,/home/sergey/iqa-data/kadid10k/images/I01_03_01.png,0.94910941475827,2.832801198568448
11,kadid10k,kadid10k/i01,/home/sergey/iqa-data/kadid10k/images/I01_03_02.png,0.7557251908396948,5.079399094208046
12,kadid10k,kadid10k/i01,/home/sergey/iqa-data/kadid10k/images/I01_03_03.png,0.4325699745547074,7.025248812545334
13,kadid10k,kadid10k/i01,/home/sergey/iqa-data/kadid10k/images/I01_03_04.png,0.2620865139949109,7.239210514432619
14,kadid10k,kadid10k/i01,/home/sergey/iqa-data/kadid10k/images/I01_03_05.png,0.1272264631043257,7.455953152264302
15,kadid10k,kadid10k/i01,/home/sergey/iqa-data/kadid10k/images/I01_04_01.png,0.94910941475827,2.704787369813191
16,kadid10k,kadid10k/i01,/home/sergey/iqa-data/kadid10k/images/I01_04_02.png,0.2977099236641221,3.0432476393394037
17,kadid10k,kadid10k/i01,/home/sergey/iqa-data/kadid10k/images/I01_04_03.png,0.094147582697201,3.321989399791324
18,kadid10k,kadid10k/i01,/home/sergey/iqa-data/kadid10k/images/I01_04_04.png,0.1272264631043257,3.4976145751621446
19,kadid10k,kadid10k/i01,/home/sergey/iqa-data/kadid10k/images/I01_04_05.png,0.1195928753180661,3.6498289235481423
20,kadid10k,kadid10k/i01,/home/sergey/iqa-data/kadid10k/images/I01_05_01.png,0.7633587786259542,3.0793426710377205
21,kadid10k,kadid10k/i01,/home/sergey/iqa-data/kadid10k/images/I01_05_02.png,0.3053435114503817,3.607349626503977
22,kadid10k,kadid10k/i01,/home/sergey/iqa-data/kadid10k/images/I01_05_03.png,0.1450381679389313,2.885252006836929
23,kadid10k,kadid10k/i01,/home/sergey/iqa-data/kadid10k/images/I01_05_04.png,0.0839694656488549,2.8488544583968074
24,kadid10k,kadid10k/i01,/home/sergey/iqa-data/kadid10k/images/I01_05_05.png,0.1526717557251908,3.1137053797726058
25,kadid10k,kadid10k/i01,/home/sergey/iqa-data/kadid10k/images/I01_06_01.png,0.8218829516539442,6.231073859221009
26,kadid10k,kadid10k/i01,/home/sergey/iqa-data/kadid10k/images/I01_06_02.png,0.8651399491094149,7.417164738050495
27,kadid10k,kadid10k/i01,/home/sergey/iqa-data/kadid10k/images/I01_06_03.png,0.7379134860050891,7.8786619136734295
28,kadid10k,kadid10k/i01,/home/sergey/iqa-data/kadid10k/images/I01_06_04.png,0.4834605597964376,12.067336436059362
29,kadid10k,kadid10k/i01,/home/sergey/iqa-data/kadid10k/images/I01_06_05.png,0.3231552162849873,16.01740912407993
30,kadid10k,kadid10k/i01,/home/sergey/iqa-data/kadid10k/images/I01_07_01.png,0.4402035623409669,2.612668039499168
31,kadid10k,kadid10k/i01,/home/sergey/iqa-data/kadid10k/images/I01_07_02.png,0.3816793893129771,2.5729305598772965
32,kadid10k,kadid10k/i01,/home/sergey/iqa-data/kadid10k/images/I01_07_03.png,0.3231552162849873,2.5258584506286312
33,kadid10k,kadid10k/i01,/home/sergey/iqa-data/kadid10k/images/I01_07_04.png,0.3740458015267176,2.546694287739385
34,kadid10k,kadid10k/i01,/home/sergey/iqa-data/kadid10k/images/I01_07_05.png,0.3053435114503817,2.5845454375934223
35,kadid10k,kadid10k/i01,/home/sergey/iqa-data/kadid10k/images/I01_08_01.png,0.9414758269720104,2.832801198568448
36,kadid10k,kadid10k/i01,/home/sergey/iqa-data/kadid10k/images/I01_08_02.png,0.7048346055979644,2.8401568001950825
37,kadid10k,kadid10k/i01,/home/sergey/iqa-data/kadid10k/images/I01_08_03.png,0.4402035623409669,2.9996683372250796
38,kadid10k,kadid10k/i01,/home/sergey/iqa-data/kadid10k/images/I01_08_04.png,0.2468193384223918,2.922742426896548
39,kadid10k,kadid10k/i01,/home/sergey/iqa-data/kadid10k/images/I01_08_05.png,0.1704834605597964,2.91347288961488
40,kadid10k,kadid10k/i01,/home/sergey/iqa-data/kadid10k/images/I01_09_01.png,0.916030534351145,3.536567027229658
41,kadid10k,kadid10k/i01,/home/sergey/iqa-data/kadid10k/images/I01_09_02.png,0.9338422391857508,4.640160291301701
42,kadid10k,kadid10k/i01,/home/sergey/iqa-data/kadid10k/images/I01_09_03.png,0.8651399491094149,4.933377463655321
43,kadid10k,kadid10k/i01,/home/sergey/iqa-data/kadid10k/images/I01_09_04.png,0.4834605597964376,6.906245304430192
44,kadid10k,kadid10k/i01,/home/sergey/iqa-data/kadid10k/images/I01_09_05.png,0.094147582697201,9.379107744948058
45,kadid10k,kadid10k/i01,/home/sergey/iqa-data/kadid10k/images/I01_10_01.png,0.8575063613231553,4.168724034517266
46,kadid10k,kadid10k/i01,/home/sergey/iqa-data/kadid10k/images/I01_10_02.png,0.7455470737913487,4.319847186844976
47,kadid10k,kadid10k/i01,/home/sergey/iqa-data/kadid10k/images/I01_10_03.png,0.7048346055979644,4.917161700915675
48,kadid10k,kadid10k/i01,/home/sergey/iqa-data/kadid10k/images/I01_10_04.png,0.1475826972010178,7.913865081792825
49,kadid10k,kadid10k/i01,/home/sergey/iqa-data/kadid10k/images/I01_10_05.png,0.0432569974554707,11.902838032813893
50,kadid10k,kadid10k/i01,/home/sergey/iqa-data/kadid10k/images/I01_11_01.png,0.7709923664122139,6.000040793957059
51,kadid10k,kadid10k/i01,/home/sergey/iqa-data/kadid10k/images/I01_11_02.png,0.5776081424936387,7.393590226560039
52,kadid10k,kadid10k/i01,/home/sergey/iqa-data/kadid10k/images/I01_11_03.png,0.4249363867684478,8.520489340941982
53,kadid10k,kadid10k/i01,/home/sergey/iqa-data/kadid10k/images/I01_11_04.png,0.3231552162849873,9.497859129305821
54,kadid10k,kadid10k/i01,/home/sergey/iqa-data/kadid10k/images/I01_11_05.png,0.3486005089058525,10.029482480990051
55,kadid10k,kadid10k/i01,/home/sergey/iqa-data/kadid10k/images/I01_12_01.png,0.8727735368956743,4.091831943316959
56,kadid10k,kadid10k/i01,/home/sergey/iqa-data/kadid10k/images/I01_12_02.png,0.6870229007633589,6.73089418673391
57,kadid10k,kadid10k/i01,/home/sergey/iqa-data/kadid10k/images/I01_12_03.png,0.450381679389313,8.082904254180683
58,kadid10k,kadid10k/i01,/home/sergey/iqa-data/kadid10k/images/I01_12_04.png,0.3486005089058525,9.248471315522952
59,kadid10k,kadid10k/i01,/home/sergey/iqa-data/kadid10k/images/I01_12_05.png,0.2468193384223918,10.116461490988838
60,kadid10k,kadid10k/i01,/home/sergey/iqa-data/kadid10k/images/I01_13_01.png,0.6793893129770993,3.177543715360811
61,kadid10k,kadid10k/i01,/home/sergey/iqa-data/kadid10k/images/I01_13_02.png,0.4758269720101782,6.38319595925671
62,kadid10k,kadid10k/i01,/home/sergey/iqa-data/kadid10k/images/I01_13_03.png,0.4071246819338422,10.718446797310257
63,kadid10k,kadid10k/i01,/home/sergey/iqa-data/kadid10k/images/I01_13_04.png,0.272264631043257,13.38006105907683
64,kadid10k,kadid10k/i01,/home/sergey/iqa-data/kadid10k/images/I01_13_05.png,0.2620865139949109,13.99164439318255
65,kadid10k,kadid10k/i01,/home/sergey/iqa-data/kadid10k/images/I01_14_01.png,0.9083969465648856,3.7512797847232204
66,kadid10k,kadid10k/i01,/home/sergey/iqa-data/kadid10k/images/I01_14_02.png,0.6539440203562341,5.3263567658561835
67,kadid10k,kadid10k/i01,/home/sergey/iqa-data/kadid10k/images/I01_14_03.png,0.5419847328244275,6.791555412988133
68,kadid10k,kadid10k/i01,/home/sergey/iqa-data/kadid10k/images/I01_14_04.png,0.3816793893129771,7.4718428126215795
69,kadid10k,kadid10k/i01,/home/sergey/iqa-data/kadid10k/images/I01_14_05.png,0.3231552162849873,9.357598276848615
70,kadid10k,kadid10k/i01,/home/sergey/iqa-data/kadid10k/images/I01_15_01.png,0.6539440203562341,3.808396848166637
71,kadid10k,kadid10k/i01,/home/sergey/iqa-data/kadid10k/images/I01_15_02.png,0.4147582697201017,4.272670599467517
72,kadid10k,kadid10k/i01,/home/sergey/iqa-data/kadid10k/images/I01_15_03.png,0.1959287531806616,4.205867240564927
73,kadid10k,kadid10k/i01,/home/sergey/iqa-data/kadid10k/images/I01_15_04.png,0.1017811704834605,4.464664542200975
74,kadid10k,kadid10k/i01,/home/sergey/iqa-data/kadid10k/images/I01_15_05.png,0.0839694656488549,5.746287869723051
75,kadid10k,kadid10k/i01,/home/sergey/iqa-data/kadid10k/images/I01_16_01.png,0.8575063613231553,2.820611277387454
76,kadid10k,kadid10k/i01,/home/sergey/iqa-data/kadid10k/images/I01_16_02.png,0.8829516539440203,2.777860831670619
77,kadid10k,kadid10k/i01,/home/sergey/iqa-data/kadid10k/images/I01_16_03.png,0.7480916030534351,2.69151040834526
78,kadid10k,kadid10k/i01,/home/sergey/iqa-data/kadid10k/images/I01_16_04.png,0.5521628498727735,2.7114224336020496
79,kadid10k,kadid10k/i01,/home/sergey/iqa-data/kadid10k/images/I01_16_05.png,0.3002544529262087,2.9839465635680096
80,kadid10k,kadid10k/i01,/home/sergey/iqa-data/kadid10k/images/I01_17_01.png,0.89058524173028,2.841224656177256
81,kadid10k,kadid10k/i01,/home/sergey/iqa-data/kadid10k/images/I01_17_02.png,0.9083969465648856,2.828449678026136
82,kadid10k,kadid10k/i01,/home/sergey/iqa-data/kadid10k/images/I01_17_03.png,0.8473282442748092,2.826909199842822
83,kadid10k,kadid10k/i01,/home/sergey/iqa-data/kadid10k/images/I01_17_04.png,0.6106870229007634,2.8266000509126834
84,kadid10k,kadid10k/i01,/home/sergey/iqa-data/kadid10k/images/I01_17_05.png,0.2875318066157761,3.8166557159295604
85,kadid10k,kadid10k/i01,/home/sergey/iqa-data/kadid10k/images/I01_18_01.png,0.89058524173028,2.716388714906861
86,kadid10k,kadid10k/i01,/home/sergey/iqa-data/kadid10k/images/I01_18_02.png,0.9083969465648856,2.756957034088227
87,kadid10k,kadid10k/i01,/home/sergey/iqa-data/kadid10k/images/I01_18_03.png,0.9083969465648856,2.832801198568448
88,kadid10k,kadid10k/i01,/home/sergey/iqa-data/kadid10k/images/I01_18_04.png,0.8575063613231553,2.791209382758748
89,kadid10k,kadid10k/i01,/home/sergey/iqa-data/kadid10k/images/I01_18_05.png,0.7557251908396948,2.7510195679932665
90,kadid10k,kadid10k/i01,/home/sergey/iqa-data/kadid10k/images/I01_19_01.png,0.8982188295165395,2.8609316163464764
91,kadid10k,kadid10k/i01,/home/sergey/iqa-data/kadid10k/images/I01_19_02.png,0.7455470737913487,3.0678923250584647
92,kadid10k,kadid10k/i01,/home/sergey/iqa-data/kadid10k/images/I01_19_03.png,0.450381679389313,4.107880308394913
93,kadid10k,kadid10k/i01,/home/sergey/iqa-data/kadid10k/images/I01_19_04.png,0.1348600508905852,6.826438853654102
94,kadid10k,kadid10k/i01,/home/sergey/iqa-data/kadid10k/images/I01_19_05.png,0.094147582697201,10.579351109020125
95,kadid10k,kadid10k/i01,/home/sergey/iqa-data/kadid10k/images/I01_20_01.png,0.8982188295165395,2.8277174511741814
96,kadid10k,kadid10k/i01,/home/sergey/iqa-data/kadid10k/images/I01_20_02.png,0.7379134860050891,2.733994994583321
97,kadid10k,kadid10k/i01,/home/sergey/iqa-data/kadid10k/images/I01_20_03.png,0.7633587786259542,2.7388286163643225
98,kadid10k,kadid10k/i01,/home/sergey/iqa-data/kadid10k/images/I01_20_04.png,0.5928753180661578,2.7656072372850007
99,kadid10k,kadid10k/i01,/home/sergey/iqa-data/kadid10k/images/I01_20_05.png,0.5674300254452926,2.757223795298806
100,kadid10k,kadid10k/i01,/home/sergey/iqa-data/kadid10k/images/I01_21_01.png,0.6030534351145039,3.41945344387859
101,kadid10k,kadid10k/i01,/home/sergey/iqa-data/kadid10k/images/I01_21_02.png,0.3994910941475826,4.218314002740021
102,kadid10k,kadid10k/i01,/home/sergey/iqa-data/kadid10k/images/I01_21_03.png,0.2620865139949109,5.1659638741835785
103,kadid10k,kadid10k/i01,/home/sergey/iqa-data/kadid10k/images/I01_21_04.png,0.2875318066157761,6.108491375561821
104,kadid10k,kadid10k/i01,/home/sergey/iqa-data/kadid10k/images/I01_21_05.png,0.1094147582697201,10.054693418265087
105,kadid10k,kadid10k/i01,/home/sergey/iqa-data/kadid10k/images/I01_22_01.png,0.9236641221374048,3.33449882037144
106,kadid10k,kadid10k/i01,/home/sergey/iqa-data/kadid10k/images/I01_22_02.png,0.7633587786259542,3.6080184046719332
107,kadid10k,kadid10k/i01,/home/sergey/iqa-data/kadid10k/images/I01_22_03.png,0.7633587786259542,3.9651394156141184
108,kadid10k,kadid10k/i01,/home/sergey/iqa-data/kadid10k/images/I01_22_04.png,0.5597964376590332,4.633787200389642
109,kadid10k,kadid10k/i01,/home/sergey/iqa-data/kadid10k/images/I01_22_05.png,0.3053435114503817,5.863014059251797
110,kadid10k,kadid10k/i01,/home/sergey/iqa-data/kadid10k/images/I01_23_01.png,0.4402035623409669,2.9317078176086664
111,kadid10k,kadid10k/i01,/home/sergey/iqa-data/kadid10k/images/I01_23_02.png,0.2977099236641221,3.0331041034159485
112,kadid10k,kadid10k/i01,/home/sergey/iqa-data/kadid10k/images/I01_23_03.png,0.3053435114503817,2.9902415857850424
113,kadid10k,kadid10k/i01,/home/sergey/iqa-data/kadid10k/images/I01_23_04.png,0.3486005089058525,3.0069838601265033
114,kadid10k,kadid10k/i01,/home/sergey/iqa-data/kadid10k/images/I01_23_05.png,0.1450381679389313,3.1593701179065823
115,kadid10k,kadid10k/i01,/home/sergey/iqa-data/kadid10k/images/I01_24_01.png,0.6539440203562341,2.3716377979972387
116,kadid10k,kadid10k/i01,/home/sergey/iqa-data/kadid10k/images/I01_24_02.png,0.3816793893129771,2.629295071139543
117,kadid10k,kadid10k/i01,/home/sergey/iqa-data/kadid10k/images/I01_24_03.png,0.2213740458015267,2.9872611125518556
118,kadid10k,kadid10k/i01,/home/sergey/iqa-data/kadid10k/images/I01_24_04.png,0.1526717557251908,3.639299090909965
119,kadid10k,kadid10k/i01,/home/sergey/iqa-data/kadid10k/images/I01_24_05.png,0.1017811704834605,4.902547995370675
120,kadid10k,kadid10k/i01,/home/sergey/iqa-data/kadid10k/images/I01_25_01.png,0.6183206106870229,2.8103663167450157
121,kadid10k,kadid10k/i01,/home/sergey/iqa-data/kadid10k/images/I01_25_02.png,0.7302798982188295,2.7359056058577575
122,kadid10k,kadid10k/i01,/home/sergey/iqa-data/kadid10k/images/I01_25_03.png,0.8295165394402035,2.729853185273928
123,kadid10k,kadid10k/i01,/home/sergey/iqa-data/kadid10k/images/I01_25_04.png,0.806615776081425,2.864455121126481
124,kadid10k,kadid10k/i01,/home/sergey/iqa-data/kadid10k/images/I01_25_05.png,0.5776081424936387,2.9269182586323104
500,kadid10k,kadid10k/i05,/home/sergey/iqa-data/kadid10k/images/I05_01_01.png,0.916030534351145,2.5056462062319307
501,kadid10k,kadid10k/i05,/home/sergey/iqa-data/kadid10k/images/I05_01_02.png,0.8829516539440203,3.2121151813720714
502,kadid10k,kadid10k/i05,/home/sergey/iqa-data/kadid10k/images/I05_01_03.png,0.4656488549618321,5.43726744470141
503,kadid10k,kadid10k/i05,/home/sergey/iqa-data/kadid10k/images/I05_01_04.png,0.178117048346056,7.664611576004202
504,kadid10k,kadid10k/i05,/home/sergey/iqa-data/kadid10k/images/I05_01_05.png,0.0432569974554707,11.089983996687794
505,kadid10k,kadid10k/i05,/home/sergey/iqa-data/kadid10k/images/I05_02_01.png,0.6793893129770993,4.179204296268264
506,kadid10k,kadid10k/i05,/home/sergey/iqa-data/kadid10k/images/I05_02_02.png,0.4147582697201017,6.0943879671385215
507,kadid10k,kadid10k/i05,/home/sergey/iqa-data/kadid10k/images/I05_02_03.png,0.1450381679389313,7.452558808051715
508,kadid10k,kadid10k/i05,/home/sergey/iqa-data/kadid10k/images/I05_02_04.png,0.0839694656488549,8.07757548808971
509,kadid10k,kadid10k/i05,/home/sergey/iqa-data/kadid10k/images/I05_02_05.png,0.094147582697201,9.048623957820773
510,kadid10k,kadid10k/i05,/home/sergey/iqa-data/kadid10k/images/I05_03_01.png,0.8829516539440203,2.5056462062319307
511,kadid10k,kadid10k/i05,/home/sergey/iqa-data/kadid10k/images/I05_03_02.png,0.7379134860050891,5.830318882798659
512,kadid10k,kadid10k/i05,/home/sergey/iqa-data/kadid10k/images/I05_03_03.png,0.4274809160305344,6.2512652836670775
513,kadid10k,kadid10k/i05,/home/sergey/iqa-data/kadid10k/images/I05_03_04.png,0.2213740458015267,6.184316884102626
514,kadid10k,kadid10k/i05,/home/sergey/iqa-data/kadid10k/images/I05_03_05.png,0.1348600508905852,7.678658600384462
515,kadid10k,kadid10k/i05,/home/sergey/iqa-data/kadid10k/images/I05_04_01.png,0.9083969465648856,2.5566458537965944
516,kadid10k,kadid10k/i05,/home/sergey/iqa-data/kadid10k/images/I05_04_02.png,0.5089058524173028,2.5602535761802168
517,kadid10k,kadid10k/i05,/home/sergey/iqa-data/kadid10k/images/I05_04_03.png,0.1959287531806616,2.5602141827014653
518,kadid10k,kadid10k/i05,/home/sergey/iqa-data/kadid10k/images/I05_04_04.png,0.1450381679389313,2.4889987574270673
519,kadid10k,kadid10k/i05,/home/sergey/iqa-data/kadid10k/images/I05_04_05.png,0.1348600508905852,2.3236143348914067
520,kadid10k,kadid10k/i05,/home/sergey/iqa-data/kadid10k/images/I05_05_01.png,0.8218829516539442,3.6104788539445867
521,kadid10k,kadid10k/i05,/home/sergey/iqa-data/kadid10k/images/I05_05_02.png,0.3231552162849873,3.3061960229412515
522,kadid10k,kadid10k/i05,/home/sergey/iqa-data/kadid10k/images/I05_05_03.png,0.2111959287531807,2.808340135748221
523,kadid10k,kadid10k/i05,/home/sergey/iqa-data/kadid10k/images/I05_05_04.png,0.1704834605597964,2.5121766092155204
524,kadid10k,kadid10k/i05,/home/sergey/iqa-data/kadid10k/images/I05_05_05.png,0.1603053435114503,2.63093534466369
525,kadid10k,kadid10k/i05,/home/sergey/iqa-data/kadid10k/images/I05_06_01.png,0.8473282442748092,3.8722317677092226
526,kadid10k,kadid10k/i05,/home/sergey/iqa-data/kadid10k/images/I05_06_02.png,0.8575063613231553,4.81189223995158
527,kadid10k,kadid10k/i05,/home/sergey/iqa-data/kadid10k/images/I05_06_03.png,0.83206106870229,5.702602663380061
528,kadid10k,kadid10k/i05,/home/sergey/iqa-data/kadid10k/images/I05_06_04.png,0.6692111959287532,6.022531522937125
529,kadid10k,kadid10k/i05,/home/sergey/iqa-data/kadid10k/images/I05_06_05.png,0.4834605597964376,8.663900059900772
530,kadid10k,kadid10k/i05,/home/sergey/iqa-data/kadid10k/images/I05_07_01.png,0.3994910941475826,2.4215745277272807
531,kadid10k,kadid10k/i05,/home/sergey/iqa-data/kadid10k/images/I05_07_02.png,0.3384223918575064,2.3875797037947604
532,kadid10k,kadid10k/i05,/home/sergey/iqa-data/kadid10k/images/I05_07_03.png,0.2798982188295166,2.36948243746144
533,kadid10k,kadid10k/i05,/home/sergey/iqa-data/kadid10k/images/I05_07_04.png,0.3129770992366412,2.3705692831098855
534,kadid10k,kadid10k/i05,/home/sergey/iqa-data/kadid10k/images/I05_07_05.png,0.3129770992366412,2.211403436743286
535,kadid10k,kadid10k/i05,/home/sergey/iqa-data/kadid10k/images/I05_08_01.png,0.94910941475827,2.5056462062319307
536,kadid10k,kadid10k/i05,/home/sergey/iqa-data/kadid10k/images/I05_08_02.png,0.6030534351145039,2.4642153158788247
537,kadid10k,kadid10k/i05,/home/sergey/iqa-data/kadid10k/images/I05_08_03.png,0.450381679389313,2.441791981190907
538,kadid10k,kadid10k/i05,/home/sergey/iqa-data/kadid10k/images/I05_08_04.png,0.1603053435114503,2.3033068971741044
539,kadid10k,kadid10k/i05,/home/sergey/iqa-data/kadid10k/images/I05_08_05.png,0.178117048346056,2.334413709495978
540,kadid10k,kadid10k/i05,/home/sergey/iqa-data/kadid10k/images/I05_09_01.png,0.8396946564885497,3.6714408636501865
541,kadid10k,kadid10k/i05,/home/sergey/iqa-data/kadid10k/images/I05_09_02.png,0.4071246819338422,4.972219130315351
542,kadid10k,kadid10k/i05,/home/sergey/iqa-data/kadid10k/images/I05_09_03.png,0.3486005089058525,5.944823572925462
543,kadid10k,kadid10k/i05,/home/sergey/iqa-data/kadid10k/images/I05_09_04.png,0.1450381679389313,9.842931046170914
544,kadid10k,kadid10k/i05,/home/sergey/iqa-data/kadid10k/images/I05_09_05.png,0.0585241730279898,10.247504892131735
545,kadid10k,kadid10k/i05,/home/sergey/iqa-data/kadid10k/images/I05_10_01.png,0.8727735368956743,2.7353663692811536
546,kadid10k,kadid10k/i05,/home/sergey/iqa-data/kadid10k/images/I05_10_02.png,0.8651399491094149,2.8183475367008213
547,kadid10k,kadid10k/i05,/home/sergey/iqa-data/kadid10k/images/I05_10_03.png,0.8396946564885497,2.9748164798812153
548,kadid10k,kadid10k/i05,/home/sergey/iqa-data/kadid10k/images/I05_10_04.png,0.3740458015267176,6.025183340694939
549,kadid10k,kadid10k/i05,/home/sergey/iqa-data/kadid10k/images/I05_10_05.png,0.0687022900763358,8.452994085178831
550,kadid10k,kadid10k/i05,/home/sergey/iqa-data/kadid10k/images/I05_11_01.png,0.8651399491094149,3.4482958410607796
551,kadid10k,kadid10k/i05,/home/sergey/iqa-data/kadid10k/images/I05_11_02.png,0.8218829516539442,4.166023406851107
552,kadid10k,kadid10k/i05,/home/sergey/iqa-data/kadid10k/images/I05_11_03.png,0.7201017811704835,4.872773453420493
553,kadid10k,kadid10k/i05,/home/sergey/iqa-data/kadid10k/images/I05_11_04.png,0.5928753180661578,5.6869765709962214
554,kadid10k,kadid10k/i05,/home/sergey/iqa-data/kadid10k/images/I05_11_05.png,0.3893129770992366,7.0968050240645155
555,kadid10k,kadid10k/i05,/home/sergey/iqa-data/kadid10k/images/I05_12_01.png,0.8982188295165395,2.640502818281214
556,kadid10k,kadid10k/i05,/home/sergey/iqa-data/kadid10k/images/I05_12_02.png,0.8727735368956743,3.802683830222317
557,kadid10k,kadid10k/i05,/home/sergey/iqa-data/kadid10k/images/I05_12_03.png,0.7786259541984732,4.858737112842653
558,kadid10k,kadid10k/i05,/home/sergey/iqa-data/kadid10k/images/I05_12_04.png,0.5165394402035624,6.136953133982166
559,kadid10k,kadid10k/i05,/home/sergey/iqa-data/kadid10k/images/I05_12_05.png,0.4580152671755725,6.459373683821114
560,kadid10k,kadid10k/i05,/home/sergey/iqa-data/kadid10k/images/I05_13_01.png,0.6284987277353691,2.272874967900219
561,kadid10k,kadid10k/i05,/home/sergey/iqa-data/kadid10k/images/I05_13_02.png,0.4147582697201017,2.6635561221406245
562,kadid10k,kadid10k/i05,/home/sergey/iqa-data/kadid10k/images/I05_13_03.png,0.3307888040712468,4.16100632078375
563,kadid10k,kadid10k/i05,/home/sergey/iqa-data/kadid10k/images/I05_13_04.png,0.272264631043257,6.117277287416515
564,kadid10k,kadid10k/i05,/home/sergey/iqa-data/kadid10k/images/I05_13_05.png,0.272264631043257,7.050036298187287
565,kadid10k,kadid10k/i05,/home/sergey/iqa-data/kadid10k/images/I05_14_01.png,0.8575063613231553,2.502742756536221
566,kadid10k,kadid10k/i05,/home/sergey/iqa-data/kadid10k/images/I05_14_02.png,0.8575063613231553,2.6288281326490472
567,kadid10k,kadid10k/i05,/home/sergey/iqa-data/kadid10k/images/I05_14_03.png,0.8829516539440203,2.818632789769043
568,kadid10k,kadid10k/i05,/home/sergey/iqa-data/kadid10k/images/I05_14_04.png,0.8142493638676845,3.3123278525010695
569,kadid10k,kadid10k/i05,/home/sergey/iqa-data/kadid10k/images/I05_14_05.png,0.6641221374045801,4.472047885480543
570,kadid10k,kadid10k/i05,/home/sergey/iqa-data/kadid10k/images/I05_15_01.png,0.6361323155216285,3.0886956888017467
571,kadid10k,kadid10k/i05,/home/sergey/iqa-data/kadid10k/images/I05_15_02.png,0.4325699745547074,3.2924220631732775
572,kadid10k,kadid10k/i05,/home/sergey/iqa-data/kadid10k/images/I05_15_03.png,0.2977099236641221,3.612555791771403
573,kadid10k,kadid10k/i05,/home/sergey/iqa-data/kadid10k/images/I05_15_04.png,0.2213740458015267,4.0448621807219896
574,kadid10k,kadid10k/i05,/home/sergey/iqa-data/kadid10k/images/I05_15_05.png,0.1195928753180661,5.120458248168055
575,kadid10k,kadid10k/i05,/home/sergey/iqa-data/kadid10k/images/I05_16_01.png,0.8727735368956743,2.553652213580109
576,kadid10k,kadid10k/i05,/home/sergey/iqa-data/kadid10k/images/I05_16_02.png,0.8575063613231553,2.6413132467637346
577,kadid10k,kadid10k/i05,/home/sergey/iqa-data/kadid10k/images/I05_16_03.png,0.6793893129770993,2.7021486789551927
578,kadid10k,kadid10k/i05,/home/sergey/iqa-data/kadid10k/images/I05_16_04.png,0.534351145038168,2.953536439557306
579,kadid10k,kadid10k/i05,/home/sergey/iqa-data/kadid10k/images/I05_16_05.png,0.3231552162849873,3.383335317133868
580,kadid10k,kadid10k/i05,/home/sergey/iqa-data/kadid10k/images/I05_17_01.png,0.89058524173028,2.45857107913246
581,kadid10k,kadid10k/i05,/home/sergey/iqa-data/kadid10k/images/I05_17_02.png,0.8829516539440203,2.4664918542960943
582,kadid10k,kadid10k/i05,/home/sergey/iqa-data/kadid10k/images/I05_17_03.png,0.6437659033078881,2.5500017211293615
583,kadid10k,kadid10k/i05,/home/sergey/iqa-data/kadid10k/images/I05_17_04.png,0.4325699745547074,3.487556188462768
584,kadid10k,kadid10k/i05,/home/sergey/iqa-data/kadid10k/images/I05_17_05.png,0.0763358778625954,9.310318580765134
585,kadid10k,kadid10k/i05,/home/sergey/iqa-data/kadid10k/images/I05_18_01.png,0.8651399491094149,2.6336281144783227
586,kadid10k,kadid10k/i05,/home/sergey/iqa-data/kadid10k/images/I05_18_02.png,0.8829516539440203,2.571250338103786
587,kadid10k,kadid10k/i05,/home/sergey/iqa-data/kadid10k/images/I05_18_03.png,0.8575063613231553,2.5056462062319307
588,kadid10k,kadid10k/i05,/home/sergey/iqa-data/kadid10k/images/I05_18_04.png,0.7633587786259542,2.77017496977953
589,kadid10k,kadid10k/i05,/home/sergey/iqa-data/kadid10k/images/I05_18_05.png,0.450381679389313,3.847803885834583
590,kadid10k,kadid10k/i05,/home/sergey/iqa-data/kadid10k/images/I05_19_01.png,0.7709923664122139,2.4968120642108587
591,kadid10k,kadid10k/i05,/home/sergey/iqa-data/kadid10k/images/I05_19_02.png,0.6437659033078881,2.454091488274437
592,kadid10k,kadid10k/i05,/home/sergey/iqa-data/kadid10k/images/I05_19_03.png,0.5419847328244275,3.6147577885624314
593,kadid10k,kadid10k/i05,/home/sergey/iqa-data/kadid10k/images/I05_19_04.png,0.2544529262086514,7.06574842518412
594,kadid10k,kadid10k/i05,/home/sergey/iqa-data/kadid10k/images/I05_19_05.png,0.0585241730279898,11.391813093164542
595,kadid10k,kadid10k/i05,/home/sergey/iqa-data/kadid10k/images/I05_20_01.png,0.8829516539440203,2.4669100058260414
596,kadid10k,kadid10k/i05,/home/sergey/iqa-data/kadid10k/images/I05_20_02.png,0.8982188295165395,2.4789057584767535
597,kadid10k,kadid10k/i05,/home/sergey/iqa-data/kadid10k/images/I05_20_03.png,0.8651399491094149,2.4429599847935215
598,kadid10k,kadid10k/i05,/home/sergey/iqa-data/kadid10k/images/I05_20_04.png,0.8727735368956743,2.383537544163289
599,kadid10k,kadid10k/i05,/home/sergey/iqa-data/kadid10k/images/I05_20_05.png,0.7557251908396948,2.5013436845365185
600,kadid10k,kadid10k/i05,/home/sergey/iqa-data/kadid10k/images/I05_21_01.png,0.806615776081425,3.321923160909926
601,kadid10k,kadid10k/i05,/home/sergey/iqa-data/kadid10k/images/I05_21_02.png,0.6870229007633589,4.770564013651282
602,kadid10k,kadid10k/i05,/home/sergey/iqa-data/kadid10k/images/I05_21_03.png,0.6106870229007634,6.506953818532072
603,kadid10k,kadid10k/i05,/home/sergey/iqa-data/kadid10k/images/I05_21_04.png,0.5776081424936387,7.256948902180128
604,kadid10k,kadid10k/i05,/home/sergey/iqa-data/kadid10k/images/I05_21_05.png,0.1017811704834605,47.94603555630445
605,kadid10k,kadid10k/i05,/home/sergey/iqa-data/kadid10k/images/I05_22_01.png,0.8396946564885497,2.5414441308120006
606,kadid10k,kadid10k/i05,/home/sergey/iqa-data/kadid10k/images/I05_22_02.png,0.8982188295165395,2.8026621341613334
607,kadid10k,kadid10k/i05,/home/sergey/iqa-data/kadid10k/images/I05_22_03.png,0.78117048346056,2.8509918990074237
608,kadid10k,kadid10k/i05,/home/sergey/iqa-data/kadid10k/images/I05_22_04.png,0.7709923664122139,3.357635727654984
609,kadid10k,kadid10k/i05,/home/sergey/iqa-data/kadid10k/images/I05_22_05.png,0.806615776081425,3.461652148920247
610,kadid10k,kadid10k/i05,/home/sergey/iqa-data/kadid10k/images/I05_23_01.png,0.3384223918575064,2.227650594902992
611,kadid10k,kadid10k/i05,/home/sergey/iqa-data/kadid10k/images/I05_23_02.png,0.2798982188295166,2.181440373476737
612,kadid10k,kadid10k/i05,/home/sergey/iqa-data/kadid10k/images/I05_23_03.png,0.2213740458015267,2.1349914972066677
613,kadid10k,kadid10k/i05,/home/sergey/iqa-data/kadid10k/images/I05_23_04.png,0.2035623409669211,2.2416239149825676
614,kadid10k,kadid10k/i05,/home/sergey/iqa-data/kadid10k/images/I05_23_05.png,0.2035623409669211,2.2485675306969606
615,kadid10k,kadid10k/i05,/home/sergey/iqa-data/kadid10k/images/I05_24_01.png,0.5267175572519084,4.291833308183258
616,kadid10k,kadid10k/i05,/home/sergey/iqa-data/kadid10k/images/I05_24_02.png,0.2290076335877862,7.180334125400056
617,kadid10k,kadid10k/i05,/home/sergey/iqa-data/kadid10k/images/I05_24_03.png,0.1959287531806616,11.06611743485526
618,kadid10k,kadid10k/i05,/home/sergey/iqa-data/kadid10k/images/I05_24_04.png,0.0585241730279898,42.70974945616635
619,kadid10k,kadid10k/i05,/home/sergey/iqa-data/kadid10k/images/I05_24_05.png,0.0508905852417302,42.277955839227495
620,kadid10k,kadid10k/i05,/home/sergey/iqa-data/kadid10k/images/I05_25_01.png,0.4834605597964376,4.074135563644478
621,kadid10k,kadid10k/i05,/home/sergey/iqa-data/kadid10k/images/I05_25_02.png,0.6361323155216285,3.4047533546017728
622,kadid10k,kadid10k/i05,/home/sergey/iqa-data/kadid10k/images/I05_25_03.png,0.7633587786259542,2.9123858742370836
623,kadid10k,kadid10k/i05,/home/sergey/iqa-data/kadid10k/images/I05_25_04.png,0.8218829516539442,2.732033379442097
624,kadid10k,kadid10k/i05,/home/sergey/iqa-data/kadid10k/images/I05_25_05.png,0.6615776081424937,2.8509295435115067
2250,kadid10k,kadid10k/i19,/home/sergey/iqa-data/kadid10k/images/I19_01_01.png,0.8651399491094149,4.892204776971853
2251,kadid10k,kadid10k/i19,/home/sergey/iqa-data/kadid10k/images/I19_01_02.png,0.8218829516539442,5.157559773420036
2252,kadid10k,kadid10k/i19,/home/sergey/iqa-data/kadid10k/images/I19_01_03.png,0.450381679389313,7.560607982561741
2253,kadid10k,kadid10k/i19,/home/sergey/iqa-data/kadid10k/images/I19_01_04.png,0.2366412213740458,9.029749449575059
2254,kadid10k,kadid10k/i19,/home/sergey/iqa-data/kadid10k/images/I19_01_05.png,0.0687022900763358,12.423777498362316
2255,kadid10k,kadid10k/i19,/home/sergey/iqa-data/kadid10k/images/I19_02_01.png,0.712468193384224,5.872359683759539
2256,kadid10k,kadid10k/i19,/home/sergey/iqa-data/kadid10k/images/I19_02_02.png,0.3816793893129771,7.9481209743945485
2257,kadid10k,kadid10k/i19,/home/sergey/iqa-data/kadid10k/images/I19_02_03.png,0.2544529262086514,9.883276621313314
2258,kadid10k,kadid10k/i19,/home/sergey/iqa-data/kadid10k/images/I19_02_04.png,0.1272264631043257,11.345849135370777
2259,kadid10k,kadid10k/i19,/home/sergey/iqa-data/kadid10k/images/I19_02_05.png,0.1017811704834605,13.315760800649743
2260,kadid10k,kadid10k/i19,/home/sergey/iqa-data/kadid10k/images/I19_03_01.png,0.9083969465648856,4.892204776971853
2261,kadid10k,kadid10k/i19,/home/sergey/iqa-data/kadid10k/images/I19_03_02.png,0.6946564885496184,5.470832780545756
2262,kadid10k,kadid10k/i19,/home/sergey/iqa-data/kadid10k/images/I19_03_03.png,0.5165394402035624,7.034090513784848
2263,kadid10k,kadid10k/i19,/home/sergey/iqa-data/kadid10k/images/I19_03_04.png,0.2977099236641221,8.597135870607078
2264,kadid10k,kadid10k/i19,/home/sergey/iqa-data/kadid10k/images/I19_03_05.png,0.2137404580152672,9.065824255121658
2265,kadid10k,kadid10k/i19,/home/sergey/iqa-data/kadid10k/images/I19_04_01.png,0.796437659033079,4.79215757072827
2266,kadid10k,kadid10k/i19,/home/sergey/iqa-data/kadid10k/images/I19_04_02.png,0.4580152671755725,5.088923972001646
2267,kadid10k,kadid10k/i19,/home/sergey/iqa-data/kadid10k/images/I19_04_03.png,0.1552162849872773,5.067477214971668
2268,kadid10k,kadid10k/i19,/home/sergey/iqa-data/kadid10k/images/I19_04_04.png,0.1348600508905852,4.885305960996561
2269,kadid10k,kadid10k/i19,/home/sergey/iqa-data/kadid10k/images/I19_04_05.png,0.094147582697201,5.173973260491133
2270,kadid10k,kadid10k/i19,/home/sergey/iqa-data/kadid10k/images/I19_05_01.png,0.8396946564885497,4.594320641676245
2271,kadid10k,kadid10k/i19,/home/sergey/iqa-data/kadid10k/images/I19_05_02.png,0.3384223918575064,5.705055446388879
2272,kadid10k,kadid10k/i19,/home/sergey/iqa-data/kadid10k/images/I19_05_03.png,0.1526717557251908,4.759125223808703
2273,kadid10k,kadid10k/i19,/home/sergey/iqa-data/kadid10k/images/I19_05_04.png,0.1450381679389313,4.804482305892723
2274,kadid10k,kadid10k/i19,/home/sergey/iqa-data/kadid10k/images/I19_05_05.png,0.2035623409669211,4.842869789910429
2275,kadid10k,kadid10k/i19,/home/sergey/iqa-data/kadid10k/images/I19_06_01.png,0.7379134860050891,15.141962350761059
2276,kadid10k,kadid10k/i19,/home/sergey/iqa-data/kadid10k/images/I19_06_02.png,0.5089058524173028,16.798176408661025
2277,kadid10k,kadid10k/i19,/home/sergey/iqa-data/kadid10k/images/I19_06_03.png,0.6106870229007634,18.409131128985546
2278,kadid10k,kadid10k/i19,/home/sergey/iqa-data/kadid10k/images/I19_06_04.png,0.4580152671755725,19.258951724136608
2279,kadid10k,kadid10k/i19,/home/sergey/iqa-data/kadid10k/images/I19_06_05.png,0.2290076335877862,24.617051030365754
2280,kadid10k,kadid10k/i19,/home/sergey/iqa-data/kadid10k/images/I19_07_01.png,0.4656488549618321,4.837831410690282
2281,kadid10k,kadid10k/i19,/home/sergey/iqa-data/kadid10k/images/I19_07_02.png,0.2468193384223918,4.848351210084779
2282,kadid10k,kadid10k/i19,/home/sergey/iqa-data/kadid10k/images/I19_07_03.png,0.3486005089058525,4.82707046309116
2283,kadid10k,kadid10k/i19,/home/sergey/iqa-data/kadid10k/images/I19_07_04.png,0.2798982188295166,4.841820592378765
2284,kadid10k,kadid10k/i19,/home/sergey/iqa-data/kadid10k/images/I19_07_05.png,0.2213740458015267,4.979036379439914
2285,kadid10k,kadid10k/i19,/home/sergey/iqa-data/kadid10k/images/I19_08_01.png,0.984732824427481,4.892204776971853
2286,kadid10k,kadid10k/i19,/home/sergey/iqa-data/kadid10k/images/I19_08_02.png,0.6106870229007634,5.065210701270913
2287,kadid10k,kadid10k/i19,/home/sergey/iqa-data/kadid10k/images/I19_08_03.png,0.4758269720101782,5.007423162575343
2288,kadid10k,kadid10k/i19,/home/sergey/iqa-data/kadid10k/images/I19_08_04.png,0.2977099236641221,4.791410798800124
2289,kadid10k,kadid10k/i19,/home/sergey/iqa-data/kadid10k/images/I19_08_05.png,0.1526717557251908,4.788196442661323
2290,kadid10k,kadid10k/i19,/home/sergey/iqa-data/kadid10k/images/I19_09_01.png,0.9236641221374048,6.035234290765226
2291,kadid10k,kadid10k/i19,/home/sergey/iqa-data/kadid10k/images/I19_09_02.png,0.8575063613231553,7.130186001590762
2292,kadid10k,kadid10k/i19,/home/sergey/iqa-data/kadid10k/images/I19_09_03.png,0.8473282442748092,7.687429101699374
2293,kadid10k,kadid10k/i19,/home/sergey/iqa-data/kadid10k/images/I19_09_04.png,0.6030534351145039,8.008908622642641
2294,kadid10k,kadid10k/i19,/home/sergey/iqa-data/kadid10k/images/I19_09_05.png,0.1857506361323155,9.601256440643558
2295,kadid10k,kadid10k/i19,/home/sergey/iqa-data/kadid10k/images/I19_10_01.png,0.7633587786259542,6.285450286379494
2296,kadid10k,kadid10k/i19,/home/sergey/iqa-data/kadid10k/images/I19_10_02.png,0.7302798982188295,6.479884474680269
2297,kadid10k,kadid10k/i19,/home/sergey/iqa-data/kadid10k/images/I19_10_03.png,0.7302798982188295,6.762532261240316
2298,kadid10k,kadid10k/i19,/home/sergey/iqa-data/kadid10k/images/I19_10_04.png,0.2620865139949109,8.145389330150296
2299,kadid10k,kadid10k/i19,/home/sergey/iqa-data/kadid10k/images/I19_10_05.png,0.0763358778625954,11.844670897566397
2300,kadid10k,kadid10k/i19,/home/sergey/iqa-data/kadid10k/images/I19_11_01.png,0.6946564885496184,7.916288328738972
2301,kadid10k,kadid10k/i19,/home/sergey/iqa-data/kadid10k/images/I19_11_02.png,0.5928753180661578,9.420263594973202
2302,kadid10k,kadid10k/i19,/home/sergey/iqa-data/kadid10k/images/I19_11_03.png,0.4325699745547074,10.579973458401517
2303,kadid10k,kadid10k/i19,/home/sergey/iqa-data/kadid10k/images/I19_11_04.png,0.3307888040712468,11.106994561547783
2304,kadid10k,kadid10k/i19,/home/sergey/iqa-data/kadid10k/images/I19_11_05.png,0.2213740458015267,12.927873038200367
2305,kadid10k,kadid10k/i19,/home/sergey/iqa-data/kadid10k/images/I19_12_01.png,0.916030534351145,5.693187605852905
2306,kadid10k,kadid10k/i19,/home/sergey/iqa-data/kadid10k/images/I19_12_02.png,0.5928753180661578,8.899694902487015
2307,kadid10k,kadid10k/i19,/home/sergey/iqa-data/kadid10k/images/I19_12_03.png,0.4656488549618321,10.492131257364097
2308,kadid10k,kadid10k/i19,/home/sergey/iqa-data/kadid10k/images/I19_12_04.png,0.3486005089058525,10.568996617395069
2309,kadid10k,kadid10k/i19,/home/sergey/iqa-data/kadid10k/images/I19_12_05.png,0.2875318066157761,11.705382957508116
2310,kadid10k,kadid10k/i19,/home/sergey/iqa-data/kadid10k/images/I19_13_01.png,0.4910941475826972,5.274306282770573
2311,kadid10k,kadid10k/i19,/home/sergey/iqa-data/kadid10k/images/I19_13_02.png,0.3740458015267176,9.293030652402562
2312,kadid10k,kadid10k/i19,/home/sergey/iqa-data/kadid10k/images/I19_13_03.png,0.2875318066157761,12.818013086449842
2313,kadid10k,kadid10k/i19,/home/sergey/iqa-data/kadid10k/images/I19_13_04.png,0.3307888040712468,17.431623825652466
2314,kadid10k,kadid10k/i19,/home/sergey/iqa-data/kadid10k/images/I19_13_05.png,0.2290076335877862,20.98016118922519
2315,kadid10k,kadid10k/i19,/home/sergey/iqa-data/kadid10k/images/I19_14_01.png,0.8142493638676845,5.031930896260727
2316,kadid10k,kadid10k/i19,/home/sergey/iqa-data/kadid10k/images/I19_14_02.png,0.5089058524173028,7.750492835606074
2317,kadid10k,kadid10k/i19,/home/sergey/iqa-data/kadid10k/images/I19_14_03.png,0.3994910941475826,9.054396659546352
2318,kadid10k,kadid10k/i19,/home/sergey/iqa-data/kadid10k/images/I19_14_04.png,0.3740458015267176,10.244028559314021
2319,kadid10k,kadid10k/i19,/home/sergey/iqa-data/kadid10k/images/I19_14_05.png,0.1857506361323155,12.389752446100418
2320,kadid10k,kadid10k/i19,/home/sergey/iqa-data/kadid10k/images/I19_15_01.png,0.7455470737913487,4.887770736663975
2321,kadid10k,kadid10k/i19,/home/sergey/iqa-data/kadid10k/images/I19_15_02.png,0.5089058524173028,4.683492475247969
2322,kadid10k,kadid10k/i19,/home/sergey/iqa-data/kadid10k/images/I19_15_03.png,0.4758269720101782,4.96028465384033
2323,kadid10k,kadid10k/i19,/home/sergey/iqa-data/kadid10k/images/I19_15_04.png,0.2213740458015267,5.109410835331912
2324,kadid10k,kadid10k/i19,/home/sergey/iqa-data/kadid10k/images/I19_15_05.png,0.1526717557251908,6.365758546626662
2325,kadid10k,kadid10k/i19,/home/sergey/iqa-data/kadid10k/images/I19_16_01.png,0.9083969465648856,4.806384985020513
2326,kadid10k,kadid10k/i19,/home/sergey/iqa-data/kadid10k/images/I19_16_02.png,0.9083969465648856,4.7976917885744665
2327,kadid10k,kadid10k/i19,/home/sergey/iqa-data/kadid10k/images/I19_16_03.png,0.796437659033079,4.731558485424854
2328,kadid10k,kadid10k/i19,/home/sergey/iqa-data/kadid10k/images/I19_16_04.png,0.3816793893129771,4.892367469221383
2329,kadid10k,kadid10k/i19,/home/sergey/iqa-data/kadid10k/images/I19_16_05.png,0.1959287531806616,5.025802315369069
2330,kadid10k,kadid10k/i19,/home/sergey/iqa-data/kadid10k/images/I19_17_01.png,0.89058524173028,4.894652076541827
2331,kadid10k,kadid10k/i19,/home/sergey/iqa-data/kadid10k/images/I19_17_02.png,0.8829516539440203,4.911149335491147
2332,kadid10k,kadid10k/i19,/home/sergey/iqa-data/kadid10k/images/I19_17_03.png,0.89058524173028,4.99731737943595
2333,kadid10k,kadid10k/i19,/home/sergey/iqa-data/kadid10k/images/I19_17_04.png,0.7175572519083969,5.10852351760777
2334,kadid10k,kadid10k/i19,/home/sergey/iqa-data/kadid10k/images/I19_17_05.png,0.3740458015267176,7.177187898982457
2335,kadid10k,kadid10k/i19,/home/sergey/iqa-data/kadid10k/images/I19_18_01.png,0.89058524173028,4.966250594064199
2336,kadid10k,kadid10k/i19,/home/sergey/iqa-data/kadid10k/images/I19_18_02.png,0.83206106870229,4.822950037175365
2337,kadid10k,kadid10k/i19,/home/sergey/iqa-data/kadid10k/images/I19_18_03.png,0.9414758269720104,4.892204776971853
2338,kadid10k,kadid10k/i19,/home/sergey/iqa-data/kadid10k/images/I19_18_04.png,0.83206106870229,4.8983766982111385
2339,kadid10k,kadid10k/i19,/home/sergey/iqa-data/kadid10k/images/I19_18_05.png,0.7379134860050891,4.7244488458161165
2340,kadid10k,kadid10k/i19,/home/sergey/iqa-data/kadid10k/images/I19_19_01.png,0.83206106870229,4.932658027844369
2341,kadid10k,kadid10k/i19,/home/sergey/iqa-data/kadid10k/images/I19_19_02.png,0.7201017811704835,4.852771845987206
2342,kadid10k,kadid10k/i19,/home/sergey/iqa-data/kadid10k/images/I19_19_03.png,0.4249363867684478,4.87015586050018
2343,kadid10k,kadid10k/i19,/home/sergey/iqa-data/kadid10k/images/I19_19_04.png,0.1450381679389313,7.258269645718878
2344,kadid10k,kadid10k/i19,/home/sergey/iqa-data/kadid10k/images/I19_19_05.png,0.0483460559796437,11.035645128876489
2345,kadid10k,kadid10k/i19,/home/sergey/iqa-data/kadid10k/images/I19_20_01.png,0.796437659033079,4.763497714912751
2346,kadid10k,kadid10k/i19,/home/sergey/iqa-data/kadid10k/images/I19_20_02.png,0.7455470737913487,4.601335643457107
2347,kadid10k,kadid10k/i19,/home/sergey/iqa-data/kadid10k/images/I19_20_03.png,0.5267175572519084,4.467277836396254
2348,kadid10k,kadid10k/i19,/home/sergey/iqa-data/kadid10k/images/I19_20_04.png,0.4249363867684478,4.447655900951491
2349,kadid10k,kadid10k/i19,/home/sergey/iqa-data/kadid10k/images/I19_20_05.png,0.3486005089058525,4.854011565218183
2350,kadid10k,kadid10k/i19,/home/sergey/iqa-data/kadid10k/images/I19_21_01.png,0.7633587786259542,4.666599975972057
2351,kadid10k,kadid10k/i19,/home/sergey/iqa-data/kadid10k/images/I19_21_02.png,0.6284987277353691,6.016234626099768
2352,kadid10k,kadid10k/i19,/home/sergey/iqa-data/kadid10k/images/I19_21_03.png,0.4580152671755725,6.813894435227862
2353,kadid10k,kadid10k/i19,/home/sergey/iqa-data/kadid10k/images/I19_21_04.png,0.4580152671755725,7.818130765822355
2354,kadid10k,kadid10k/i19,/home/sergey/iqa-data/kadid10k/images/I19_21_05.png,0.2111959287531807,14.09584029300839
2355,kadid10k,kadid10k/i19,/home/sergey/iqa-data/kadid10k/images/I19_22_01.png,0.8651399491094149,4.502875347022217
2356,kadid10k,kadid10k/i19,/home/sergey/iqa-data/kadid10k/images/I19_22_02.png,0.7888040712468193,4.777559263093354
2357,kadid10k,kadid10k/i19,/home/sergey/iqa-data/kadid10k/images/I19_22_03.png,0.6030534351145039,5.319582897043513
2358,kadid10k,kadid10k/i19,/home/sergey/iqa-data/kadid10k/images/I19_22_04.png,0.5852417302798982,6.075573127506173
2359,kadid10k,kadid10k/i19,/home/sergey/iqa-data/kadid10k/images/I19_22_05.png,0.4249363867684478,7.384775781335258
2360,kadid10k,kadid10k/i19,/home/sergey/iqa-data/kadid10k/images/I19_23_01.png,0.4834605597964376,4.8779410309632185
2361,kadid10k,kadid10k/i19,/home/sergey/iqa-data/kadid10k/images/I19_23_02.png,0.3486005089058525,4.983146863692179
2362,kadid10k,kadid10k/i19,/home/sergey/iqa-data/kadid10k/images/I19_23_03.png,0.356234096692112,4.895407994775765
2363,kadid10k,kadid10k/i19,/home/sergey/iqa-data/kadid10k/images/I19_23_04.png,0.3384223918575064,5.006367014225438
2364,kadid10k,kadid10k/i19,/home/sergey/iqa-data/kadid10k/images/I19_23_05.png,0.2290076335877862,5.292343913452468
2365,kadid10k,kadid10k/i19,/home/sergey/iqa-data/kadid10k/images/I19_24_01.png,0.5852417302798982,3.4475925580520683
2366,kadid10k,kadid10k/i19,/home/sergey/iqa-data/kadid10k/images/I19_24_02.png,0.2544529262086514,3.225345441577427
2367,kadid10k,kadid10k/i19,/home/sergey/iqa-data/kadid10k/images/I19_24_03.png,0.1603053435114503,3.3439411514676105
2368,kadid10k,kadid10k/i19,/home/sergey/iqa-data/kadid10k/images/I19_24_04.png,0.1094147582697201,3.7563731430810705
2369,kadid10k,kadid10k/i19,/home/sergey/iqa-data/kadid10k/images/I19_24_05.png,0.0585241730279898,4.44292435108903
2370,kadid10k,kadid10k/i19,/home/sergey/iqa-data/kadid10k/images/I19_25_01.png,0.6437659033078881,4.77943157306797
2371,kadid10k,kadid10k/i19,/home/sergey/iqa-data/kadid10k/images/I19_25_02.png,0.806615776081425,4.848496446181751
2372,kadid10k,kadid10k/i19,/home/sergey/iqa-data/kadid10k/images/I19_25_03.png,0.8778625954198475,4.867816911915514
2373,kadid10k,kadid10k/i19,/home/sergey/iqa-data/kadid10k/images/I19_25_04.png,0.8727735368956743,4.904208339335297
2374,kadid10k,kadid10k/i19,/home/sergey/iqa-data/kadid10k/images/I19_25_05.png,0.6437659033078881,5.0560831091723895
3000,kadid10k,kadid10k/i25,/home/sergey/iqa-data/kadid10k/images/I25_01_01.png,0.8727735368956743,2.8795831508943985
3001,kadid10k,kadid10k/i25,/home/sergey/iqa-data/kadid10k/images/I25_01_02.png,0.9236641221374048,3.35674349498146
3002,kadid10k,kadid10k/i25,/home/sergey/iqa-data/kadid10k/images/I25_01_03.png,0.5597964376590332,5.150946638102004
3003,kadid10k,kadid10k/i25,/home/sergey/iqa-data/kadid10k/images/I25_01_04.png,0.3307888040712468,7.890212478112785
3004,kadid10k,kadid10k/i25,/home/sergey/iqa-data/kadid10k/images/I25_01_05.png,0.094147582697201,11.840297604051365
3005,kadid10k,kadid10k/i25,/home/sergey/iqa-data/kadid10k/images/I25_02_01.png,0.806615776081425,3.7583538908285954
3006,kadid10k,kadid10k/i25,/home/sergey/iqa-data/kadid10k/images/I25_02_02.png,0.4758269720101782,5.895277636404001
3007,kadid10k,kadid10k/i25,/home/sergey/iqa-data/kadid10k/images/I25_02_03.png,0.2213740458015267,8.43627064058186
3008,kadid10k,kadid10k/i25,/home/sergey/iqa-data/kadid10k/images/I25_02_04.png,0.1857506361323155,9.914672716716721
3009,kadid10k,kadid10k/i25,/home/sergey/iqa-data/kadid10k/images/I25_02_05.png,0.0763358778625954,11.172084336967309
3010,kadid10k,kadid10k/i25,/home/sergey/iqa-data/kadid10k/images/I25_03_01.png,0.9592875318066156,2.8795831508943985
3011,kadid10k,kadid10k/i25,/home/sergey/iqa-data/kadid10k/images/I25_03_02.png,0.8727735368956743,3.5967611140519167
3012,kadid10k,kadid10k/i25,/home/sergey/iqa-data/kadid10k/images/I25_03_03.png,0.534351145038168,5.167661705668511
3013,kadid10k,kadid10k/i25,/home/sergey/iqa-data/kadid10k/images/I25_03_04.png,0.4834605597964376,6.07606793147286
3014,kadid10k,kadid10k/i25,/home/sergey/iqa-data/kadid10k/images/I25_03_05.png,0.1857506361323155,6.488409733950655
3015,kadid10k,kadid10k/i25,/home/sergey/iqa-data/kadid10k/images/I25_04_01.png,0.8982188295165395,3.0221363652364452
3016,kadid10k,kadid10k/i25,/home/sergey/iqa-data/kadid10k/images/I25_04_02.png,0.5165394402035624,3.138274852462232
3017,kadid10k,kadid10k/i25,/home/sergey/iqa-data/kadid10k/images/I25_04_03.png,0.2544529262086514,3.4579032454977483
3018,kadid10k,kadid10k/i25,/home/sergey/iqa-data/kadid10k/images/I25_04_04.png,0.272264631043257,3.485706317558887
3019,kadid10k,kadid10k/i25,/home/sergey/iqa-data/kadid10k/images/I25_04_05.png,0.1653944020356234,3.435264166662348
3020,kadid10k,kadid10k/i25,/home/sergey/iqa-data/kadid10k/images/I25_05_01.png,0.89058524173028,2.9625189886388914
3021,kadid10k,kadid10k/i25,/home/sergey/iqa-data/kadid10k/images/I25_05_02.png,0.4580152671755725,3.613431492135835
3022,kadid10k,kadid10k/i25,/home/sergey/iqa-data/kadid10k/images/I25_05_03.png,0.3129770992366412,2.8117333000142324
3023,kadid10k,kadid10k/i25,/home/sergey/iqa-data/kadid10k/images/I25_05_04.png,0.3893129770992366,2.809748129088535
3024,kadid10k,kadid10k/i25,/home/sergey/iqa-data/kadid10k/images/I25_05_05.png,0.4402035623409669,2.7254912717073534
3025,kadid10k,kadid10k/i25,/home/sergey/iqa-data/kadid10k/images/I25_06_01.png,0.8142493638676845,5.943409520231328
3026,kadid10k,kadid10k/i25,/home/sergey/iqa-data/kadid10k/images/I25_06_02.png,0.78117048346056,6.316237358775429
3027,kadid10k,kadid10k/i25,/home/sergey/iqa-data/kadid10k/images/I25_06_03.png,0.78117048346056,7.541945785766478
3028,kadid10k,kadid10k/i25,/home/sergey/iqa-data/kadid10k/images/I25_06_04.png,0.5597964376590332,9.330878217462601
3029,kadid10k,kadid10k/i25,/home/sergey/iqa-data/kadid10k/images/I25_06_05.png,0.3384223918575064,13.510554645830116
3030,kadid10k,kadid10k/i25,/home/sergey/iqa-data/kadid10k/images/I25_07_01.png,0.3816793893129771,2.7813069525455623
3031,kadid10k,kadid10k/i25,/home/sergey/iqa-data/kadid10k/images/I25_07_02.png,0.3638676844783716,2.7436856322465695
3032,kadid10k,kadid10k/i25,/home/sergey/iqa-data/kadid10k/images/I25_07_03.png,0.3638676844783716,2.726937833812017
3033,kadid10k,kadid10k/i25,/home/sergey/iqa-data/kadid10k/images/I25_07_04.png,0.3486005089058525,2.721140905116166
3034,kadid10k,kadid10k/i25,/home/sergey/iqa-data/kadid10k/images/I25_07_05.png,0.2468193384223918,2.6706724292849406
3035,kadid10k,kadid10k/i25,/home/sergey/iqa-data/kadid10k/images/I25_08_01.png,0.94910941475827,2.8795831508943985
3036,kadid10k,kadid10k/i25,/home/sergey/iqa-data/kadid10k/images/I25_08_02.png,0.5419847328244275,2.835226546331454
3037,kadid10k,kadid10k/i25,/home/sergey/iqa-data/kadid10k/images/I25_08_03.png,0.5419847328244275,3.0306716450335793
3038,kadid10k,kadid10k/i25,/home/sergey/iqa-data/kadid10k/images/I25_08_04.png,0.178117048346056,3.0194245394104295
3039,kadid10k,kadid10k/i25,/home/sergey/iqa-data/kadid10k/images/I25_08_05.png,0.0839694656488549,2.7706156469765446
3040,kadid10k,kadid10k/i25,/home/sergey/iqa-data/kadid10k/images/I25_09_01.png,0.9414758269720104,3.417069165220338
3041,kadid10k,kadid10k/i25,/home/sergey/iqa-data/kadid10k/images/I25_09_02.png,0.916030534351145,4.577463651034775
3042,kadid10k,kadid10k/i25,/home/sergey/iqa-data/kadid10k/images/I25_09_03.png,0.8142493638676845,6.06060011101099
3043,kadid10k,kadid10k/i25,/home/sergey/iqa-data/kadid10k/images/I25_09_04.png,0.5165394402035624,8.768370697795477
3044,kadid10k,kadid10k/i25,/home/sergey/iqa-data/kadid10k/images/I25_09_05.png,0.1348600508905852,10.710731926751299
3045,kadid10k,kadid10k/i25,/home/sergey/iqa-data/kadid10k/images/I25_10_01.png,0.8982188295165395,3.4013160988162325
3046,kadid10k,kadid10k/i25,/home/sergey/iqa-data/kadid10k/images/I25_10_02.png,0.9236641221374048,3.6165759404215634
3047,kadid10k,kadid10k/i25,/home/sergey/iqa-data/kadid10k/images/I25_10_03.png,0.8396946564885497,4.393151144311002
3048,kadid10k,kadid10k/i25,/home/sergey/iqa-data/kadid10k/images/I25_10_04.png,0.1526717557251908,7.523303687612318
3049,kadid10k,kadid10k/i25,/home/sergey/iqa-data/kadid10k/images/I25_10_05.png,0.0178117048346056,12.963697100396775
3050,kadid10k,kadid10k/i25,/home/sergey/iqa-data/kadid10k/images/I25_11_01.png,0.7888040712468193,5.256441729776745
3051,kadid10k,kadid10k/i25,/home/sergey/iqa-data/kadid10k/images/I25_11_02.png,0.6361323155216285,6.5836060605889015
3052,kadid10k,kadid10k/i25,/home/sergey/iqa-data/kadid10k/images/I25_11_03.png,0.4834605597964376,7.386929943002727
3053,kadid10k,kadid10k/i25,/home/sergey/iqa-data/kadid10k/images/I25_11_04.png,0.450381679389313,9.362919553350075
3054,kadid10k,kadid10k/i25,/home/sergey/iqa-data/kadid10k/images/I25_11_05.png,0.3486005089058525,11.552309058565442
3055,kadid10k,kadid10k/i25,/home/sergey/iqa-data/kadid10k/images/I25_12_01.png,0.9083969465648856,3.839752585583525
3056,kadid10k,kadid10k/i25,/home/sergey/iqa-data/kadid10k/images/I25_12_02.png,0.6437659033078881,5.991574181268851
3057,kadid10k,kadid10k/i25,/home/sergey/iqa-data/kadid10k/images/I25_12_03.png,0.4834605597964376,7.578873581043315
3058,kadid10k,kadid10k/i25,/home/sergey/iqa-data/kadid10k/images/I25_12_04.png,0.3638676844783716,8.992393444086558
3059,kadid10k,kadid10k/i25,/home/sergey/iqa-data/kadid10k/images/I25_12_05.png,0.3129770992366412,11.134585824453145
3060,kadid10k,kadid10k/i25,/home/sergey/iqa-data/kadid10k/images/I25_13_01.png,0.6284987277353691,2.970924102349104
3061,kadid10k,kadid10k/i25,/home/sergey/iqa-data/kadid10k/images/I25_13_02.png,0.4605597964376591,5.217598613245406
3062,kadid10k,kadid10k/i25,/home/sergey/iqa-data/kadid10k/images/I25_13_03.png,0.3307888040712468,7.702028745780777
3063,kadid10k,kadid10k/i25,/home/sergey/iqa-data/kadid10k/images/I25_13_04.png,0.2977099236641221,10.859009277882391
3064,kadid10k,kadid10k/i25,/home/sergey/iqa-data/kadid10k/images/I25_13_05.png,0.2391857506361323,12.95060502502014
3065,kadid10k,kadid10k/i25,/home/sergey/iqa-data/kadid10k/images/I25_14_01.png,0.9083969465648856,2.9883171285768215
3066,kadid10k,kadid10k/i25,/home/sergey/iqa-data/kadid10k/images/I25_14_02.png,0.7709923664122139,3.6412883174964636
3067,kadid10k,kadid10k/i25,/home/sergey/iqa-data/kadid10k/images/I25_14_03.png,0.6692111959287532,3.9074669130843063
3068,kadid10k,kadid10k/i25,/home/sergey/iqa-data/kadid10k/images/I25_14_04.png,0.3231552162849873,4.1336255204012105
3069,kadid10k,kadid10k/i25,/home/sergey/iqa-data/kadid10k/images/I25_14_05.png,0.2111959287531807,4.730323784061324
3070,kadid10k,kadid10k/i25,/home/sergey/iqa-data/kadid10k/images/I25_15_01.png,0.6692111959287532,3.381651047500119
3071,kadid10k,kadid10k/i25,/home/sergey/iqa-data/kadid10k/images/I25_15_02.png,0.3893129770992366,3.672647665498119
3072,kadid10k,kadid10k/i25,/home/sergey/iqa-data/kadid10k/images/I25_15_03.png,0.2468193384223918,3.7711070654331844
3073,kadid10k,kadid10k/i25,/home/sergey/iqa-data/kadid10k/images/I25_15_04.png,0.0508905852417302,4.399227553928667
3074,kadid10k,kadid10k/i25,/home/sergey/iqa-data/kadid10k/images/I25_15_05.png,0.0763358778625954,5.438715275674972
3075,kadid10k,kadid10k/i25,/home/sergey/iqa-data/kadid10k/images/I25_16_01.png,0.9338422391857508,2.7797508793230787
3076,kadid10k,kadid10k/i25,/home/sergey/iqa-data/kadid10k/images/I25_16_02.png,0.83206106870229,2.781408808665283
3077,kadid10k,kadid10k/i25,/home/sergey/iqa-data/kadid10k/images/I25_16_03.png,0.8447837150127228,2.7193845565567343
3078,kadid10k,kadid10k/i25,/home/sergey/iqa-data/kadid10k/images/I25_16_04.png,0.6183206106870229,2.730545963570149
3079,kadid10k,kadid10k/i25,/home/sergey/iqa-data/kadid10k/images/I25_16_05.png,0.272264631043257,2.720534341956494
3080,kadid10k,kadid10k/i25,/home/sergey/iqa-data/kadid10k/images/I25_17_01.png,0.94910941475827,2.9396978344534035
3081,kadid10k,kadid10k/i25,/home/sergey/iqa-data/kadid10k/images/I25_17_02.png,0.9414758269720104,2.946141175242035
3082,kadid10k,kadid10k/i25,/home/sergey/iqa-data/kadid10k/images/I25_17_03.png,0.89058524173028,3.039710081556881
3083,kadid10k,kadid10k/i25,/home/sergey/iqa-data/kadid10k/images/I25_17_04.png,0.6870229007633589,3.3934177277671105
3084,kadid10k,kadid10k/i25,/home/sergey/iqa-data/kadid10k/images/I25_17_05.png,0.2035623409669211,6.179470397974031
3085,kadid10k,kadid10k/i25,/home/sergey/iqa-data/kadid10k/images/I25_18_01.png,0.8727735368956743,2.828966042914982
3086,kadid10k,kadid10k/i25,/home/sergey/iqa-data/kadid10k/images/I25_18_02.png,0.94910941475827,2.8342737249132726
3087,kadid10k,kadid10k/i25,/home/sergey/iqa-data/kadid10k/images/I25_18_03.png,0.9083969465648856,2.8795831508943985
3088,kadid10k,kadid10k/i25,/home/sergey/iqa-data/kadid10k/images/I25_18_04.png,0.8829516539440203,3.6974278588761593
3089,kadid10k,kadid10k/i25,/home/sergey/iqa-data/kadid10k/images/I25_18_05.png,0.6946564885496184,3.763189351968502
3090,kadid10k,kadid10k/i25,/home/sergey/iqa-data/kadid10k/images/I25_19_01.png,0.9592875318066156,2.935857712319228
3091,kadid10k,kadid10k/i25,/home/sergey/iqa-data/kadid10k/images/I25_19_02.png,0.8473282442748092,3.2173344332985474
3092,kadid10k,kadid10k/i25,/home/sergey/iqa-data/kadid10k/images/I25_19_03.png,0.8396946564885497,4.319400336554059
3093,kadid10k,kadid10k/i25,/home/sergey/iqa-data/kadid10k/images/I25_19_04.png,0.4147582697201017,6.573709602518665
3094,kadid10k,kadid10k/i25,/home/sergey/iqa-data/kadid10k/images/I25_19_05.png,0.1857506361323155,9.796506868489086
3095,kadid10k,kadid10k/i25,/home/sergey/iqa-data/kadid10k/images/I25_20_01.png,0.9236641221374048,2.8099648060435967
3096,kadid10k,kadid10k/i25,/home/sergey/iqa-data/kadid10k/images/I25_20_02.png,0.7455470737913487,2.705176666315612
3097,kadid10k,kadid10k/i25,/home/sergey/iqa-data/kadid10k/images/I25_20_03.png,0.4580152671755725,2.599721057299888
3098,kadid10k,kadid10k/i25,/home/sergey/iqa-data/kadid10k/images/I25_20_04.png,0.6437659033078881,2.7187850731142222
3099,kadid10k,kadid10k/i25,/home/sergey/iqa-data/kadid10k/images/I25_20_05.png,0.6106870229007634,2.678773667482954
3100,kadid10k,kadid10k/i25,/home/sergey/iqa-data/kadid10k/images/I25_21_01.png,0.9236641221374048,3.0299772851501197
3101,kadid10k,kadid10k/i25,/home/sergey/iqa-data/kadid10k/images/I25_21_02.png,0.7633587786259542,4.090057446605321
3102,kadid10k,kadid10k/i25,/home/sergey/iqa-data/kadid10k/images/I25_21_03.png,0.6539440203562341,5.086473464742413
3103,kadid10k,kadid10k/i25,/home/sergey/iqa-data/kadid10k/images/I25_21_04.png,0.7709923664122139,5.42121954652994
3104,kadid10k,kadid10k/i25,/home/sergey/iqa-data/kadid10k/images/I25_21_05.png,0.3994910941475826,10.057844359992911
3105,kadid10k,kadid10k/i25,/home/sergey/iqa-data/kadid10k/images/I25_22_01.png,0.9083969465648856,3.634887500394602
3106,kadid10k,kadid10k/i25,/home/sergey/iqa-data/kadid10k/images/I25_22_02.png,0.8473282442748092,4.068443837489089
3107,kadid10k,kadid10k/i25,/home/sergey/iqa-data/kadid10k/images/I25_22_03.png,0.8396946564885497,4.905596096002372
3108,kadid10k,kadid10k/i25,/home/sergey/iqa-data/kadid10k/images/I25_22_04.png,0.7302798982188295,5.7846644079730165
3109,kadid10k,kadid10k/i25,/home/sergey/iqa-data/kadid10k/images/I25_22_05.png,0.4580152671755725,7.254731566335472
3110,kadid10k,kadid10k/i25,/home/sergey/iqa-data/kadid10k/images/I25_23_01.png,0.3638676844783716,2.902785058195334
3111,kadid10k,kadid10k/i25,/home/sergey/iqa-data/kadid10k/images/I25_23_02.png,0.3486005089058525,2.9174022121942644
3112,kadid10k,kadid10k/i25,/home/sergey/iqa-data/kadid10k/images/I25_23_03.png,0.3129770992366412,2.909983088030778
3113,kadid10k,kadid10k/i25,/home/sergey/iqa-data/kadid10k/images/I25_23_04.png,0.2977099236641221,3.1403957975582895
3114,kadid10k,kadid10k/i25,/home/sergey/iqa-data/kadid10k/images/I25_23_05.png,0.2544529262086514,3.044792786281938
3115,kadid10k,kadid10k/i25,/home/sergey/iqa-data/kadid10k/images/I25_24_01.png,0.7633587786259542,3.245870523353043
3116,kadid10k,kadid10k/i25,/home/sergey/iqa-data/kadid10k/images/I25_24_02.png,0.4147582697201017,3.644230580655754
3117,kadid10k,kadid10k/i25,/home/sergey/iqa-data/kadid10k/images/I25_24_03.png,0.3053435114503817,3.9120119935631226
3118,kadid10k,kadid10k/i25,/home/sergey/iqa-data/kadid10k/images/I25_24_04.png,0.1450381679389313,4.617866613511811
3119,kadid10k,kadid10k/i25,/home/sergey/iqa-data/kadid10k/images/I25_24_05.png,0.0687022900763358,5.616344569906689
3120,kadid10k,kadid10k/i25,/home/sergey/iqa-data/kadid10k/images/I25_25_01.png,0.6437659033078881,3.685612436259622
3121,kadid10k,kadid10k/i25,/home/sergey/iqa-data/kadid10k/images/I25_25_02.png,0.7455470737913487,3.5063979130531013
3122,kadid10k,kadid10k/i25,/home/sergey/iqa-data/kadid10k/images/I25_25_03.png,0.89058524173028,3.151122737618702
3123,kadid10k,kadid10k/i25,/home/sergey/iqa-data/kadid10k/images/I25_25_04.png,0.9338422391857508,2.683566090039009
3124,kadid10k,kadid10k/i25,/home/sergey/iqa-data/kadid10k/images/I25_25_05.png,0.6437659033078881,2.7780381954964
3250,kadid10k,kadid10k/i27,/home/sergey/iqa-data/kadid10k/images/I27_01_01.png,0.8982188295165395,3.919638635670439
3251,kadid10k,kadid10k/i27,/home/sergey/iqa-data/kadid10k/images/I27_01_02.png,0.806615776081425,4.316329269961181
3252,kadid10k,kadid10k/i27,/home/sergey/iqa-data/kadid10k/images/I27_01_03.png,0.356234096692112,5.801273244450611
3253,kadid10k,kadid10k/i27,/home/sergey/iqa-data/kadid10k/images/I27_01_04.png,0.1704834605597964,7.798152421765176
3254,kadid10k,kadid10k/i27,/home/sergey/iqa-data/kadid10k/images/I27_01_05.png,0.0508905852417302,10.934648291891913
3255,kadid10k,kadid10k/i27,/home/sergey/iqa-data/kadid10k/images/I27_02_01.png,0.6437659033078881,4.8443483470309925
3256,kadid10k,kadid10k/i27,/home/sergey/iqa-data/kadid10k/images/I27_02_02.png,0.2798982188295166,6.270033527844364
3257,kadid10k,kadid10k/i27,/home/sergey/iqa-data/kadid10k/images/I27_02_03.png,0.178117048346056,8.86241633839101
3258,kadid10k,kadid10k/i27,/home/sergey/iqa-data/kadid10k/images/I27_02_04.png,0.0839694656488549,10.391965566545295
3259,kadid10k,kadid10k/i27,/home/sergey/iqa-data/kadid10k/images/I27_02_05.png,0.0432569974554707,11.648424937472278
3260,kadid10k,kadid10k/i27,/home/sergey/iqa-data/kadid10k/images/I27_03_01.png,0.8651399491094149,3.919638635670439
3261,kadid10k,kadid10k/i27,/home/sergey/iqa-data/kadid10k/images/I27_03_02.png,0.5776081424936387,4.585241281492681
3262,kadid10k,kadid10k/i27,/home/sergey/iqa-data/kadid10k/images/I27_03_03.png,0.3816793893129771,5.680730146835899
3263,kadid10k,kadid10k/i27,/home/sergey/iqa-data/kadid10k/images/I27_03_04.png,0.1272264631043257,6.635963789565828
3264,kadid10k,kadid10k/i27,/home/sergey/iqa-data/kadid10k/images/I27_03_05.png,0.1704834605597964,7.389511583503817
3265,kadid10k,kadid10k/i27,/home/sergey/iqa-data/kadid10k/images/I27_04_01.png,0.7888040712468193,3.867063193771609
3266,kadid10k,kadid10k/i27,/home/sergey/iqa-data/kadid10k/images/I27_04_02.png,0.3231552162849873,3.761834713843429
3267,kadid10k,kadid10k/i27,/home/sergey/iqa-data/kadid10k/images/I27_04_03.png,0.1959287531806616,4.147026684921838
3268,kadid10k,kadid10k/i27,/home/sergey/iqa-data/kadid10k/images/I27_04_04.png,0.0432569974554707,4.2256963484728
3269,kadid10k,kadid10k/i27,/home/sergey/iqa-data/kadid10k/images/I27_04_05.png,0.0687022900763358,4.322752982948676
3270,kadid10k,kadid10k/i27,/home/sergey/iqa-data/kadid10k/images/I27_05_01.png,0.7633587786259542,4.376687815316324
3271,kadid10k,kadid10k/i27,/home/sergey/iqa-data/kadid10k/images/I27_05_02.png,0.2366412213740458,5.127521431449253
3272,kadid10k,kadid10k/i27,/home/sergey/iqa-data/kadid10k/images/I27_05_03.png,0.1450381679389313,3.991911913302914
3273,kadid10k,kadid10k/i27,/home/sergey/iqa-data/kadid10k/images/I27_05_04.png,0.1603053435114503,3.881783771760346
3274,kadid10k,kadid10k/i27,/home/sergey/iqa-data/kadid10k/images/I27_05_05.png,0.094147582697201,3.795648796440457
3275,kadid10k,kadid10k/i27,/home/sergey/iqa-data/kadid10k/images/I27_06_01.png,0.8575063613231553,7.2856267623064745
3276,kadid10k,kadid10k/i27,/home/sergey/iqa-data/kadid10k/images/I27_06_02.png,0.7888040712468193,7.316679954034329
3277,kadid10k,kadid10k/i27,/home/sergey/iqa-data/kadid10k/images/I27_06_03.png,0.6437659033078881,9.037575550663025
3278,kadid10k,kadid10k/i27,/home/sergey/iqa-data/kadid10k/images/I27_06_04.png,0.5521628498727735,10.697567374283803
3279,kadid10k,kadid10k/i27,/home/sergey/iqa-data/kadid10k/images/I27_06_05.png,0.2977099236641221,13.458331377728848
3280,kadid10k,kadid10k/i27,/home/sergey/iqa-data/kadid10k/images/I27_07_01.png,0.356234096692112,3.709862528115533
3281,kadid10k,kadid10k/i27,/home/sergey/iqa-data/kadid10k/images/I27_07_02.png,0.2544529262086514,3.5993596184015533
3282,kadid10k,kadid10k/i27,/home/sergey/iqa-data/kadid10k/images/I27_07_03.png,0.1704834605597964,3.613146775047986
3283,kadid10k,kadid10k/i27,/home/sergey/iqa-data/kadid10k/images/I27_07_04.png,0.2544529262086514,3.5443165416374773
3284,kadid10k,kadid10k/i27,/home/sergey/iqa-data/kadid10k/images/I27_07_05.png,0.178117048346056,3.5300864575347335
3285,kadid10k,kadid10k/i27,/home/sergey/iqa-data/kadid10k/images/I27_08_01.png,0.8727735368956743,3.919638635670439
3286,kadid10k,kadid10k/i27,/home/sergey/iqa-data/kadid10k/images/I27_08_02.png,0.5419847328244275,3.7548545597917236
3287,kadid10k,kadid10k/i27,/home/sergey/iqa-data/kadid10k/images/I27_08_03.png,0.3384223918575064,3.722342205305763
3288,kadid10k,kadid10k/i27,/home/sergey/iqa-data/kadid10k/images/I27_08_04.png,0.1272264631043257,3.6399690622294414
3289,kadid10k,kadid10k/i27,/home/sergey/iqa-data/kadid10k/images/I27_08_05.png,0.1272264631043257,3.42144632188591
3290,kadid10k,kadid10k/i27,/home/sergey/iqa-data/kadid10k/images/I27_09_01.png,0.8829516539440203,4.34143489951806
3291,kadid10k,kadid10k/i27,/home/sergey/iqa-data/kadid10k/images/I27_09_02.png,0.8218829516539442,4.444582895295694
3292,kadid10k,kadid10k/i27,/home/sergey/iqa-data/kadid10k/images/I27_09_03.png,0.83206106870229,4.626026290805376
3293,kadid10k,kadid10k/i27,/home/sergey/iqa-data/kadid10k/images/I27_09_04.png,0.3486005089058525,6.080865721242107
3294,kadid10k,kadid10k/i27,/home/sergey/iqa-data/kadid10k/images/I27_09_05.png,0.0432569974554707,9.349160544625114
3295,kadid10k,kadid10k/i27,/home/sergey/iqa-data/kadid10k/images/I27_10_01.png,0.7557251908396948,4.356647513832106
3296,kadid10k,kadid10k/i27,/home/sergey/iqa-data/kadid10k/images/I27_10_02.png,0.7379134860050891,4.650705114989817
3297,kadid10k,kadid10k/i27,/home/sergey/iqa-data/kadid10k/images/I27_10_03.png,0.6539440203562341,5.6256619824228045
3298,kadid10k,kadid10k/i27,/home/sergey/iqa-data/kadid10k/images/I27_10_04.png,0.1704834605597964,7.883032440029938
3299,kadid10k,kadid10k/i27,/home/sergey/iqa-data/kadid10k/images/I27_10_05.png,0.1195928753180661,8.986605631925595
3300,kadid10k,kadid10k/i27,/home/sergey/iqa-data/kadid10k/images/I27_11_01.png,0.5674300254452926,5.461692833084649
3301,kadid10k,kadid10k/i27,/home/sergey/iqa-data/kadid10k/images/I27_11_02.png,0.5089058524173028,6.340359325214322
3302,kadid10k,kadid10k/i27,/home/sergey/iqa-data/kadid10k/images/I27_11_03.png,0.4147582697201017,6.541383537866606
3303,kadid10k,kadid10k/i27,/home/sergey/iqa-data/kadid10k/images/I27_11_04.png,0.3384223918575064,7.497472635985214
3304,kadid10k,kadid10k/i27,/home/sergey/iqa-data/kadid10k/images/I27_11_05.png,0.2213740458015267,8.80182921651203
3305,kadid10k,kadid10k/i27,/home/sergey/iqa-data/kadid10k/images/I27_12_01.png,0.8218829516539442,5.00032797574335
3306,kadid10k,kadid10k/i27,/home/sergey/iqa-data/kadid10k/images/I27_12_02.png,0.5597964376590332,5.8180850282244
3307,kadid10k,kadid10k/i27,/home/sergey/iqa-data/kadid10k/images/I27_12_03.png,0.4147582697201017,6.9901278868039824
3308,kadid10k,kadid10k/i27,/home/sergey/iqa-data/kadid10k/images/I27_12_04.png,0.3307888040712468,7.324828747518882
3309,kadid10k,kadid10k/i27,/home/sergey/iqa-data/kadid10k/images/I27_12_05.png,0.2468193384223918,8.630453266655122
3310,kadid10k,kadid10k/i27,/home/sergey/iqa-data/kadid10k/images/I27_13_01.png,0.6946564885496184,4.216784240587281
3311,kadid10k,kadid10k/i27,/home/sergey/iqa-data/kadid10k/images/I27_13_02.png,0.5089058524173028,5.086466463552304
3312,kadid10k,kadid10k/i27,/home/sergey/iqa-data/kadid10k/images/I27_13_03.png,0.4147582697201017,7.12409344274751
3313,kadid10k,kadid10k/i27,/home/sergey/iqa-data/kadid10k/images/I27_13_04.png,0.3307888040712468,9.251308322171417
3314,kadid10k,kadid10k/i27,/home/sergey/iqa-data/kadid10k/images/I27_13_05.png,0.2798982188295166,10.888268775900343
3315,kadid10k,kadid10k/i27,/home/sergey/iqa-data/kadid10k/images/I27_14_01.png,0.6793893129770993,5.629405641434814
3316,kadid10k,kadid10k/i27,/home/sergey/iqa-data/kadid10k/images/I27_14_02.png,0.5012722646310434,6.739763515874571
3317,kadid10k,kadid10k/i27,/home/sergey/iqa-data/kadid10k/images/I27_14_03.png,0.2951653944020357,7.046280815614629
3318,kadid10k,kadid10k/i27,/home/sergey/iqa-data/kadid10k/images/I27_14_04.png,0.2798982188295166,7.695905830478689
3319,kadid10k,kadid10k/i27,/home/sergey/iqa-data/kadid10k/images/I27_14_05.png,0.1603053435114503,8.494780766484396
3320,kadid10k,kadid10k/i27,/home/sergey/iqa-data/kadid10k/images/I27_15_01.png,0.7048346055979644,4.471072420396477
3321,kadid10k,kadid10k/i27,/home/sergey/iqa-data/kadid10k/images/I27_15_02.png,0.356234096692112,4.6246727912116805
3322,kadid10k,kadid10k/i27,/home/sergey/iqa-data/kadid10k/images/I27_15_03.png,0.2875318066157761,4.426121083459866
3323,kadid10k,kadid10k/i27,/home/sergey/iqa-data/kadid10k/images/I27_15_04.png,0.1959287531806616,4.586358575683465
3324,kadid10k,kadid10k/i27,/home/sergey/iqa-data/kadid10k/images/I27_15_05.png,0.1323155216284987,5.5137346271975485
3325,kadid10k,kadid10k/i27,/home/sergey/iqa-data/kadid10k/images/I27_16_01.png,0.83206106870229,3.940848868799476
3326,kadid10k,kadid10k/i27,/home/sergey/iqa-data/kadid10k/images/I27_16_02.png,0.6870229007633589,4.047065501102786
3327,kadid10k,kadid10k/i27,/home/sergey/iqa-data/kadid10k/images/I27_16_03.png,0.450381679389313,4.442465186345224
3328,kadid10k,kadid10k/i27,/home/sergey/iqa-data/kadid10k/images/I27_16_04.png,0.2035623409669211,5.846907459172476
3329,kadid10k,kadid10k/i27,/home/sergey/iqa-data/kadid10k/images/I27_16_05.png,0.1195928753180661,8.22947442175671
3330,kadid10k,kadid10k/i27,/home/sergey/iqa-data/kadid10k/images/I27_17_01.png,0.9083969465648856,3.777768649579161
3331,kadid10k,kadid10k/i27,/home/sergey/iqa-data/kadid10k/images/I27_17_02.png,0.8727735368956743,3.754434234989287
3332,kadid10k,kadid10k/i27,/home/sergey/iqa-data/kadid10k/images/I27_17_03.png,0.7557251908396948,3.63516976745422
3333,kadid10k,kadid10k/i27,/home/sergey/iqa-data/kadid10k/images/I27_17_04.png,0.712468193384224,3.518527272146468
3334,kadid10k,kadid10k/i27,/home/sergey/iqa-data/kadid10k/images/I27_17_05.png,0.5674300254452926,3.514513719165623
3335,kadid10k,kadid10k/i27,/home/sergey/iqa-data/kadid10k/images/I27_18_01.png,0.6615776081424937,3.9668812624686867
3336,kadid10k,kadid10k/i27,/home/sergey/iqa-data/kadid10k/images/I27_18_02.png,0.7709923664122139,3.8072105854454144
3337,kadid10k,kadid10k/i27,/home/sergey/iqa-data/kadid10k/images/I27_18_03.png,0.9083969465648856,3.919638635670439
3338,kadid10k,kadid10k/i27,/home/sergey/iqa-data/kadid10k/images/I27_18_04.png,0.8982188295165395,3.7991356740115263
3339,kadid10k,kadid10k/i27,/home/sergey/iqa-data/kadid10k/images/I27_18_05.png,0.7709923664122139,3.718884262504894
3340,kadid10k,kadid10k/i27,/home/sergey/iqa-data/kadid10k/images/I27_19_01.png,0.7709923664122139,3.9207573358108827
3341,kadid10k,kadid10k/i27,/home/sergey/iqa-data/kadid10k/images/I27_19_02.png,0.712468193384224,3.916879176405769
3342,kadid10k,kadid10k/i27,/home/sergey/iqa-data/kadid10k/images/I27_19_03.png,0.3816793893129771,4.287755711342911
3343,kadid10k,kadid10k/i27,/home/sergey/iqa-data/kadid10k/images/I27_19_04.png,0.1348600508905852,6.716353775425328
3344,kadid10k,kadid10k/i27,/home/sergey/iqa-data/kadid10k/images/I27_19_05.png,0.0254452926208651,9.877592802617471
3345,kadid10k,kadid10k/i27,/home/sergey/iqa-data/kadid10k/images/I27_20_01.png,0.8982188295165395,3.9113143085201254
3346,kadid10k,kadid10k/i27,/home/sergey/iqa-data/kadid10k/images/I27_20_02.png,0.450381679389313,3.8795435142758237
3347,kadid10k,kadid10k/i27,/home/sergey/iqa-data/kadid10k/images/I27_20_03.png,0.6284987277353691,3.642008362393073
3348,kadid10k,kadid10k/i27,/home/sergey/iqa-data/kadid10k/images/I27_20_04.png,0.3129770992366412,3.7839697145428053
3349,kadid10k,kadid10k/i27,/home/sergey/iqa-data/kadid10k/images/I27_20_05.png,0.3740458015267176,3.8296942755574768
3350,kadid10k,kadid10k/i27,/home/sergey/iqa-data/kadid10k/images/I27_21_01.png,0.6284987277353691,3.6839715253075194
3351,kadid10k,kadid10k/i27,/home/sergey/iqa-data/kadid10k/images/I27_21_02.png,0.2875318066157761,4.403975847975618
3352,kadid10k,kadid10k/i27,/home/sergey/iqa-data/kadid10k/images/I27_21_03.png,0.3486005089058525,5.1085873981547945
3353,kadid10k,kadid10k/i27,/home/sergey/iqa-data/kadid10k/images/I27_21_04.png,0.2137404580152672,5.98182546462192
3354,kadid10k,kadid10k/i27,/home/sergey/iqa-data/kadid10k/images/I27_21_05.png,0.0432569974554707,8.114566353561838
3355,kadid10k,kadid10k/i27,/home/sergey/iqa-data/kadid10k/images/I27_22_01.png,0.7379134860050891,3.786498349754224
3356,kadid10k,kadid10k/i27,/home/sergey/iqa-data/kadid10k/images/I27_22_02.png,0.6870229007633589,3.9254970176040027
3357,kadid10k,kadid10k/i27,/home/sergey/iqa-data/kadid10k/images/I27_22_03.png,0.6106870229007634,4.534321530862876
3358,kadid10k,kadid10k/i27,/home/sergey/iqa-data/kadid10k/images/I27_22_04.png,0.3053435114503817,5.360347829071837
3359,kadid10k,kadid10k/i27,/home/sergey/iqa-data/kadid10k/images/I27_22_05.png,0.2468193384223918,6.0834049572093445
3360,kadid10k,kadid10k/i27,/home/sergey/iqa-data/kadid10k/images/I27_23_01.png,0.3893129770992366,3.8842428451760678
3361,kadid10k,kadid10k/i27,/home/sergey/iqa-data/kadid10k/images/I27_23_02.png,0.356234096692112,4.037856661909046
3362,kadid10k,kadid10k/i27,/home/sergey/iqa-data/kadid10k/images/I27_23_03.png,0.3740458015267176,4.3197887235088945
3363,kadid10k,kadid10k/i27,/home/sergey/iqa-data/kadid10k/images/I27_23_04.png,0.3384223918575064,4.082384367692977
3364,kadid10k,kadid10k/i27,/home/sergey/iqa-data/kadid10k/images/I27_23_05.png,0.2875318066157761,4.848712847109706
3365,kadid10k,kadid10k/i27,/home/sergey/iqa-data/kadid10k/images/I27_24_01.png,0.4656488549618321,3.177957961776952
3366,kadid10k,kadid10k/i27,/home/sergey/iqa-data/kadid10k/images/I27_24_02.png,0.2798982188295166,3.4585255333415024
3367,kadid10k,kadid10k/i27,/home/sergey/iqa-data/kadid10k/images/I27_24_03.png,0.1704834605597964,3.4697960948073088
3368,kadid10k,kadid10k/i27,/home/sergey/iqa-data/kadid10k/images/I27_24_04.png,0.094147582697201,3.028018084063312
3369,kadid10k,kadid10k/i27,/home/sergey/iqa-data/kadid10k/images/I27_24_05.png,0.0330788804071246,3.456395585017046
3370,kadid10k,kadid10k/i27,/home/sergey/iqa-data/kadid10k/images/I27_25_01.png,0.5674300254452926,4.336883697033373
3371,kadid10k,kadid10k/i27,/home/sergey/iqa-data/kadid10k/images/I27_25_02.png,0.6946564885496184,4.18839284733671
3372,kadid10k,kadid10k/i27,/home/sergey/iqa-data/kadid10k/images/I27_25_03.png,0.7709923664122139,4.018903898409698
3373,kadid10k,kadid10k/i27,/home/sergey/iqa-data/kadid10k/images/I27_25_04.png,0.7633587786259542,3.7383227781692714
3374,kadid10k,kadid10k/i27,/home/sergey/iqa-data/kadid10k/images/I27_25_05.png,0.5267175572519084,3.812278289753879
3375,kadid10k,kadid10k/i28,/home/sergey/iqa-data/kadid10k/images/I28_01_01.png,0.9083969465648856,4.764399130626284
3376,kadid10k,kadid10k/i28,/home/sergey/iqa-data/kadid10k/images/I28_01_02.png,0.9363867684478372,4.960679510728537
3377,kadid10k,kadid10k/i28,/home/sergey/iqa-data/kadid10k/images/I28_01_03.png,0.7633587786259542,6.338051058258679
3378,kadid10k,kadid10k/i28,/home/sergey/iqa-data/kadid10k/images/I28_01_04.png,0.3027989821882951,8.259184573424532
3379,kadid10k,kadid10k/i28,/home/sergey/iqa-data/kadid10k/images/I28_01_05.png,0.094147582697201,11.131541555197005
3380,kadid10k,kadid10k/i28,/home/sergey/iqa-data/kadid10k/images/I28_02_01.png,0.8218829516539442,5.475807341129827
3381,kadid10k,kadid10k/i28,/home/sergey/iqa-data/kadid10k/images/I28_02_02.png,0.5597964376590332,7.180053560481028
3382,kadid10k,kadid10k/i28,/home/sergey/iqa-data/kadid10k/images/I28_02_03.png,0.2366412213740458,8.657688048803166
3383,kadid10k,kadid10k/i28,/home/sergey/iqa-data/kadid10k/images/I28_02_04.png,0.1704834605597964,10.467448217714582
3384,kadid10k,kadid10k/i28,/home/sergey/iqa-data/kadid10k/images/I28_02_05.png,0.1450381679389313,10.883131419512226
3385,kadid10k,kadid10k/i28,/home/sergey/iqa-data/kadid10k/images/I28_03_01.png,0.8829516539440203,4.764399130626284
3386,kadid10k,kadid10k/i28,/home/sergey/iqa-data/kadid10k/images/I28_03_02.png,0.8727735368956743,5.382967935082997
3387,kadid10k,kadid10k/i28,/home/sergey/iqa-data/kadid10k/images/I28_03_03.png,0.7379134860050891,6.743630240135126
3388,kadid10k,kadid10k/i28,/home/sergey/iqa-data/kadid10k/images/I28_03_04.png,0.4402035623409669,7.412216253011324
3389,kadid10k,kadid10k/i28,/home/sergey/iqa-data/kadid10k/images/I28_03_05.png,0.2977099236641221,7.429951271213624
3390,kadid10k,kadid10k/i28,/home/sergey/iqa-data/kadid10k/images/I28_04_01.png,0.806615776081425,4.604102860976521
3391,kadid10k,kadid10k/i28,/home/sergey/iqa-data/kadid10k/images/I28_04_02.png,0.3638676844783716,4.781722842518349
3392,kadid10k,kadid10k/i28,/home/sergey/iqa-data/kadid10k/images/I28_04_03.png,0.1272264631043257,7.149842072538743
3393,kadid10k,kadid10k/i28,/home/sergey/iqa-data/kadid10k/images/I28_04_04.png,0.0839694656488549,7.789730299162646
3394,kadid10k,kadid10k/i28,/home/sergey/iqa-data/kadid10k/images/I28_04_05.png,0.0178117048346056,8.860975181521566
3395,kadid10k,kadid10k/i28,/home/sergey/iqa-data/kadid10k/images/I28_05_01.png,0.8473282442748092,5.047592192413091
3396,kadid10k,kadid10k/i28,/home/sergey/iqa-data/kadid10k/images/I28_05_02.png,0.5776081424936387,5.308405661036826
3397,kadid10k,kadid10k/i28,/home/sergey/iqa-data/kadid10k/images/I28_05_03.png,0.6183206106870229,4.6027840137791385
3398,kadid10k,kadid10k/i28,/home/sergey/iqa-data/kadid10k/images/I28_05_04.png,0.534351145038168,4.4664150596520695
3399,kadid10k,kadid10k/i28,/home/sergey/iqa-data/kadid10k/images/I28_05_05.png,0.5089058524173028,4.671026335653035
3400,kadid10k,kadid10k/i28,/home/sergey/iqa-data/kadid10k/images/I28_06_01.png,0.6946564885496184,12.38732996380846
3401,kadid10k,kadid10k/i28,/home/sergey/iqa-data/kadid10k/images/I28_06_02.png,0.6615776081424937,13.54278993115341
3402,kadid10k,kadid10k/i28,/home/sergey/iqa-data/kadid10k/images/I28_06_03.png,0.648854961832061,14.708028515589431
3403,kadid10k,kadid10k/i28,/home/sergey/iqa-data/kadid10k/images/I28_06_04.png,0.6106870229007634,18.019600648447838
3404,kadid10k,kadid10k/i28,/home/sergey/iqa-data/kadid10k/images/I28_06_05.png,0.3740458015267176,20.535504145111005
3405,kadid10k,kadid10k/i28,/home/sergey/iqa-data/kadid10k/images/I28_07_01.png,0.3740458015267176,4.386352394233305
3406,kadid10k,kadid10k/i28,/home/sergey/iqa-data/kadid10k/images/I28_07_02.png,0.356234096692112,4.381371354941436
3407,kadid10k,kadid10k/i28,/home/sergey/iqa-data/kadid10k/images/I28_07_03.png,0.2366412213740458,4.312074291237253
3408,kadid10k,kadid10k/i28,/home/sergey/iqa-data/kadid10k/images/I28_07_04.png,0.2213740458015267,4.263040799218503
3409,kadid10k,kadid10k/i28,/home/sergey/iqa-data/kadid10k/images/I28_07_05.png,0.2544529262086514,4.072769924431442
3410,kadid10k,kadid10k/i28,/home/sergey/iqa-data/kadid10k/images/I28_08_01.png,0.94910941475827,4.764399130626284
3411,kadid10k,kadid10k/i28,/home/sergey/iqa-data/kadid10k/images/I28_08_02.png,0.6437659033078881,4.883711505265701
3412,kadid10k,kadid10k/i28,/home/sergey/iqa-data/kadid10k/images/I28_08_03.png,0.3740458015267176,5.380882751683344
3413,kadid10k,kadid10k/i28,/home/sergey/iqa-data/kadid10k/images/I28_08_04.png,0.1450381679389313,5.413444466050803
3414,kadid10k,kadid10k/i28,/home/sergey/iqa-data/kadid10k/images/I28_08_05.png,0.1017811704834605,6.0870743220500465
3415,kadid10k,kadid10k/i28,/home/sergey/iqa-data/kadid10k/images/I28_09_01.png,0.8651399491094149,5.376881915893207
3416,kadid10k,kadid10k/i28,/home/sergey/iqa-data/kadid10k/images/I28_09_02.png,0.8218829516539442,6.215898094268574
3417,kadid10k,kadid10k/i28,/home/sergey/iqa-data/kadid10k/images/I28_09_03.png,0.8829516539440203,6.80644782542847
3418,kadid10k,kadid10k/i28,/home/sergey/iqa-data/kadid10k/images/I28_09_04.png,0.5089058524173028,9.422590016837104
3419,kadid10k,kadid10k/i28,/home/sergey/iqa-data/kadid10k/images/I28_09_05.png,0.1017811704834605,11.221744981536544
3420,kadid10k,kadid10k/i28,/home/sergey/iqa-data/kadid10k/images/I28_10_01.png,0.8218829516539442,4.926048066381392
3421,kadid10k,kadid10k/i28,/home/sergey/iqa-data/kadid10k/images/I28_10_02.png,0.796437659033079,5.253105274790239
3422,kadid10k,kadid10k/i28,/home/sergey/iqa-data/kadid10k/images/I28_10_03.png,0.712468193384224,5.630949449473957
3423,kadid10k,kadid10k/i28,/home/sergey/iqa-data/kadid10k/images/I28_10_04.png,0.2620865139949109,7.827672688450429
3424,kadid10k,kadid10k/i28,/home/sergey/iqa-data/kadid10k/images/I28_10_05.png,0.0763358778625954,9.90791390194197
3425,kadid10k,kadid10k/i28,/home/sergey/iqa-data/kadid10k/images/I28_11_01.png,0.7888040712468193,7.162364511452724
3426,kadid10k,kadid10k/i28,/home/sergey/iqa-data/kadid10k/images/I28_11_02.png,0.6284987277353691,7.70942057102735
3427,kadid10k,kadid10k/i28,/home/sergey/iqa-data/kadid10k/images/I28_11_03.png,0.4910941475826972,8.21373012916955
3428,kadid10k,kadid10k/i28,/home/sergey/iqa-data/kadid10k/images/I28_11_04.png,0.4325699745547074,9.317657207418234
3429,kadid10k,kadid10k/i28,/home/sergey/iqa-data/kadid10k/images/I28_11_05.png,0.3384223918575064,9.970882662393853
3430,kadid10k,kadid10k/i28,/home/sergey/iqa-data/kadid10k/images/I28_12_01.png,0.8829516539440203,5.543584443681177
3431,kadid10k,kadid10k/i28,/home/sergey/iqa-data/kadid10k/images/I28_12_02.png,0.6615776081424937,7.4337189382453674
3432,kadid10k,kadid10k/i28,/home/sergey/iqa-data/kadid10k/images/I28_12_03.png,0.5597964376590332,8.557539922760714
3433,kadid10k,kadid10k/i28,/home/sergey/iqa-data/kadid10k/images/I28_12_04.png,0.4249363867684478,8.980861293784672
3434,kadid10k,kadid10k/i28,/home/sergey/iqa-data/kadid10k/images/I28_12_05.png,0.3816793893129771,9.812077892490155
3435,kadid10k,kadid10k/i28,/home/sergey/iqa-data/kadid10k/images/I28_13_01.png,0.5419847328244275,5.2172383823335515
3436,kadid10k,kadid10k/i28,/home/sergey/iqa-data/kadid10k/images/I28_13_02.png,0.4656488549618321,8.324337814962714
3437,kadid10k,kadid10k/i28,/home/sergey/iqa-data/kadid10k/images/I28_13_03.png,0.4071246819338422,12.384993089083405
3438,kadid10k,kadid10k/i28,/home/sergey/iqa-data/kadid10k/images/I28_13_04.png,0.2468193384223918,16.869927324439832
3439,kadid10k,kadid10k/i28,/home/sergey/iqa-data/kadid10k/images/I28_13_05.png,0.2977099236641221,16.66751594570431
3440,kadid10k,kadid10k/i28,/home/sergey/iqa-data/kadid10k/images/I28_14_01.png,0.9083969465648856,4.888434036475232
3441,kadid10k,kadid10k/i28,/home/sergey/iqa-data/kadid10k/images/I28_14_02.png,0.7557251908396948,6.48526237459355
3442,kadid10k,kadid10k/i28,/home/sergey/iqa-data/kadid10k/images/I28_14_03.png,0.6030534351145039,7.768853655041821
3443,kadid10k,kadid10k/i28,/home/sergey/iqa-data/kadid10k/images/I28_14_04.png,0.4402035623409669,8.63134695914441
3444,kadid10k,kadid10k/i28,/home/sergey/iqa-data/kadid10k/images/I28_14_05.png,0.3638676844783716,11.00833930277665
3445,kadid10k,kadid10k/i28,/home/sergey/iqa-data/kadid10k/images/I28_15_01.png,0.6437659033078881,4.935583172407852
3446,kadid10k,kadid10k/i28,/home/sergey/iqa-data/kadid10k/images/I28_15_02.png,0.5419847328244275,4.473443192766853
3447,kadid10k,kadid10k/i28,/home/sergey/iqa-data/kadid10k/images/I28_15_03.png,0.3231552162849873,4.237821690300132
3448,kadid10k,kadid10k/i28,/home/sergey/iqa-data/kadid10k/images/I28_15_04.png,0.1959287531806616,4.680138007671356
3449,kadid10k,kadid10k/i28,/home/sergey/iqa-data/kadid10k/images/I28_15_05.png,0.1450381679389313,5.701348223261803
3450,kadid10k,kadid10k/i28,/home/sergey/iqa-data/kadid10k/images/I28_16_01.png,0.9236641221374048,4.747209584009759
3451,kadid10k,kadid10k/i28,/home/sergey/iqa-data/kadid10k/images/I28_16_02.png,0.8982188295165395,4.70218935415393
3452,kadid10k,kadid10k/i28,/home/sergey/iqa-data/kadid10k/images/I28_16_03.png,0.8218829516539442,4.756625619443109
3453,kadid10k,kadid10k/i28,/home/sergey/iqa-data/kadid10k/images/I28_16_04.png,0.534351145038168,5.4235084485293426
3454,kadid10k,kadid10k/i28,/home/sergey/iqa-data/kadid10k/images/I28_16_05.png,0.3307888040712468,5.4970972668367954
3455,kadid10k,kadid10k/i28,/home/sergey/iqa-data/kadid10k/images/I28_17_01.png,0.9592875318066156,4.7638879066024815
3456,kadid10k,kadid10k/i28,/home/sergey/iqa-data/kadid10k/images/I28_17_02.png,0.9083969465648856,4.59712817168501
3457,kadid10k,kadid10k/i28,/home/sergey/iqa-data/kadid10k/images/I28_17_03.png,0.8142493638676845,4.640198579633615
3458,kadid10k,kadid10k/i28,/home/sergey/iqa-data/kadid10k/images/I28_17_04.png,0.6437659033078881,4.603408358816886
3459,kadid10k,kadid10k/i28,/home/sergey/iqa-data/kadid10k/images/I28_17_05.png,0.2544529262086514,5.854182703660427
3460,kadid10k,kadid10k/i28,/home/sergey/iqa-data/kadid10k/images/I28_18_01.png,0.8575063613231553,4.513233976749621
3461,kadid10k,kadid10k/i28,/home/sergey/iqa-data/kadid10k/images/I28_18_02.png,0.916030534351145,4.624579280150252
3462,kadid10k,kadid10k/i28,/home/sergey/iqa-data/kadid10k/images/I28_18_03.png,0.8218829516539442,4.764399130626284
3463,kadid10k,kadid10k/i28,/home/sergey/iqa-data/kadid10k/images/I28_18_04.png,0.8982188295165395,4.752649399647041
3464,kadid10k,kadid10k/i28,/home/sergey/iqa-data/kadid10k/images/I28_18_05.png,0.8218829516539442,4.748505149003865
3465,kadid10k,kadid10k/i28,/home/sergey/iqa-data/kadid10k/images/I28_19_01.png,0.89058524173028,4.818843871306155
3466,kadid10k,kadid10k/i28,/home/sergey/iqa-data/kadid10k/images/I28_19_02.png,0.8727735368956743,4.499688900043745
3467,kadid10k,kadid10k/i28,/home/sergey/iqa-data/kadid10k/images/I28_19_03.png,0.7048346055979644,4.799115676814752
3468,kadid10k,kadid10k/i28,/home/sergey/iqa-data/kadid10k/images/I28_19_04.png,0.3129770992366412,6.82620187478422
3469,kadid10k,kadid10k/i28,/home/sergey/iqa-data/kadid10k/images/I28_19_05.png,0.1348600508905852,10.746895361513147
3470,kadid10k,kadid10k/i28,/home/sergey/iqa-data/kadid10k/images/I28_20_01.png,0.8218829516539442,4.726884469549169
3471,kadid10k,kadid10k/i28,/home/sergey/iqa-data/kadid10k/images/I28_20_02.png,0.6361323155216285,4.67407141935681
3472,kadid10k,kadid10k/i28,/home/sergey/iqa-data/kadid10k/images/I28_20_03.png,0.6030534351145039,4.3755383639129555
3473,kadid10k,kadid10k/i28,/home/sergey/iqa-data/kadid10k/images/I28_20_04.png,0.5419847328244275,4.113559737408807
3474,kadid10k,kadid10k/i28,/home/sergey/iqa-data/kadid10k/images/I28_20_05.png,0.4910941475826972,4.210913370911908
3475,kadid10k,kadid10k/i28,/home/sergey/iqa-data/kadid10k/images/I28_21_01.png,0.7633587786259542,4.561447387052799
3476,kadid10k,kadid10k/i28,/home/sergey/iqa-data/kadid10k/images/I28_21_02.png,0.6539440203562341,5.219779736224006
3477,kadid10k,kadid10k/i28,/home/sergey/iqa-data/kadid10k/images/I28_21_03.png,0.5674300254452926,5.8600085569615565
3478,kadid10k,kadid10k/i28,/home/sergey/iqa-data/kadid10k/images/I28_21_04.png,0.5267175572519084,6.544768812250571
3479,kadid10k,kadid10k/i28,/home/sergey/iqa-data/kadid10k/images/I28_21_05.png,0.1959287531806616,10.005008131224734
3480,kadid10k,kadid10k/i28,/home/sergey/iqa-data/kadid10k/images/I28_22_01.png,0.8142493638676845,4.6870032612885915
3481,kadid10k,kadid10k/i28,/home/sergey/iqa-data/kadid10k/images/I28_22_02.png,0.6437659033078881,5.047095225399129
3482,kadid10k,kadid10k/i28,/home/sergey/iqa-data/kadid10k/images/I28_22_03.png,0.6793893129770993,5.313155570091411
3483,kadid10k,kadid10k/i28,/home/sergey/iqa-data/kadid10k/images/I28_22_04.png,0.4910941475826972,5.259088069232967
3484,kadid10k,kadid10k/i28,/home/sergey/iqa-data/kadid10k/images/I28_22_05.png,0.3307888040712468,5.891044131256295
3485,kadid10k,kadid10k/i28,/home/sergey/iqa-data/kadid10k/images/I28_23_01.png,0.5852417302798982,4.70177094797296
3486,kadid10k,kadid10k/i28,/home/sergey/iqa-data/kadid10k/images/I28_23_02.png,0.2620865139949109,4.7165897481628685
3487,kadid10k,kadid10k/i28,/home/sergey/iqa-data/kadid10k/images/I28_23_03.png,0.4300254452926209,4.7039197732288365
3488,kadid10k,kadid10k/i28,/home/sergey/iqa-data/kadid10k/images/I28_23_04.png,0.3231552162849873,4.590556754253249
3489,kadid10k,kadid10k/i28,/home/sergey/iqa-data/kadid10k/images/I28_23_05.png,0.2620865139949109,4.9493205589305465
3490,kadid10k,kadid10k/i28,/home/sergey/iqa-data/kadid10k/images/I28_24_01.png,0.8142493638676845,3.8481838597594744
3491,kadid10k,kadid10k/i28,/home/sergey/iqa-data/kadid10k/images/I28_24_02.png,0.5089058524173028,3.5621724479976367
3492,kadid10k,kadid10k/i28,/home/sergey/iqa-data/kadid10k/images/I28_24_03.png,0.4758269720101782,3.5100197133754993
3493,kadid10k,kadid10k/i28,/home/sergey/iqa-data/kadid10k/images/I28_24_04.png,0.2875318066157761,3.3746635082911447
3494,kadid10k,kadid10k/i28,/home/sergey/iqa-data/kadid10k/images/I28_24_05.png,0.1526717557251908,3.570026206027232
3495,kadid10k,kadid10k/i28,/home/sergey/iqa-data/kadid10k/images/I28_25_01.png,0.6310432569974556,4.887099957566735
3496,kadid10k,kadid10k/i28,/home/sergey/iqa-data/kadid10k/images/I28_25_02.png,0.796437659033079,4.766489490468941
3497,kadid10k,kadid10k/i28,/home/sergey/iqa-data/kadid10k/images/I28_25_03.png,0.8727735368956743,4.737027778570919
3498,kadid10k,kadid10k/i28,/home/sergey/iqa-data/kadid10k/images/I28_25_04.png,0.8651399491094149,4.611522854342111
3499,kadid10k,kadid10k/i28,/home/sergey/iqa-data/kadid10k/images/I28_25_05.png,0.6946564885496184,4.415921149836727
3625,kadid10k,kadid10k/i30,/home/sergey/iqa-data/kadid10k/images/I30_01_01.png,0.916030534351145,4.791835688167303
3626,kadid10k,kadid10k/i30,/home/sergey/iqa-data/kadid10k/images/I30_01_02.png,0.916030534351145,5.1867582540316555
3627,kadid10k,kadid10k/i30,/home/sergey/iqa-data/kadid10k/images/I30_01_03.png,0.7455470737913487,6.572932820581382
3628,kadid10k,kadid10k/i30,/home/sergey/iqa-data/kadid10k/images/I30_01_04.png,0.4147582697201017,7.874878510597864
3629,kadid10k,kadid10k/i30,/home/sergey/iqa-data/kadid10k/images/I30_01_05.png,0.0661577608142493,10.856128463811075
3630,kadid10k,kadid10k/i30,/home/sergey/iqa-data/kadid10k/images/I30_02_01.png,0.9338422391857508,5.613021239491731
3631,kadid10k,kadid10k/i30,/home/sergey/iqa-data/kadid10k/images/I30_02_02.png,0.6895674300254453,6.843186660505887
3632,kadid10k,kadid10k/i30,/home/sergey/iqa-data/kadid10k/images/I30_02_03.png,0.3053435114503817,8.312863747073534
3633,kadid10k,kadid10k/i30,/home/sergey/iqa-data/kadid10k/images/I30_02_04.png,0.1959287531806616,9.454695922621045
3634,kadid10k,kadid10k/i30,/home/sergey/iqa-data/kadid10k/images/I30_02_05.png,0.1272264631043257,10.221992718049245
3635,kadid10k,kadid10k/i30,/home/sergey/iqa-data/kadid10k/images/I30_03_01.png,0.9338422391857508,4.791835688167303
3636,kadid10k,kadid10k/i30,/home/sergey/iqa-data/kadid10k/images/I30_03_02.png,0.9414758269720104,5.35739271459113
3637,kadid10k,kadid10k/i30,/home/sergey/iqa-data/kadid10k/images/I30_03_03.png,0.6870229007633589,6.612533192360082
3638,kadid10k,kadid10k/i30,/home/sergey/iqa-data/kadid10k/images/I30_03_04.png,0.5089058524173028,6.961493889990873
3639,kadid10k,kadid10k/i30,/home/sergey/iqa-data/kadid10k/images/I30_03_05.png,0.3384223918575064,7.749087312315029
3640,kadid10k,kadid10k/i30,/home/sergey/iqa-data/kadid10k/images/I30_04_01.png,0.9236641221374048,4.336394697131165
3641,kadid10k,kadid10k/i30,/home/sergey/iqa-data/kadid10k/images/I30_04_02.png,0.5852417302798982,5.322025361919075
3642,kadid10k,kadid10k/i30,/home/sergey/iqa-data/kadid10k/images/I30_04_03.png,0.2290076335877862,6.002563794208192
3643,kadid10k,kadid10k/i30,/home/sergey/iqa-data/kadid10k/images/I30_04_04.png,0.1272264631043257,8.59487067377467
3644,kadid10k,kadid10k/i30,/home/sergey/iqa-data/kadid10k/images/I30_04_05.png,0.0178117048346056,20.935225965333558
3645,kadid10k,kadid10k/i30,/home/sergey/iqa-data/kadid10k/images/I30_05_01.png,0.9592875318066156,5.244072080116424
3646,kadid10k,kadid10k/i30,/home/sergey/iqa-data/kadid10k/images/I30_05_02.png,0.7201017811704835,5.048058324497523
3647,kadid10k,kadid10k/i30,/home/sergey/iqa-data/kadid10k/images/I30_05_03.png,0.4834605597964376,4.985857432923015
3648,kadid10k,kadid10k/i30,/home/sergey/iqa-data/kadid10k/images/I30_05_04.png,0.4580152671755725,4.893242906876924
3649,kadid10k,kadid10k/i30,/home/sergey/iqa-data/kadid10k/images/I30_05_05.png,0.3816793893129771,4.978273983594373
3650,kadid10k,kadid10k/i30,/home/sergey/iqa-data/kadid10k/images/I30_06_01.png,0.8651399491094149,10.025676454307622
3651,kadid10k,kadid10k/i30,/home/sergey/iqa-data/kadid10k/images/I30_06_02.png,0.8575063613231553,11.494862339643841
3652,kadid10k,kadid10k/i30,/home/sergey/iqa-data/kadid10k/images/I30_06_03.png,0.7302798982188295,12.969822742427068
3653,kadid10k,kadid10k/i30,/home/sergey/iqa-data/kadid10k/images/I30_06_04.png,0.7201017811704835,13.216902093422592
3654,kadid10k,kadid10k/i30,/home/sergey/iqa-data/kadid10k/images/I30_06_05.png,0.5419847328244275,18.353085627702637
3655,kadid10k,kadid10k/i30,/home/sergey/iqa-data/kadid10k/images/I30_07_01.png,0.6106870229007634,4.193206403773125
3656,kadid10k,kadid10k/i30,/home/sergey/iqa-data/kadid10k/images/I30_07_02.png,0.272264631043257,4.038747255508376
3657,kadid10k,kadid10k/i30,/home/sergey/iqa-data/kadid10k/images/I30_07_03.png,0.3053435114503817,3.9720213681203975
3658,kadid10k,kadid10k/i30,/home/sergey/iqa-data/kadid10k/images/I30_07_04.png,0.3027989821882951,3.8492855645473187
3659,kadid10k,kadid10k/i30,/home/sergey/iqa-data/kadid10k/images/I30_07_05.png,0.2366412213740458,3.922964007974483
3660,kadid10k,kadid10k/i30,/home/sergey/iqa-data/kadid10k/images/I30_08_01.png,0.9338422391857508,4.791835688167303
3661,kadid10k,kadid10k/i30,/home/sergey/iqa-data/kadid10k/images/I30_08_02.png,0.8396946564885497,5.16300774502867
3662,kadid10k,kadid10k/i30,/home/sergey/iqa-data/kadid10k/images/I30_08_03.png,0.5928753180661578,5.104485400265138
3663,kadid10k,kadid10k/i30,/home/sergey/iqa-data/kadid10k/images/I30_08_04.png,0.4071246819338422,5.543794034449549
3664,kadid10k,kadid10k/i30,/home/sergey/iqa-data/kadid10k/images/I30_08_05.png,0.1094147582697201,12.81915852367153
3665,kadid10k,kadid10k/i30,/home/sergey/iqa-data/kadid10k/images/I30_09_01.png,0.9363867684478372,5.216709342901212
3666,kadid10k,kadid10k/i30,/home/sergey/iqa-data/kadid10k/images/I30_09_02.png,0.916030534351145,5.8547322803161235
3667,kadid10k,kadid10k/i30,/home/sergey/iqa-data/kadid10k/images/I30_09_03.png,0.94910941475827,6.092285199774828
3668,kadid10k,kadid10k/i30,/home/sergey/iqa-data/kadid10k/images/I30_09_04.png,0.6870229007633589,8.451390370333808
3669,kadid10k,kadid10k/i30,/home/sergey/iqa-data/kadid10k/images/I30_09_05.png,0.1857506361323155,9.96673131925476
3670,kadid10k,kadid10k/i30,/home/sergey/iqa-data/kadid10k/images/I30_10_01.png,0.8982188295165395,5.52348917490939
3671,kadid10k,kadid10k/i30,/home/sergey/iqa-data/kadid10k/images/I30_10_02.png,0.8829516539440203,6.1988669858078564
3672,kadid10k,kadid10k/i30,/home/sergey/iqa-data/kadid10k/images/I30_10_03.png,0.8575063613231553,6.0932485066278845
3673,kadid10k,kadid10k/i30,/home/sergey/iqa-data/kadid10k/images/I30_10_04.png,0.1959287531806616,11.335159721315511
3674,kadid10k,kadid10k/i30,/home/sergey/iqa-data/kadid10k/images/I30_10_05.png,0.0585241730279898,16.007263865681892
3675,kadid10k,kadid10k/i30,/home/sergey/iqa-data/kadid10k/images/I30_11_01.png,0.6793893129770993,8.818882332850729
3676,kadid10k,kadid10k/i30,/home/sergey/iqa-data/kadid10k/images/I30_11_02.png,0.5597964376590332,9.910214309985724
3677,kadid10k,kadid10k/i30,/home/sergey/iqa-data/kadid10k/images/I30_11_03.png,0.5012722646310434,10.00054160863074
3678,kadid10k,kadid10k/i30,/home/sergey/iqa-data/kadid10k/images/I30_11_04.png,0.4402035623409669,10.668164828141178
3679,kadid10k,kadid10k/i30,/home/sergey/iqa-data/kadid10k/images/I30_11_05.png,0.3358778625954198,12.057719667550815
3680,kadid10k,kadid10k/i30,/home/sergey/iqa-data/kadid10k/images/I30_12_01.png,0.8727735368956743,7.14038690804164
3681,kadid10k,kadid10k/i30,/home/sergey/iqa-data/kadid10k/images/I30_12_02.png,0.6106870229007634,9.843225577868491
3682,kadid10k,kadid10k/i30,/home/sergey/iqa-data/kadid10k/images/I30_12_03.png,0.5165394402035624,10.348732917854129
3683,kadid10k,kadid10k/i30,/home/sergey/iqa-data/kadid10k/images/I30_12_04.png,0.450381679389313,10.72936929330639
3684,kadid10k,kadid10k/i30,/home/sergey/iqa-data/kadid10k/images/I30_12_05.png,0.3129770992366412,11.807568211892278
3685,kadid10k,kadid10k/i30,/home/sergey/iqa-data/kadid10k/images/I30_13_01.png,0.7048346055979644,5.787485799176162
3686,kadid10k,kadid10k/i30,/home/sergey/iqa-data/kadid10k/images/I30_13_02.png,0.5012722646310434,9.867289279390134
3687,kadid10k,kadid10k/i30,/home/sergey/iqa-data/kadid10k/images/I30_13_03.png,0.3893129770992366,14.289529404015692
3688,kadid10k,kadid10k/i30,/home/sergey/iqa-data/kadid10k/images/I30_13_04.png,0.4147582697201017,22.70619320956397
3689,kadid10k,kadid10k/i30,/home/sergey/iqa-data/kadid10k/images/I30_13_05.png,0.3206106870229007,25.45905053998442
3690,kadid10k,kadid10k/i30,/home/sergey/iqa-data/kadid10k/images/I30_14_01.png,0.8651399491094149,6.908557836992363
3691,kadid10k,kadid10k/i30,/home/sergey/iqa-data/kadid10k/images/I30_14_02.png,0.5521628498727735,10.470689139082758
3692,kadid10k,kadid10k/i30,/home/sergey/iqa-data/kadid10k/images/I30_14_03.png,0.4656488549618321,12.07254996878809
3693,kadid10k,kadid10k/i30,/home/sergey/iqa-data/kadid10k/images/I30_14_04.png,0.3307888040712468,15.506312284927832
3694,kadid10k,kadid10k/i30,/home/sergey/iqa-data/kadid10k/images/I30_14_05.png,0.2798982188295166,17.254807719627095
3695,kadid10k,kadid10k/i30,/home/sergey/iqa-data/kadid10k/images/I30_15_01.png,0.7302798982188295,4.5884685883610254
3696,kadid10k,kadid10k/i30,/home/sergey/iqa-data/kadid10k/images/I30_15_02.png,0.4071246819338422,4.390663973145781
3697,kadid10k,kadid10k/i30,/home/sergey/iqa-data/kadid10k/images/I30_15_03.png,0.2875318066157761,4.339671761296229
3698,kadid10k,kadid10k/i30,/home/sergey/iqa-data/kadid10k/images/I30_15_04.png,0.0839694656488549,4.94352948259407
3699,kadid10k,kadid10k/i30,/home/sergey/iqa-data/kadid10k/images/I30_15_05.png,0.0763358778625954,6.086649282400081
3700,kadid10k,kadid10k/i30,/home/sergey/iqa-data/kadid10k/images/I30_16_01.png,0.9236641221374048,4.7624571675484155
3701,kadid10k,kadid10k/i30,/home/sergey/iqa-data/kadid10k/images/I30_16_02.png,0.8142493638676845,4.760330787661181
3702,kadid10k,kadid10k/i30,/home/sergey/iqa-data/kadid10k/images/I30_16_03.png,0.6615776081424937,4.729251161074218
3703,kadid10k,kadid10k/i30,/home/sergey/iqa-data/kadid10k/images/I30_16_04.png,0.3816793893129771,4.64258910766554
3704,kadid10k,kadid10k/i30,/home/sergey/iqa-data/kadid10k/images/I30_16_05.png,0.1221374045801526,4.855225937422656
3705,kadid10k,kadid10k/i30,/home/sergey/iqa-data/kadid10k/images/I30_17_01.png,0.94910941475827,4.722410216644687
3706,kadid10k,kadid10k/i30,/home/sergey/iqa-data/kadid10k/images/I30_17_02.png,0.89058524173028,4.650483922987342
3707,kadid10k,kadid10k/i30,/home/sergey/iqa-data/kadid10k/images/I30_17_03.png,0.8651399491094149,4.679473083630789
3708,kadid10k,kadid10k/i30,/home/sergey/iqa-data/kadid10k/images/I30_17_04.png,0.6793893129770993,4.712705271879243
3709,kadid10k,kadid10k/i30,/home/sergey/iqa-data/kadid10k/images/I30_17_05.png,0.4249363867684478,4.493317853916755
3710,kadid10k,kadid10k/i30,/home/sergey/iqa-data/kadid10k/images/I30_18_01.png,0.7633587786259542,4.6460611508046865
3711,kadid10k,kadid10k/i30,/home/sergey/iqa-data/kadid10k/images/I30_18_02.png,0.8982188295165395,4.641997303600307
3712,kadid10k,kadid10k/i30,/home/sergey/iqa-data/kadid10k/images/I30_18_03.png,0.974554707379135,4.791835688167303
3713,kadid10k,kadid10k/i30,/home/sergey/iqa-data/kadid10k/images/I30_18_04.png,0.9185750636132316,4.682447894095069
3714,kadid10k,kadid10k/i30,/home/sergey/iqa-data/kadid10k/images/I30_18_05.png,0.8396946564885497,4.714014558850287
3715,kadid10k,kadid10k/i30,/home/sergey/iqa-data/kadid10k/images/I30_19_01.png,0.9923664122137408,4.736729382004106
3716,kadid10k,kadid10k/i30,/home/sergey/iqa-data/kadid10k/images/I30_19_02.png,0.916030534351145,4.7306281150236655
3717,kadid10k,kadid10k/i30,/home/sergey/iqa-data/kadid10k/images/I30_19_03.png,0.83206106870229,4.771736911157617
3718,kadid10k,kadid10k/i30,/home/sergey/iqa-data/kadid10k/images/I30_19_04.png,0.3893129770992366,6.422283945106169
3719,kadid10k,kadid10k/i30,/home/sergey/iqa-data/kadid10k/images/I30_19_05.png,0.2111959287531807,9.255162195949037
3720,kadid10k,kadid10k/i30,/home/sergey/iqa-data/kadid10k/images/I30_20_01.png,0.8473282442748092,4.690362790982032
3721,kadid10k,kadid10k/i30,/home/sergey/iqa-data/kadid10k/images/I30_20_02.png,0.6793893129770993,4.368107241339367
3722,kadid10k,kadid10k/i30,/home/sergey/iqa-data/kadid10k/images/I30_20_03.png,0.712468193384224,4.599451707449852
3723,kadid10k,kadid10k/i30,/home/sergey/iqa-data/kadid10k/images/I30_20_04.png,0.7150127226463106,4.2574716822632945
3724,kadid10k,kadid10k/i30,/home/sergey/iqa-data/kadid10k/images/I30_20_05.png,0.5165394402035624,4.357479954974589
3725,kadid10k,kadid10k/i30,/home/sergey/iqa-data/kadid10k/images/I30_21_01.png,0.83206106870229,4.565094412324724
3726,kadid10k,kadid10k/i30,/home/sergey/iqa-data/kadid10k/images/I30_21_02.png,0.6946564885496184,4.802396889591678
3727,kadid10k,kadid10k/i30,/home/sergey/iqa-data/kadid10k/images/I30_21_03.png,0.6819338422391859,5.071892046208195
3728,kadid10k,kadid10k/i30,/home/sergey/iqa-data/kadid10k/images/I30_21_04.png,0.6946564885496184,5.442388586471391
3729,kadid10k,kadid10k/i30,/home/sergey/iqa-data/kadid10k/images/I30_21_05.png,0.2544529262086514,8.4036526417613
3730,kadid10k,kadid10k/i30,/home/sergey/iqa-data/kadid10k/images/I30_22_01.png,0.8396946564885497,5.479454580028387
3731,kadid10k,kadid10k/i30,/home/sergey/iqa-data/kadid10k/images/I30_22_02.png,0.6793893129770993,5.720405997120935
3732,kadid10k,kadid10k/i30,/home/sergey/iqa-data/kadid10k/images/I30_22_03.png,0.5776081424936387,6.067283245268926
3733,kadid10k,kadid10k/i30,/home/sergey/iqa-data/kadid10k/images/I30_22_04.png,0.450381679389313,7.491759322393704
3734,kadid10k,kadid10k/i30,/home/sergey/iqa-data/kadid10k/images/I30_22_05.png,0.3994910941475826,7.847189652439984
3735,kadid10k,kadid10k/i30,/home/sergey/iqa-data/kadid10k/images/I30_23_01.png,0.3384223918575064,4.783354363202459
3736,kadid10k,kadid10k/i30,/home/sergey/iqa-data/kadid10k/images/I30_23_02.png,0.2875318066157761,5.321614641993064
3737,kadid10k,kadid10k/i30,/home/sergey/iqa-data/kadid10k/images/I30_23_03.png,0.3231552162849873,4.875105203541974
3738,kadid10k,kadid10k/i30,/home/sergey/iqa-data/kadid10k/images/I30_23_04.png,0.2875318066157761,5.111060740648472
3739,kadid10k,kadid10k/i30,/home/sergey/iqa-data/kadid10k/images/I30_23_05.png,0.356234096692112,5.348466236867699
3740,kadid10k,kadid10k/i30,/home/sergey/iqa-data/kadid10k/images/I30_24_01.png,0.8473282442748092,3.763288039401039
3741,kadid10k,kadid10k/i30,/home/sergey/iqa-data/kadid10k/images/I30_24_02.png,0.6870229007633589,3.3863282567173707
3742,kadid10k,kadid10k/i30,/home/sergey/iqa-data/kadid10k/images/I30_24_03.png,0.5267175572519084,3.26184116246346
3743,kadid10k,kadid10k/i30,/home/sergey/iqa-data/kadid10k/images/I30_24_04.png,0.3053435114503817,3.558448407998855
3744,kadid10k,kadid10k/i30,/home/sergey/iqa-data/kadid10k/images/I30_24_05.png,0.1450381679389313,4.4389067906567625
3745,kadid10k,kadid10k/i30,/home/sergey/iqa-data/kadid10k/images/I30_25_01.png,0.6692111959287532,4.594584243293487
3746,kadid10k,kadid10k/i30,/home/sergey/iqa-data/kadid10k/images/I30_25_02.png,0.8651399491094149,4.633406101001995
3747,kadid10k,kadid10k/i30,/home/sergey/iqa-data/kadid10k/images/I30_25_03.png,0.9669211195928752,4.654557131979722
3748,kadid10k,kadid10k/i30,/home/sergey/iqa-data/kadid10k/images/I30_25_04.png,0.8651399491094149,4.7805263970179555
3749,kadid10k,kadid10k/i30,/home/sergey/iqa-data/kadid10k/images/I30_25_05.png,0.6946564885496184,4.90988502182028
4125,kadid10k,kadid10k/i34,/home/sergey/iqa-data/kadid10k/images/I34_01_01.png,0.916030534351145,2.557621812643507
4126,kadid10k,kadid10k/i34,/home/sergey/iqa-data/kadid10k/images/I34_01_02.png,0.8575063613231553,2.2529980810405004
4127,kadid10k,kadid10k/i34,/home/sergey/iqa-data/kadid10k/images/I34_01_03.png,0.5012722646310434,4.987591983840014
4128,kadid10k,kadid10k/i34,/home/sergey/iqa-data/kadid10k/images/I34_01_04.png,0.178117048346056,7.973006288291144
4129,kadid10k,kadid10k/i34,/home/sergey/iqa-data/kadid10k/images/I34_01_05.png,0.0763358778625954,11.314430458605838
4130,kadid10k,kadid10k/i34,/home/sergey/iqa-data/kadid10k/images/I34_02_01.png,0.7201017811704835,3.267005720677053
4131,kadid10k,kadid10k/i34,/home/sergey/iqa-data/kadid10k/images/I34_02_02.png,0.4249363867684478,5.317118372936552
4132,kadid10k,kadid10k/i34,/home/sergey/iqa-data/kadid10k/images/I34_02_03.png,0.2035623409669211,7.974127480852304
4133,kadid10k,kadid10k/i34,/home/sergey/iqa-data/kadid10k/images/I34_02_04.png,0.094147582697201,9.001262396899804
4134,kadid10k,kadid10k/i34,/home/sergey/iqa-data/kadid10k/images/I34_02_05.png,0.0839694656488549,10.364855058529859
4135,kadid10k,kadid10k/i34,/home/sergey/iqa-data/kadid10k/images/I34_03_01.png,0.8727735368956743,2.557621812643507
4136,kadid10k,kadid10k/i34,/home/sergey/iqa-data/kadid10k/images/I34_03_02.png,0.7709923664122139,3.4088151479067554
4137,kadid10k,kadid10k/i34,/home/sergey/iqa-data/kadid10k/images/I34_03_03.png,0.4834605597964376,7.200583752808066
4138,kadid10k,kadid10k/i34,/home/sergey/iqa-data/kadid10k/images/I34_03_04.png,0.2977099236641221,6.008818148444685
4139,kadid10k,kadid10k/i34,/home/sergey/iqa-data/kadid10k/images/I34_03_05.png,0.178117048346056,8.866256494637726
4140,kadid10k,kadid10k/i34,/home/sergey/iqa-data/kadid10k/images/I34_04_01.png,0.916030534351145,2.535854607551104
4141,kadid10k,kadid10k/i34,/home/sergey/iqa-data/kadid10k/images/I34_04_02.png,0.3994910941475826,2.403725595232959
4142,kadid10k,kadid10k/i34,/home/sergey/iqa-data/kadid10k/images/I34_04_03.png,0.2111959287531807,2.532671246670135
4143,kadid10k,kadid10k/i34,/home/sergey/iqa-data/kadid10k/images/I34_04_04.png,0.2977099236641221,2.609198535308815
4144,kadid10k,kadid10k/i34,/home/sergey/iqa-data/kadid10k/images/I34_04_05.png,0.0585241730279898,3.2272562029911755
4145,kadid10k,kadid10k/i34,/home/sergey/iqa-data/kadid10k/images/I34_05_01.png,0.7888040712468193,3.1817254659812075
4146,kadid10k,kadid10k/i34,/home/sergey/iqa-data/kadid10k/images/I34_05_02.png,0.4910941475826972,3.855544806822937
4147,kadid10k,kadid10k/i34,/home/sergey/iqa-data/kadid10k/images/I34_05_03.png,0.1704834605597964,2.5802262717118474
4148,kadid10k,kadid10k/i34,/home/sergey/iqa-data/kadid10k/images/I34_05_04.png,0.1603053435114503,2.355720784701403
4149,kadid10k,kadid10k/i34,/home/sergey/iqa-data/kadid10k/images/I34_05_05.png,0.1017811704834605,2.5910716059398475
4150,kadid10k,kadid10k/i34,/home/sergey/iqa-data/kadid10k/images/I34_06_01.png,0.8218829516539442,5.294498595124784
4151,kadid10k,kadid10k/i34,/home/sergey/iqa-data/kadid10k/images/I34_06_02.png,0.7633587786259542,6.302932401518689
4152,kadid10k,kadid10k/i34,/home/sergey/iqa-data/kadid10k/images/I34_06_03.png,0.7557251908396948,6.304132193616394
4153,kadid10k,kadid10k/i34,/home/sergey/iqa-data/kadid10k/images/I34_06_04.png,0.7302798982188295,8.676643963822825
4154,kadid10k,kadid10k/i34,/home/sergey/iqa-data/kadid10k/images/I34_06_05.png,0.356234096692112,11.12459516571692
4155,kadid10k,kadid10k/i34,/home/sergey/iqa-data/kadid10k/images/I34_07_01.png,0.4758269720101782,2.5612149554753088
4156,kadid10k,kadid10k/i34,/home/sergey/iqa-data/kadid10k/images/I34_07_02.png,0.3994910941475826,2.569481831195305
4157,kadid10k,kadid10k/i34,/home/sergey/iqa-data/kadid10k/images/I34_07_03.png,0.3129770992366412,2.562743498493751
4158,kadid10k,kadid10k/i34,/home/sergey/iqa-data/kadid10k/images/I34_07_04.png,0.2977099236641221,2.5648730669585587
4159,kadid10k,kadid10k/i34,/home/sergey/iqa-data/kadid10k/images/I34_07_05.png,0.4605597964376591,2.477636669098592
4160,kadid10k,kadid10k/i34,/home/sergey/iqa-data/kadid10k/images/I34_08_01.png,0.9338422391857508,2.557621812643507
4161,kadid10k,kadid10k/i34,/home/sergey/iqa-data/kadid10k/images/I34_08_02.png,0.5165394402035624,2.4853380198199595
4162,kadid10k,kadid10k/i34,/home/sergey/iqa-data/kadid10k/images/I34_08_03.png,0.4071246819338422,2.3689885980054637
4163,kadid10k,kadid10k/i34,/home/sergey/iqa-data/kadid10k/images/I34_08_04.png,0.2035623409669211,2.293613119922353
4164,kadid10k,kadid10k/i34,/home/sergey/iqa-data/kadid10k/images/I34_08_05.png,0.094147582697201,2.720788577609223
4165,kadid10k,kadid10k/i34,/home/sergey/iqa-data/kadid10k/images/I34_09_01.png,0.916030534351145,3.1725420425357624
4166,kadid10k,kadid10k/i34,/home/sergey/iqa-data/kadid10k/images/I34_09_02.png,0.8218829516539442,4.78614184101092
4167,kadid10k,kadid10k/i34,/home/sergey/iqa-data/kadid10k/images/I34_09_03.png,0.7379134860050891,6.07975415883599
4168,kadid10k,kadid10k/i34,/home/sergey/iqa-data/kadid10k/images/I34_09_04.png,0.4020356234096692,8.005146330868222
4169,kadid10k,kadid10k/i34,/home/sergey/iqa-data/kadid10k/images/I34_09_05.png,0.0508905852417302,9.7786385813144
4170,kadid10k,kadid10k/i34,/home/sergey/iqa-data/kadid10k/images/I34_10_01.png,0.89058524173028,3.1122156218860884
4171,kadid10k,kadid10k/i34,/home/sergey/iqa-data/kadid10k/images/I34_10_02.png,0.89058524173028,3.069044910780091
4172,kadid10k,kadid10k/i34,/home/sergey/iqa-data/kadid10k/images/I34_10_03.png,0.712468193384224,3.6117365748972237
4173,kadid10k,kadid10k/i34,/home/sergey/iqa-data/kadid10k/images/I34_10_04.png,0.1348600508905852,9.002146454108788
4174,kadid10k,kadid10k/i34,/home/sergey/iqa-data/kadid10k/images/I34_10_05.png,0.0432569974554707,16.316077334733208
4175,kadid10k,kadid10k/i34,/home/sergey/iqa-data/kadid10k/images/I34_11_01.png,0.78117048346056,4.691167796058339
4176,kadid10k,kadid10k/i34,/home/sergey/iqa-data/kadid10k/images/I34_11_02.png,0.5521628498727735,5.576460040865283
4177,kadid10k,kadid10k/i34,/home/sergey/iqa-data/kadid10k/images/I34_11_03.png,0.5674300254452926,6.663962088918814
4178,kadid10k,kadid10k/i34,/home/sergey/iqa-data/kadid10k/images/I34_11_04.png,0.3893129770992366,7.264394190031046
4179,kadid10k,kadid10k/i34,/home/sergey/iqa-data/kadid10k/images/I34_11_05.png,0.2544529262086514,9.809627519526067
4180,kadid10k,kadid10k/i34,/home/sergey/iqa-data/kadid10k/images/I34_12_01.png,0.8727735368956743,3.456874502379181
4181,kadid10k,kadid10k/i34,/home/sergey/iqa-data/kadid10k/images/I34_12_02.png,0.7201017811704835,5.384208583257934
4182,kadid10k,kadid10k/i34,/home/sergey/iqa-data/kadid10k/images/I34_12_03.png,0.5012722646310434,6.905291416690811
4183,kadid10k,kadid10k/i34,/home/sergey/iqa-data/kadid10k/images/I34_12_04.png,0.4580152671755725,7.817954224499946
4184,kadid10k,kadid10k/i34,/home/sergey/iqa-data/kadid10k/images/I34_12_05.png,0.3384223918575064,9.225606236678237
4185,kadid10k,kadid10k/i34,/home/sergey/iqa-data/kadid10k/images/I34_13_01.png,0.6361323155216285,2.7843833624015297
4186,kadid10k,kadid10k/i34,/home/sergey/iqa-data/kadid10k/images/I34_13_02.png,0.3994910941475826,4.865255289412088
4187,kadid10k,kadid10k/i34,/home/sergey/iqa-data/kadid10k/images/I34_13_03.png,0.4147582697201017,6.6341241098938495
4188,kadid10k,kadid10k/i34,/home/sergey/iqa-data/kadid10k/images/I34_13_04.png,0.272264631043257,8.846890836596522
4189,kadid10k,kadid10k/i34,/home/sergey/iqa-data/kadid10k/images/I34_13_05.png,0.2951653944020357,12.320552931050447
4190,kadid10k,kadid10k/i34,/home/sergey/iqa-data/kadid10k/images/I34_14_01.png,0.8142493638676845,3.689971416632816
4191,kadid10k,kadid10k/i34,/home/sergey/iqa-data/kadid10k/images/I34_14_02.png,0.5776081424936387,5.479312853375254
4192,kadid10k,kadid10k/i34,/home/sergey/iqa-data/kadid10k/images/I34_14_03.png,0.4325699745547074,6.112297385231915
4193,kadid10k,kadid10k/i34,/home/sergey/iqa-data/kadid10k/images/I34_14_04.png,0.4147582697201017,7.605954940178349
4194,kadid10k,kadid10k/i34,/home/sergey/iqa-data/kadid10k/images/I34_14_05.png,0.3129770992366412,9.104441127412652
4195,kadid10k,kadid10k/i34,/home/sergey/iqa-data/kadid10k/images/I34_15_01.png,0.5419847328244275,3.318432153931403
4196,kadid10k,kadid10k/i34,/home/sergey/iqa-data/kadid10k/images/I34_15_02.png,0.3740458015267176,3.8532471928792864
4197,kadid10k,kadid10k/i34,/home/sergey/iqa-data/kadid10k/images/I34_15_03.png,0.2213740458015267,4.311803883727736
4198,kadid10k,kadid10k/i34,/home/sergey/iqa-data/kadid10k/images/I34_15_04.png,0.1526717557251908,4.583406132410746
4199,kadid10k,kadid10k/i34,/home/sergey/iqa-data/kadid10k/images/I34_15_05.png,0.1017811704834605,5.501314318760941
4200,kadid10k,kadid10k/i34,/home/sergey/iqa-data/kadid10k/images/I34_16_01.png,0.8829516539440203,2.5858611932922475
4201,kadid10k,kadid10k/i34,/home/sergey/iqa-data/kadid10k/images/I34_16_02.png,0.8142493638676845,2.538258207859287
4202,kadid10k,kadid10k/i34,/home/sergey/iqa-data/kadid10k/images/I34_16_03.png,0.534351145038168,2.5019567704791377
4203,kadid10k,kadid10k/i34,/home/sergey/iqa-data/kadid10k/images/I34_16_04.png,0.2875318066157761,2.9042640847890033
4204,kadid10k,kadid10k/i34,/home/sergey/iqa-data/kadid10k/images/I34_16_05.png,0.1450381679389313,4.523355593014041
4205,kadid10k,kadid10k/i34,/home/sergey/iqa-data/kadid10k/images/I34_17_01.png,0.9236641221374048,2.5469632997588527
4206,kadid10k,kadid10k/i34,/home/sergey/iqa-data/kadid10k/images/I34_17_02.png,0.916030534351145,2.546278678151314
4207,kadid10k,kadid10k/i34,/home/sergey/iqa-data/kadid10k/images/I34_17_03.png,0.712468193384224,2.5089214051112134
4208,kadid10k,kadid10k/i34,/home/sergey/iqa-data/kadid10k/images/I34_17_04.png,0.6183206106870229,2.489681618594152
4209,kadid10k,kadid10k/i34,/home/sergey/iqa-data/kadid10k/images/I34_17_05.png,0.2544529262086514,3.187758137130972
4210,kadid10k,kadid10k/i34,/home/sergey/iqa-data/kadid10k/images/I34_18_01.png,0.7201017811704835,2.559171478899496
4211,kadid10k,kadid10k/i34,/home/sergey/iqa-data/kadid10k/images/I34_18_02.png,0.9236641221374048,2.5061841495047004
4212,kadid10k,kadid10k/i34,/home/sergey/iqa-data/kadid10k/images/I34_18_03.png,0.9312977099236642,2.557621812643507
4213,kadid10k,kadid10k/i34,/home/sergey/iqa-data/kadid10k/images/I34_18_04.png,0.8473282442748092,2.6052110425822694
4214,kadid10k,kadid10k/i34,/home/sergey/iqa-data/kadid10k/images/I34_18_05.png,0.6793893129770993,2.663443622030648
4215,kadid10k,kadid10k/i34,/home/sergey/iqa-data/kadid10k/images/I34_19_01.png,0.8651399491094149,2.4579980834073516
4216,kadid10k,kadid10k/i34,/home/sergey/iqa-data/kadid10k/images/I34_19_02.png,0.8142493638676845,2.2049544920618005
4217,kadid10k,kadid10k/i34,/home/sergey/iqa-data/kadid10k/images/I34_19_03.png,0.6743002544529262,2.791872756503198
4218,kadid10k,kadid10k/i34,/home/sergey/iqa-data/kadid10k/images/I34_19_04.png,0.1959287531806616,6.514651223927393
4219,kadid10k,kadid10k/i34,/home/sergey/iqa-data/kadid10k/images/I34_19_05.png,0.094147582697201,9.911251478773625
4220,kadid10k,kadid10k/i34,/home/sergey/iqa-data/kadid10k/images/I34_20_01.png,0.89058524173028,2.592719327475372
4221,kadid10k,kadid10k/i34,/home/sergey/iqa-data/kadid10k/images/I34_20_02.png,0.7455470737913487,2.544518389420481
4222,kadid10k,kadid10k/i34,/home/sergey/iqa-data/kadid10k/images/I34_20_03.png,0.78117048346056,2.647899015960855
4223,kadid10k,kadid10k/i34,/home/sergey/iqa-data/kadid10k/images/I34_20_04.png,0.6106870229007634,2.559920256313804
4224,kadid10k,kadid10k/i34,/home/sergey/iqa-data/kadid10k/images/I34_20_05.png,0.6106870229007634,2.5138956909328796
4225,kadid10k,kadid10k/i34,/home/sergey/iqa-data/kadid10k/images/I34_21_01.png,0.806615776081425,2.9440404619014626
4226,kadid10k,kadid10k/i34,/home/sergey/iqa-data/kadid10k/images/I34_21_02.png,0.6106870229007634,4.05012637679374
4227,kadid10k,kadid10k/i34,/home/sergey/iqa-data/kadid10k/images/I34_21_03.png,0.4656488549618321,5.217606260898008
4228,kadid10k,kadid10k/i34,/home/sergey/iqa-data/kadid10k/images/I34_21_04.png,0.4249363867684478,5.921119699774618
4229,kadid10k,kadid10k/i34,/home/sergey/iqa-data/kadid10k/images/I34_21_05.png,0.1272264631043257,11.0775974202764
4230,kadid10k,kadid10k/i34,/home/sergey/iqa-data/kadid10k/images/I34_22_01.png,0.8575063613231553,3.674477368750494
4231,kadid10k,kadid10k/i34,/home/sergey/iqa-data/kadid10k/images/I34_22_02.png,0.8829516539440203,3.6890263207683014
4232,kadid10k,kadid10k/i34,/home/sergey/iqa-data/kadid10k/images/I34_22_03.png,0.7302798982188295,4.278565929092425
4233,kadid10k,kadid10k/i34,/home/sergey/iqa-data/kadid10k/images/I34_22_04.png,0.6183206106870229,5.594109755856033
4234,kadid10k,kadid10k/i34,/home/sergey/iqa-data/kadid10k/images/I34_22_05.png,0.3129770992366412,6.2806479844406145
4235,kadid10k,kadid10k/i34,/home/sergey/iqa-data/kadid10k/images/I34_23_01.png,0.3307888040712468,2.767721441641954
4236,kadid10k,kadid10k/i34,/home/sergey/iqa-data/kadid10k/images/I34_23_02.png,0.3384223918575064,2.7408662207413483
4237,kadid10k,kadid10k/i34,/home/sergey/iqa-data/kadid10k/images/I34_23_03.png,0.3486005089058525,2.6090976817693003
4238,kadid10k,kadid10k/i34,/home/sergey/iqa-data/kadid10k/images/I34_23_04.png,0.272264631043257,2.7086330997478902
4239,kadid10k,kadid10k/i34,/home/sergey/iqa-data/kadid10k/images/I34_23_05.png,0.1603053435114503,2.7332942803343565
4240,kadid10k,kadid10k/i34,/home/sergey/iqa-data/kadid10k/images/I34_24_01.png,0.6870229007633589,2.8520938466777634
4241,kadid10k,kadid10k/i34,/home/sergey/iqa-data/kadid10k/images/I34_24_02.png,0.4656488549618321,3.0374865569967633
4242,kadid10k,kadid10k/i34,/home/sergey/iqa-data/kadid10k/images/I34_24_03.png,0.3638676844783716,3.476678995168685
4243,kadid10k,kadid10k/i34,/home/sergey/iqa-data/kadid10k/images/I34_24_04.png,0.1526717557251908,4.945486444659796
4244,kadid10k,kadid10k/i34,/home/sergey/iqa-data/kadid10k/images/I34_24_05.png,0.0687022900763358,6.132214425142505
4245,kadid10k,kadid10k/i34,/home/sergey/iqa-data/kadid10k/images/I34_25_01.png,0.5165394402035624,2.8562043376081503
4246,kadid10k,kadid10k/i34,/home/sergey/iqa-data/kadid10k/images/I34_25_02.png,0.6183206106870229,2.697961926603999
4247,kadid10k,kadid10k/i34,/home/sergey/iqa-data/kadid10k/images/I34_25_03.png,0.83206106870229,2.6247133431424365
4248,kadid10k,kadid10k/i34,/home/sergey/iqa-data/kadid10k/images/I34_25_04.png,0.7633587786259542,2.4874781586952985
4249,kadid10k,kadid10k/i34,/home/sergey/iqa-data/kadid10k/images/I34_25_05.png,0.4147582697201017,2.4835595148953318
4625,kadid10k,kadid10k/i38,/home/sergey/iqa-data/kadid10k/images/I38_01_01.png,0.9414758269720104,6.358927868426524
4626,kadid10k,kadid10k/i38,/home/sergey/iqa-data/kadid10k/images/I38_01_02.png,0.9236641221374048,7.086578363377685
4627,kadid10k,kadid10k/i38,/home/sergey/iqa-data/kadid10k/images/I38_01_03.png,0.6106870229007634,7.6108903952945575
4628,kadid10k,kadid10k/i38,/home/sergey/iqa-data/kadid10k/images/I38_01_04.png,0.2213740458015267,9.430476017862542
4629,kadid10k,kadid10k/i38,/home/sergey/iqa-data/kadid10k/images/I38_01_05.png,0.1094147582697201,12.262348974129067
4630,kadid10k,kadid10k/i38,/home/sergey/iqa-data/kadid10k/images/I38_02_01.png,0.7455470737913487,7.807821199346923
4631,kadid10k,kadid10k/i38,/home/sergey/iqa-data/kadid10k/images/I38_02_02.png,0.3638676844783716,8.251397415529869
4632,kadid10k,kadid10k/i38,/home/sergey/iqa-data/kadid10k/images/I38_02_03.png,0.2366412213740458,10.784443767288783
4633,kadid10k,kadid10k/i38,/home/sergey/iqa-data/kadid10k/images/I38_02_04.png,0.1017811704834605,11.788527105041869
4634,kadid10k,kadid10k/i38,/home/sergey/iqa-data/kadid10k/images/I38_02_05.png,0.0687022900763358,12.543071295828925
4635,kadid10k,kadid10k/i38,/home/sergey/iqa-data/kadid10k/images/I38_03_01.png,0.9338422391857508,6.358927868426524
4636,kadid10k,kadid10k/i38,/home/sergey/iqa-data/kadid10k/images/I38_03_02.png,0.8142493638676845,7.170167290021496
4637,kadid10k,kadid10k/i38,/home/sergey/iqa-data/kadid10k/images/I38_03_03.png,0.5674300254452926,8.737270137119053
4638,kadid10k,kadid10k/i38,/home/sergey/iqa-data/kadid10k/images/I38_03_04.png,0.3307888040712468,7.890476450231238
4639,kadid10k,kadid10k/i38,/home/sergey/iqa-data/kadid10k/images/I38_03_05.png,0.1959287531806616,8.791188996510739
4640,kadid10k,kadid10k/i38,/home/sergey/iqa-data/kadid10k/images/I38_04_01.png,0.9083969465648856,6.212396336898208
4641,kadid10k,kadid10k/i38,/home/sergey/iqa-data/kadid10k/images/I38_04_02.png,0.5521628498727735,6.295334486601118
4642,kadid10k,kadid10k/i38,/home/sergey/iqa-data/kadid10k/images/I38_04_03.png,0.2213740458015267,6.3771082739407206
4643,kadid10k,kadid10k/i38,/home/sergey/iqa-data/kadid10k/images/I38_04_04.png,0.2213740458015267,6.619015314785696
4644,kadid10k,kadid10k/i38,/home/sergey/iqa-data/kadid10k/images/I38_04_05.png,0.1348600508905852,6.529087994629865
4645,kadid10k,kadid10k/i38,/home/sergey/iqa-data/kadid10k/images/I38_05_01.png,0.7633587786259542,6.580813785113567
4646,kadid10k,kadid10k/i38,/home/sergey/iqa-data/kadid10k/images/I38_05_02.png,0.2366412213740458,7.419905362130145
4647,kadid10k,kadid10k/i38,/home/sergey/iqa-data/kadid10k/images/I38_05_03.png,0.178117048346056,6.7316926201775145
4648,kadid10k,kadid10k/i38,/home/sergey/iqa-data/kadid10k/images/I38_05_04.png,0.1450381679389313,6.700127574223323
4649,kadid10k,kadid10k/i38,/home/sergey/iqa-data/kadid10k/images/I38_05_05.png,0.1450381679389313,6.364457348158636
4650,kadid10k,kadid10k/i38,/home/sergey/iqa-data/kadid10k/images/I38_06_01.png,0.89058524173028,10.20785134823923
4651,kadid10k,kadid10k/i38,/home/sergey/iqa-data/kadid10k/images/I38_06_02.png,0.8727735368956743,10.90156130140382
4652,kadid10k,kadid10k/i38,/home/sergey/iqa-data/kadid10k/images/I38_06_03.png,0.7633587786259542,11.809382728085735
4653,kadid10k,kadid10k/i38,/home/sergey/iqa-data/kadid10k/images/I38_06_04.png,0.6870229007633589,17.181588231129588
4654,kadid10k,kadid10k/i38,/home/sergey/iqa-data/kadid10k/images/I38_06_05.png,0.3486005089058525,19.563504912476997
4655,kadid10k,kadid10k/i38,/home/sergey/iqa-data/kadid10k/images/I38_07_01.png,0.6793893129770993,6.105184892546888
4656,kadid10k,kadid10k/i38,/home/sergey/iqa-data/kadid10k/images/I38_07_02.png,0.3435114503816794,6.004616800804159
4657,kadid10k,kadid10k/i38,/home/sergey/iqa-data/kadid10k/images/I38_07_03.png,0.4249363867684478,5.904381239608213
4658,kadid10k,kadid10k/i38,/home/sergey/iqa-data/kadid10k/images/I38_07_04.png,0.4580152671755725,5.867656086444657
4659,kadid10k,kadid10k/i38,/home/sergey/iqa-data/kadid10k/images/I38_07_05.png,0.3486005089058525,5.758101804471102
4660,kadid10k,kadid10k/i38,/home/sergey/iqa-data/kadid10k/images/I38_08_01.png,0.9338422391857508,6.358927868426524
4661,kadid10k,kadid10k/i38,/home/sergey/iqa-data/kadid10k/images/I38_08_02.png,0.6539440203562341,6.25309637055676
4662,kadid10k,kadid10k/i38,/home/sergey/iqa-data/kadid10k/images/I38_08_03.png,0.450381679389313,6.166289218694437
4663,kadid10k,kadid10k/i38,/home/sergey/iqa-data/kadid10k/images/I38_08_04.png,0.2977099236641221,6.460482844927814
4664,kadid10k,kadid10k/i38,/home/sergey/iqa-data/kadid10k/images/I38_08_05.png,0.1094147582697201,6.563727581300044
4665,kadid10k,kadid10k/i38,/home/sergey/iqa-data/kadid10k/images/I38_09_01.png,0.9592875318066156,6.406760868343725
4666,kadid10k,kadid10k/i38,/home/sergey/iqa-data/kadid10k/images/I38_09_02.png,0.9592875318066156,6.511033592598568
4667,kadid10k,kadid10k/i38,/home/sergey/iqa-data/kadid10k/images/I38_09_03.png,0.8982188295165395,6.742753926698778
4668,kadid10k,kadid10k/i38,/home/sergey/iqa-data/kadid10k/images/I38_09_04.png,0.6870229007633589,7.529420203843917
4669,kadid10k,kadid10k/i38,/home/sergey/iqa-data/kadid10k/images/I38_09_05.png,0.2111959287531807,9.901728589872903
4670,kadid10k,kadid10k/i38,/home/sergey/iqa-data/kadid10k/images/I38_10_01.png,0.8142493638676845,8.640937023181188
4671,kadid10k,kadid10k/i38,/home/sergey/iqa-data/kadid10k/images/I38_10_02.png,0.8447837150127228,8.353737918310093
4672,kadid10k,kadid10k/i38,/home/sergey/iqa-data/kadid10k/images/I38_10_03.png,0.5597964376590332,9.331175655022905
4673,kadid10k,kadid10k/i38,/home/sergey/iqa-data/kadid10k/images/I38_10_04.png,0.1959287531806616,13.129288103756888
4674,kadid10k,kadid10k/i38,/home/sergey/iqa-data/kadid10k/images/I38_10_05.png,0.0432569974554707,16.594375834304017
4675,kadid10k,kadid10k/i38,/home/sergey/iqa-data/kadid10k/images/I38_11_01.png,0.6284987277353691,9.259865132099284
4676,kadid10k,kadid10k/i38,/home/sergey/iqa-data/kadid10k/images/I38_11_02.png,0.5012722646310434,10.570415484092992
4677,kadid10k,kadid10k/i38,/home/sergey/iqa-data/kadid10k/images/I38_11_03.png,0.450381679389313,11.029132939348242
4678,kadid10k,kadid10k/i38,/home/sergey/iqa-data/kadid10k/images/I38_11_04.png,0.3816793893129771,12.471374149389241
4679,kadid10k,kadid10k/i38,/home/sergey/iqa-data/kadid10k/images/I38_11_05.png,0.2620865139949109,14.116293505827064
4680,kadid10k,kadid10k/i38,/home/sergey/iqa-data/kadid10k/images/I38_12_01.png,0.8396946564885497,7.872994180602003
4681,kadid10k,kadid10k/i38,/home/sergey/iqa-data/kadid10k/images/I38_12_02.png,0.5674300254452926,9.957975447791858
4682,kadid10k,kadid10k/i38,/home/sergey/iqa-data/kadid10k/images/I38_12_03.png,0.4071246819338422,10.601038315775414
4683,kadid10k,kadid10k/i38,/home/sergey/iqa-data/kadid10k/images/I38_12_04.png,0.3384223918575064,11.663359676725964
4684,kadid10k,kadid10k/i38,/home/sergey/iqa-data/kadid10k/images/I38_12_05.png,0.3053435114503817,13.172415291710085
4685,kadid10k,kadid10k/i38,/home/sergey/iqa-data/kadid10k/images/I38_13_01.png,0.5597964376590332,6.893679747389186
4686,kadid10k,kadid10k/i38,/home/sergey/iqa-data/kadid10k/images/I38_13_02.png,0.4249363867684478,9.822063894858326
4687,kadid10k,kadid10k/i38,/home/sergey/iqa-data/kadid10k/images/I38_13_03.png,0.3231552162849873,14.887017902700837
4688,kadid10k,kadid10k/i38,/home/sergey/iqa-data/kadid10k/images/I38_13_04.png,0.3129770992366412,17.730852780853166
4689,kadid10k,kadid10k/i38,/home/sergey/iqa-data/kadid10k/images/I38_13_05.png,0.2798982188295166,22.478169742042695
4690,kadid10k,kadid10k/i38,/home/sergey/iqa-data/kadid10k/images/I38_14_01.png,0.8575063613231553,7.573970521399111
4691,kadid10k,kadid10k/i38,/home/sergey/iqa-data/kadid10k/images/I38_14_02.png,0.5776081424936387,9.43066016410826
4692,kadid10k,kadid10k/i38,/home/sergey/iqa-data/kadid10k/images/I38_14_03.png,0.4834605597964376,9.98156168590887
4693,kadid10k,kadid10k/i38,/home/sergey/iqa-data/kadid10k/images/I38_14_04.png,0.3638676844783716,11.92102155837921
4694,kadid10k,kadid10k/i38,/home/sergey/iqa-data/kadid10k/images/I38_14_05.png,0.1857506361323155,14.179267314556952
4695,kadid10k,kadid10k/i38,/home/sergey/iqa-data/kadid10k/images/I38_15_01.png,0.5928753180661578,5.935344869320049
4696,kadid10k,kadid10k/i38,/home/sergey/iqa-data/kadid10k/images/I38_15_02.png,0.2544529262086514,5.161979023634125
4697,kadid10k,kadid10k/i38,/home/sergey/iqa-data/kadid10k/images/I38_15_03.png,0.2111959287531807,4.852891897538881
4698,kadid10k,kadid10k/i38,/home/sergey/iqa-data/kadid10k/images/I38_15_04.png,0.089058524173028,4.98900609013242
4699,kadid10k,kadid10k/i38,/home/sergey/iqa-data/kadid10k/images/I38_15_05.png,0.0432569974554707,7.201788123850218
4700,kadid10k,kadid10k/i38,/home/sergey/iqa-data/kadid10k/images/I38_16_01.png,0.9033078880407124,6.3300817675300936
4701,kadid10k,kadid10k/i38,/home/sergey/iqa-data/kadid10k/images/I38_16_02.png,0.8142493638676845,6.223942405581169
4702,kadid10k,kadid10k/i38,/home/sergey/iqa-data/kadid10k/images/I38_16_03.png,0.6437659033078881,6.471646810600225
4703,kadid10k,kadid10k/i38,/home/sergey/iqa-data/kadid10k/images/I38_16_04.png,0.5089058524173028,6.603253040296074
4704,kadid10k,kadid10k/i38,/home/sergey/iqa-data/kadid10k/images/I38_16_05.png,0.2544529262086514,9.705264839243036
4705,kadid10k,kadid10k/i38,/home/sergey/iqa-data/kadid10k/images/I38_17_01.png,0.8829516539440203,6.25890091633004
4706,kadid10k,kadid10k/i38,/home/sergey/iqa-data/kadid10k/images/I38_17_02.png,0.8829516539440203,6.359373198728299
4707,kadid10k,kadid10k/i38,/home/sergey/iqa-data/kadid10k/images/I38_17_03.png,0.7302798982188295,6.286457302135334
4708,kadid10k,kadid10k/i38,/home/sergey/iqa-data/kadid10k/images/I38_17_04.png,0.4910941475826972,6.278220484757173
4709,kadid10k,kadid10k/i38,/home/sergey/iqa-data/kadid10k/images/I38_17_05.png,0.178117048346056,8.738378660081233
4710,kadid10k,kadid10k/i38,/home/sergey/iqa-data/kadid10k/images/I38_18_01.png,0.78117048346056,6.100857650938568
4711,kadid10k,kadid10k/i38,/home/sergey/iqa-data/kadid10k/images/I38_18_02.png,0.9287531806615776,6.028654705631164
4712,kadid10k,kadid10k/i38,/home/sergey/iqa-data/kadid10k/images/I38_18_03.png,0.94910941475827,6.358927868426524
4713,kadid10k,kadid10k/i38,/home/sergey/iqa-data/kadid10k/images/I38_18_04.png,0.7709923664122139,6.356401263779537
4714,kadid10k,kadid10k/i38,/home/sergey/iqa-data/kadid10k/images/I38_18_05.png,0.7888040712468193,6.497758595025929
4715,kadid10k,kadid10k/i38,/home/sergey/iqa-data/kadid10k/images/I38_19_01.png,0.89058524173028,6.32600807447972
4716,kadid10k,kadid10k/i38,/home/sergey/iqa-data/kadid10k/images/I38_19_02.png,0.8218829516539442,6.290511089150508
4717,kadid10k,kadid10k/i38,/home/sergey/iqa-data/kadid10k/images/I38_19_03.png,0.5521628498727735,6.632261199255208
4718,kadid10k,kadid10k/i38,/home/sergey/iqa-data/kadid10k/images/I38_19_04.png,0.1704834605597964,8.693423659060803
4719,kadid10k,kadid10k/i38,/home/sergey/iqa-data/kadid10k/images/I38_19_05.png,0.0585241730279898,11.071754415927636
4720,kadid10k,kadid10k/i38,/home/sergey/iqa-data/kadid10k/images/I38_20_01.png,0.8982188295165395,6.218112540064314
4721,kadid10k,kadid10k/i38,/home/sergey/iqa-data/kadid10k/images/I38_20_02.png,0.7709923664122139,6.090970089655059
4722,kadid10k,kadid10k/i38,/home/sergey/iqa-data/kadid10k/images/I38_20_03.png,0.83206106870229,5.952731832659952
4723,kadid10k,kadid10k/i38,/home/sergey/iqa-data/kadid10k/images/I38_20_04.png,0.8396946564885497,6.160042398915838
4724,kadid10k,kadid10k/i38,/home/sergey/iqa-data/kadid10k/images/I38_20_05.png,0.6106870229007634,5.6612847211515405
4725,kadid10k,kadid10k/i38,/home/sergey/iqa-data/kadid10k/images/I38_21_01.png,0.3893129770992366,6.048773988778355
4726,kadid10k,kadid10k/i38,/home/sergey/iqa-data/kadid10k/images/I38_21_02.png,0.3231552162849873,6.126673798829189
4727,kadid10k,kadid10k/i38,/home/sergey/iqa-data/kadid10k/images/I38_21_03.png,0.3307888040712468,6.743865717212054
4728,kadid10k,kadid10k/i38,/home/sergey/iqa-data/kadid10k/images/I38_21_04.png,0.4402035623409669,6.86156234473865
4729,kadid10k,kadid10k/i38,/home/sergey/iqa-data/kadid10k/images/I38_21_05.png,0.1450381679389313,12.35014442532713
4730,kadid10k,kadid10k/i38,/home/sergey/iqa-data/kadid10k/images/I38_22_01.png,0.7633587786259542,8.958295984919511
4731,kadid10k,kadid10k/i38,/home/sergey/iqa-data/kadid10k/images/I38_22_02.png,0.4834605597964376,9.488334151698757
4732,kadid10k,kadid10k/i38,/home/sergey/iqa-data/kadid10k/images/I38_22_03.png,0.534351145038168,10.035735048735168
4733,kadid10k,kadid10k/i38,/home/sergey/iqa-data/kadid10k/images/I38_22_04.png,0.450381679389313,12.07673945974631
4734,kadid10k,kadid10k/i38,/home/sergey/iqa-data/kadid10k/images/I38_22_05.png,0.3053435114503817,11.339024710949417
4735,kadid10k,kadid10k/i38,/home/sergey/iqa-data/kadid10k/images/I38_23_01.png,0.4758269720101782,6.445016541011754
4736,kadid10k,kadid10k/i38,/home/sergey/iqa-data/kadid10k/images/I38_23_02.png,0.3740458015267176,6.150894556358966
4737,kadid10k,kadid10k/i38,/home/sergey/iqa-data/kadid10k/images/I38_23_03.png,0.2875318066157761,6.2273027863757555
4738,kadid10k,kadid10k/i38,/home/sergey/iqa-data/kadid10k/images/I38_23_04.png,0.272264631043257,7.1737833464948855
4739,kadid10k,kadid10k/i38,/home/sergey/iqa-data/kadid10k/images/I38_23_05.png,0.3384223918575064,6.433849019218981
4740,kadid10k,kadid10k/i38,/home/sergey/iqa-data/kadid10k/images/I38_24_01.png,0.6870229007633589,5.5518616232010265
4741,kadid10k,kadid10k/i38,/home/sergey/iqa-data/kadid10k/images/I38_24_02.png,0.4402035623409669,5.158751417544404
4742,kadid10k,kadid10k/i38,/home/sergey/iqa-data/kadid10k/images/I38_24_03.png,0.2213740458015267,4.8528370321413945
4743,kadid10k,kadid10k/i38,/home/sergey/iqa-data/kadid10k/images/I38_24_04.png,0.1526717557251908,5.118750293580101
4744,kadid10k,kadid10k/i38,/home/sergey/iqa-data/kadid10k/images/I38_24_05.png,0.0687022900763358,5.986898264055861
4745,kadid10k,kadid10k/i38,/home/sergey/iqa-data/kadid10k/images/I38_25_01.png,0.6615776081424937,6.184631910329751
4746,kadid10k,kadid10k/i38,/home/sergey/iqa-data/kadid10k/images/I38_25_02.png,0.6946564885496184,6.148687737232631
4747,kadid10k,kadid10k/i38,/home/sergey/iqa-data/kadid10k/images/I38_25_03.png,0.8396946564885497,6.173822836337153
4748,kadid10k,kadid10k/i38,/home/sergey/iqa-data/kadid10k/images/I38_25_04.png,0.7557251908396948,6.836591023071255
4749,kadid10k,kadid10k/i38,/home/sergey/iqa-data/kadid10k/images/I38_25_05.png,0.534351145038168,7.346053129688227
4875,kadid10k,kadid10k/i40,/home/sergey/iqa-data/kadid10k/images/I40_01_01.png,0.83206106870229,3.76375693546973
4876,kadid10k,kadid10k/i40,/home/sergey/iqa-data/kadid10k/images/I40_01_02.png,0.7201017811704835,3.639608976416072
4877,kadid10k,kadid10k/i40,/home/sergey/iqa-data/kadid10k/images/I40_01_03.png,0.2977099236641221,5.740851784044848
4878,kadid10k,kadid10k/i40,/home/sergey/iqa-data/kadid10k/images/I40_01_04.png,0.1450381679389313,7.63208706594065
4879,kadid10k,kadid10k/i40,/home/sergey/iqa-data/kadid10k/images/I40_01_05.png,0.0254452926208651,11.630794862871172
4880,kadid10k,kadid10k/i40,/home/sergey/iqa-data/kadid10k/images/I40_02_01.png,0.4656488549618321,4.453207449040435
4881,kadid10k,kadid10k/i40,/home/sergey/iqa-data/kadid10k/images/I40_02_02.png,0.2544529262086514,6.21061512407123
4882,kadid10k,kadid10k/i40,/home/sergey/iqa-data/kadid10k/images/I40_02_03.png,0.1272264631043257,7.78150018438851
4883,kadid10k,kadid10k/i40,/home/sergey/iqa-data/kadid10k/images/I40_02_04.png,0.1017811704834605,8.462416540255646
4884,kadid10k,kadid10k/i40,/home/sergey/iqa-data/kadid10k/images/I40_02_05.png,0.0254452926208651,9.602257929288541
4885,kadid10k,kadid10k/i40,/home/sergey/iqa-data/kadid10k/images/I40_03_01.png,0.8396946564885497,3.76375693546973
4886,kadid10k,kadid10k/i40,/home/sergey/iqa-data/kadid10k/images/I40_03_02.png,0.5776081424936387,4.235060677780472
4887,kadid10k,kadid10k/i40,/home/sergey/iqa-data/kadid10k/images/I40_03_03.png,0.3129770992366412,6.30108966351029
4888,kadid10k,kadid10k/i40,/home/sergey/iqa-data/kadid10k/images/I40_03_04.png,0.094147582697201,6.194527014660774
4889,kadid10k,kadid10k/i40,/home/sergey/iqa-data/kadid10k/images/I40_03_05.png,0.0432569974554707,6.3137087063104795
4890,kadid10k,kadid10k/i40,/home/sergey/iqa-data/kadid10k/images/I40_04_01.png,0.796437659033079,3.764761569006372
4891,kadid10k,kadid10k/i40,/home/sergey/iqa-data/kadid10k/images/I40_04_02.png,0.3486005089058525,3.434590170044354
4892,kadid10k,kadid10k/i40,/home/sergey/iqa-data/kadid10k/images/I40_04_03.png,0.1857506361323155,3.3376981009121054
4893,kadid10k,kadid10k/i40,/home/sergey/iqa-data/kadid10k/images/I40_04_04.png,0.1195928753180661,3.3231136004047466
4894,kadid10k,kadid10k/i40,/home/sergey/iqa-data/kadid10k/images/I40_04_05.png,0.1094147582697201,3.2664136590824127
4895,kadid10k,kadid10k/i40,/home/sergey/iqa-data/kadid10k/images/I40_05_01.png,0.6870229007633589,4.557432775827566
4896,kadid10k,kadid10k/i40,/home/sergey/iqa-data/kadid10k/images/I40_05_02.png,0.1857506361323155,4.7953638069418965
4897,kadid10k,kadid10k/i40,/home/sergey/iqa-data/kadid10k/images/I40_05_03.png,0.1348600508905852,3.8631313121313333
4898,kadid10k,kadid10k/i40,/home/sergey/iqa-data/kadid10k/images/I40_05_04.png,0.0839694656488549,4.041777013018594
4899,kadid10k,kadid10k/i40,/home/sergey/iqa-data/kadid10k/images/I40_05_05.png,0.094147582697201,3.863744467822337
4900,kadid10k,kadid10k/i40,/home/sergey/iqa-data/kadid10k/images/I40_06_01.png,0.796437659033079,6.1888204263239
4901,kadid10k,kadid10k/i40,/home/sergey/iqa-data/kadid10k/images/I40_06_02.png,0.83206106870229,6.9295049361050305
4902,kadid10k,kadid10k/i40,/home/sergey/iqa-data/kadid10k/images/I40_06_03.png,0.7048346055979644,7.8816384604319305
4903,kadid10k,kadid10k/i40,/home/sergey/iqa-data/kadid10k/images/I40_06_04.png,0.7557251908396948,9.089412189939212
4904,kadid10k,kadid10k/i40,/home/sergey/iqa-data/kadid10k/images/I40_06_05.png,0.4274809160305344,10.260289577641897
4905,kadid10k,kadid10k/i40,/home/sergey/iqa-data/kadid10k/images/I40_07_01.png,0.4071246819338422,3.787467750756567
4906,kadid10k,kadid10k/i40,/home/sergey/iqa-data/kadid10k/images/I40_07_02.png,0.3129770992366412,3.753869554235978
4907,kadid10k,kadid10k/i40,/home/sergey/iqa-data/kadid10k/images/I40_07_03.png,0.2544529262086514,3.7625208956892586
4908,kadid10k,kadid10k/i40,/home/sergey/iqa-data/kadid10k/images/I40_07_04.png,0.2544529262086514,3.7732934619694527
4909,kadid10k,kadid10k/i40,/home/sergey/iqa-data/kadid10k/images/I40_07_05.png,0.2213740458015267,3.5710310511751087
4910,kadid10k,kadid10k/i40,/home/sergey/iqa-data/kadid10k/images/I40_08_01.png,0.8829516539440203,3.76375693546973
4911,kadid10k,kadid10k/i40,/home/sergey/iqa-data/kadid10k/images/I40_08_02.png,0.5674300254452926,3.711110596463627
4912,kadid10k,kadid10k/i40,/home/sergey/iqa-data/kadid10k/images/I40_08_03.png,0.3231552162849873,3.5448983248748607
4913,kadid10k,kadid10k/i40,/home/sergey/iqa-data/kadid10k/images/I40_08_04.png,0.1704834605597964,3.429505667085333
4914,kadid10k,kadid10k/i40,/home/sergey/iqa-data/kadid10k/images/I40_08_05.png,0.094147582697201,3.377250921973485
4915,kadid10k,kadid10k/i40,/home/sergey/iqa-data/kadid10k/images/I40_09_01.png,0.8142493638676845,4.489575909988713
4916,kadid10k,kadid10k/i40,/home/sergey/iqa-data/kadid10k/images/I40_09_02.png,0.5928753180661578,6.513801201304889
4917,kadid10k,kadid10k/i40,/home/sergey/iqa-data/kadid10k/images/I40_09_03.png,0.5089058524173028,7.911023336288191
4918,kadid10k,kadid10k/i40,/home/sergey/iqa-data/kadid10k/images/I40_09_04.png,0.1272264631043257,9.366247877256983
4919,kadid10k,kadid10k/i40,/home/sergey/iqa-data/kadid10k/images/I40_09_05.png,0.0585241730279898,11.884015975927731
4920,kadid10k,kadid10k/i40,/home/sergey/iqa-data/kadid10k/images/I40_10_01.png,0.8142493638676845,3.555123579010113
4921,kadid10k,kadid10k/i40,/home/sergey/iqa-data/kadid10k/images/I40_10_02.png,0.8142493638676845,3.503213331723598
4922,kadid10k,kadid10k/i40,/home/sergey/iqa-data/kadid10k/images/I40_10_03.png,0.7557251908396948,3.8046540634306454
4923,kadid10k,kadid10k/i40,/home/sergey/iqa-data/kadid10k/images/I40_10_04.png,0.3816793893129771,6.065507171844227
4924,kadid10k,kadid10k/i40,/home/sergey/iqa-data/kadid10k/images/I40_10_05.png,0.1450381679389313,8.089106529669026
4925,kadid10k,kadid10k/i40,/home/sergey/iqa-data/kadid10k/images/I40_11_01.png,0.8727735368956743,4.310451065683795
4926,kadid10k,kadid10k/i40,/home/sergey/iqa-data/kadid10k/images/I40_11_02.png,0.8727735368956743,5.0975909555979415
4927,kadid10k,kadid10k/i40,/home/sergey/iqa-data/kadid10k/images/I40_11_03.png,0.7201017811704835,5.827190850103298
4928,kadid10k,kadid10k/i40,/home/sergey/iqa-data/kadid10k/images/I40_11_04.png,0.7048346055979644,6.48914142214192
4929,kadid10k,kadid10k/i40,/home/sergey/iqa-data/kadid10k/images/I40_11_05.png,0.5928753180661578,8.366981437262206
4930,kadid10k,kadid10k/i40,/home/sergey/iqa-data/kadid10k/images/I40_12_01.png,0.9083969465648856,3.9419708856206914
4931,kadid10k,kadid10k/i40,/home/sergey/iqa-data/kadid10k/images/I40_12_02.png,0.89058524173028,4.721871738065447
4932,kadid10k,kadid10k/i40,/home/sergey/iqa-data/kadid10k/images/I40_12_03.png,0.7048346055979644,5.693775717491575
4933,kadid10k,kadid10k/i40,/home/sergey/iqa-data/kadid10k/images/I40_12_04.png,0.6615776081424937,7.1926823763828525
4934,kadid10k,kadid10k/i40,/home/sergey/iqa-data/kadid10k/images/I40_12_05.png,0.6183206106870229,8.00355904756757
4935,kadid10k,kadid10k/i40,/home/sergey/iqa-data/kadid10k/images/I40_13_01.png,0.8218829516539442,3.6915736140994704
4936,kadid10k,kadid10k/i40,/home/sergey/iqa-data/kadid10k/images/I40_13_02.png,0.5776081424936387,4.239740222955683
4937,kadid10k,kadid10k/i40,/home/sergey/iqa-data/kadid10k/images/I40_13_03.png,0.4580152671755725,5.180175743247313
4938,kadid10k,kadid10k/i40,/home/sergey/iqa-data/kadid10k/images/I40_13_04.png,0.4071246819338422,6.606391278720293
4939,kadid10k,kadid10k/i40,/home/sergey/iqa-data/kadid10k/images/I40_13_05.png,0.2977099236641221,7.786936183600849
4940,kadid10k,kadid10k/i40,/home/sergey/iqa-data/kadid10k/images/I40_14_01.png,0.8473282442748092,3.8663589534064036
4941,kadid10k,kadid10k/i40,/home/sergey/iqa-data/kadid10k/images/I40_14_02.png,0.8396946564885497,4.1003650681722785
4942,kadid10k,kadid10k/i40,/home/sergey/iqa-data/kadid10k/images/I40_14_03.png,0.8473282442748092,4.588966360887714
4943,kadid10k,kadid10k/i40,/home/sergey/iqa-data/kadid10k/images/I40_14_04.png,0.712468193384224,5.265475660030302
4944,kadid10k,kadid10k/i40,/home/sergey/iqa-data/kadid10k/images/I40_14_05.png,0.5267175572519084,7.186397245181403
4945,kadid10k,kadid10k/i40,/home/sergey/iqa-data/kadid10k/images/I40_15_01.png,0.534351145038168,2.700644179519828
4946,kadid10k,kadid10k/i40,/home/sergey/iqa-data/kadid10k/images/I40_15_02.png,0.3129770992366412,3.219774877098145
4947,kadid10k,kadid10k/i40,/home/sergey/iqa-data/kadid10k/images/I40_15_03.png,0.2111959287531807,3.649698813669176
4948,kadid10k,kadid10k/i40,/home/sergey/iqa-data/kadid10k/images/I40_15_04.png,0.178117048346056,4.842215930033747
4949,kadid10k,kadid10k/i40,/home/sergey/iqa-data/kadid10k/images/I40_15_05.png,0.178117048346056,6.754001393157051
4950,kadid10k,kadid10k/i40,/home/sergey/iqa-data/kadid10k/images/I40_16_01.png,0.8295165394402035,3.952312548611259
4951,kadid10k,kadid10k/i40,/home/sergey/iqa-data/kadid10k/images/I40_16_02.png,0.7633587786259542,4.0386714455501425
4952,kadid10k,kadid10k/i40,/home/sergey/iqa-data/kadid10k/images/I40_16_03.png,0.5597964376590332,4.171724639108161
4953,kadid10k,kadid10k/i40,/home/sergey/iqa-data/kadid10k/images/I40_16_04.png,0.3638676844783716,4.42439879089094
4954,kadid10k,kadid10k/i40,/home/sergey/iqa-data/kadid10k/images/I40_16_05.png,0.1348600508905852,4.410081301980672
4955,kadid10k,kadid10k/i40,/home/sergey/iqa-data/kadid10k/images/I40_17_01.png,0.8982188295165395,3.711303712807762
4956,kadid10k,kadid10k/i40,/home/sergey/iqa-data/kadid10k/images/I40_17_02.png,0.8829516539440203,3.6379198771414187
4957,kadid10k,kadid10k/i40,/home/sergey/iqa-data/kadid10k/images/I40_17_03.png,0.7455470737913487,3.5337522298698487
4958,kadid10k,kadid10k/i40,/home/sergey/iqa-data/kadid10k/images/I40_17_04.png,0.5419847328244275,3.4402373471144148
4959,kadid10k,kadid10k/i40,/home/sergey/iqa-data/kadid10k/images/I40_17_05.png,0.2213740458015267,6.599825162105697
4960,kadid10k,kadid10k/i40,/home/sergey/iqa-data/kadid10k/images/I40_18_01.png,0.796437659033079,3.8898416228034383
4961,kadid10k,kadid10k/i40,/home/sergey/iqa-data/kadid10k/images/I40_18_02.png,0.8651399491094149,3.7906286314043105
4962,kadid10k,kadid10k/i40,/home/sergey/iqa-data/kadid10k/images/I40_18_03.png,0.916030534351145,3.76375693546973
4963,kadid10k,kadid10k/i40,/home/sergey/iqa-data/kadid10k/images/I40_18_04.png,0.7709923664122139,3.755371803265636
4964,kadid10k,kadid10k/i40,/home/sergey/iqa-data/kadid10k/images/I40_18_05.png,0.7201017811704835,3.615597186623177
4965,kadid10k,kadid10k/i40,/home/sergey/iqa-data/kadid10k/images/I40_19_01.png,0.7888040712468193,3.569838998142996
4966,kadid10k,kadid10k/i40,/home/sergey/iqa-data/kadid10k/images/I40_19_02.png,0.7379134860050891,3.390268678643001
4967,kadid10k,kadid10k/i40,/home/sergey/iqa-data/kadid10k/images/I40_19_03.png,0.3486005089058525,3.698193300891819
4968,kadid10k,kadid10k/i40,/home/sergey/iqa-data/kadid10k/images/I40_19_04.png,0.1526717557251908,7.871491665385693
4969,kadid10k,kadid10k/i40,/home/sergey/iqa-data/kadid10k/images/I40_19_05.png,0.0508905852417302,13.737289546922238
4970,kadid10k,kadid10k/i40,/home/sergey/iqa-data/kadid10k/images/I40_20_01.png,0.8829516539440203,3.729637515209673
4971,kadid10k,kadid10k/i40,/home/sergey/iqa-data/kadid10k/images/I40_20_02.png,0.5165394402035624,3.8206822828661924
4972,kadid10k,kadid10k/i40,/home/sergey/iqa-data/kadid10k/images/I40_20_03.png,0.5674300254452926,3.8025449227323813
4973,kadid10k,kadid10k/i40,/home/sergey/iqa-data/kadid10k/images/I40_20_04.png,0.5267175572519084,3.807324896660226
4974,kadid10k,kadid10k/i40,/home/sergey/iqa-data/kadid10k/images/I40_20_05.png,0.6717557251908398,3.6355392563013202
4975,kadid10k,kadid10k/i40,/home/sergey/iqa-data/kadid10k/images/I40_21_01.png,0.7379134860050891,4.18176606411737
4976,kadid10k,kadid10k/i40,/home/sergey/iqa-data/kadid10k/images/I40_21_02.png,0.5165394402035624,5.268246784363114
4977,kadid10k,kadid10k/i40,/home/sergey/iqa-data/kadid10k/images/I40_21_03.png,0.4249363867684478,6.957316022562836
4978,kadid10k,kadid10k/i40,/home/sergey/iqa-data/kadid10k/images/I40_21_04.png,0.5089058524173028,8.110193962215707
4979,kadid10k,kadid10k/i40,/home/sergey/iqa-data/kadid10k/images/I40_21_05.png,0.0839694656488549,46.84748384981113
4980,kadid10k,kadid10k/i40,/home/sergey/iqa-data/kadid10k/images/I40_22_01.png,0.8982188295165395,3.9401238382223083
4981,kadid10k,kadid10k/i40,/home/sergey/iqa-data/kadid10k/images/I40_22_02.png,0.8473282442748092,3.8731583122961455
4982,kadid10k,kadid10k/i40,/home/sergey/iqa-data/kadid10k/images/I40_22_03.png,0.78117048346056,3.9658845060552284
4983,kadid10k,kadid10k/i40,/home/sergey/iqa-data/kadid10k/images/I40_22_04.png,0.8575063613231553,4.211632493247128
4984,kadid10k,kadid10k/i40,/home/sergey/iqa-data/kadid10k/images/I40_22_05.png,0.7557251908396948,4.776065762877326
4985,kadid10k,kadid10k/i40,/home/sergey/iqa-data/kadid10k/images/I40_23_01.png,0.3053435114503817,3.6073441715721932
4986,kadid10k,kadid10k/i40,/home/sergey/iqa-data/kadid10k/images/I40_23_02.png,0.356234096692112,3.608927284830136
4987,kadid10k,kadid10k/i40,/home/sergey/iqa-data/kadid10k/images/I40_23_03.png,0.2111959287531807,3.6609367365396492
4988,kadid10k,kadid10k/i40,/home/sergey/iqa-data/kadid10k/images/I40_23_04.png,0.3638676844783716,3.6350515278101514
4989,kadid10k,kadid10k/i40,/home/sergey/iqa-data/kadid10k/images/I40_23_05.png,0.2290076335877862,3.4899652501161413
4990,kadid10k,kadid10k/i40,/home/sergey/iqa-data/kadid10k/images/I40_24_01.png,0.5674300254452926,5.378870455156476
4991,kadid10k,kadid10k/i40,/home/sergey/iqa-data/kadid10k/images/I40_24_02.png,0.2468193384223918,7.290667631007591
4992,kadid10k,kadid10k/i40,/home/sergey/iqa-data/kadid10k/images/I40_24_03.png,0.2035623409669211,9.380042454436168
4993,kadid10k,kadid10k/i40,/home/sergey/iqa-data/kadid10k/images/I40_24_04.png,0.0839694656488549,38.83256000144922
4994,kadid10k,kadid10k/i40,/home/sergey/iqa-data/kadid10k/images/I40_24_05.png,0.0432569974554707,39.91999646066192
4995,kadid10k,kadid10k/i40,/home/sergey/iqa-data/kadid10k/images/I40_25_01.png,0.6692111959287532,4.118943948703082
4996,kadid10k,kadid10k/i40,/home/sergey/iqa-data/kadid10k/images/I40_25_02.png,0.6284987277353691,3.902844499160325
4997,kadid10k,kadid10k/i40,/home/sergey/iqa-data/kadid10k/images/I40_25_03.png,0.7455470737913487,3.8137073715476224
4998,kadid10k,kadid10k/i40,/home/sergey/iqa-data/kadid10k/images/I40_25_04.png,0.7302798982188295,3.853340163424234
4999,kadid10k,kadid10k/i40,/home/sergey/iqa-data/kadid10k/images/I40_25_05.png,0.3689567430025446,3.7411878933371123
5375,kadid10k,kadid10k/i44,/home/sergey/iqa-data/kadid10k/images/I44_01_01.png,0.8727735368956743,3.485245074197355
5376,kadid10k,kadid10k/i44,/home/sergey/iqa-data/kadid10k/images/I44_01_02.png,0.78117048346056,4.097693788168038
5377,kadid10k,kadid10k/i44,/home/sergey/iqa-data/kadid10k/images/I44_01_03.png,0.6692111959287532,5.523047674830704
5378,kadid10k,kadid10k/i44,/home/sergey/iqa-data/kadid10k/images/I44_01_04.png,0.2213740458015267,7.794774516466914
5379,kadid10k,kadid10k/i44,/home/sergey/iqa-data/kadid10k/images/I44_01_05.png,0.0330788804071246,12.004102959841681
5380,kadid10k,kadid10k/i44,/home/sergey/iqa-data/kadid10k/images/I44_02_01.png,0.8473282442748092,4.5716175290747705
5381,kadid10k,kadid10k/i44,/home/sergey/iqa-data/kadid10k/images/I44_02_02.png,0.4910941475826972,6.069581383349523
5382,kadid10k,kadid10k/i44,/home/sergey/iqa-data/kadid10k/images/I44_02_03.png,0.1704834605597964,8.811331064898305
5383,kadid10k,kadid10k/i44,/home/sergey/iqa-data/kadid10k/images/I44_02_04.png,0.0763358778625954,11.211883858834408
5384,kadid10k,kadid10k/i44,/home/sergey/iqa-data/kadid10k/images/I44_02_05.png,0.0330788804071246,12.139345140064856
5385,kadid10k,kadid10k/i44,/home/sergey/iqa-data/kadid10k/images/I44_03_01.png,0.8829516539440203,3.485245074197355
5386,kadid10k,kadid10k/i44,/home/sergey/iqa-data/kadid10k/images/I44_03_02.png,0.8829516539440203,4.94576637319978
5387,kadid10k,kadid10k/i44,/home/sergey/iqa-data/kadid10k/images/I44_03_03.png,0.6030534351145039,5.892664694285859
5388,kadid10k,kadid10k/i44,/home/sergey/iqa-data/kadid10k/images/I44_03_04.png,0.2544529262086514,6.69105336168537
5389,kadid10k,kadid10k/i44,/home/sergey/iqa-data/kadid10k/images/I44_03_05.png,0.1450381679389313,7.518418361304273
5390,kadid10k,kadid10k/i44,/home/sergey/iqa-data/kadid10k/images/I44_04_01.png,0.9083969465648856,3.4132115536923724
5391,kadid10k,kadid10k/i44,/home/sergey/iqa-data/kadid10k/images/I44_04_02.png,0.3053435114503817,3.4627610812185985
5392,kadid10k,kadid10k/i44,/home/sergey/iqa-data/kadid10k/images/I44_04_03.png,0.1094147582697201,4.175921514211691
5393,kadid10k,kadid10k/i44,/home/sergey/iqa-data/kadid10k/images/I44_04_04.png,0.1221374045801526,4.995565671261057
5394,kadid10k,kadid10k/i44,/home/sergey/iqa-data/kadid10k/images/I44_04_05.png,0.0432569974554707,5.6690244905647145
5395,kadid10k,kadid10k/i44,/home/sergey/iqa-data/kadid10k/images/I44_05_01.png,0.94910941475827,3.6592100114893116
5396,kadid10k,kadid10k/i44,/home/sergey/iqa-data/kadid10k/images/I44_05_02.png,0.3867684478371501,4.5245159255290455
5397,kadid10k,kadid10k/i44,/home/sergey/iqa-data/kadid10k/images/I44_05_03.png,0.2366412213740458,3.453589124429875
5398,kadid10k,kadid10k/i44,/home/sergey/iqa-data/kadid10k/images/I44_05_04.png,0.1348600508905852,3.5271962456467607
5399,kadid10k,kadid10k/i44,/home/sergey/iqa-data/kadid10k/images/I44_05_05.png,0.094147582697201,3.6884202576751974
5400,kadid10k,kadid10k/i44,/home/sergey/iqa-data/kadid10k/images/I44_06_01.png,0.8218829516539442,7.386261857821484
5401,kadid10k,kadid10k/i44,/home/sergey/iqa-data/kadid10k/images/I44_06_02.png,0.8142493638676845,7.760057939225429
5402,kadid10k,kadid10k/i44,/home/sergey/iqa-data/kadid10k/images/I44_06_03.png,0.7379134860050891,8.76260670887207
5403,kadid10k,kadid10k/i44,/home/sergey/iqa-data/kadid10k/images/I44_06_04.png,0.7302798982188295,13.04846029368311
5404,kadid10k,kadid10k/i44,/home/sergey/iqa-data/kadid10k/images/I44_06_05.png,0.4910941475826972,23.875919036712794
5405,kadid10k,kadid10k/i44,/home/sergey/iqa-data/kadid10k/images/I44_07_01.png,0.3994910941475826,3.3667203700522776
5406,kadid10k,kadid10k/i44,/home/sergey/iqa-data/kadid10k/images/I44_07_02.png,0.2290076335877862,3.34011344206516
5407,kadid10k,kadid10k/i44,/home/sergey/iqa-data/kadid10k/images/I44_07_03.png,0.2391857506361323,3.3173207226976467
5408,kadid10k,kadid10k/i44,/home/sergey/iqa-data/kadid10k/images/I44_07_04.png,0.2875318066157761,3.3201455063068033
5409,kadid10k,kadid10k/i44,/home/sergey/iqa-data/kadid10k/images/I44_07_05.png,0.2544529262086514,3.2813835857844937
5410,kadid10k,kadid10k/i44,/home/sergey/iqa-data/kadid10k/images/I44_08_01.png,0.916030534351145,3.485245074197355
5411,kadid10k,kadid10k/i44,/home/sergey/iqa-data/kadid10k/images/I44_08_02.png,0.5674300254452926,3.3557988332279165
5412,kadid10k,kadid10k/i44,/home/sergey/iqa-data/kadid10k/images/I44_08_03.png,0.3053435114503817,3.3389498980655783
5413,kadid10k,kadid10k/i44,/home/sergey/iqa-data/kadid10k/images/I44_08_04.png,0.094147582697201,4.105813643243898
5414,kadid10k,kadid10k/i44,/home/sergey/iqa-data/kadid10k/images/I44_08_05.png,0.0687022900763358,4.912003244720218
5415,kadid10k,kadid10k/i44,/home/sergey/iqa-data/kadid10k/images/I44_09_01.png,0.94910941475827,3.7600888654370683
5416,kadid10k,kadid10k/i44,/home/sergey/iqa-data/kadid10k/images/I44_09_02.png,0.9083969465648856,4.714631561658367
5417,kadid10k,kadid10k/i44,/home/sergey/iqa-data/kadid10k/images/I44_09_03.png,0.8651399491094149,5.736926144887145
5418,kadid10k,kadid10k/i44,/home/sergey/iqa-data/kadid10k/images/I44_09_04.png,0.534351145038168,9.367199813688822
5419,kadid10k,kadid10k/i44,/home/sergey/iqa-data/kadid10k/images/I44_09_05.png,0.0839694656488549,11.23949765815986
5420,kadid10k,kadid10k/i44,/home/sergey/iqa-data/kadid10k/images/I44_10_01.png,0.8982188295165395,4.4808321657073815
5421,kadid10k,kadid10k/i44,/home/sergey/iqa-data/kadid10k/images/I44_10_02.png,0.8651399491094149,4.514365807199738
5422,kadid10k,kadid10k/i44,/home/sergey/iqa-data/kadid10k/images/I44_10_03.png,0.7302798982188295,5.1941505727298525
5423,kadid10k,kadid10k/i44,/home/sergey/iqa-data/kadid10k/images/I44_10_04.png,0.3384223918575064,7.723028444663169
5424,kadid10k,kadid10k/i44,/home/sergey/iqa-data/kadid10k/images/I44_10_05.png,0.094147582697201,9.278853696552677
5425,kadid10k,kadid10k/i44,/home/sergey/iqa-data/kadid10k/images/I44_11_01.png,0.78117048346056,5.489229774760192
5426,kadid10k,kadid10k/i44,/home/sergey/iqa-data/kadid10k/images/I44_11_02.png,0.6539440203562341,6.769059030811339
5427,kadid10k,kadid10k/i44,/home/sergey/iqa-data/kadid10k/images/I44_11_03.png,0.5597964376590332,7.019551587540983
5428,kadid10k,kadid10k/i44,/home/sergey/iqa-data/kadid10k/images/I44_11_04.png,0.450381679389313,8.292678779186117
5429,kadid10k,kadid10k/i44,/home/sergey/iqa-data/kadid10k/images/I44_11_05.png,0.3384223918575064,10.549801339869207
5430,kadid10k,kadid10k/i44,/home/sergey/iqa-data/kadid10k/images/I44_12_01.png,0.8575063613231553,4.301246076961212
5431,kadid10k,kadid10k/i44,/home/sergey/iqa-data/kadid10k/images/I44_12_02.png,0.7709923664122139,6.344251341551068
5432,kadid10k,kadid10k/i44,/home/sergey/iqa-data/kadid10k/images/I44_12_03.png,0.5776081424936387,7.281370210161431
5433,kadid10k,kadid10k/i44,/home/sergey/iqa-data/kadid10k/images/I44_12_04.png,0.4681933842239186,9.081004681159694
5434,kadid10k,kadid10k/i44,/home/sergey/iqa-data/kadid10k/images/I44_12_05.png,0.3129770992366412,9.055945167944808
5435,kadid10k,kadid10k/i44,/home/sergey/iqa-data/kadid10k/images/I44_13_01.png,0.6870229007633589,3.7653070230470087
5436,kadid10k,kadid10k/i44,/home/sergey/iqa-data/kadid10k/images/I44_13_02.png,0.5089058524173028,5.881378791575974
5437,kadid10k,kadid10k/i44,/home/sergey/iqa-data/kadid10k/images/I44_13_03.png,0.3893129770992366,7.672028121499725
5438,kadid10k,kadid10k/i44,/home/sergey/iqa-data/kadid10k/images/I44_13_04.png,0.3740458015267176,10.875774243208014
5439,kadid10k,kadid10k/i44,/home/sergey/iqa-data/kadid10k/images/I44_13_05.png,0.3307888040712468,14.689024725771732
5440,kadid10k,kadid10k/i44,/home/sergey/iqa-data/kadid10k/images/I44_14_01.png,0.8651399491094149,3.8361919614445865
5441,kadid10k,kadid10k/i44,/home/sergey/iqa-data/kadid10k/images/I44_14_02.png,0.7302798982188295,5.630580349190634
5442,kadid10k,kadid10k/i44,/home/sergey/iqa-data/kadid10k/images/I44_14_03.png,0.5267175572519084,6.602449361421494
5443,kadid10k,kadid10k/i44,/home/sergey/iqa-data/kadid10k/images/I44_14_04.png,0.4580152671755725,8.508480083840876
5444,kadid10k,kadid10k/i44,/home/sergey/iqa-data/kadid10k/images/I44_14_05.png,0.3231552162849873,10.502745227077721
5445,kadid10k,kadid10k/i44,/home/sergey/iqa-data/kadid10k/images/I44_15_01.png,0.7048346055979644,4.222918780397836
5446,kadid10k,kadid10k/i44,/home/sergey/iqa-data/kadid10k/images/I44_15_02.png,0.5012722646310434,4.112632732361295
5447,kadid10k,kadid10k/i44,/home/sergey/iqa-data/kadid10k/images/I44_15_03.png,0.3129770992366412,4.159454512828766
5448,kadid10k,kadid10k/i44,/home/sergey/iqa-data/kadid10k/images/I44_15_04.png,0.1603053435114503,4.635203915715851
5449,kadid10k,kadid10k/i44,/home/sergey/iqa-data/kadid10k/images/I44_15_05.png,0.0508905852417302,6.140146839360608
5450,kadid10k,kadid10k/i44,/home/sergey/iqa-data/kadid10k/images/I44_16_01.png,0.8218829516539442,3.4397882538058973
5451,kadid10k,kadid10k/i44,/home/sergey/iqa-data/kadid10k/images/I44_16_02.png,0.796437659033079,3.3951403078597577
5452,kadid10k,kadid10k/i44,/home/sergey/iqa-data/kadid10k/images/I44_16_03.png,0.6284987277353691,3.338250926424957
5453,kadid10k,kadid10k/i44,/home/sergey/iqa-data/kadid10k/images/I44_16_04.png,0.3307888040712468,3.304615724440109
5454,kadid10k,kadid10k/i44,/home/sergey/iqa-data/kadid10k/images/I44_16_05.png,0.1195928753180661,4.065169969271977
5455,kadid10k,kadid10k/i44,/home/sergey/iqa-data/kadid10k/images/I44_17_01.png,0.916030534351145,3.4344412156670683
5456,kadid10k,kadid10k/i44,/home/sergey/iqa-data/kadid10k/images/I44_17_02.png,0.89058524173028,3.4634026527088686
5457,kadid10k,kadid10k/i44,/home/sergey/iqa-data/kadid10k/images/I44_17_03.png,0.7379134860050891,3.470963620291311
5458,kadid10k,kadid10k/i44,/home/sergey/iqa-data/kadid10k/images/I44_17_04.png,0.6539440203562341,3.4045723985218426
5459,kadid10k,kadid10k/i44,/home/sergey/iqa-data/kadid10k/images/I44_17_05.png,0.178117048346056,4.0843427714288785
5460,kadid10k,kadid10k/i44,/home/sergey/iqa-data/kadid10k/images/I44_18_01.png,0.7709923664122139,3.3325745691311415
5461,kadid10k,kadid10k/i44,/home/sergey/iqa-data/kadid10k/images/I44_18_02.png,0.8727735368956743,3.349869896196137
5462,kadid10k,kadid10k/i44,/home/sergey/iqa-data/kadid10k/images/I44_18_03.png,0.8651399491094149,3.485245074197355
5463,kadid10k,kadid10k/i44,/home/sergey/iqa-data/kadid10k/images/I44_18_04.png,0.8295165394402035,3.401950080960709
5464,kadid10k,kadid10k/i44,/home/sergey/iqa-data/kadid10k/images/I44_18_05.png,0.6793893129770993,3.3868764923701007
5465,kadid10k,kadid10k/i44,/home/sergey/iqa-data/kadid10k/images/I44_19_01.png,0.8829516539440203,3.505320407080706
5466,kadid10k,kadid10k/i44,/home/sergey/iqa-data/kadid10k/images/I44_19_02.png,0.8218829516539442,3.487884964618267
5467,kadid10k,kadid10k/i44,/home/sergey/iqa-data/kadid10k/images/I44_19_03.png,0.712468193384224,3.8267712762383894
5468,kadid10k,kadid10k/i44,/home/sergey/iqa-data/kadid10k/images/I44_19_04.png,0.3053435114503817,6.42424558709879
5469,kadid10k,kadid10k/i44,/home/sergey/iqa-data/kadid10k/images/I44_19_05.png,0.1094147582697201,9.888484673962362
5470,kadid10k,kadid10k/i44,/home/sergey/iqa-data/kadid10k/images/I44_20_01.png,0.8218829516539442,3.3295696973994433
5471,kadid10k,kadid10k/i44,/home/sergey/iqa-data/kadid10k/images/I44_20_02.png,0.6793893129770993,3.2029478985182736
5472,kadid10k,kadid10k/i44,/home/sergey/iqa-data/kadid10k/images/I44_20_03.png,0.8142493638676845,3.12327283791808
5473,kadid10k,kadid10k/i44,/home/sergey/iqa-data/kadid10k/images/I44_20_04.png,0.6437659033078881,3.2334868196790714
5474,kadid10k,kadid10k/i44,/home/sergey/iqa-data/kadid10k/images/I44_20_05.png,0.5776081424936387,3.0667645085350173
5475,kadid10k,kadid10k/i44,/home/sergey/iqa-data/kadid10k/images/I44_21_01.png,0.78117048346056,3.168370611018924
5476,kadid10k,kadid10k/i44,/home/sergey/iqa-data/kadid10k/images/I44_21_02.png,0.5419847328244275,3.840621981360719
5477,kadid10k,kadid10k/i44,/home/sergey/iqa-data/kadid10k/images/I44_21_03.png,0.5165394402035624,4.326018287093996
5478,kadid10k,kadid10k/i44,/home/sergey/iqa-data/kadid10k/images/I44_21_04.png,0.6412213740458016,5.070071257541273
5479,kadid10k,kadid10k/i44,/home/sergey/iqa-data/kadid10k/images/I44_21_05.png,0.1094147582697201,9.846000485695576
5480,kadid10k,kadid10k/i44,/home/sergey/iqa-data/kadid10k/images/I44_22_01.png,0.8982188295165395,3.2657783605540645
5481,kadid10k,kadid10k/i44,/home/sergey/iqa-data/kadid10k/images/I44_22_02.png,0.8473282442748092,3.326989804646888
5482,kadid10k,kadid10k/i44,/home/sergey/iqa-data/kadid10k/images/I44_22_03.png,0.8142493638676845,3.3908716610019685
5483,kadid10k,kadid10k/i44,/home/sergey/iqa-data/kadid10k/images/I44_22_04.png,0.5648854961832062,3.880578604732229
5484,kadid10k,kadid10k/i44,/home/sergey/iqa-data/kadid10k/images/I44_22_05.png,0.3384223918575064,4.5829093248013875
5485,kadid10k,kadid10k/i44,/home/sergey/iqa-data/kadid10k/images/I44_23_01.png,0.4402035623409669,3.492102649820615
5486,kadid10k,kadid10k/i44,/home/sergey/iqa-data/kadid10k/images/I44_23_02.png,0.3994910941475826,3.5624304580048043
5487,kadid10k,kadid10k/i44,/home/sergey/iqa-data/kadid10k/images/I44_23_03.png,0.3129770992366412,3.5176091951173243
5488,kadid10k,kadid10k/i44,/home/sergey/iqa-data/kadid10k/images/I44_23_04.png,0.2468193384223918,3.5985144775976527
5489,kadid10k,kadid10k/i44,/home/sergey/iqa-data/kadid10k/images/I44_23_05.png,0.2468193384223918,3.5716941040432384
5490,kadid10k,kadid10k/i44,/home/sergey/iqa-data/kadid10k/images/I44_24_01.png,0.6615776081424937,3.017046687491733
5491,kadid10k,kadid10k/i44,/home/sergey/iqa-data/kadid10k/images/I44_24_02.png,0.3689567430025446,3.2430394006600336
5492,kadid10k,kadid10k/i44,/home/sergey/iqa-data/kadid10k/images/I44_24_03.png,0.2544529262086514,3.5741175456134764
5493,kadid10k,kadid10k/i44,/home/sergey/iqa-data/kadid10k/images/I44_24_04.png,0.1857506361323155,4.396751384946572
5494,kadid10k,kadid10k/i44,/home/sergey/iqa-data/kadid10k/images/I44_24_05.png,0.0508905852417302,5.499460225842886
5495,kadid10k,kadid10k/i44,/home/sergey/iqa-data/kadid10k/images/I44_25_01.png,0.5521628498727735,3.2352720352560005
5496,kadid10k,kadid10k/i44,/home/sergey/iqa-data/kadid10k/images/I44_25_02.png,0.6539440203562341,3.2148535110967456
5497,kadid10k,kadid10k/i44,/home/sergey/iqa-data/kadid10k/images/I44_25_03.png,0.806615776081425,3.326560037469287
5498,kadid10k,kadid10k/i44,/home/sergey/iqa-data/kadid10k/images/I44_25_04.png,0.6106870229007634,3.673907286039585
5499,kadid10k,kadid10k/i44,/home/sergey/iqa-data/kadid10k/images/I44_25_05.png,0.5012722646310434,3.8739954624006345
6375,kadid10k,kadid10k/i52,/home/sergey/iqa-data/kadid10k/images/I52_01_01.png,0.9592875318066156,4.115420078281022
6376,kadid10k,kadid10k/i52,/home/sergey/iqa-data/kadid10k/images/I52_01_02.png,0.8829516539440203,4.327607407028486
6377,kadid10k,kadid10k/i52,/home/sergey/iqa-data/kadid10k/images/I52_01_03.png,0.4402035623409669,6.494880778397053
6378,kadid10k,kadid10k/i52,/home/sergey/iqa-data/kadid10k/images/I52_01_04.png,0.2213740458015267,7.452478334951679
6379,kadid10k,kadid10k/i52,/home/sergey/iqa-data/kadid10k/images/I52_01_05.png,0.0687022900763358,12.474305375128868
6380,kadid10k,kadid10k/i52,/home/sergey/iqa-data/kadid10k/images/I52_02_01.png,0.78117048346056,5.2256615576739405
6381,kadid10k,kadid10k/i52,/home/sergey/iqa-data/kadid10k/images/I52_02_02.png,0.4936386768447837,6.8427267943208
6382,kadid10k,kadid10k/i52,/home/sergey/iqa-data/kadid10k/images/I52_02_03.png,0.2035623409669211,9.592682504000209
6383,kadid10k,kadid10k/i52,/home/sergey/iqa-data/kadid10k/images/I52_02_04.png,0.094147582697201,10.977249392366403
6384,kadid10k,kadid10k/i52,/home/sergey/iqa-data/kadid10k/images/I52_02_05.png,0.0661577608142493,12.45942371583191
6385,kadid10k,kadid10k/i52,/home/sergey/iqa-data/kadid10k/images/I52_03_01.png,0.9414758269720104,4.115420078281022
6386,kadid10k,kadid10k/i52,/home/sergey/iqa-data/kadid10k/images/I52_03_02.png,0.8142493638676845,5.414637100323309
6387,kadid10k,kadid10k/i52,/home/sergey/iqa-data/kadid10k/images/I52_03_03.png,0.4249363867684478,6.1401305251020615
6388,kadid10k,kadid10k/i52,/home/sergey/iqa-data/kadid10k/images/I52_03_04.png,0.1959287531806616,8.476964750176576
6389,kadid10k,kadid10k/i52,/home/sergey/iqa-data/kadid10k/images/I52_03_05.png,0.1526717557251908,10.498174249502114
6390,kadid10k,kadid10k/i52,/home/sergey/iqa-data/kadid10k/images/I52_04_01.png,0.8473282442748092,3.6293505618114024
6391,kadid10k,kadid10k/i52,/home/sergey/iqa-data/kadid10k/images/I52_04_02.png,0.5012722646310434,4.898273470416375
6392,kadid10k,kadid10k/i52,/home/sergey/iqa-data/kadid10k/images/I52_04_03.png,0.2366412213740458,5.910240001837281
6393,kadid10k,kadid10k/i52,/home/sergey/iqa-data/kadid10k/images/I52_04_04.png,0.1272264631043257,6.9177567975359775
6394,kadid10k,kadid10k/i52,/home/sergey/iqa-data/kadid10k/images/I52_04_05.png,0.094147582697201,7.895026165776657
6395,kadid10k,kadid10k/i52,/home/sergey/iqa-data/kadid10k/images/I52_05_01.png,0.9236641221374048,4.141198975744542
6396,kadid10k,kadid10k/i52,/home/sergey/iqa-data/kadid10k/images/I52_05_02.png,0.4656488549618321,5.032665013125413
6397,kadid10k,kadid10k/i52,/home/sergey/iqa-data/kadid10k/images/I52_05_03.png,0.3486005089058525,4.513930190413157
6398,kadid10k,kadid10k/i52,/home/sergey/iqa-data/kadid10k/images/I52_05_04.png,0.3893129770992366,3.864974474099828
6399,kadid10k,kadid10k/i52,/home/sergey/iqa-data/kadid10k/images/I52_05_05.png,0.5165394402035624,3.763803554145509
6400,kadid10k,kadid10k/i52,/home/sergey/iqa-data/kadid10k/images/I52_06_01.png,0.8218829516539442,12.607165381425705
6401,kadid10k,kadid10k/i52,/home/sergey/iqa-data/kadid10k/images/I52_06_02.png,0.8142493638676845,14.684321262170872
6402,kadid10k,kadid10k/i52,/home/sergey/iqa-data/kadid10k/images/I52_06_03.png,0.7379134860050891,15.532622444898461
6403,kadid10k,kadid10k/i52,/home/sergey/iqa-data/kadid10k/images/I52_06_04.png,0.4910941475826972,18.279070543213372
6404,kadid10k,kadid10k/i52,/home/sergey/iqa-data/kadid10k/images/I52_06_05.png,0.3893129770992366,21.062654039275778
6405,kadid10k,kadid10k/i52,/home/sergey/iqa-data/kadid10k/images/I52_07_01.png,0.3638676844783716,3.486954954409773
6406,kadid10k,kadid10k/i52,/home/sergey/iqa-data/kadid10k/images/I52_07_02.png,0.3053435114503817,3.3531561815887505
6407,kadid10k,kadid10k/i52,/home/sergey/iqa-data/kadid10k/images/I52_07_03.png,0.2366412213740458,3.3105406103222825
6408,kadid10k,kadid10k/i52,/home/sergey/iqa-data/kadid10k/images/I52_07_04.png,0.2544529262086514,3.267626922880294
6409,kadid10k,kadid10k/i52,/home/sergey/iqa-data/kadid10k/images/I52_07_05.png,0.2111959287531807,3.223623431644518
6410,kadid10k,kadid10k/i52,/home/sergey/iqa-data/kadid10k/images/I52_08_01.png,0.9414758269720104,4.115420078281022
6411,kadid10k,kadid10k/i52,/home/sergey/iqa-data/kadid10k/images/I52_08_02.png,0.7455470737913487,3.76594156125402
6412,kadid10k,kadid10k/i52,/home/sergey/iqa-data/kadid10k/images/I52_08_03.png,0.6946564885496184,4.46740609374939
6413,kadid10k,kadid10k/i52,/home/sergey/iqa-data/kadid10k/images/I52_08_04.png,0.3053435114503817,4.812396715353032
6414,kadid10k,kadid10k/i52,/home/sergey/iqa-data/kadid10k/images/I52_08_05.png,0.2290076335877862,4.4355045294992
6415,kadid10k,kadid10k/i52,/home/sergey/iqa-data/kadid10k/images/I52_09_01.png,0.8982188295165395,4.33979683255074
6416,kadid10k,kadid10k/i52,/home/sergey/iqa-data/kadid10k/images/I52_09_02.png,0.6361323155216285,4.317538921479203
6417,kadid10k,kadid10k/i52,/home/sergey/iqa-data/kadid10k/images/I52_09_03.png,0.3893129770992366,4.747452284828873
6418,kadid10k,kadid10k/i52,/home/sergey/iqa-data/kadid10k/images/I52_09_04.png,0.1272264631043257,8.575071689730882
6419,kadid10k,kadid10k/i52,/home/sergey/iqa-data/kadid10k/images/I52_09_05.png,0.0585241730279898,11.518112127883699
6420,kadid10k,kadid10k/i52,/home/sergey/iqa-data/kadid10k/images/I52_10_01.png,0.7455470737913487,5.6349827744094805
6421,kadid10k,kadid10k/i52,/home/sergey/iqa-data/kadid10k/images/I52_10_02.png,0.6870229007633589,5.875518668219081
6422,kadid10k,kadid10k/i52,/home/sergey/iqa-data/kadid10k/images/I52_10_03.png,0.6030534351145039,6.035135258360924
6423,kadid10k,kadid10k/i52,/home/sergey/iqa-data/kadid10k/images/I52_10_04.png,0.178117048346056,9.085093598644507
6424,kadid10k,kadid10k/i52,/home/sergey/iqa-data/kadid10k/images/I52_10_05.png,0.0508905852417302,11.195253782715861
6425,kadid10k,kadid10k/i52,/home/sergey/iqa-data/kadid10k/images/I52_11_01.png,0.6692111959287532,7.564244310270288
6426,kadid10k,kadid10k/i52,/home/sergey/iqa-data/kadid10k/images/I52_11_02.png,0.534351145038168,8.734587487317224
6427,kadid10k,kadid10k/i52,/home/sergey/iqa-data/kadid10k/images/I52_11_03.png,0.4325699745547074,9.848087762218256
6428,kadid10k,kadid10k/i52,/home/sergey/iqa-data/kadid10k/images/I52_11_04.png,0.3638676844783716,10.361701751321666
6429,kadid10k,kadid10k/i52,/home/sergey/iqa-data/kadid10k/images/I52_11_05.png,0.272264631043257,12.457311609016473
6430,kadid10k,kadid10k/i52,/home/sergey/iqa-data/kadid10k/images/I52_12_01.png,0.89058524173028,5.588998520682491
6431,kadid10k,kadid10k/i52,/home/sergey/iqa-data/kadid10k/images/I52_12_02.png,0.5776081424936387,8.07993967053712
6432,kadid10k,kadid10k/i52,/home/sergey/iqa-data/kadid10k/images/I52_12_03.png,0.4580152671755725,9.14611039697004
6433,kadid10k,kadid10k/i52,/home/sergey/iqa-data/kadid10k/images/I52_12_04.png,0.3740458015267176,11.43286440227395
6434,kadid10k,kadid10k/i52,/home/sergey/iqa-data/kadid10k/images/I52_12_05.png,0.361323155216285,11.362052807510661
6435,kadid10k,kadid10k/i52,/home/sergey/iqa-data/kadid10k/images/I52_13_01.png,0.5597964376590332,4.405902596121539
6436,kadid10k,kadid10k/i52,/home/sergey/iqa-data/kadid10k/images/I52_13_02.png,0.450381679389313,7.82288654892536
6437,kadid10k,kadid10k/i52,/home/sergey/iqa-data/kadid10k/images/I52_13_03.png,0.4249363867684478,11.416654142318045
6438,kadid10k,kadid10k/i52,/home/sergey/iqa-data/kadid10k/images/I52_13_04.png,0.2977099236641221,17.419319463661743
6439,kadid10k,kadid10k/i52,/home/sergey/iqa-data/kadid10k/images/I52_13_05.png,0.2544529262086514,17.76411514066677
6440,kadid10k,kadid10k/i52,/home/sergey/iqa-data/kadid10k/images/I52_14_01.png,0.8473282442748092,5.412625731856512
6441,kadid10k,kadid10k/i52,/home/sergey/iqa-data/kadid10k/images/I52_14_02.png,0.6284987277353691,8.133098227659701
6442,kadid10k,kadid10k/i52,/home/sergey/iqa-data/kadid10k/images/I52_14_03.png,0.4580152671755725,8.727116928934404
6443,kadid10k,kadid10k/i52,/home/sergey/iqa-data/kadid10k/images/I52_14_04.png,0.3307888040712468,9.888595701447011
6444,kadid10k,kadid10k/i52,/home/sergey/iqa-data/kadid10k/images/I52_14_05.png,0.3231552162849873,11.084626476003796
6445,kadid10k,kadid10k/i52,/home/sergey/iqa-data/kadid10k/images/I52_15_01.png,0.712468193384224,4.883036305859857
6446,kadid10k,kadid10k/i52,/home/sergey/iqa-data/kadid10k/images/I52_15_02.png,0.4249363867684478,4.528046939942009
6447,kadid10k,kadid10k/i52,/home/sergey/iqa-data/kadid10k/images/I52_15_03.png,0.2035623409669211,4.330330416413287
6448,kadid10k,kadid10k/i52,/home/sergey/iqa-data/kadid10k/images/I52_15_04.png,0.1017811704834605,4.641791744290344
6449,kadid10k,kadid10k/i52,/home/sergey/iqa-data/kadid10k/images/I52_15_05.png,0.0839694656488549,6.379310183966021
6450,kadid10k,kadid10k/i52,/home/sergey/iqa-data/kadid10k/images/I52_16_01.png,0.9338422391857508,4.002080629827489
6451,kadid10k,kadid10k/i52,/home/sergey/iqa-data/kadid10k/images/I52_16_02.png,0.8651399491094149,3.959568221582634
6452,kadid10k,kadid10k/i52,/home/sergey/iqa-data/kadid10k/images/I52_16_03.png,0.7302798982188295,3.870883974778659
6453,kadid10k,kadid10k/i52,/home/sergey/iqa-data/kadid10k/images/I52_16_04.png,0.534351145038168,3.916023853750992
6454,kadid10k,kadid10k/i52,/home/sergey/iqa-data/kadid10k/images/I52_16_05.png,0.178117048346056,4.499094280214481
6455,kadid10k,kadid10k/i52,/home/sergey/iqa-data/kadid10k/images/I52_17_01.png,0.9338422391857508,4.023868770436637
6456,kadid10k,kadid10k/i52,/home/sergey/iqa-data/kadid10k/images/I52_17_02.png,0.9414758269720104,4.132001678934189
6457,kadid10k,kadid10k/i52,/home/sergey/iqa-data/kadid10k/images/I52_17_03.png,0.9338422391857508,4.198807141752458
6458,kadid10k,kadid10k/i52,/home/sergey/iqa-data/kadid10k/images/I52_17_04.png,0.6539440203562341,4.1303113966229335
6459,kadid10k,kadid10k/i52,/home/sergey/iqa-data/kadid10k/images/I52_17_05.png,0.3816793893129771,5.362985258599093
6460,kadid10k,kadid10k/i52,/home/sergey/iqa-data/kadid10k/images/I52_18_01.png,0.9236641221374048,3.914928466414551
6461,kadid10k,kadid10k/i52,/home/sergey/iqa-data/kadid10k/images/I52_18_02.png,0.974554707379135,3.880592337175459
6462,kadid10k,kadid10k/i52,/home/sergey/iqa-data/kadid10k/images/I52_18_03.png,0.916030534351145,4.115420078281022
6463,kadid10k,kadid10k/i52,/home/sergey/iqa-data/kadid10k/images/I52_18_04.png,0.94910941475827,3.9780950963294415
6464,kadid10k,kadid10k/i52,/home/sergey/iqa-data/kadid10k/images/I52_18_05.png,0.8218829516539442,4.163024716065601
6465,kadid10k,kadid10k/i52,/home/sergey/iqa-data/kadid10k/images/I52_19_01.png,0.89058524173028,3.9950313215871858
6466,kadid10k,kadid10k/i52,/home/sergey/iqa-data/kadid10k/images/I52_19_02.png,0.8473282442748092,4.183432041885979
6467,kadid10k,kadid10k/i52,/home/sergey/iqa-data/kadid10k/images/I52_19_03.png,0.4325699745547074,4.793870561804188
6468,kadid10k,kadid10k/i52,/home/sergey/iqa-data/kadid10k/images/I52_19_04.png,0.1348600508905852,7.499281039217148
6469,kadid10k,kadid10k/i52,/home/sergey/iqa-data/kadid10k/images/I52_19_05.png,0.0330788804071246,10.563891522199647
6470,kadid10k,kadid10k/i52,/home/sergey/iqa-data/kadid10k/images/I52_20_01.png,0.8982188295165395,4.0731655056268385
6471,kadid10k,kadid10k/i52,/home/sergey/iqa-data/kadid10k/images/I52_20_02.png,0.6793893129770993,4.096693705632319
6472,kadid10k,kadid10k/i52,/home/sergey/iqa-data/kadid10k/images/I52_20_03.png,0.6183206106870229,4.062627895026427
6473,kadid10k,kadid10k/i52,/home/sergey/iqa-data/kadid10k/images/I52_20_04.png,0.5852417302798982,4.022420774689123
6474,kadid10k,kadid10k/i52,/home/sergey/iqa-data/kadid10k/images/I52_20_05.png,0.4834605597964376,4.051049082700581
6475,kadid10k,kadid10k/i52,/home/sergey/iqa-data/kadid10k/images/I52_21_01.png,0.7201017811704835,3.974579322335598
6476,kadid10k,kadid10k/i52,/home/sergey/iqa-data/kadid10k/images/I52_21_02.png,0.4910941475826972,4.582468450756254
6477,kadid10k,kadid10k/i52,/home/sergey/iqa-data/kadid10k/images/I52_21_03.png,0.4071246819338422,5.217931187605203
6478,kadid10k,kadid10k/i52,/home/sergey/iqa-data/kadid10k/images/I52_21_04.png,0.3307888040712468,5.478792213186684
6479,kadid10k,kadid10k/i52,/home/sergey/iqa-data/kadid10k/images/I52_21_05.png,0.1348600508905852,10.745563177290482
6480,kadid10k,kadid10k/i52,/home/sergey/iqa-data/kadid10k/images/I52_22_01.png,0.8218829516539442,5.009829191730623
6481,kadid10k,kadid10k/i52,/home/sergey/iqa-data/kadid10k/images/I52_22_02.png,0.6183206106870229,4.918963121618154
6482,kadid10k,kadid10k/i52,/home/sergey/iqa-data/kadid10k/images/I52_22_03.png,0.5674300254452926,5.329089710417314
6483,kadid10k,kadid10k/i52,/home/sergey/iqa-data/kadid10k/images/I52_22_04.png,0.6030534351145039,5.476322239894192
6484,kadid10k,kadid10k/i52,/home/sergey/iqa-data/kadid10k/images/I52_22_05.png,0.4249363867684478,7.102258555101706
6485,kadid10k,kadid10k/i52,/home/sergey/iqa-data/kadid10k/images/I52_23_01.png,0.3638676844783716,4.1216571915454745
6486,kadid10k,kadid10k/i52,/home/sergey/iqa-data/kadid10k/images/I52_23_02.png,0.3893129770992366,4.242638041650954
6487,kadid10k,kadid10k/i52,/home/sergey/iqa-data/kadid10k/images/I52_23_03.png,0.3231552162849873,4.257177656290579
6488,kadid10k,kadid10k/i52,/home/sergey/iqa-data/kadid10k/images/I52_23_04.png,0.2366412213740458,4.52905833743062
6489,kadid10k,kadid10k/i52,/home/sergey/iqa-data/kadid10k/images/I52_23_05.png,0.3053435114503817,4.813415367500835
6490,kadid10k,kadid10k/i52,/home/sergey/iqa-data/kadid10k/images/I52_24_01.png,0.7201017811704835,4.049249863933097
6491,kadid10k,kadid10k/i52,/home/sergey/iqa-data/kadid10k/images/I52_24_02.png,0.4656488549618321,4.15533058835789
6492,kadid10k,kadid10k/i52,/home/sergey/iqa-data/kadid10k/images/I52_24_03.png,0.2798982188295166,4.617683865957753
6493,kadid10k,kadid10k/i52,/home/sergey/iqa-data/kadid10k/images/I52_24_04.png,0.1704834605597964,6.416470568406106
6494,kadid10k,kadid10k/i52,/home/sergey/iqa-data/kadid10k/images/I52_24_05.png,0.1195928753180661,8.721529036121812
6495,kadid10k,kadid10k/i52,/home/sergey/iqa-data/kadid10k/images/I52_25_01.png,0.7709923664122139,3.995810374070439
6496,kadid10k,kadid10k/i52,/home/sergey/iqa-data/kadid10k/images/I52_25_02.png,0.8396946564885497,3.923916940416831
6497,kadid10k,kadid10k/i52,/home/sergey/iqa-data/kadid10k/images/I52_25_03.png,0.8575063613231553,3.954689950192589
6498,kadid10k,kadid10k/i52,/home/sergey/iqa-data/kadid10k/images/I52_25_04.png,0.8651399491094149,3.9418627374257613
6499,kadid10k,kadid10k/i52,/home/sergey/iqa-data/kadid10k/images/I52_25_05.png,0.6539440203562341,3.983705778930789
7250,kadid10k,kadid10k/i59,/home/sergey/iqa-data/kadid10k/images/I59_01_01.png,0.9669211195928752,3.5872604856537693
7251,kadid10k,kadid10k/i59,/home/sergey/iqa-data/kadid10k/images/I59_01_02.png,0.8396946564885497,3.9657206226866935
7252,kadid10k,kadid10k/i59,/home/sergey/iqa-data/kadid10k/images/I59_01_03.png,0.5597964376590332,5.435930449270845
7253,kadid10k,kadid10k/i59,/home/sergey/iqa-data/kadid10k/images/I59_01_04.png,0.2035623409669211,7.637474450088118
7254,kadid10k,kadid10k/i59,/home/sergey/iqa-data/kadid10k/images/I59_01_05.png,0.094147582697201,10.52534636884312
7255,kadid10k,kadid10k/i59,/home/sergey/iqa-data/kadid10k/images/I59_02_01.png,0.8575063613231553,4.5986266303767165
7256,kadid10k,kadid10k/i59,/home/sergey/iqa-data/kadid10k/images/I59_02_02.png,0.5165394402035624,6.034253747202557
7257,kadid10k,kadid10k/i59,/home/sergey/iqa-data/kadid10k/images/I59_02_03.png,0.1857506361323155,7.681742930700345
7258,kadid10k,kadid10k/i59,/home/sergey/iqa-data/kadid10k/images/I59_02_04.png,0.1195928753180661,8.23934866923632
7259,kadid10k,kadid10k/i59,/home/sergey/iqa-data/kadid10k/images/I59_02_05.png,0.0508905852417302,9.18213471303302
7260,kadid10k,kadid10k/i59,/home/sergey/iqa-data/kadid10k/images/I59_03_01.png,0.974554707379135,3.5872604856537693
7261,kadid10k,kadid10k/i59,/home/sergey/iqa-data/kadid10k/images/I59_03_02.png,0.83206106870229,5.204564992260988
7262,kadid10k,kadid10k/i59,/home/sergey/iqa-data/kadid10k/images/I59_03_03.png,0.6183206106870229,5.9627569079762885
7263,kadid10k,kadid10k/i59,/home/sergey/iqa-data/kadid10k/images/I59_03_04.png,0.3307888040712468,6.18598216492692
7264,kadid10k,kadid10k/i59,/home/sergey/iqa-data/kadid10k/images/I59_03_05.png,0.1195928753180661,8.077844241912077
7265,kadid10k,kadid10k/i59,/home/sergey/iqa-data/kadid10k/images/I59_04_01.png,0.916030534351145,3.5722481176808456
7266,kadid10k,kadid10k/i59,/home/sergey/iqa-data/kadid10k/images/I59_04_02.png,0.5521628498727735,3.561420691639228
7267,kadid10k,kadid10k/i59,/home/sergey/iqa-data/kadid10k/images/I59_04_03.png,0.3384223918575064,3.4456446081290384
7268,kadid10k,kadid10k/i59,/home/sergey/iqa-data/kadid10k/images/I59_04_04.png,0.3638676844783716,3.4466273979744
7269,kadid10k,kadid10k/i59,/home/sergey/iqa-data/kadid10k/images/I59_04_05.png,0.272264631043257,3.392219675348626
7270,kadid10k,kadid10k/i59,/home/sergey/iqa-data/kadid10k/images/I59_05_01.png,0.9338422391857508,3.9186530159618864
7271,kadid10k,kadid10k/i59,/home/sergey/iqa-data/kadid10k/images/I59_05_02.png,0.4071246819338422,5.277412938709902
7272,kadid10k,kadid10k/i59,/home/sergey/iqa-data/kadid10k/images/I59_05_03.png,0.2290076335877862,3.8927845470526994
7273,kadid10k,kadid10k/i59,/home/sergey/iqa-data/kadid10k/images/I59_05_04.png,0.0687022900763358,3.5976637261892326
7274,kadid10k,kadid10k/i59,/home/sergey/iqa-data/kadid10k/images/I59_05_05.png,0.1017811704834605,3.682726048448471
7275,kadid10k,kadid10k/i59,/home/sergey/iqa-data/kadid10k/images/I59_06_01.png,0.83206106870229,4.990980218638849
7276,kadid10k,kadid10k/i59,/home/sergey/iqa-data/kadid10k/images/I59_06_02.png,0.7557251908396948,5.378046902668881
7277,kadid10k,kadid10k/i59,/home/sergey/iqa-data/kadid10k/images/I59_06_03.png,0.7302798982188295,6.253910043878715
7278,kadid10k,kadid10k/i59,/home/sergey/iqa-data/kadid10k/images/I59_06_04.png,0.6030534351145039,7.226792510832036
7279,kadid10k,kadid10k/i59,/home/sergey/iqa-data/kadid10k/images/I59_06_05.png,0.4656488549618321,10.4652008311214
7280,kadid10k,kadid10k/i59,/home/sergey/iqa-data/kadid10k/images/I59_07_01.png,0.5419847328244275,3.5886356445805574
7281,kadid10k,kadid10k/i59,/home/sergey/iqa-data/kadid10k/images/I59_07_02.png,0.356234096692112,3.6336471387421816
7282,kadid10k,kadid10k/i59,/home/sergey/iqa-data/kadid10k/images/I59_07_03.png,0.4580152671755725,3.6185310184108244
7283,kadid10k,kadid10k/i59,/home/sergey/iqa-data/kadid10k/images/I59_07_04.png,0.3867684478371501,3.6155515434188903
7284,kadid10k,kadid10k/i59,/home/sergey/iqa-data/kadid10k/images/I59_07_05.png,0.3027989821882951,3.6221986850059156
7285,kadid10k,kadid10k/i59,/home/sergey/iqa-data/kadid10k/images/I59_08_01.png,0.9414758269720104,3.5872604856537693
7286,kadid10k,kadid10k/i59,/home/sergey/iqa-data/kadid10k/images/I59_08_02.png,0.5776081424936387,3.5521962399563174
7287,kadid10k,kadid10k/i59,/home/sergey/iqa-data/kadid10k/images/I59_08_03.png,0.4758269720101782,3.49379990260369
7288,kadid10k,kadid10k/i59,/home/sergey/iqa-data/kadid10k/images/I59_08_04.png,0.356234096692112,3.4284411966605273
7289,kadid10k,kadid10k/i59,/home/sergey/iqa-data/kadid10k/images/I59_08_05.png,0.2213740458015267,3.299448296184732
7290,kadid10k,kadid10k/i59,/home/sergey/iqa-data/kadid10k/images/I59_09_01.png,0.9236641221374048,3.716659921397008
7291,kadid10k,kadid10k/i59,/home/sergey/iqa-data/kadid10k/images/I59_09_02.png,0.916030534351145,5.072690336584944
7292,kadid10k,kadid10k/i59,/home/sergey/iqa-data/kadid10k/images/I59_09_03.png,0.8651399491094149,5.74875764613673
7293,kadid10k,kadid10k/i59,/home/sergey/iqa-data/kadid10k/images/I59_09_04.png,0.534351145038168,9.972050787550598
7294,kadid10k,kadid10k/i59,/home/sergey/iqa-data/kadid10k/images/I59_09_05.png,0.0763358778625954,10.410954234300707
7295,kadid10k,kadid10k/i59,/home/sergey/iqa-data/kadid10k/images/I59_10_01.png,0.9592875318066156,3.8058418071122215
7296,kadid10k,kadid10k/i59,/home/sergey/iqa-data/kadid10k/images/I59_10_02.png,0.9592875318066156,3.9055928466693186
7297,kadid10k,kadid10k/i59,/home/sergey/iqa-data/kadid10k/images/I59_10_03.png,0.89058524173028,4.701831115372681
7298,kadid10k,kadid10k/i59,/home/sergey/iqa-data/kadid10k/images/I59_10_04.png,0.3816793893129771,6.471758295364487
7299,kadid10k,kadid10k/i59,/home/sergey/iqa-data/kadid10k/images/I59_10_05.png,0.1195928753180661,8.008750502855225
7300,kadid10k,kadid10k/i59,/home/sergey/iqa-data/kadid10k/images/I59_11_01.png,0.8371501272264632,3.8818091798154515
7301,kadid10k,kadid10k/i59,/home/sergey/iqa-data/kadid10k/images/I59_11_02.png,0.7048346055979644,4.589649076882341
7302,kadid10k,kadid10k/i59,/home/sergey/iqa-data/kadid10k/images/I59_11_03.png,0.6183206106870229,4.9433637352971465
7303,kadid10k,kadid10k/i59,/home/sergey/iqa-data/kadid10k/images/I59_11_04.png,0.5089058524173028,5.837081614270259
7304,kadid10k,kadid10k/i59,/home/sergey/iqa-data/kadid10k/images/I59_11_05.png,0.3307888040712468,8.07682177368216
7305,kadid10k,kadid10k/i59,/home/sergey/iqa-data/kadid10k/images/I59_12_01.png,0.89058524173028,3.5670131678247383
7306,kadid10k,kadid10k/i59,/home/sergey/iqa-data/kadid10k/images/I59_12_02.png,0.7709923664122139,4.272498968984036
7307,kadid10k,kadid10k/i59,/home/sergey/iqa-data/kadid10k/images/I59_12_03.png,0.6615776081424937,5.304388399262022
7308,kadid10k,kadid10k/i59,/home/sergey/iqa-data/kadid10k/images/I59_12_04.png,0.5012722646310434,6.544287134099684
7309,kadid10k,kadid10k/i59,/home/sergey/iqa-data/kadid10k/images/I59_12_05.png,0.4071246819338422,7.376847411064551
7310,kadid10k,kadid10k/i59,/home/sergey/iqa-data/kadid10k/images/I59_13_01.png,0.83206106870229,3.649515493968607
7311,kadid10k,kadid10k/i59,/home/sergey/iqa-data/kadid10k/images/I59_13_02.png,0.5597964376590332,4.529979587949505
7312,kadid10k,kadid10k/i59,/home/sergey/iqa-data/kadid10k/images/I59_13_03.png,0.450381679389313,5.603611777846442
7313,kadid10k,kadid10k/i59,/home/sergey/iqa-data/kadid10k/images/I59_13_04.png,0.3384223918575064,7.897402401851387
7314,kadid10k,kadid10k/i59,/home/sergey/iqa-data/kadid10k/images/I59_13_05.png,0.3307888040712468,9.12988350752991
7315,kadid10k,kadid10k/i59,/home/sergey/iqa-data/kadid10k/images/I59_14_01.png,0.984732824427481,3.5741297245014043
7316,kadid10k,kadid10k/i59,/home/sergey/iqa-data/kadid10k/images/I59_14_02.png,0.796437659033079,3.9800284806791884
7317,kadid10k,kadid10k/i59,/home/sergey/iqa-data/kadid10k/images/I59_14_03.png,0.5165394402035624,4.276855682721202
7318,kadid10k,kadid10k/i59,/home/sergey/iqa-data/kadid10k/images/I59_14_04.png,0.450381679389313,5.374781605886121
7319,kadid10k,kadid10k/i59,/home/sergey/iqa-data/kadid10k/images/I59_14_05.png,0.3129770992366412,6.953004402896483
7320,kadid10k,kadid10k/i59,/home/sergey/iqa-data/kadid10k/images/I59_15_01.png,0.796437659033079,3.562423019010434
7321,kadid10k,kadid10k/i59,/home/sergey/iqa-data/kadid10k/images/I59_15_02.png,0.5165394402035624,3.561957536642396
7322,kadid10k,kadid10k/i59,/home/sergey/iqa-data/kadid10k/images/I59_15_03.png,0.3893129770992366,3.852507570601014
7323,kadid10k,kadid10k/i59,/home/sergey/iqa-data/kadid10k/images/I59_15_04.png,0.2035623409669211,4.46941586934303
7324,kadid10k,kadid10k/i59,/home/sergey/iqa-data/kadid10k/images/I59_15_05.png,0.1272264631043257,5.59907343901264
7325,kadid10k,kadid10k/i59,/home/sergey/iqa-data/kadid10k/images/I59_16_01.png,0.94910941475827,3.6064533527321796
7326,kadid10k,kadid10k/i59,/home/sergey/iqa-data/kadid10k/images/I59_16_02.png,0.8829516539440203,3.676397680767148
7327,kadid10k,kadid10k/i59,/home/sergey/iqa-data/kadid10k/images/I59_16_03.png,0.7201017811704835,3.765199294080545
7328,kadid10k,kadid10k/i59,/home/sergey/iqa-data/kadid10k/images/I59_16_04.png,0.4834605597964376,3.8924103930562404
7329,kadid10k,kadid10k/i59,/home/sergey/iqa-data/kadid10k/images/I59_16_05.png,0.1348600508905852,4.819504296803313
7330,kadid10k,kadid10k/i59,/home/sergey/iqa-data/kadid10k/images/I59_17_01.png,0.974554707379135,3.541142953891283
7331,kadid10k,kadid10k/i59,/home/sergey/iqa-data/kadid10k/images/I59_17_02.png,0.8625954198473282,3.5242182404457307
7332,kadid10k,kadid10k/i59,/home/sergey/iqa-data/kadid10k/images/I59_17_03.png,0.8396946564885497,3.465184329847579
7333,kadid10k,kadid10k/i59,/home/sergey/iqa-data/kadid10k/images/I59_17_04.png,0.6870229007633589,3.271900292473761
7334,kadid10k,kadid10k/i59,/home/sergey/iqa-data/kadid10k/images/I59_17_05.png,0.3486005089058525,4.645821413001253
7335,kadid10k,kadid10k/i59,/home/sergey/iqa-data/kadid10k/images/I59_18_01.png,0.8727735368956743,3.5794303903782514
7336,kadid10k,kadid10k/i59,/home/sergey/iqa-data/kadid10k/images/I59_18_02.png,0.9414758269720104,3.5987057127598496
7337,kadid10k,kadid10k/i59,/home/sergey/iqa-data/kadid10k/images/I59_18_03.png,0.9338422391857508,3.5872604856537693
7338,kadid10k,kadid10k/i59,/home/sergey/iqa-data/kadid10k/images/I59_18_04.png,0.8727735368956743,3.561943707201771
7339,kadid10k,kadid10k/i59,/home/sergey/iqa-data/kadid10k/images/I59_18_05.png,0.7455470737913487,3.5589373201334964
7340,kadid10k,kadid10k/i59,/home/sergey/iqa-data/kadid10k/images/I59_19_01.png,0.8982188295165395,3.5291851949122304
7341,kadid10k,kadid10k/i59,/home/sergey/iqa-data/kadid10k/images/I59_19_02.png,0.83206106870229,3.3832357152651564
7342,kadid10k,kadid10k/i59,/home/sergey/iqa-data/kadid10k/images/I59_19_03.png,0.6870229007633589,4.1527390511132465
7343,kadid10k,kadid10k/i59,/home/sergey/iqa-data/kadid10k/images/I59_19_04.png,0.2544529262086514,6.994192221656983
7344,kadid10k,kadid10k/i59,/home/sergey/iqa-data/kadid10k/images/I59_19_05.png,0.0330788804071246,10.953493181512464
7345,kadid10k,kadid10k/i59,/home/sergey/iqa-data/kadid10k/images/I59_20_01.png,0.8829516539440203,3.6528240992729617
7346,kadid10k,kadid10k/i59,/home/sergey/iqa-data/kadid10k/images/I59_20_02.png,0.9083969465648856,3.553968088747276
7347,kadid10k,kadid10k/i59,/home/sergey/iqa-data/kadid10k/images/I59_20_03.png,0.78117048346056,3.5038263223851804
7348,kadid10k,kadid10k/i59,/home/sergey/iqa-data/kadid10k/images/I59_20_04.png,0.8218829516539442,3.4043209409497677
7349,kadid10k,kadid10k/i59,/home/sergey/iqa-data/kadid10k/images/I59_20_05.png,0.6615776081424937,3.498059475601528
7350,kadid10k,kadid10k/i59,/home/sergey/iqa-data/kadid10k/images/I59_21_01.png,0.89058524173028,3.2684443036356545
7351,kadid10k,kadid10k/i59,/home/sergey/iqa-data/kadid10k/images/I59_21_02.png,0.6793893129770993,4.599268992531143
7352,kadid10k,kadid10k/i59,/home/sergey/iqa-data/kadid10k/images/I59_21_03.png,0.712468193384224,5.175126468402346
7353,kadid10k,kadid10k/i59,/home/sergey/iqa-data/kadid10k/images/I59_21_04.png,0.534351145038168,5.224303431371386
7354,kadid10k,kadid10k/i59,/home/sergey/iqa-data/kadid10k/images/I59_21_05.png,0.1348600508905852,13.269027538371352
7355,kadid10k,kadid10k/i59,/home/sergey/iqa-data/kadid10k/images/I59_22_01.png,0.8651399491094149,3.2882794511903572
7356,kadid10k,kadid10k/i59,/home/sergey/iqa-data/kadid10k/images/I59_22_02.png,0.885496183206107,3.2657539500797257
7357,kadid10k,kadid10k/i59,/home/sergey/iqa-data/kadid10k/images/I59_22_03.png,0.6870229007633589,3.468886883150715
7358,kadid10k,kadid10k/i59,/home/sergey/iqa-data/kadid10k/images/I59_22_04.png,0.6946564885496184,3.6892208245270433
7359,kadid10k,kadid10k/i59,/home/sergey/iqa-data/kadid10k/images/I59_22_05.png,0.6106870229007634,4.202969332860991
7360,kadid10k,kadid10k/i59,/home/sergey/iqa-data/kadid10k/images/I59_23_01.png,0.4758269720101782,3.533599477510477
7361,kadid10k,kadid10k/i59,/home/sergey/iqa-data/kadid10k/images/I59_23_02.png,0.3740458015267176,3.7535175168202883
7362,kadid10k,kadid10k/i59,/home/sergey/iqa-data/kadid10k/images/I59_23_03.png,0.3816793893129771,3.7819996956230453
7363,kadid10k,kadid10k/i59,/home/sergey/iqa-data/kadid10k/images/I59_23_04.png,0.356234096692112,3.6055115280535026
7364,kadid10k,kadid10k/i59,/home/sergey/iqa-data/kadid10k/images/I59_23_05.png,0.3307888040712468,3.483607527068313
7365,kadid10k,kadid10k/i59,/home/sergey/iqa-data/kadid10k/images/I59_24_01.png,0.7455470737913487,3.910956785419778
7366,kadid10k,kadid10k/i59,/home/sergey/iqa-data/kadid10k/images/I59_24_02.png,0.4910941475826972,3.984188773791181
7367,kadid10k,kadid10k/i59,/home/sergey/iqa-data/kadid10k/images/I59_24_03.png,0.356234096692112,3.8597173097747133
7368,kadid10k,kadid10k/i59,/home/sergey/iqa-data/kadid10k/images/I59_24_04.png,0.2035623409669211,3.4748814096542664
7369,kadid10k,kadid10k/i59,/home/sergey/iqa-data/kadid10k/images/I59_24_05.png,0.1017811704834605,3.999420941266953
7370,kadid10k,kadid10k/i59,/home/sergey/iqa-data/kadid10k/images/I59_25_01.png,0.7633587786259542,3.655304414154102
7371,kadid10k,kadid10k/i59,/home/sergey/iqa-data/kadid10k/images/I59_25_02.png,0.7302798982188295,3.540045128093736
7372,kadid10k,kadid10k/i59,/home/sergey/iqa-data/kadid10k/images/I59_25_03.png,0.8625954198473282,3.6222531703809855
7373,kadid10k,kadid10k/i59,/home/sergey/iqa-data/kadid10k/images/I59_25_04.png,0.7888040712468193,3.447347272590819
7374,kadid10k,kadid10k/i59,/home/sergey/iqa-data/kadid10k/images/I59_25_05.png,0.4910941475826972,3.3134212344598644
7625,kadid10k,kadid10k/i62,/home/sergey/iqa-data/kadid10k/images/I62_01_01.png,0.9236641221374048,1.9753593166138559
7626,kadid10k,kadid10k/i62,/home/sergey/iqa-data/kadid10k/images/I62_01_02.png,0.7709923664122139,2.243283196138768
7627,kadid10k,kadid10k/i62,/home/sergey/iqa-data/kadid10k/images/I62_01_03.png,0.4071246819338422,4.579477918763348
7628,kadid10k,kadid10k/i62,/home/sergey/iqa-data/kadid10k/images/I62_01_04.png,0.2213740458015267,7.250849342404382
7629,kadid10k,kadid10k/i62,/home/sergey/iqa-data/kadid10k/images/I62_01_05.png,0.1094147582697201,11.33901614033681
7630,kadid10k,kadid10k/i62,/home/sergey/iqa-data/kadid10k/images/I62_02_01.png,0.712468193384224,3.202111429963117
7631,kadid10k,kadid10k/i62,/home/sergey/iqa-data/kadid10k/images/I62_02_02.png,0.356234096692112,4.923493625443775
7632,kadid10k,kadid10k/i62,/home/sergey/iqa-data/kadid10k/images/I62_02_03.png,0.2035623409669211,6.9308714643932365
7633,kadid10k,kadid10k/i62,/home/sergey/iqa-data/kadid10k/images/I62_02_04.png,0.1195928753180661,8.529653538490484
7634,kadid10k,kadid10k/i62,/home/sergey/iqa-data/kadid10k/images/I62_02_05.png,0.1195928753180661,9.903989118232968
7635,kadid10k,kadid10k/i62,/home/sergey/iqa-data/kadid10k/images/I62_03_01.png,0.83206106870229,1.9753593166138559
7636,kadid10k,kadid10k/i62,/home/sergey/iqa-data/kadid10k/images/I62_03_02.png,0.6284987277353691,3.012431094371666
7637,kadid10k,kadid10k/i62,/home/sergey/iqa-data/kadid10k/images/I62_03_03.png,0.3307888040712468,4.958961896703159
7638,kadid10k,kadid10k/i62,/home/sergey/iqa-data/kadid10k/images/I62_03_04.png,0.2035623409669211,5.7344234692348035
7639,kadid10k,kadid10k/i62,/home/sergey/iqa-data/kadid10k/images/I62_03_05.png,0.1195928753180661,6.100526811299885
7640,kadid10k,kadid10k/i62,/home/sergey/iqa-data/kadid10k/images/I62_04_01.png,0.8982188295165395,1.9950511996015372
7641,kadid10k,kadid10k/i62,/home/sergey/iqa-data/kadid10k/images/I62_04_02.png,0.4071246819338422,2.1734339126944193
7642,kadid10k,kadid10k/i62,/home/sergey/iqa-data/kadid10k/images/I62_04_03.png,0.3307888040712468,1.9570939794146267
7643,kadid10k,kadid10k/i62,/home/sergey/iqa-data/kadid10k/images/I62_04_04.png,0.2620865139949109,1.9641604980728122
7644,kadid10k,kadid10k/i62,/home/sergey/iqa-data/kadid10k/images/I62_04_05.png,0.1017811704834605,2.2489870091106265
7645,kadid10k,kadid10k/i62,/home/sergey/iqa-data/kadid10k/images/I62_05_01.png,0.89058524173028,2.414964489096511
7646,kadid10k,kadid10k/i62,/home/sergey/iqa-data/kadid10k/images/I62_05_02.png,0.2620865139949109,2.419835346293684
7647,kadid10k,kadid10k/i62,/home/sergey/iqa-data/kadid10k/images/I62_05_03.png,0.1857506361323155,2.1612013480274594
7648,kadid10k,kadid10k/i62,/home/sergey/iqa-data/kadid10k/images/I62_05_04.png,0.1603053435114503,2.060478684242633
7649,kadid10k,kadid10k/i62,/home/sergey/iqa-data/kadid10k/images/I62_05_05.png,0.1450381679389313,2.1451847637330848
7650,kadid10k,kadid10k/i62,/home/sergey/iqa-data/kadid10k/images/I62_06_01.png,0.806615776081425,4.5001529767904
7651,kadid10k,kadid10k/i62,/home/sergey/iqa-data/kadid10k/images/I62_06_02.png,0.8218829516539442,4.740166259730318
7652,kadid10k,kadid10k/i62,/home/sergey/iqa-data/kadid10k/images/I62_06_03.png,0.7480916030534351,6.871083981971175
7653,kadid10k,kadid10k/i62,/home/sergey/iqa-data/kadid10k/images/I62_06_04.png,0.5852417302798982,7.285808725499206
7654,kadid10k,kadid10k/i62,/home/sergey/iqa-data/kadid10k/images/I62_06_05.png,0.356234096692112,9.980921336685569
7655,kadid10k,kadid10k/i62,/home/sergey/iqa-data/kadid10k/images/I62_07_01.png,0.534351145038168,1.9329044509906217
7656,kadid10k,kadid10k/i62,/home/sergey/iqa-data/kadid10k/images/I62_07_02.png,0.4402035623409669,1.9205561206024206
7657,kadid10k,kadid10k/i62,/home/sergey/iqa-data/kadid10k/images/I62_07_03.png,0.4758269720101782,1.9869756666021787
7658,kadid10k,kadid10k/i62,/home/sergey/iqa-data/kadid10k/images/I62_07_04.png,0.4071246819338422,1.974369145837072
7659,kadid10k,kadid10k/i62,/home/sergey/iqa-data/kadid10k/images/I62_07_05.png,0.3486005089058525,2.0068167484646167
7660,kadid10k,kadid10k/i62,/home/sergey/iqa-data/kadid10k/images/I62_08_01.png,0.89058524173028,1.9753593166138559
7661,kadid10k,kadid10k/i62,/home/sergey/iqa-data/kadid10k/images/I62_08_02.png,0.6030534351145039,2.033432742020037
7662,kadid10k,kadid10k/i62,/home/sergey/iqa-data/kadid10k/images/I62_08_03.png,0.4580152671755725,1.8322862348672004
7663,kadid10k,kadid10k/i62,/home/sergey/iqa-data/kadid10k/images/I62_08_04.png,0.2213740458015267,1.831852630633541
7664,kadid10k,kadid10k/i62,/home/sergey/iqa-data/kadid10k/images/I62_08_05.png,0.2035623409669211,1.8863244729241317
7665,kadid10k,kadid10k/i62,/home/sergey/iqa-data/kadid10k/images/I62_09_01.png,0.8727735368956743,3.7032960967368203
7666,kadid10k,kadid10k/i62,/home/sergey/iqa-data/kadid10k/images/I62_09_02.png,0.7379134860050891,5.673175632969955
7667,kadid10k,kadid10k/i62,/home/sergey/iqa-data/kadid10k/images/I62_09_03.png,0.5674300254452926,5.858962084055231
7668,kadid10k,kadid10k/i62,/home/sergey/iqa-data/kadid10k/images/I62_09_04.png,0.1857506361323155,7.876275651675124
7669,kadid10k,kadid10k/i62,/home/sergey/iqa-data/kadid10k/images/I62_09_05.png,0.1450381679389313,10.448267443779944
7670,kadid10k,kadid10k/i62,/home/sergey/iqa-data/kadid10k/images/I62_10_01.png,0.8218829516539442,3.2729352668640614
7671,kadid10k,kadid10k/i62,/home/sergey/iqa-data/kadid10k/images/I62_10_02.png,0.8218829516539442,3.5137354890514554
7672,kadid10k,kadid10k/i62,/home/sergey/iqa-data/kadid10k/images/I62_10_03.png,0.7455470737913487,3.7620686770541973
7673,kadid10k,kadid10k/i62,/home/sergey/iqa-data/kadid10k/images/I62_10_04.png,0.1959287531806616,6.92273805426512
7674,kadid10k,kadid10k/i62,/home/sergey/iqa-data/kadid10k/images/I62_10_05.png,0.1195928753180661,9.444903954729583
7675,kadid10k,kadid10k/i62,/home/sergey/iqa-data/kadid10k/images/I62_11_01.png,0.7709923664122139,4.5806946392054035
7676,kadid10k,kadid10k/i62,/home/sergey/iqa-data/kadid10k/images/I62_11_02.png,0.6361323155216285,5.4268845988347705
7677,kadid10k,kadid10k/i62,/home/sergey/iqa-data/kadid10k/images/I62_11_03.png,0.3994910941475826,6.272168937374248
7678,kadid10k,kadid10k/i62,/home/sergey/iqa-data/kadid10k/images/I62_11_04.png,0.4274809160305344,6.957412373112099
7679,kadid10k,kadid10k/i62,/home/sergey/iqa-data/kadid10k/images/I62_11_05.png,0.3231552162849873,8.362335696642317
7680,kadid10k,kadid10k/i62,/home/sergey/iqa-data/kadid10k/images/I62_12_01.png,0.8982188295165395,3.0220040339533885
7681,kadid10k,kadid10k/i62,/home/sergey/iqa-data/kadid10k/images/I62_12_02.png,0.7888040712468193,4.79990786199565
7682,kadid10k,kadid10k/i62,/home/sergey/iqa-data/kadid10k/images/I62_12_03.png,0.5165394402035624,6.61478954722497
7683,kadid10k,kadid10k/i62,/home/sergey/iqa-data/kadid10k/images/I62_12_04.png,0.4656488549618321,7.533019881874201
7684,kadid10k,kadid10k/i62,/home/sergey/iqa-data/kadid10k/images/I62_12_05.png,0.3486005089058525,7.757877608023597
7685,kadid10k,kadid10k/i62,/home/sergey/iqa-data/kadid10k/images/I62_13_01.png,0.5877862595419848,2.33081933205758
7686,kadid10k,kadid10k/i62,/home/sergey/iqa-data/kadid10k/images/I62_13_02.png,0.4249363867684478,4.0611868269249864
7687,kadid10k,kadid10k/i62,/home/sergey/iqa-data/kadid10k/images/I62_13_03.png,0.2620865139949109,5.328460470586459
7688,kadid10k,kadid10k/i62,/home/sergey/iqa-data/kadid10k/images/I62_13_04.png,0.3384223918575064,7.402684488329789
7689,kadid10k,kadid10k/i62,/home/sergey/iqa-data/kadid10k/images/I62_13_05.png,0.2875318066157761,9.127302538878348
7690,kadid10k,kadid10k/i62,/home/sergey/iqa-data/kadid10k/images/I62_14_01.png,0.8575063613231553,2.8093783716506726
7691,kadid10k,kadid10k/i62,/home/sergey/iqa-data/kadid10k/images/I62_14_02.png,0.6183206106870229,3.200616504503883
7692,kadid10k,kadid10k/i62,/home/sergey/iqa-data/kadid10k/images/I62_14_03.png,0.3994910941475826,3.2947606738955932
7693,kadid10k,kadid10k/i62,/home/sergey/iqa-data/kadid10k/images/I62_14_04.png,0.3740458015267176,3.7598451347445225
7694,kadid10k,kadid10k/i62,/home/sergey/iqa-data/kadid10k/images/I62_14_05.png,0.3053435114503817,4.719218254876923
7695,kadid10k,kadid10k/i62,/home/sergey/iqa-data/kadid10k/images/I62_15_01.png,0.5852417302798982,3.1604038702974977
7696,kadid10k,kadid10k/i62,/home/sergey/iqa-data/kadid10k/images/I62_15_02.png,0.3053435114503817,3.4069404328436663
7697,kadid10k,kadid10k/i62,/home/sergey/iqa-data/kadid10k/images/I62_15_03.png,0.2544529262086514,3.557279154695517
7698,kadid10k,kadid10k/i62,/home/sergey/iqa-data/kadid10k/images/I62_15_04.png,0.1603053435114503,4.3673611149616045
7699,kadid10k,kadid10k/i62,/home/sergey/iqa-data/kadid10k/images/I62_15_05.png,0.1272264631043257,5.081069536666495
7700,kadid10k,kadid10k/i62,/home/sergey/iqa-data/kadid10k/images/I62_16_01.png,0.8142493638676845,2.052453179975742
7701,kadid10k,kadid10k/i62,/home/sergey/iqa-data/kadid10k/images/I62_16_02.png,0.8829516539440203,2.130912917820805
7702,kadid10k,kadid10k/i62,/home/sergey/iqa-data/kadid10k/images/I62_16_03.png,0.7201017811704835,2.089250208764399
7703,kadid10k,kadid10k/i62,/home/sergey/iqa-data/kadid10k/images/I62_16_04.png,0.534351145038168,2.289355404397085
7704,kadid10k,kadid10k/i62,/home/sergey/iqa-data/kadid10k/images/I62_16_05.png,0.2544529262086514,4.171156661018242
7705,kadid10k,kadid10k/i62,/home/sergey/iqa-data/kadid10k/images/I62_17_01.png,0.89058524173028,1.941718936772438
7706,kadid10k,kadid10k/i62,/home/sergey/iqa-data/kadid10k/images/I62_17_02.png,0.8396946564885497,1.8880611076073945
7707,kadid10k,kadid10k/i62,/home/sergey/iqa-data/kadid10k/images/I62_17_03.png,0.7455470737913487,1.7931954427449828
7708,kadid10k,kadid10k/i62,/home/sergey/iqa-data/kadid10k/images/I62_17_04.png,0.4249363867684478,2.102804271943516
7709,kadid10k,kadid10k/i62,/home/sergey/iqa-data/kadid10k/images/I62_17_05.png,0.178117048346056,4.7444533346315785
7710,kadid10k,kadid10k/i62,/home/sergey/iqa-data/kadid10k/images/I62_18_01.png,0.8600508905852418,1.9579660813744277
7711,kadid10k,kadid10k/i62,/home/sergey/iqa-data/kadid10k/images/I62_18_02.png,0.8727735368956743,2.0237973925736275
7712,kadid10k,kadid10k/i62,/home/sergey/iqa-data/kadid10k/images/I62_18_03.png,0.8575063613231553,1.9753593166138559
7713,kadid10k,kadid10k/i62,/home/sergey/iqa-data/kadid10k/images/I62_18_04.png,0.7302798982188295,2.7417750586971676
7714,kadid10k,kadid10k/i62,/home/sergey/iqa-data/kadid10k/images/I62_18_05.png,0.5267175572519084,3.4676141859976126
7715,kadid10k,kadid10k/i62,/home/sergey/iqa-data/kadid10k/images/I62_19_01.png,0.796437659033079,1.9151710653091267
7716,kadid10k,kadid10k/i62,/home/sergey/iqa-data/kadid10k/images/I62_19_02.png,0.7455470737913487,1.9976432142254903
7717,kadid10k,kadid10k/i62,/home/sergey/iqa-data/kadid10k/images/I62_19_03.png,0.4910941475826972,3.0239529127769664
7718,kadid10k,kadid10k/i62,/home/sergey/iqa-data/kadid10k/images/I62_19_04.png,0.2111959287531807,6.447093300909472
7719,kadid10k,kadid10k/i62,/home/sergey/iqa-data/kadid10k/images/I62_19_05.png,0.0585241730279898,10.399645299886393
7720,kadid10k,kadid10k/i62,/home/sergey/iqa-data/kadid10k/images/I62_20_01.png,0.7557251908396948,1.9329536899054658
7721,kadid10k,kadid10k/i62,/home/sergey/iqa-data/kadid10k/images/I62_20_02.png,0.83206106870229,1.981267294209784
7722,kadid10k,kadid10k/i62,/home/sergey/iqa-data/kadid10k/images/I62_20_03.png,0.83206106870229,1.9743150485180807
7723,kadid10k,kadid10k/i62,/home/sergey/iqa-data/kadid10k/images/I62_20_04.png,0.78117048346056,2.05019873002017
7724,kadid10k,kadid10k/i62,/home/sergey/iqa-data/kadid10k/images/I62_20_05.png,0.6437659033078881,1.9548111533396542
7725,kadid10k,kadid10k/i62,/home/sergey/iqa-data/kadid10k/images/I62_21_01.png,0.796437659033079,2.636882946807422
7726,kadid10k,kadid10k/i62,/home/sergey/iqa-data/kadid10k/images/I62_21_02.png,0.6030534351145039,3.9146667282329988
7727,kadid10k,kadid10k/i62,/home/sergey/iqa-data/kadid10k/images/I62_21_03.png,0.5521628498727735,4.627958161393246
7728,kadid10k,kadid10k/i62,/home/sergey/iqa-data/kadid10k/images/I62_21_04.png,0.5012722646310434,4.796354044094536
7729,kadid10k,kadid10k/i62,/home/sergey/iqa-data/kadid10k/images/I62_21_05.png,0.094147582697201,11.592858117064782
7730,kadid10k,kadid10k/i62,/home/sergey/iqa-data/kadid10k/images/I62_22_01.png,0.8651399491094149,2.7953031775788597
7731,kadid10k,kadid10k/i62,/home/sergey/iqa-data/kadid10k/images/I62_22_02.png,0.8651399491094149,3.2223820164727788
7732,kadid10k,kadid10k/i62,/home/sergey/iqa-data/kadid10k/images/I62_22_03.png,0.796437659033079,3.7974767569469874
7733,kadid10k,kadid10k/i62,/home/sergey/iqa-data/kadid10k/images/I62_22_04.png,0.6946564885496184,4.385555668477004
7734,kadid10k,kadid10k/i62,/home/sergey/iqa-data/kadid10k/images/I62_22_05.png,0.4580152671755725,6.48357294114176
7735,kadid10k,kadid10k/i62,/home/sergey/iqa-data/kadid10k/images/I62_23_01.png,0.3816793893129771,1.9426359081427633
7736,kadid10k,kadid10k/i62,/home/sergey/iqa-data/kadid10k/images/I62_23_02.png,0.356234096692112,2.063867261373978
7737,kadid10k,kadid10k/i62,/home/sergey/iqa-data/kadid10k/images/I62_23_03.png,0.2290076335877862,2.3472125676772877
7738,kadid10k,kadid10k/i62,/home/sergey/iqa-data/kadid10k/images/I62_23_04.png,0.2977099236641221,2.2730398820397
7739,kadid10k,kadid10k/i62,/home/sergey/iqa-data/kadid10k/images/I62_23_05.png,0.1704834605597964,2.4286261777304623
7740,kadid10k,kadid10k/i62,/home/sergey/iqa-data/kadid10k/images/I62_24_01.png,0.5674300254452926,2.7534782820868218
7741,kadid10k,kadid10k/i62,/home/sergey/iqa-data/kadid10k/images/I62_24_02.png,0.4071246819338422,3.1844766252062726
7742,kadid10k,kadid10k/i62,/home/sergey/iqa-data/kadid10k/images/I62_24_03.png,0.272264631043257,3.3778186201170555
7743,kadid10k,kadid10k/i62,/home/sergey/iqa-data/kadid10k/images/I62_24_04.png,0.1348600508905852,4.071834553120881
7744,kadid10k,kadid10k/i62,/home/sergey/iqa-data/kadid10k/images/I62_24_05.png,0.0687022900763358,5.24499139022378
7745,kadid10k,kadid10k/i62,/home/sergey/iqa-data/kadid10k/images/I62_25_01.png,0.5521628498727735,3.1384404004915756
7746,kadid10k,kadid10k/i62,/home/sergey/iqa-data/kadid10k/images/I62_25_02.png,0.5419847328244275,2.6393525419387363
7747,kadid10k,kadid10k/i62,/home/sergey/iqa-data/kadid10k/images/I62_25_03.png,0.7455470737913487,2.001767616242362
7748,kadid10k,kadid10k/i62,/home/sergey/iqa-data/kadid10k/images/I62_25_04.png,0.7709923664122139,2.2603802911410864
7749,kadid10k,kadid10k/i62,/home/sergey/iqa-data/kadid10k/images/I62_25_05.png,0.6106870229007634,2.2358285899219883
7750,kadid10k,kadid10k/i63,/home/sergey/iqa-data/kadid10k/images/I63_01_01.png,0.9338422391857508,2.3731554008221942
7751,kadid10k,kadid10k/i63,/home/sergey/iqa-data/kadid10k/images/I63_01_02.png,0.8727735368956743,2.1565042829789642
7752,kadid10k,kadid10k/i63,/home/sergey/iqa-data/kadid10k/images/I63_01_03.png,0.4071246819338422,4.518644956040823
7753,kadid10k,kadid10k/i63,/home/sergey/iqa-data/kadid10k/images/I63_01_04.png,0.2213740458015267,7.198150331320532
7754,kadid10k,kadid10k/i63,/home/sergey/iqa-data/kadid10k/images/I63_01_05.png,0.0763358778625954,12.012095336815362
7755,kadid10k,kadid10k/i63,/home/sergey/iqa-data/kadid10k/images/I63_02_01.png,0.6284987277353691,3.0987584049728003
7756,kadid10k,kadid10k/i63,/home/sergey/iqa-data/kadid10k/images/I63_02_02.png,0.3740458015267176,5.374864582034821
7757,kadid10k,kadid10k/i63,/home/sergey/iqa-data/kadid10k/images/I63_02_03.png,0.1450381679389313,8.093786355155215
7758,kadid10k,kadid10k/i63,/home/sergey/iqa-data/kadid10k/images/I63_02_04.png,0.0687022900763358,9.121166434420008
7759,kadid10k,kadid10k/i63,/home/sergey/iqa-data/kadid10k/images/I63_02_05.png,0.0763358778625954,10.087955965591691
7760,kadid10k,kadid10k/i63,/home/sergey/iqa-data/kadid10k/images/I63_03_01.png,0.89058524173028,2.3731554008221942
7761,kadid10k,kadid10k/i63,/home/sergey/iqa-data/kadid10k/images/I63_03_02.png,0.7201017811704835,4.369890532955767
7762,kadid10k,kadid10k/i63,/home/sergey/iqa-data/kadid10k/images/I63_03_03.png,0.450381679389313,5.4206669030739025
7763,kadid10k,kadid10k/i63,/home/sergey/iqa-data/kadid10k/images/I63_03_04.png,0.2111959287531807,4.9397548524775745
7764,kadid10k,kadid10k/i63,/home/sergey/iqa-data/kadid10k/images/I63_03_05.png,0.1272264631043257,6.497747898946663
7765,kadid10k,kadid10k/i63,/home/sergey/iqa-data/kadid10k/images/I63_04_01.png,0.8473282442748092,2.3790919531269985
7766,kadid10k,kadid10k/i63,/home/sergey/iqa-data/kadid10k/images/I63_04_02.png,0.4580152671755725,2.2365446893928698
7767,kadid10k,kadid10k/i63,/home/sergey/iqa-data/kadid10k/images/I63_04_03.png,0.1603053435114503,2.3622800220319635
7768,kadid10k,kadid10k/i63,/home/sergey/iqa-data/kadid10k/images/I63_04_04.png,0.0839694656488549,2.714358189564665
7769,kadid10k,kadid10k/i63,/home/sergey/iqa-data/kadid10k/images/I63_04_05.png,0.0508905852417302,2.9793965923670447
7770,kadid10k,kadid10k/i63,/home/sergey/iqa-data/kadid10k/images/I63_05_01.png,0.7048346055979644,3.0458397089974234
7771,kadid10k,kadid10k/i63,/home/sergey/iqa-data/kadid10k/images/I63_05_02.png,0.3384223918575064,3.3573087220600124
7772,kadid10k,kadid10k/i63,/home/sergey/iqa-data/kadid10k/images/I63_05_03.png,0.2035623409669211,2.528455119489361
7773,kadid10k,kadid10k/i63,/home/sergey/iqa-data/kadid10k/images/I63_05_04.png,0.1348600508905852,2.498053688624517
7774,kadid10k,kadid10k/i63,/home/sergey/iqa-data/kadid10k/images/I63_05_05.png,0.1348600508905852,2.496767018130036
7775,kadid10k,kadid10k/i63,/home/sergey/iqa-data/kadid10k/images/I63_06_01.png,0.6692111959287532,6.153057140433097
7776,kadid10k,kadid10k/i63,/home/sergey/iqa-data/kadid10k/images/I63_06_02.png,0.6310432569974556,6.649938648907094
7777,kadid10k,kadid10k/i63,/home/sergey/iqa-data/kadid10k/images/I63_06_03.png,0.6437659033078881,7.648634669974576
7778,kadid10k,kadid10k/i63,/home/sergey/iqa-data/kadid10k/images/I63_06_04.png,0.4656488549618321,11.719639810642462
7779,kadid10k,kadid10k/i63,/home/sergey/iqa-data/kadid10k/images/I63_06_05.png,0.1704834605597964,16.46684211359209
7780,kadid10k,kadid10k/i63,/home/sergey/iqa-data/kadid10k/images/I63_07_01.png,0.4834605597964376,2.3678193456605072
7781,kadid10k,kadid10k/i63,/home/sergey/iqa-data/kadid10k/images/I63_07_02.png,0.4325699745547074,2.379662384090796
7782,kadid10k,kadid10k/i63,/home/sergey/iqa-data/kadid10k/images/I63_07_03.png,0.3994910941475826,2.353963912466195
7783,kadid10k,kadid10k/i63,/home/sergey/iqa-data/kadid10k/images/I63_07_04.png,0.3638676844783716,2.358945633444505
7784,kadid10k,kadid10k/i63,/home/sergey/iqa-data/kadid10k/images/I63_07_05.png,0.356234096692112,2.3152497651755897
7785,kadid10k,kadid10k/i63,/home/sergey/iqa-data/kadid10k/images/I63_08_01.png,0.8473282442748092,2.3731554008221942
7786,kadid10k,kadid10k/i63,/home/sergey/iqa-data/kadid10k/images/I63_08_02.png,0.6870229007633589,2.3195432139781937
7787,kadid10k,kadid10k/i63,/home/sergey/iqa-data/kadid10k/images/I63_08_03.png,0.2977099236641221,2.2559104647228008
7788,kadid10k,kadid10k/i63,/home/sergey/iqa-data/kadid10k/images/I63_08_04.png,0.1017811704834605,2.7178217483749276
7789,kadid10k,kadid10k/i63,/home/sergey/iqa-data/kadid10k/images/I63_08_05.png,0.1450381679389313,3.098852097258217
7790,kadid10k,kadid10k/i63,/home/sergey/iqa-data/kadid10k/images/I63_09_01.png,0.9083969465648856,3.7472669373916503
7791,kadid10k,kadid10k/i63,/home/sergey/iqa-data/kadid10k/images/I63_09_02.png,0.7455470737913487,4.971111121249261
7792,kadid10k,kadid10k/i63,/home/sergey/iqa-data/kadid10k/images/I63_09_03.png,0.6183206106870229,6.066036495498064
7793,kadid10k,kadid10k/i63,/home/sergey/iqa-data/kadid10k/images/I63_09_04.png,0.2544529262086514,8.320104038391577
7794,kadid10k,kadid10k/i63,/home/sergey/iqa-data/kadid10k/images/I63_09_05.png,0.0508905852417302,11.12164219540244
7795,kadid10k,kadid10k/i63,/home/sergey/iqa-data/kadid10k/images/I63_10_01.png,0.78117048346056,2.88520362511079
7796,kadid10k,kadid10k/i63,/home/sergey/iqa-data/kadid10k/images/I63_10_02.png,0.8396946564885497,3.1027909556268485
7797,kadid10k,kadid10k/i63,/home/sergey/iqa-data/kadid10k/images/I63_10_03.png,0.7379134860050891,3.6991175012592117
7798,kadid10k,kadid10k/i63,/home/sergey/iqa-data/kadid10k/images/I63_10_04.png,0.3384223918575064,6.803777893072575
7799,kadid10k,kadid10k/i63,/home/sergey/iqa-data/kadid10k/images/I63_10_05.png,0.178117048346056,9.59304766775612
7800,kadid10k,kadid10k/i63,/home/sergey/iqa-data/kadid10k/images/I63_11_01.png,0.7455470737913487,3.777911559048017
7801,kadid10k,kadid10k/i63,/home/sergey/iqa-data/kadid10k/images/I63_11_02.png,0.7455470737913487,4.9165104524566985
7802,kadid10k,kadid10k/i63,/home/sergey/iqa-data/kadid10k/images/I63_11_03.png,0.5852417302798982,5.736910842951174
7803,kadid10k,kadid10k/i63,/home/sergey/iqa-data/kadid10k/images/I63_11_04.png,0.5267175572519084,7.515167449765966
7804,kadid10k,kadid10k/i63,/home/sergey/iqa-data/kadid10k/images/I63_11_05.png,0.3816793893129771,9.673493833903219
7805,kadid10k,kadid10k/i63,/home/sergey/iqa-data/kadid10k/images/I63_12_01.png,0.916030534351145,2.8359173125163304
7806,kadid10k,kadid10k/i63,/home/sergey/iqa-data/kadid10k/images/I63_12_02.png,0.7048346055979644,4.403288103592534
7807,kadid10k,kadid10k/i63,/home/sergey/iqa-data/kadid10k/images/I63_12_03.png,0.6539440203562341,5.879146823861435
7808,kadid10k,kadid10k/i63,/home/sergey/iqa-data/kadid10k/images/I63_12_04.png,0.4758269720101782,7.878587249530058
7809,kadid10k,kadid10k/i63,/home/sergey/iqa-data/kadid10k/images/I63_12_05.png,0.3740458015267176,8.27980373424278
7810,kadid10k,kadid10k/i63,/home/sergey/iqa-data/kadid10k/images/I63_13_01.png,0.7557251908396948,2.462800556396176
7811,kadid10k,kadid10k/i63,/home/sergey/iqa-data/kadid10k/images/I63_13_02.png,0.534351145038168,3.972724896923899
7812,kadid10k,kadid10k/i63,/home/sergey/iqa-data/kadid10k/images/I63_13_03.png,0.3689567430025446,5.911051682839921
7813,kadid10k,kadid10k/i63,/home/sergey/iqa-data/kadid10k/images/I63_13_04.png,0.3994910941475826,8.337279835427395
7814,kadid10k,kadid10k/i63,/home/sergey/iqa-data/kadid10k/images/I63_13_05.png,0.356234096692112,9.675059782306707
7815,kadid10k,kadid10k/i63,/home/sergey/iqa-data/kadid10k/images/I63_14_01.png,0.9185750636132316,2.505923694363713
7816,kadid10k,kadid10k/i63,/home/sergey/iqa-data/kadid10k/images/I63_14_02.png,0.7201017811704835,2.961922488769645
7817,kadid10k,kadid10k/i63,/home/sergey/iqa-data/kadid10k/images/I63_14_03.png,0.6183206106870229,3.6172905422269546
7818,kadid10k,kadid10k/i63,/home/sergey/iqa-data/kadid10k/images/I63_14_04.png,0.4656488549618321,4.373978975001253
7819,kadid10k,kadid10k/i63,/home/sergey/iqa-data/kadid10k/images/I63_14_05.png,0.3384223918575064,6.4313397264067556
7820,kadid10k,kadid10k/i63,/home/sergey/iqa-data/kadid10k/images/I63_15_01.png,0.7455470737913487,2.9222516358280077
7821,kadid10k,kadid10k/i63,/home/sergey/iqa-data/kadid10k/images/I63_15_02.png,0.5521628498727735,3.012734723451877
7822,kadid10k,kadid10k/i63,/home/sergey/iqa-data/kadid10k/images/I63_15_03.png,0.4147582697201017,2.983885692592967
7823,kadid10k,kadid10k/i63,/home/sergey/iqa-data/kadid10k/images/I63_15_04.png,0.1704834605597964,3.6670020815174453
7824,kadid10k,kadid10k/i63,/home/sergey/iqa-data/kadid10k/images/I63_15_05.png,0.094147582697201,5.154338762881099
7825,kadid10k,kadid10k/i63,/home/sergey/iqa-data/kadid10k/images/I63_16_01.png,0.8982188295165395,2.327445255724309
7826,kadid10k,kadid10k/i63,/home/sergey/iqa-data/kadid10k/images/I63_16_02.png,0.8142493638676845,2.2963268395374423
7827,kadid10k,kadid10k/i63,/home/sergey/iqa-data/kadid10k/images/I63_16_03.png,0.7048346055979644,2.2616472090621063
7828,kadid10k,kadid10k/i63,/home/sergey/iqa-data/kadid10k/images/I63_16_04.png,0.534351145038168,2.58376703572299
7829,kadid10k,kadid10k/i63,/home/sergey/iqa-data/kadid10k/images/I63_16_05.png,0.3638676844783716,3.7959820281815904
7830,kadid10k,kadid10k/i63,/home/sergey/iqa-data/kadid10k/images/I63_17_01.png,0.916030534351145,2.380046355822504
7831,kadid10k,kadid10k/i63,/home/sergey/iqa-data/kadid10k/images/I63_17_02.png,0.9083969465648856,2.423403484649341
7832,kadid10k,kadid10k/i63,/home/sergey/iqa-data/kadid10k/images/I63_17_03.png,0.83206106870229,2.4839620974484027
7833,kadid10k,kadid10k/i63,/home/sergey/iqa-data/kadid10k/images/I63_17_04.png,0.5852417302798982,2.774024761709415
7834,kadid10k,kadid10k/i63,/home/sergey/iqa-data/kadid10k/images/I63_17_05.png,0.2111959287531807,6.138299797266285
7835,kadid10k,kadid10k/i63,/home/sergey/iqa-data/kadid10k/images/I63_18_01.png,0.8727735368956743,2.340573231747392
7836,kadid10k,kadid10k/i63,/home/sergey/iqa-data/kadid10k/images/I63_18_02.png,0.9338422391857508,2.3698081216163462
7837,kadid10k,kadid10k/i63,/home/sergey/iqa-data/kadid10k/images/I63_18_03.png,0.8982188295165395,2.3731554008221942
7838,kadid10k,kadid10k/i63,/home/sergey/iqa-data/kadid10k/images/I63_18_04.png,0.8651399491094149,2.3294141566854023
7839,kadid10k,kadid10k/i63,/home/sergey/iqa-data/kadid10k/images/I63_18_05.png,0.6437659033078881,2.8903097435254783
7840,kadid10k,kadid10k/i63,/home/sergey/iqa-data/kadid10k/images/I63_19_01.png,0.8575063613231553,2.280922756982587
7841,kadid10k,kadid10k/i63,/home/sergey/iqa-data/kadid10k/images/I63_19_02.png,0.7379134860050891,2.102878912725876
7842,kadid10k,kadid10k/i63,/home/sergey/iqa-data/kadid10k/images/I63_19_03.png,0.450381679389313,2.7817513088081953
7843,kadid10k,kadid10k/i63,/home/sergey/iqa-data/kadid10k/images/I63_19_04.png,0.094147582697201,6.88099282963965
7844,kadid10k,kadid10k/i63,/home/sergey/iqa-data/kadid10k/images/I63_19_05.png,0.0330788804071246,11.492487546158012
7845,kadid10k,kadid10k/i63,/home/sergey/iqa-data/kadid10k/images/I63_20_01.png,0.9338422391857508,2.293986985294949
7846,kadid10k,kadid10k/i63,/home/sergey/iqa-data/kadid10k/images/I63_20_02.png,0.8829516539440203,2.3070323020638774
7847,kadid10k,kadid10k/i63,/home/sergey/iqa-data/kadid10k/images/I63_20_03.png,0.7633587786259542,2.3092539279736823
7848,kadid10k,kadid10k/i63,/home/sergey/iqa-data/kadid10k/images/I63_20_04.png,0.5165394402035624,2.265623298713323
7849,kadid10k,kadid10k/i63,/home/sergey/iqa-data/kadid10k/images/I63_20_05.png,0.7379134860050891,2.204034196793508
7850,kadid10k,kadid10k/i63,/home/sergey/iqa-data/kadid10k/images/I63_21_01.png,0.7455470737913487,2.741294112765881
7851,kadid10k,kadid10k/i63,/home/sergey/iqa-data/kadid10k/images/I63_21_02.png,0.450381679389313,4.087475560194854
7852,kadid10k,kadid10k/i63,/home/sergey/iqa-data/kadid10k/images/I63_21_03.png,0.4071246819338422,4.88369401867966
7853,kadid10k,kadid10k/i63,/home/sergey/iqa-data/kadid10k/images/I63_21_04.png,0.3816793893129771,6.3447698503318
7854,kadid10k,kadid10k/i63,/home/sergey/iqa-data/kadid10k/images/I63_21_05.png,0.0763358778625954,45.43150906851863
7855,kadid10k,kadid10k/i63,/home/sergey/iqa-data/kadid10k/images/I63_22_01.png,0.9338422391857508,2.505251439398781
7856,kadid10k,kadid10k/i63,/home/sergey/iqa-data/kadid10k/images/I63_22_02.png,0.8829516539440203,2.8313006293920226
7857,kadid10k,kadid10k/i63,/home/sergey/iqa-data/kadid10k/images/I63_22_03.png,0.8396946564885497,3.189033626557827
7858,kadid10k,kadid10k/i63,/home/sergey/iqa-data/kadid10k/images/I63_22_04.png,0.7201017811704835,3.7940740379665736
7859,kadid10k,kadid10k/i63,/home/sergey/iqa-data/kadid10k/images/I63_22_05.png,0.5674300254452926,4.462360434946591
7860,kadid10k,kadid10k/i63,/home/sergey/iqa-data/kadid10k/images/I63_23_01.png,0.6615776081424937,2.2658779098556705
7861,kadid10k,kadid10k/i63,/home/sergey/iqa-data/kadid10k/images/I63_23_02.png,0.3816793893129771,2.4020683382694505
7862,kadid10k,kadid10k/i63,/home/sergey/iqa-data/kadid10k/images/I63_23_03.png,0.2798982188295166,2.435839827762286
7863,kadid10k,kadid10k/i63,/home/sergey/iqa-data/kadid10k/images/I63_23_04.png,0.356234096692112,2.3732739795101288
7864,kadid10k,kadid10k/i63,/home/sergey/iqa-data/kadid10k/images/I63_23_05.png,0.2468193384223918,2.48154136595783
7865,kadid10k,kadid10k/i63,/home/sergey/iqa-data/kadid10k/images/I63_24_01.png,0.6030534351145039,3.1380225021539063
7866,kadid10k,kadid10k/i63,/home/sergey/iqa-data/kadid10k/images/I63_24_02.png,0.4249363867684478,4.683945378230913
7867,kadid10k,kadid10k/i63,/home/sergey/iqa-data/kadid10k/images/I63_24_03.png,0.3129770992366412,5.968121804529661
7868,kadid10k,kadid10k/i63,/home/sergey/iqa-data/kadid10k/images/I63_24_04.png,0.0839694656488549,8.992486170638697
7869,kadid10k,kadid10k/i63,/home/sergey/iqa-data/kadid10k/images/I63_24_05.png,0.1272264631043257,14.424088584969853
7870,kadid10k,kadid10k/i63,/home/sergey/iqa-data/kadid10k/images/I63_25_01.png,0.5852417302798982,3.055018288873201
7871,kadid10k,kadid10k/i63,/home/sergey/iqa-data/kadid10k/images/I63_25_02.png,0.6870229007633589,2.538830816256541
7872,kadid10k,kadid10k/i63,/home/sergey/iqa-data/kadid10k/images/I63_25_03.png,0.8218829516539442,2.3966021000539577
7873,kadid10k,kadid10k/i63,/home/sergey/iqa-data/kadid10k/images/I63_25_04.png,0.7557251908396948,2.3780444204153284
7874,kadid10k,kadid10k/i63,/home/sergey/iqa-data/kadid10k/images/I63_25_05.png,0.6590330788804072,2.429127598162826
9750,kadid10k,kadid10k/i79,/home/sergey/iqa-data/kadid10k/images/I79_01_01.png,0.9414758269720104,4.266434484775699
9751,kadid10k,kadid10k/i79,/home/sergey/iqa-data/kadid10k/images/I79_01_02.png,0.9236641221374048,4.444200281069577
9752,kadid10k,kadid10k/i79,/home/sergey/iqa-data/kadid10k/images/I79_01_03.png,0.6030534351145039,6.510609418782074
9753,kadid10k,kadid10k/i79,/home/sergey/iqa-data/kadid10k/images/I79_01_04.png,0.3740458015267176,8.258308793998037
9754,kadid10k,kadid10k/i79,/home/sergey/iqa-data/kadid10k/images/I79_01_05.png,0.1348600508905852,12.029118136876743
9755,kadid10k,kadid10k/i79,/home/sergey/iqa-data/kadid10k/images/I79_02_01.png,0.806615776081425,5.206302725945562
9756,kadid10k,kadid10k/i79,/home/sergey/iqa-data/kadid10k/images/I79_02_02.png,0.5674300254452926,7.179206765777958
9757,kadid10k,kadid10k/i79,/home/sergey/iqa-data/kadid10k/images/I79_02_03.png,0.3307888040712468,8.68211339834661
9758,kadid10k,kadid10k/i79,/home/sergey/iqa-data/kadid10k/images/I79_02_04.png,0.2213740458015267,10.37845961362223
9759,kadid10k,kadid10k/i79,/home/sergey/iqa-data/kadid10k/images/I79_02_05.png,0.1450381679389313,10.840459249203839
9760,kadid10k,kadid10k/i79,/home/sergey/iqa-data/kadid10k/images/I79_03_01.png,0.8982188295165395,4.266434484775699
9761,kadid10k,kadid10k/i79,/home/sergey/iqa-data/kadid10k/images/I79_03_02.png,0.8218829516539442,4.859709979035802
9762,kadid10k,kadid10k/i79,/home/sergey/iqa-data/kadid10k/images/I79_03_03.png,0.5852417302798982,6.2109993708680555
9763,kadid10k,kadid10k/i79,/home/sergey/iqa-data/kadid10k/images/I79_03_04.png,0.5012722646310434,7.492328336905144
9764,kadid10k,kadid10k/i79,/home/sergey/iqa-data/kadid10k/images/I79_03_05.png,0.272264631043257,8.896721137895108
9765,kadid10k,kadid10k/i79,/home/sergey/iqa-data/kadid10k/images/I79_04_01.png,0.8982188295165395,4.055890370207029
9766,kadid10k,kadid10k/i79,/home/sergey/iqa-data/kadid10k/images/I79_04_02.png,0.3307888040712468,7.340167749866882
9767,kadid10k,kadid10k/i79,/home/sergey/iqa-data/kadid10k/images/I79_04_03.png,0.1195928753180661,8.950855312612466
9768,kadid10k,kadid10k/i79,/home/sergey/iqa-data/kadid10k/images/I79_04_04.png,0.0763358778625954,9.720748752910092
9769,kadid10k,kadid10k/i79,/home/sergey/iqa-data/kadid10k/images/I79_04_05.png,0.0330788804071246,10.887079281932053
9770,kadid10k,kadid10k/i79,/home/sergey/iqa-data/kadid10k/images/I79_05_01.png,0.8575063613231553,4.591486787098221
9771,kadid10k,kadid10k/i79,/home/sergey/iqa-data/kadid10k/images/I79_05_02.png,0.6030534351145039,5.206568179176403
9772,kadid10k,kadid10k/i79,/home/sergey/iqa-data/kadid10k/images/I79_05_03.png,0.3816793893129771,4.251572326330348
9773,kadid10k,kadid10k/i79,/home/sergey/iqa-data/kadid10k/images/I79_05_04.png,0.4147582697201017,4.142103688566477
9774,kadid10k,kadid10k/i79,/home/sergey/iqa-data/kadid10k/images/I79_05_05.png,0.5012722646310434,4.2269637761727905
9775,kadid10k,kadid10k/i79,/home/sergey/iqa-data/kadid10k/images/I79_06_01.png,0.8142493638676845,8.137349662712293
9776,kadid10k,kadid10k/i79,/home/sergey/iqa-data/kadid10k/images/I79_06_02.png,0.83206106870229,9.815524284398236
9777,kadid10k,kadid10k/i79,/home/sergey/iqa-data/kadid10k/images/I79_06_03.png,0.6870229007633589,11.783068184331542
9778,kadid10k,kadid10k/i79,/home/sergey/iqa-data/kadid10k/images/I79_06_04.png,0.5852417302798982,12.843421583004373
9779,kadid10k,kadid10k/i79,/home/sergey/iqa-data/kadid10k/images/I79_06_05.png,0.3638676844783716,12.483583558781827
9780,kadid10k,kadid10k/i79,/home/sergey/iqa-data/kadid10k/images/I79_07_01.png,0.272264631043257,4.288760827684611
9781,kadid10k,kadid10k/i79,/home/sergey/iqa-data/kadid10k/images/I79_07_02.png,0.2875318066157761,4.196235245516655
9782,kadid10k,kadid10k/i79,/home/sergey/iqa-data/kadid10k/images/I79_07_03.png,0.178117048346056,4.206013436504025
9783,kadid10k,kadid10k/i79,/home/sergey/iqa-data/kadid10k/images/I79_07_04.png,0.2111959287531807,4.180507948827138
9784,kadid10k,kadid10k/i79,/home/sergey/iqa-data/kadid10k/images/I79_07_05.png,0.1450381679389313,3.921686405579548
9785,kadid10k,kadid10k/i79,/home/sergey/iqa-data/kadid10k/images/I79_08_01.png,0.8982188295165395,4.266434484775699
9786,kadid10k,kadid10k/i79,/home/sergey/iqa-data/kadid10k/images/I79_08_02.png,0.6539440203562341,6.448323245060047
9787,kadid10k,kadid10k/i79,/home/sergey/iqa-data/kadid10k/images/I79_08_03.png,0.4605597964376591,6.683634919588559
9788,kadid10k,kadid10k/i79,/home/sergey/iqa-data/kadid10k/images/I79_08_04.png,0.1348600508905852,9.508966830884564
9789,kadid10k,kadid10k/i79,/home/sergey/iqa-data/kadid10k/images/I79_08_05.png,0.1094147582697201,9.2868383258898
9790,kadid10k,kadid10k/i79,/home/sergey/iqa-data/kadid10k/images/I79_09_01.png,0.94910941475827,5.621361100646595
9791,kadid10k,kadid10k/i79,/home/sergey/iqa-data/kadid10k/images/I79_09_02.png,0.8727735368956743,6.495417412821608
9792,kadid10k,kadid10k/i79,/home/sergey/iqa-data/kadid10k/images/I79_09_03.png,0.8295165394402035,6.92494840759336
9793,kadid10k,kadid10k/i79,/home/sergey/iqa-data/kadid10k/images/I79_09_04.png,0.3129770992366412,10.048343585093345
9794,kadid10k,kadid10k/i79,/home/sergey/iqa-data/kadid10k/images/I79_09_05.png,0.0585241730279898,12.669938756145937
9795,kadid10k,kadid10k/i79,/home/sergey/iqa-data/kadid10k/images/I79_10_01.png,0.8218829516539442,5.132493493931722
9796,kadid10k,kadid10k/i79,/home/sergey/iqa-data/kadid10k/images/I79_10_02.png,0.7709923664122139,5.288148922420492
9797,kadid10k,kadid10k/i79,/home/sergey/iqa-data/kadid10k/images/I79_10_03.png,0.7709923664122139,5.933156128024132
9798,kadid10k,kadid10k/i79,/home/sergey/iqa-data/kadid10k/images/I79_10_04.png,0.2875318066157761,8.175833965450904
9799,kadid10k,kadid10k/i79,/home/sergey/iqa-data/kadid10k/images/I79_10_05.png,0.1094147582697201,9.394368053502733
9800,kadid10k,kadid10k/i79,/home/sergey/iqa-data/kadid10k/images/I79_11_01.png,0.8727735368956743,6.081659953262801
9801,kadid10k,kadid10k/i79,/home/sergey/iqa-data/kadid10k/images/I79_11_02.png,0.6106870229007634,7.501085438757364
9802,kadid10k,kadid10k/i79,/home/sergey/iqa-data/kadid10k/images/I79_11_03.png,0.5521628498727735,7.923467272861466
9803,kadid10k,kadid10k/i79,/home/sergey/iqa-data/kadid10k/images/I79_11_04.png,0.5165394402035624,8.217738815976864
9804,kadid10k,kadid10k/i79,/home/sergey/iqa-data/kadid10k/images/I79_11_05.png,0.3816793893129771,9.623375229246667
9805,kadid10k,kadid10k/i79,/home/sergey/iqa-data/kadid10k/images/I79_12_01.png,0.9338422391857508,5.271117136658136
9806,kadid10k,kadid10k/i79,/home/sergey/iqa-data/kadid10k/images/I79_12_02.png,0.7048346055979644,6.967728316454156
9807,kadid10k,kadid10k/i79,/home/sergey/iqa-data/kadid10k/images/I79_12_03.png,0.6183206106870229,7.750787194573846
9808,kadid10k,kadid10k/i79,/home/sergey/iqa-data/kadid10k/images/I79_12_04.png,0.4580152671755725,8.952987606146003
9809,kadid10k,kadid10k/i79,/home/sergey/iqa-data/kadid10k/images/I79_12_05.png,0.3486005089058525,9.11568431233241
9810,kadid10k,kadid10k/i79,/home/sergey/iqa-data/kadid10k/images/I79_13_01.png,0.7048346055979644,4.7827962443594725
9811,kadid10k,kadid10k/i79,/home/sergey/iqa-data/kadid10k/images/I79_13_02.png,0.4758269720101782,7.12779199160595
9812,kadid10k,kadid10k/i79,/home/sergey/iqa-data/kadid10k/images/I79_13_03.png,0.3893129770992366,7.80425380368012
9813,kadid10k,kadid10k/i79,/home/sergey/iqa-data/kadid10k/images/I79_13_04.png,0.3231552162849873,10.560038105371017
9814,kadid10k,kadid10k/i79,/home/sergey/iqa-data/kadid10k/images/I79_13_05.png,0.3129770992366412,14.463864525683213
9815,kadid10k,kadid10k/i79,/home/sergey/iqa-data/kadid10k/images/I79_14_01.png,0.9363867684478372,4.288211727129857
9816,kadid10k,kadid10k/i79,/home/sergey/iqa-data/kadid10k/images/I79_14_02.png,0.7709923664122139,6.305351001682456
9817,kadid10k,kadid10k/i79,/home/sergey/iqa-data/kadid10k/images/I79_14_03.png,0.6615776081424937,7.173093883597583
9818,kadid10k,kadid10k/i79,/home/sergey/iqa-data/kadid10k/images/I79_14_04.png,0.4656488549618321,8.191557747599301
9819,kadid10k,kadid10k/i79,/home/sergey/iqa-data/kadid10k/images/I79_14_05.png,0.356234096692112,10.108699560968548
9820,kadid10k,kadid10k/i79,/home/sergey/iqa-data/kadid10k/images/I79_15_01.png,0.7633587786259542,4.376770167517429
9821,kadid10k,kadid10k/i79,/home/sergey/iqa-data/kadid10k/images/I79_15_02.png,0.5267175572519084,3.9517184657551305
9822,kadid10k,kadid10k/i79,/home/sergey/iqa-data/kadid10k/images/I79_15_03.png,0.4249363867684478,3.906578034720067
9823,kadid10k,kadid10k/i79,/home/sergey/iqa-data/kadid10k/images/I79_15_04.png,0.2798982188295166,3.866303939227408
9824,kadid10k,kadid10k/i79,/home/sergey/iqa-data/kadid10k/images/I79_15_05.png,0.1603053435114503,4.512072511729749
9825,kadid10k,kadid10k/i79,/home/sergey/iqa-data/kadid10k/images/I79_16_01.png,0.8396946564885497,4.117739843080248
9826,kadid10k,kadid10k/i79,/home/sergey/iqa-data/kadid10k/images/I79_16_02.png,0.806615776081425,4.085750622634028
9827,kadid10k,kadid10k/i79,/home/sergey/iqa-data/kadid10k/images/I79_16_03.png,0.6539440203562341,3.9519320870534673
9828,kadid10k,kadid10k/i79,/home/sergey/iqa-data/kadid10k/images/I79_16_04.png,0.6030534351145039,3.73707584032731
9829,kadid10k,kadid10k/i79,/home/sergey/iqa-data/kadid10k/images/I79_16_05.png,0.3740458015267176,3.671679313526538
9830,kadid10k,kadid10k/i79,/home/sergey/iqa-data/kadid10k/images/I79_17_01.png,0.8829516539440203,4.245769303787465
9831,kadid10k,kadid10k/i79,/home/sergey/iqa-data/kadid10k/images/I79_17_02.png,0.9236641221374048,4.328299577016475
9832,kadid10k,kadid10k/i79,/home/sergey/iqa-data/kadid10k/images/I79_17_03.png,0.7709923664122139,4.406908912486101
9833,kadid10k,kadid10k/i79,/home/sergey/iqa-data/kadid10k/images/I79_17_04.png,0.7379134860050891,4.66524957518127
9834,kadid10k,kadid10k/i79,/home/sergey/iqa-data/kadid10k/images/I79_17_05.png,0.3740458015267176,5.01874074792863
9835,kadid10k,kadid10k/i79,/home/sergey/iqa-data/kadid10k/images/I79_18_01.png,0.8702290076335878,4.0803278383118995
9836,kadid10k,kadid10k/i79,/home/sergey/iqa-data/kadid10k/images/I79_18_02.png,0.9414758269720104,4.178922009632137
9837,kadid10k,kadid10k/i79,/home/sergey/iqa-data/kadid10k/images/I79_18_03.png,0.916030534351145,4.266434484775699
9838,kadid10k,kadid10k/i79,/home/sergey/iqa-data/kadid10k/images/I79_18_04.png,0.8473282442748092,4.445605217288302
9839,kadid10k,kadid10k/i79,/home/sergey/iqa-data/kadid10k/images/I79_18_05.png,0.712468193384224,4.765838182776692
9840,kadid10k,kadid10k/i79,/home/sergey/iqa-data/kadid10k/images/I79_19_01.png,0.8396946564885497,4.135351923182569
9841,kadid10k,kadid10k/i79,/home/sergey/iqa-data/kadid10k/images/I79_19_02.png,0.8575063613231553,4.035523640062472
9842,kadid10k,kadid10k/i79,/home/sergey/iqa-data/kadid10k/images/I79_19_03.png,0.6793893129770993,4.724840092260807
9843,kadid10k,kadid10k/i79,/home/sergey/iqa-data/kadid10k/images/I79_19_04.png,0.4071246819338422,7.408012960787919
9844,kadid10k,kadid10k/i79,/home/sergey/iqa-data/kadid10k/images/I79_19_05.png,0.1526717557251908,11.52030304859181
9845,kadid10k,kadid10k/i79,/home/sergey/iqa-data/kadid10k/images/I79_20_01.png,0.8651399491094149,4.293537417496883
9846,kadid10k,kadid10k/i79,/home/sergey/iqa-data/kadid10k/images/I79_20_02.png,0.712468193384224,4.231056941129888
9847,kadid10k,kadid10k/i79,/home/sergey/iqa-data/kadid10k/images/I79_20_03.png,0.3994910941475826,4.3939770701240155
9848,kadid10k,kadid10k/i79,/home/sergey/iqa-data/kadid10k/images/I79_20_04.png,0.4656488549618321,4.379459219820416
9849,kadid10k,kadid10k/i79,/home/sergey/iqa-data/kadid10k/images/I79_20_05.png,0.5089058524173028,4.073076691541543
9850,kadid10k,kadid10k/i79,/home/sergey/iqa-data/kadid10k/images/I79_21_01.png,0.8218829516539442,4.496229492252913
9851,kadid10k,kadid10k/i79,/home/sergey/iqa-data/kadid10k/images/I79_21_02.png,0.6946564885496184,5.344453499088004
9852,kadid10k,kadid10k/i79,/home/sergey/iqa-data/kadid10k/images/I79_21_03.png,0.6284987277353691,5.975619930355739
9853,kadid10k,kadid10k/i79,/home/sergey/iqa-data/kadid10k/images/I79_21_04.png,0.6106870229007634,6.1071723949275105
9854,kadid10k,kadid10k/i79,/home/sergey/iqa-data/kadid10k/images/I79_21_05.png,0.2544529262086514,14.446786555956713
9855,kadid10k,kadid10k/i79,/home/sergey/iqa-data/kadid10k/images/I79_22_01.png,0.8982188295165395,4.580061815657344
9856,kadid10k,kadid10k/i79,/home/sergey/iqa-data/kadid10k/images/I79_22_02.png,0.8396946564885497,4.726813234064967
9857,kadid10k,kadid10k/i79,/home/sergey/iqa-data/kadid10k/images/I79_22_03.png,0.83206106870229,4.884854926911333
9858,kadid10k,kadid10k/i79,/home/sergey/iqa-data/kadid10k/images/I79_22_04.png,0.5419847328244275,5.652172094279842
9859,kadid10k,kadid10k/i79,/home/sergey/iqa-data/kadid10k/images/I79_22_05.png,0.356234096692112,5.865655714230691
9860,kadid10k,kadid10k/i79,/home/sergey/iqa-data/kadid10k/images/I79_23_01.png,0.4249363867684478,4.411869548026955
9861,kadid10k,kadid10k/i79,/home/sergey/iqa-data/kadid10k/images/I79_23_02.png,0.4325699745547074,4.383536390124592
9862,kadid10k,kadid10k/i79,/home/sergey/iqa-data/kadid10k/images/I79_23_03.png,0.2977099236641221,4.421216875645379
9863,kadid10k,kadid10k/i79,/home/sergey/iqa-data/kadid10k/images/I79_23_04.png,0.3816793893129771,4.8720238230900845
9864,kadid10k,kadid10k/i79,/home/sergey/iqa-data/kadid10k/images/I79_23_05.png,0.178117048346056,4.904295998444919
9865,kadid10k,kadid10k/i79,/home/sergey/iqa-data/kadid10k/images/I79_24_01.png,0.7302798982188295,3.6164931005281997
9866,kadid10k,kadid10k/i79,/home/sergey/iqa-data/kadid10k/images/I79_24_02.png,0.5928753180661578,3.867116007179949
9867,kadid10k,kadid10k/i79,/home/sergey/iqa-data/kadid10k/images/I79_24_03.png,0.356234096692112,4.254160175651159
9868,kadid10k,kadid10k/i79,/home/sergey/iqa-data/kadid10k/images/I79_24_04.png,0.2111959287531807,6.178338580158441
9869,kadid10k,kadid10k/i79,/home/sergey/iqa-data/kadid10k/images/I79_24_05.png,0.1450381679389313,7.768572843364752
9870,kadid10k,kadid10k/i79,/home/sergey/iqa-data/kadid10k/images/I79_25_01.png,0.7455470737913487,4.568694553519719
9871,kadid10k,kadid10k/i79,/home/sergey/iqa-data/kadid10k/images/I79_25_02.png,0.7455470737913487,4.390997995336297
9872,kadid10k,kadid10k/i79,/home/sergey/iqa-data/kadid10k/images/I79_25_03.png,0.89058524173028,4.288469013509248
9873,kadid10k,kadid10k/i79,/home/sergey/iqa-data/kadid10k/images/I79_25_04.png,0.712468193384224,4.121102255561164
9874,kadid10k,kadid10k/i79,/home/sergey/iqa-data/kadid10k/images/I79_25_05.png,0.5597964376590332,4.0269133660381025
10131,koniq10k,koniq10k/10013822223.jpg,/home/sergey/iqa-data/koniq10k/koniq10k/1024x768/10013822223.jpg,0.7734235606423249,9.171467941611914
10136,koniq10k,koniq10k/10022757465.jpg,/home/sergey/iqa-data/koniq10k/koniq10k/1024x768/10022757465.jpg,0.8027878456313124,3.674077775402377
10141,koniq10k,koniq10k/10031298826.jpg,/home/sergey/iqa-data/koniq10k/koniq10k/1024x768/10031298826.jpg,0.5541321049368667,2.8406962508940814
10149,koniq10k,koniq10k/10058760545.jpg,/home/sergey/iqa-data/koniq10k/koniq10k/1024x768/10058760545.jpg,0.1629966491144078,4.992568342942914
10155,koniq10k,koniq10k/10069534975.jpg,/home/sergey/iqa-data/koniq10k/koniq10k/1024x768/10069534975.jpg,0.8027055298477043,2.7365130240248297
10157,koniq10k,koniq10k/10075168775.jpg,/home/sergey/iqa-data/koniq10k/koniq10k/1024x768/10075168775.jpg,0.8172819436084335,6.067869637345251
10159,koniq10k,koniq10k/10077880165.jpg,/home/sergey/iqa-data/koniq10k/koniq10k/1024x768/10077880165.jpg,0.3417371416414,7.819193221301835
10162,koniq10k,koniq10k/10086300493.jpg,/home/sergey/iqa-data/koniq10k/koniq10k/1024x768/10086300493.jpg,0.7524968977584863,2.976009373094957
10173,koniq10k,koniq10k/10118773964.jpg,/home/sergey/iqa-data/koniq10k/koniq10k/1024x768/10118773964.jpg,0.6047116200370634,3.6743410337692683
10182,koniq10k,koniq10k/10140071304.jpg,/home/sergey/iqa-data/koniq10k/koniq10k/1024x768/10140071304.jpg,0.6769741642538104,9.405060545966908
10188,koniq10k,koniq10k/101601008.jpg,/home/sergey/iqa-data/koniq10k/koniq10k/1024x768/101601008.jpg,0.6919578745811391,2.4890479880370915
10193,koniq10k,koniq10k/10177270623.jpg,/home/sergey/iqa-data/koniq10k/koniq10k/1024x768/10177270623.jpg,0.6869550117797232,3.8886189516549554
10197,koniq10k,koniq10k/10178914656.jpg,/home/sergey/iqa-data/koniq10k/koniq10k/1024x768/10178914656.jpg,0.7509009456542353,2.7721704625406596
10199,koniq10k,koniq10k/10186643874.jpg,/home/sergey/iqa-data/koniq10k/koniq10k/1024x768/10186643874.jpg,0.5553466001048569,3.5666569771151906
10202,koniq10k,koniq10k/10187102065.jpg,/home/sergey/iqa-data/koniq10k/koniq10k/1024x768/10187102065.jpg,0.4179100137346044,6.626281309391363
10215,koniq10k,koniq10k/10221144393.jpg,/home/sergey/iqa-data/koniq10k/koniq10k/1024x768/10221144393.jpg,0.1822316027677429,5.464756489113574
10217,koniq10k,koniq10k/10226277514.jpg,/home/sergey/iqa-data/koniq10k/koniq10k/1024x768/10226277514.jpg,0.4661659907692582,6.005151710474831
10223,koniq10k,koniq10k/10244715656.jpg,/home/sergey/iqa-data/koniq10k/koniq10k/1024x768/10244715656.jpg,0.5781155989653085,2.865630651835847
10227,koniq10k,koniq10k/10260190424.jpg,/home/sergey/iqa-data/koniq10k/koniq10k/1024x768/10260190424.jpg,0.7508465861744944,2.345262081918518
10233,koniq10k,koniq10k/10265809113.jpg,/home/sergey/iqa-data/koniq10k/koniq10k/1024x768/10265809113.jpg,0.8008314472014763,2.6003430005431616
10243,koniq10k,koniq10k/1029470257.jpg,/home/sergey/iqa-data/koniq10k/koniq10k/1024x768/1029470257.jpg,0.4774580708041687,3.240238165307177
10248,koniq10k,koniq10k/10316734944.jpg,/home/sergey/iqa-data/koniq10k/koniq10k/1024x768/10316734944.jpg,0.7371829811032815,2.9800528724920663
10252,koniq10k,koniq10k/10327985614.jpg,/home/sergey/iqa-data/koniq10k/koniq10k/1024x768/10327985614.jpg,0.8236129836935291,3.1510285810314294
10255,koniq10k,koniq10k/10330831494.jpg,/home/sergey/iqa-data/koniq10k/koniq10k/1024x768/10330831494.jpg,0.5205840114887503,4.781797444570273
10258,koniq10k,koniq10k/103400056.jpg,/home/sergey/iqa-data/koniq10k/koniq10k/1024x768/103400056.jpg,0.8915749162278597,2.7689248002005864
10260,koniq10k,koniq10k/10344523015.jpg,/home/sergey/iqa-data/koniq10k/koniq10k/1024x768/10344523015.jpg,0.569340283318264,4.114185346418145
10267,koniq10k,koniq10k/10353620913.jpg,/home/sergey/iqa-data/koniq10k/koniq10k/1024x768/10353620913.jpg,0.6106918593191207,3.308027802588609
10268,koniq10k,koniq10k/10358252894.jpg,/home/sergey/iqa-data/koniq10k/koniq10k/1024x768/10358252894.jpg,0.6900500711058631,2.60056918984088
10269,koniq10k,koniq10k/10362672006.jpg,/home/sergey/iqa-data/koniq10k/koniq10k/1024x768/10362672006.jpg,0.8496888463379617,2.3465220889247767
10271,koniq10k,koniq10k/1036840624.jpg,/home/sergey/iqa-data/koniq10k/koniq10k/1024x768/1036840624.jpg,0.3201292484442309,7.075402704479652
10272,koniq10k,koniq10k/10371125786.jpg,/home/sergey/iqa-data/koniq10k/koniq10k/1024x768/10371125786.jpg,0.4116232419248212,4.239148776584729
10275,koniq10k,koniq10k/10373546175.jpg,/home/sergey/iqa-data/koniq10k/koniq10k/1024x768/10373546175.jpg,0.6489620958266233,5.22160539018875
10276,koniq10k,koniq10k/10375167904.jpg,/home/sergey/iqa-data/koniq10k/koniq10k/1024x768/10375167904.jpg,0.6472981725002095,5.369535011312732
10283,koniq10k,koniq10k/10397631976.jpg,/home/sergey/iqa-data/koniq10k/koniq10k/1024x768/10397631976.jpg,0.8104870639710448,3.281179860309803
10287,koniq10k,koniq10k/10408374535.jpg,/home/sergey/iqa-data/koniq10k/koniq10k/1024x768/10408374535.jpg,0.5284131834307887,6.570694193355054
10290,koniq10k,koniq10k/10410038143.jpg,/home/sergey/iqa-data/koniq10k/koniq10k/1024x768/10410038143.jpg,0.8733332713659611,4.662056328793086
10292,koniq10k,koniq10k/10414716033.jpg,/home/sergey/iqa-data/koniq10k/koniq10k/1024x768/10414716033.jpg,0.7917687191809164,2.4298833378502827
10301,koniq10k,koniq10k/10430335945.jpg,/home/sergey/iqa-data/koniq10k/koniq10k/1024x768/10430335945.jpg,0.4426826955210118,6.131159121613543
10303,koniq10k,koniq10k/10442628686.jpg,/home/sergey/iqa-data/koniq10k/koniq10k/1024x768/10442628686.jpg,0.4657047117554522,8.544738143784295
10310,koniq10k,koniq10k/10459022813.jpg,/home/sergey/iqa-data/koniq10k/koniq10k/1024x768/10459022813.jpg,0.8919104521682345,2.1974917035874446
10315,koniq10k,koniq10k/10465293055.jpg,/home/sergey/iqa-data/koniq10k/koniq10k/1024x768/10465293055.jpg,0.8350885591191958,3.1444608524823074
10317,koniq10k,koniq10k/10466453556.jpg,/home/sergey/iqa-data/koniq10k/koniq10k/1024x768/10466453556.jpg,0.2988475121255097,6.406792939633935
10319,koniq10k,koniq10k/10468540574.jpg,/home/sergey/iqa-data/koniq10k/koniq10k/1024x768/10468540574.jpg,0.7433444397575242,3.1969928434162145
10333,koniq10k,koniq10k/10512432565.jpg,/home/sergey/iqa-data/koniq10k/koniq10k/1024x768/10512432565.jpg,0.7522474648771859,3.28238627072666
10339,koniq10k,koniq10k/10526881085.jpg,/home/sergey/iqa-data/koniq10k/koniq10k/1024x768/10526881085.jpg,0.486767734880392,4.784282350050643
10342,koniq10k,koniq10k/10534454676.jpg,/home/sergey/iqa-data/koniq10k/koniq10k/1024x768/10534454676.jpg,0.7879710045818233,3.539751771399831
10344,koniq10k,koniq10k/10536668436.jpg,/home/sergey/iqa-data/koniq10k/koniq10k/1024x768/10536668436.jpg,0.3985160363810439,5.479960286160533
10348,koniq10k,koniq10k/10539341593.jpg,/home/sergey/iqa-data/koniq10k/koniq10k/1024x768/10539341593.jpg,0.7957168383185842,2.4561831972287314
10351,koniq10k,koniq10k/10544945153.jpg,/home/sergey/iqa-data/koniq10k/koniq10k/1024x768/10544945153.jpg,0.5385351842987081,4.211331041967247
10353,koniq10k,koniq10k/10556629035.jpg,/home/sergey/iqa-data/koniq10k/koniq10k/1024x768/10556629035.jpg,0.7937234252245651,3.0592414600469966
10359,koniq10k,koniq10k/10569725133.jpg,/home/sergey/iqa-data/koniq10k/koniq10k/1024x768/10569725133.jpg,0.8337508891702421,3.1443601679474424
10368,koniq10k,koniq10k/10583786994.jpg,/home/sergey/iqa-data/koniq10k/koniq10k/1024x768/10583786994.jpg,0.6778034334844519,5.564961560582274
10369,koniq10k,koniq10k/10586872235.jpg,/home/sergey/iqa-data/koniq10k/koniq10k/1024x768/10586872235.jpg,0.457359755051167,6.802816627187909
10373,koniq10k,koniq10k/10603218265.jpg,/home/sergey/iqa-data/koniq10k/koniq10k/1024x768/10603218265.jpg,0.8057512138412104,3.7588366656038232
10376,koniq10k,koniq10k/10609356094.jpg,/home/sergey/iqa-data/koniq10k/koniq10k/1024x768/10609356094.jpg,0.7405571132234616,2.303148728559565
10390,koniq10k,koniq10k/1063351510.jpg,/home/sergey/iqa-data/koniq10k/koniq10k/1024x768/1063351510.jpg,0.5124593216542755,5.657503998772153
10403,koniq10k,koniq10k/1067765170.jpg,/home/sergey/iqa-data/koniq10k/koniq10k/1024x768/1067765170.jpg,0.551677008629983,6.7141651403254095
10406,koniq10k,koniq10k/10679134563.jpg,/home/sergey/iqa-data/koniq10k/koniq10k/1024x768/10679134563.jpg,0.3510858627797698,8.604032131847895
10411,koniq10k,koniq10k/10683218616.jpg,/home/sergey/iqa-data/koniq10k/koniq10k/1024x768/10683218616.jpg,0.7813034261095543,2.0992717127118654
10414,koniq10k,koniq10k/10689538413.jpg,/home/sergey/iqa-data/koniq10k/koniq10k/1024x768/10689538413.jpg,0.8315160541105973,2.534902471460997
10415,koniq10k,koniq10k/10689722684.jpg,/home/sergey/iqa-data/koniq10k/koniq10k/1024x768/10689722684.jpg,0.8689697356523592,2.304004456172139
10428,koniq10k,koniq10k/10721124556.jpg,/home/sergey/iqa-data/koniq10k/koniq10k/1024x768/10721124556.jpg,0.6376474172070161,2.898643221619651
10432,koniq10k,koniq10k/10728525673.jpg,/home/sergey/iqa-data/koniq10k/koniq10k/1024x768/10728525673.jpg,0.7629248444231678,3.7144366205194337
10436,koniq10k,koniq10k/10737029565.jpg,/home/sergey/iqa-data/koniq10k/koniq10k/1024x768/10737029565.jpg,0.6931432218650969,4.052219485337599
10445,koniq10k,koniq10k/1075190309.jpg,/home/sergey/iqa-data/koniq10k/koniq10k/1024x768/1075190309.jpg,0.4311545323991459,5.402967111671729
10447,koniq10k,koniq10k/10765812585.jpg,/home/sergey/iqa-data/koniq10k/koniq10k/1024x768/10765812585.jpg,0.4896492860175044,7.103823741979678
10455,koniq10k,koniq10k/10783395635.jpg,/home/sergey/iqa-data/koniq10k/koniq10k/1024x768/10783395635.jpg,0.7807936724037212,3.2467807599709295
10464,koniq10k,koniq10k/10799367156.jpg,/home/sergey/iqa-data/koniq10k/koniq10k/1024x768/10799367156.jpg,0.826494791310492,4.18622411564372
10466,koniq10k,koniq10k/10805317444.jpg,/home/sergey/iqa-data/koniq10k/koniq10k/1024x768/10805317444.jpg,0.5862272440743352,3.113952246864611
10473,koniq10k,koniq10k/10827568885.jpg,/home/sergey/iqa-data/koniq10k/koniq10k/1024x768/10827568885.jpg,0.8521591912200647,2.174633704523037
10479,koniq10k,koniq10k/10847909336.jpg,/home/sergey/iqa-data/koniq10k/koniq10k/1024x768/10847909336.jpg,0.266275730014361,6.2793018043534845
10488,koniq10k,koniq10k/10862487886.jpg,/home/sergey/iqa-data/koniq10k/koniq10k/1024x768/10862487886.jpg,0.6970759161249618,3.9583469252286196
10489,koniq10k,koniq10k/10864812016.jpg,/home/sergey/iqa-data/koniq10k/koniq10k/1024x768/10864812016.jpg,0.6070657622587299,4.409832814270293
10491,koniq10k,koniq10k/10866463396.jpg,/home/sergey/iqa-data/koniq10k/koniq10k/1024x768/10866463396.jpg,0.7330062230732416,4.220968229937442
10492,koniq10k,koniq10k/10866561184.jpg,/home/sergey/iqa-data/koniq10k/koniq10k/1024x768/10866561184.jpg,0.8620552098292653,3.1638646312141407
10497,koniq10k,koniq10k/10882856833.jpg,/home/sergey/iqa-data/koniq10k/koniq10k/1024x768/10882856833.jpg,0.6788202755172602,6.917916630971043
10500,koniq10k,koniq10k/10893404795.jpg,/home/sergey/iqa-data/koniq10k/koniq10k/1024x768/10893404795.jpg,0.4119195787458107,6.168194275322255
10510,koniq10k,koniq10k/1090979049.jpg,/home/sergey/iqa-data/koniq10k/koniq10k/1024x768/1090979049.jpg,0.6211992269914709,6.689272407351915
10525,koniq10k,koniq10k/10936496124.jpg,/home/sergey/iqa-data/koniq10k/koniq10k/1024x768/10936496124.jpg,0.6778034334844519,3.1664119998830897
10531,koniq10k,koniq10k/10967023396.jpg,/home/sergey/iqa-data/koniq10k/koniq10k/1024x768/10967023396.jpg,0.6220223848275559,5.297832818593716
10532,koniq10k,koniq10k/10968711744.jpg,/home/sergey/iqa-data/koniq10k/koniq10k/1024x768/10968711744.jpg,0.8736237434179023,2.9275522418269793
10536,koniq10k,koniq10k/10983119996.jpg,/home/sergey/iqa-data/koniq10k/koniq10k/1024x768/10983119996.jpg,0.6139538080184274,2.705677197604886
10547,koniq10k,koniq10k/11016485883.jpg,/home/sergey/iqa-data/koniq10k/koniq10k/1024x768/11016485883.jpg,0.7552354791229542,3.826206436666854
10548,koniq10k,koniq10k/11018079835.jpg,/home/sergey/iqa-data/koniq10k/koniq10k/1024x768/11018079835.jpg,0.846968971669786,2.9838636081715526
10549,koniq10k,koniq10k/1101948952.jpg,/home/sergey/iqa-data/koniq10k/koniq10k/1024x768/1101948952.jpg,0.825753949258018,1.88172818141041
10550,koniq10k,koniq10k/11021514993.jpg,/home/sergey/iqa-data/koniq10k/koniq10k/1024x768/11021514993.jpg,0.7417424605074198,2.4338101699297074
10552,koniq10k,koniq10k/11023346856.jpg,/home/sergey/iqa-data/koniq10k/koniq10k/1024x768/11023346856.jpg,0.6761608425083772,2.27077212550644
10558,koniq10k,koniq10k/11051034136.jpg,/home/sergey/iqa-data/koniq10k/koniq10k/1024x768/11051034136.jpg,0.7249171143378909,3.0023748650483437
10559,koniq10k,koniq10k/11051374673.jpg,/home/sergey/iqa-data/koniq10k/koniq10k/1024x768/11051374673.jpg,0.6764001914791764,3.564186537774336
10566,koniq10k,koniq10k/11060185873.jpg,/home/sergey/iqa-data/koniq10k/koniq10k/1024x768/11060185873.jpg,0.7157288930864814,3.7165040701214407
10573,koniq10k,koniq10k/11079282234.jpg,/home/sergey/iqa-data/koniq10k/koniq10k/1024x768/11079282234.jpg,0.8143144763889288,5.8617742280692156
10574,koniq10k,koniq10k/11081975613.jpg,/home/sergey/iqa-data/koniq10k/koniq10k/1024x768/11081975613.jpg,0.7601676381419011,2.4906115200317056
10578,koniq10k,koniq10k/11097661494.jpg,/home/sergey/iqa-data/koniq10k/koniq10k/1024x768/11097661494.jpg,0.8048109143130691,2.6818437066908376
10587,koniq10k,koniq10k/11139368236.jpg,/home/sergey/iqa-data/koniq10k/koniq10k/1024x768/11139368236.jpg,0.7734235606423249,2.1421598135893514
10601,koniq10k,koniq10k/11169904264.jpg,/home/sergey/iqa-data/koniq10k/koniq10k/1024x768/11169904264.jpg,0.742094709936144,5.378330164882323
10607,koniq10k,koniq10k/11183022383.jpg,/home/sergey/iqa-data/koniq10k/koniq10k/1024x768/11183022383.jpg,0.4768173425425698,7.55708920852476
10611,koniq10k,koniq10k/11209188974.jpg,/home/sergey/iqa-data/koniq10k/koniq10k/1024x768/11209188974.jpg,0.7316670085937684,2.325732088925818
10616,koniq10k,koniq10k/11218793016.jpg,/home/sergey/iqa-data/koniq10k/koniq10k/1024x768/11218793016.jpg,0.664415013385812,6.137694682704417
10622,koniq10k,koniq10k/11239106136.jpg,/home/sergey/iqa-data/koniq10k/koniq10k/1024x768/11239106136.jpg,0.5901339660471354,4.031764443865785
10629,koniq10k,koniq10k/11252383376.jpg,/home/sergey/iqa-data/koniq10k/koniq10k/1024x768/11252383376.jpg,0.7697462900909525,3.820769614001252
10632,koniq10k,koniq10k/11256485296.jpg,/home/sergey/iqa-data/koniq10k/koniq10k/1024x768/11256485296.jpg,0.6582096696984194,6.1564572321318956
10639,koniq10k,koniq10k/11268202995.jpg,/home/sergey/iqa-data/koniq10k/koniq10k/1024x768/11268202995.jpg,0.4667853896118157,6.100947073036582
10643,koniq10k,koniq10k/11270280904.jpg,/home/sergey/iqa-data/koniq10k/koniq10k/1024x768/11270280904.jpg,0.3612459823565617,6.260613303197677
10654,koniq10k,koniq10k/11295475784.jpg,/home/sergey/iqa-data/koniq10k/koniq10k/1024x768/11295475784.jpg,0.5410332439454003,5.1067181798293415
10660,koniq10k,koniq10k/11307198154.jpg,/home/sergey/iqa-data/koniq10k/koniq10k/1024x768/11307198154.jpg,0.8599808520823361,2.698789516880959
10666,koniq10k,koniq10k/11325081573.jpg,/home/sergey/iqa-data/koniq10k/koniq10k/1024x768/11325081573.jpg,0.5325514600287222,4.22808932419219
10667,koniq10k,koniq10k/11327123904.jpg,/home/sergey/iqa-data/koniq10k/koniq10k/1024x768/11327123904.jpg,0.78647465033722,3.169805638265318
10680,koniq10k,koniq10k/11369797883.jpg,/home/sergey/iqa-data/koniq10k/koniq10k/1024x768/11369797883.jpg,0.8226424126376256,3.2664826879926117
10684,koniq10k,koniq10k/11378848184.jpg,/home/sergey/iqa-data/koniq10k/koniq10k/1024x768/11378848184.jpg,0.7008642913294189,2.2811710208403357
10696,koniq10k,koniq10k/11407835876.jpg,/home/sergey/iqa-data/koniq10k/koniq10k/1024x768/11407835876.jpg,0.6518739616478484,4.911122660355517
10698,koniq10k,koniq10k/11408091114.jpg,/home/sergey/iqa-data/koniq10k/koniq10k/1024x768/11408091114.jpg,0.7623707958796528,3.6186889571820364
10703,koniq10k,koniq10k/11410690075.jpg,/home/sergey/iqa-data/koniq10k/koniq10k/1024x768/11410690075.jpg,0.7569411201531822,4.927405384219464
10707,koniq10k,koniq10k/11419816946.jpg,/home/sergey/iqa-data/koniq10k/koniq10k/1024x768/11419816946.jpg,0.8238253108569477,2.3126411503370234
10708,koniq10k,koniq10k/11424871693.jpg,/home/sergey/iqa-data/koniq10k/koniq10k/1024x768/11424871693.jpg,0.4108823998723476,8.081933732578495
10710,koniq10k,koniq10k/11432746805.jpg,/home/sergey/iqa-data/koniq10k/koniq10k/1024x768/11432746805.jpg,0.7190530253286284,2.987766596288525
10716,koniq10k,koniq10k/11437542656.jpg,/home/sergey/iqa-data/koniq10k/koniq10k/1024x768/11437542656.jpg,0.62696133184405,7.929890953472952
10729,koniq10k,koniq10k/11484412296.jpg,/home/sergey/iqa-data/koniq10k/koniq10k/1024x768/11484412296.jpg,0.6672960658121018,3.4070411423336533
10734,koniq10k,koniq10k/11501016504.jpg,/home/sergey/iqa-data/koniq10k/koniq10k/1024x768/11501016504.jpg,0.6279491212473485,4.3600591847941095
10743,koniq10k,koniq10k/11515148456.jpg,/home/sergey/iqa-data/koniq10k/koniq10k/1024x768/11515148456.jpg,0.6980635313456816,3.819561344897395
10744,koniq10k,koniq10k/11518631385.jpg,/home/sergey/iqa-data/koniq10k/koniq10k/1024x768/11518631385.jpg,0.3568424725867137,4.384958035242437
10748,koniq10k,koniq10k/11522920033.jpg,/home/sergey/iqa-data/koniq10k/koniq10k/1024x768/11522920033.jpg,0.6372666347534705,4.8302642002719285
10756,koniq10k,koniq10k/11535275706.jpg,/home/sergey/iqa-data/koniq10k/koniq10k/1024x768/11535275706.jpg,0.8296048609169191,2.9840230689927214
10763,koniq10k,koniq10k/11555549865.jpg,/home/sergey/iqa-data/koniq10k/koniq10k/1024x768/11555549865.jpg,0.6731689803733828,4.857158517404623
10767,koniq10k,koniq10k/117172917.jpg,/home/sergey/iqa-data/koniq10k/koniq10k/1024x768/117172917.jpg,0.7011414389753086,9.695774736839102
10768,koniq10k,koniq10k/1172858625.jpg,/home/sergey/iqa-data/koniq10k/koniq10k/1024x768/1172858625.jpg,0.7551020856298378,3.931265958458339
10769,koniq10k,koniq10k/1194894463.jpg,/home/sergey/iqa-data/koniq10k/koniq10k/1024x768/1194894463.jpg,0.7198135357541771,3.3461910573318643
10772,koniq10k,koniq10k/120328351.jpg,/home/sergey/iqa-data/koniq10k/koniq10k/1024x768/120328351.jpg,0.4309410478968903,5.000022616647652
10773,koniq10k,koniq10k/120459577.jpg,/home/sergey/iqa-data/koniq10k/koniq10k/1024x768/120459577.jpg,0.5672449724627798,7.378316714873153
10774,koniq10k,koniq10k/120983206.jpg,/home/sergey/iqa-data/koniq10k/koniq10k/1024x768/120983206.jpg,0.7068697670637761,4.311439340802842
10775,koniq10k,koniq10k/121123359.jpg,/home/sergey/iqa-data/koniq10k/koniq10k/1024x768/121123359.jpg,1.0,4.459679134827589
10776,koniq10k,koniq10k/122346209.jpg,/home/sergey/iqa-data/koniq10k/koniq10k/1024x768/122346209.jpg,0.3612459823565617,5.6223485210882185
10777,koniq10k,koniq10k/122553631.jpg,/home/sergey/iqa-data/koniq10k/koniq10k/1024x768/122553631.jpg,0.4033701229851055,5.11078696950765
10784,koniq10k,koniq10k/125829275.jpg,/home/sergey/iqa-data/koniq10k/koniq10k/1024x768/125829275.jpg,0.3658205022145568,6.747445576099604
10785,koniq10k,koniq10k/1266777709.jpg,/home/sergey/iqa-data/koniq10k/koniq10k/1024x768/1266777709.jpg,0.6951281194396512,4.457213804381849
10787,koniq10k,koniq10k/128079586.jpg,/home/sergey/iqa-data/koniq10k/koniq10k/1024x768/128079586.jpg,0.659500276893906,3.0700031285581315
10790,koniq10k,koniq10k/128715765.jpg,/home/sergey/iqa-data/koniq10k/koniq10k/1024x768/128715765.jpg,0.6262767253269127,4.604575515132816
10794,koniq10k,koniq10k/129023751.jpg,/home/sergey/iqa-data/koniq10k/koniq10k/1024x768/129023751.jpg,0.8815416007852582,3.5624557903727228
10800,koniq10k,koniq10k/1297819816.jpg,/home/sergey/iqa-data/koniq10k/koniq10k/1024x768/1297819816.jpg,0.8093398799302599,3.4401730947508673
10804,koniq10k,koniq10k/1312413141.jpg,/home/sergey/iqa-data/koniq10k/koniq10k/1024x768/1312413141.jpg,0.2034466251795108,4.938980385258664
10822,koniq10k,koniq10k/1352428885.jpg,/home/sergey/iqa-data/koniq10k/koniq10k/1024x768/1352428885.jpg,0.5487690304800845,4.9873455447823485
10830,koniq10k,koniq10k/1367218588.jpg,/home/sergey/iqa-data/koniq10k/koniq10k/1024x768/1367218588.jpg,0.3164599835616921,4.587005486288512
10839,koniq10k,koniq10k/139253033.jpg,/home/sergey/iqa-data/koniq10k/koniq10k/1024x768/139253033.jpg,0.3340724549978776,4.607464514286502
10840,koniq10k,koniq10k/1396109073.jpg,/home/sergey/iqa-data/koniq10k/koniq10k/1024x768/1396109073.jpg,0.6820906593525072,4.798102533586298
10844,koniq10k,koniq10k/1402675396.jpg,/home/sergey/iqa-data/koniq10k/koniq10k/1024x768/1402675396.jpg,0.3090166176571134,6.013043722825769
10846,koniq10k,koniq10k/1408118135.jpg,/home/sergey/iqa-data/koniq10k/koniq10k/1024x768/1408118135.jpg,0.4905565951520941,4.585979503455653
10847,koniq10k,koniq10k/1408827056.jpg,/home/sergey/iqa-data/koniq10k/koniq10k/1024x768/1408827056.jpg,0.3513971409530771,6.587903602483114
10849,koniq10k,koniq10k/1410303503.jpg,/home/sergey/iqa-data/koniq10k/koniq10k/1024x768/1410303503.jpg,0.7509573958831962,3.9062112868462937
10858,koniq10k,koniq10k/1429120335.jpg,/home/sergey/iqa-data/koniq10k/koniq10k/1024x768/1429120335.jpg,0.6331003968271728,2.206705179644741
10859,koniq10k,koniq10k/1429419760.jpg,/home/sergey/iqa-data/koniq10k/koniq10k/1024x768/1429419760.jpg,0.7689894298319389,3.2226807374592705
10865,koniq10k,koniq10k/143622689.jpg,/home/sergey/iqa-data/koniq10k/koniq10k/1024x768/143622689.jpg,0.7109234311244839,4.090657892340782
10870,koniq10k,koniq10k/145089144.jpg,/home/sergey/iqa-data/koniq10k/koniq10k/1024x768/145089144.jpg,0.1843664477903116,4.5025670235062645
10881,koniq10k,koniq10k/147783170.jpg,/home/sergey/iqa-data/koniq10k/koniq10k/1024x768/147783170.jpg,0.3799664911440866,3.8357526381290366
10882,koniq10k,koniq10k/1487386722.jpg,/home/sergey/iqa-data/koniq10k/koniq10k/1024x768/1487386722.jpg,0.3076537478436009,4.951329867184778
10890,koniq10k,koniq10k/1500316824.jpg,/home/sergey/iqa-data/koniq10k/koniq10k/1024x768/1500316824.jpg,0.7659167065581624,3.0852644465339916
10898,koniq10k,koniq10k/152780037.jpg,/home/sergey/iqa-data/koniq10k/koniq10k/1024x768/152780037.jpg,0.4540981862666887,5.613086997175253
10899,koniq10k,koniq10k/1529757375.jpg,/home/sergey/iqa-data/koniq10k/koniq10k/1024x768/1529757375.jpg,0.7371829811032815,3.1975419309865565
10907,koniq10k,koniq10k/154603426.jpg,/home/sergey/iqa-data/koniq10k/koniq10k/1024x768/154603426.jpg,0.7248600637947962,4.102193199675656
10908,koniq10k,koniq10k/154740129.jpg,/home/sergey/iqa-data/koniq10k/koniq10k/1024x768/154740129.jpg,0.0493375001129007,6.3126647507038465
10918,koniq10k,koniq10k/156266461.jpg,/home/sergey/iqa-data/koniq10k/koniq10k/1024x768/156266461.jpg,0.4397472836149815,4.484317735348211
10919,koniq10k,koniq10k/156451756.jpg,/home/sergey/iqa-data/koniq10k/koniq10k/1024x768/156451756.jpg,0.5483871747634314,4.602422749017991
10920,koniq10k,koniq10k/1565882132.jpg,/home/sergey/iqa-data/koniq10k/koniq10k/1024x768/1565882132.jpg,0.4745732384612874,6.218441344950878
10932,koniq10k,koniq10k/16079437.jpg,/home/sergey/iqa-data/koniq10k/koniq10k/1024x768/16079437.jpg,0.5807567901289807,4.000214763958693
10935,koniq10k,koniq10k/161483962.jpg,/home/sergey/iqa-data/koniq10k/koniq10k/1024x768/161483962.jpg,0.6101689119879647,4.36873591274917
10938,koniq10k,koniq10k/163208499.jpg,/home/sergey/iqa-data/koniq10k/koniq10k/1024x768/163208499.jpg,0.2904772286706883,4.644791083761039
10940,koniq10k,koniq10k/163666873.jpg,/home/sergey/iqa-data/koniq10k/koniq10k/1024x768/163666873.jpg,0.509837731167143,5.484376365385745
10944,koniq10k,koniq10k/16523804.jpg,/home/sergey/iqa-data/koniq10k/koniq10k/1024x768/16523804.jpg,0.4498977733834975,5.157303385637393
10953,koniq10k,koniq10k/1693839090.jpg,/home/sergey/iqa-data/koniq10k/koniq10k/1024x768/1693839090.jpg,0.2347073902909323,6.811417385456426
10957,koniq10k,koniq10k/171857013.jpg,/home/sergey/iqa-data/koniq10k/koniq10k/1024x768/171857013.jpg,0.5395512884200245,6.394158429964005
10969,koniq10k,koniq10k/1796317547.jpg,/home/sergey/iqa-data/koniq10k/koniq10k/1024x768/1796317547.jpg,0.8586644327429389,2.034543791626531
10987,koniq10k,koniq10k/187499391.jpg,/home/sergey/iqa-data/koniq10k/koniq10k/1024x768/187499391.jpg,0.5138450598837175,6.07209542593248
10988,koniq10k,koniq10k/187640892.jpg,/home/sergey/iqa-data/koniq10k/koniq10k/1024x768/187640892.jpg,0.4088080421254182,5.5481550245704
10994,koniq10k,koniq10k/194369363.jpg,/home/sergey/iqa-data/koniq10k/koniq10k/1024x768/194369363.jpg,0.3197588274179925,6.468408722458366
11004,koniq10k,koniq10k/1987196687.jpg,/home/sergey/iqa-data/koniq10k/koniq10k/1024x768/1987196687.jpg,0.2441249709048265,4.512940321934246
11013,koniq10k,koniq10k/200825729.jpg,/home/sergey/iqa-data/koniq10k/koniq10k/1024x768/200825729.jpg,0.7538363575602656,6.987704560460987
11020,koniq10k,koniq10k/203950866.jpg,/home/sergey/iqa-data/koniq10k/koniq10k/1024x768/203950866.jpg,0.8178163558386503,4.899525383389219
11021,koniq10k,koniq10k/2041755502.jpg,/home/sergey/iqa-data/koniq10k/koniq10k/1024x768/2041755502.jpg,0.7998244774214148,8.78985510514266
11023,koniq10k,koniq10k/2047083409.jpg,/home/sergey/iqa-data/koniq10k/koniq10k/1024x768/2047083409.jpg,0.5190034050778116,3.91409908328793
11025,koniq10k,koniq10k/2053452455.jpg,/home/sergey/iqa-data/koniq10k/koniq10k/1024x768/2053452455.jpg,0.6751727045555355,2.1837531638617484
11028,koniq10k,koniq10k/205662428.jpg,/home/sergey/iqa-data/koniq10k/koniq10k/1024x768/205662428.jpg,0.4006677594518649,5.170062779943472
11029,koniq10k,koniq10k/2058985902.jpg,/home/sergey/iqa-data/koniq10k/koniq10k/1024x768/2058985902.jpg,0.4353014170388572,6.226417032391472
11035,koniq10k,koniq10k/2064478851.jpg,/home/sergey/iqa-data/koniq10k/koniq10k/1024x768/2064478851.jpg,0.4520645022010722,6.832755561902795
11046,koniq10k,koniq10k/208949930.jpg,/home/sergey/iqa-data/koniq10k/koniq10k/1024x768/208949930.jpg,0.8197702249880322,3.635480583896287
11047,koniq10k,koniq10k/2093280771.jpg,/home/sergey/iqa-data/koniq10k/koniq10k/1024x768/2093280771.jpg,0.4487793202489228,4.547684316208695
11048,koniq10k,koniq10k/2093652366.jpg,/home/sergey/iqa-data/koniq10k/koniq10k/1024x768/2093652366.jpg,0.4846816658688351,4.074331112950503
11051,koniq10k,koniq10k/2097618827.jpg,/home/sergey/iqa-data/koniq10k/koniq10k/1024x768/2097618827.jpg,0.3943818268854154,6.895160169356875
11052,koniq10k,koniq10k/2098594651.jpg,/home/sergey/iqa-data/koniq10k/koniq10k/1024x768/2098594651.jpg,0.2166559787566491,7.986514708000896
11053,koniq10k,koniq10k/2099199686.jpg,/home/sergey/iqa-data/koniq10k/koniq10k/1024x768/2099199686.jpg,0.7274176504059888,4.1729350896359065
11060,koniq10k,koniq10k/2114797362.jpg,/home/sergey/iqa-data/koniq10k/koniq10k/1024x768/2114797362.jpg,0.6203925323121107,2.377538192522984
11068,koniq10k,koniq10k/2126677316.jpg,/home/sergey/iqa-data/koniq10k/koniq10k/1024x768/2126677316.jpg,0.3033169134792056,7.135231048801153
11085,koniq10k,koniq10k/2144963177.jpg,/home/sergey/iqa-data/koniq10k/koniq10k/1024x768/2144963177.jpg,0.6628385884733137,6.312157298156151
11087,koniq10k,koniq10k/2147067327.jpg,/home/sergey/iqa-data/koniq10k/koniq10k/1024x768/2147067327.jpg,0.7389899473432274,3.7687892757720634
11088,koniq10k,koniq10k/2147811000.jpg,/home/sergey/iqa-data/koniq10k/koniq10k/1024x768/2147811000.jpg,0.499333401931791,5.508987855783559
11094,koniq10k,koniq10k/2154184161.jpg,/home/sergey/iqa-data/koniq10k/koniq10k/1024x768/2154184161.jpg,0.5865727464287778,3.406214327249057
11100,koniq10k,koniq10k/2167658722.jpg,/home/sergey/iqa-data/koniq10k/koniq10k/1024x768/2167658722.jpg,0.5807784914584568,5.050344034700551
11101,koniq10k,koniq10k/2168323029.jpg,/home/sergey/iqa-data/koniq10k/koniq10k/1024x768/2168323029.jpg,0.5831465147472138,5.0963895023141506
11105,koniq10k,koniq10k/2174764653.jpg,/home/sergey/iqa-data/koniq10k/koniq10k/1024x768/2174764653.jpg,0.8146413184709005,3.796858905397841
11107,koniq10k,koniq10k/2181528959.jpg,/home/sergey/iqa-data/koniq10k/koniq10k/1024x768/2181528959.jpg,0.7988271900430831,3.059745864330696
11108,koniq10k,koniq10k/2182811741.jpg,/home/sergey/iqa-data/koniq10k/koniq10k/1024x768/2182811741.jpg,0.7317596138503281,5.183451590344384
11111,koniq10k,koniq10k/218457399.jpg,/home/sergey/iqa-data/koniq10k/koniq10k/1024x768/218457399.jpg,0.4727142173288663,4.759609569518268
11115,koniq10k,koniq10k/2190310.jpg,/home/sergey/iqa-data/koniq10k/koniq10k/1024x768/2190310.jpg,0.6625508029923308,7.456322798974814
11120,koniq10k,koniq10k/2194214783.jpg,/home/sergey/iqa-data/koniq10k/koniq10k/1024x768/2194214783.jpg,0.846696984202967,2.0767914689163764
11137,koniq10k,koniq10k/2212296403.jpg,/home/sergey/iqa-data/koniq10k/koniq10k/1024x768/2212296403.jpg,0.6905002177860018,4.110534456096955
11141,koniq10k,koniq10k/2217543976.jpg,/home/sergey/iqa-data/koniq10k/koniq10k/1024x768/2217543976.jpg,0.8096091837748493,2.1221150444930235
11142,koniq10k,koniq10k/2220192526.jpg,/home/sergey/iqa-data/koniq10k/koniq10k/1024x768/2220192526.jpg,0.776540870057933,4.3492598789209325
11154,koniq10k,koniq10k/223191871.jpg,/home/sergey/iqa-data/koniq10k/koniq10k/1024x768/223191871.jpg,0.444364145059417,3.3728331664735998
11157,koniq10k,koniq10k/2234060892.jpg,/home/sergey/iqa-data/koniq10k/koniq10k/1024x768/2234060892.jpg,0.2985213552470618,6.933242991901732
11179,koniq10k,koniq10k/2261421219.jpg,/home/sergey/iqa-data/koniq10k/koniq10k/1024x768/2261421219.jpg,0.8419277782254044,3.823299086223297
11184,koniq10k,koniq10k/2268779821.jpg,/home/sergey/iqa-data/koniq10k/koniq10k/1024x768/2268779821.jpg,0.4917213414805828,7.4574400536923955
11194,koniq10k,koniq10k/22848476.jpg,/home/sergey/iqa-data/koniq10k/koniq10k/1024x768/22848476.jpg,0.6409172555236898,2.6541111372641772
11196,koniq10k,koniq10k/2285789022.jpg,/home/sergey/iqa-data/koniq10k/koniq10k/1024x768/2285789022.jpg,0.5440541532855879,7.54250509467447
11207,koniq10k,koniq10k/2295909322.jpg,/home/sergey/iqa-data/koniq10k/koniq10k/1024x768/2295909322.jpg,0.7710710037016133,5.8555377088628235
11208,koniq10k,koniq10k/2297923850.jpg,/home/sergey/iqa-data/koniq10k/koniq10k/1024x768/2297923850.jpg,0.5835824670104867,6.406295854949763
11209,koniq10k,koniq10k/2298149104.jpg,/home/sergey/iqa-data/koniq10k/koniq10k/1024x768/2298149104.jpg,0.7022076422718445,4.5084496087305475
11214,koniq10k,koniq10k/2303343292.jpg,/home/sergey/iqa-data/koniq10k/koniq10k/1024x768/2303343292.jpg,0.6516560669265307,4.74278388506244
11218,koniq10k,koniq10k/2306462251.jpg,/home/sergey/iqa-data/koniq10k/koniq10k/1024x768/2306462251.jpg,0.3820718756094514,6.488450148351092
11220,koniq10k,koniq10k/2310631117.jpg,/home/sergey/iqa-data/koniq10k/koniq10k/1024x768/2310631117.jpg,0.3621349928195301,5.873788358766702
11222,koniq10k,koniq10k/2311702728.jpg,/home/sergey/iqa-data/koniq10k/koniq10k/1024x768/2311702728.jpg,0.4383223263790449,5.863607077311259
11225,koniq10k,koniq10k/2314346258.jpg,/home/sergey/iqa-data/koniq10k/koniq10k/1024x768/2314346258.jpg,0.6042421755681692,6.244135368554687
11229,koniq10k,koniq10k/2319588792.jpg,/home/sergey/iqa-data/koniq10k/koniq10k/1024x768/2319588792.jpg,0.737593745013564,5.626992558229838
11247,koniq10k,koniq10k/2337030121.jpg,/home/sergey/iqa-data/koniq10k/koniq10k/1024x768/2337030121.jpg,0.8008314472014763,2.378243134805551
11254,koniq10k,koniq10k/2344211137.jpg,/home/sergey/iqa-data/koniq10k/koniq10k/1024x768/2344211137.jpg,0.7748922929631396,3.821914868950597
11259,koniq10k,koniq10k/2350031609.jpg,/home/sergey/iqa-data/koniq10k/koniq10k/1024x768/2350031609.jpg,0.4291100483911492,7.271072382891074
11260,koniq10k,koniq10k/2355192446.jpg,/home/sergey/iqa-data/koniq10k/koniq10k/1024x768/2355192446.jpg,0.7174317631742578,3.7953355128764077
11261,koniq10k,koniq10k/2355891811.jpg,/home/sergey/iqa-data/koniq10k/koniq10k/1024x768/2355891811.jpg,0.3819024019373193,7.207782708137395
11274,koniq10k,koniq10k/2367261033.jpg,/home/sergey/iqa-data/koniq10k/koniq10k/1024x768/2367261033.jpg,0.2063276776058004,6.462141663563559
11277,koniq10k,koniq10k/2371669291.jpg,/home/sergey/iqa-data/koniq10k/koniq10k/1024x768/2371669291.jpg,0.7348796320736581,4.853972639234323
11289,koniq10k,koniq10k/240236110.jpg,/home/sergey/iqa-data/koniq10k/koniq10k/1024x768/240236110.jpg,0.8242286862088072,3.0550535388298474
11291,koniq10k,koniq10k/2405333928.jpg,/home/sergey/iqa-data/koniq10k/koniq10k/1024x768/2405333928.jpg,0.5581332536967323,3.0431953461320176
11293,koniq10k,koniq10k/240689125.jpg,/home/sergey/iqa-data/koniq10k/koniq10k/1024x768/240689125.jpg,0.6393552932250706,6.890989145702668
11295,koniq10k,koniq10k/2409675838.jpg,/home/sergey/iqa-data/koniq10k/koniq10k/1024x768/2409675838.jpg,0.3996386465980676,4.2805041230471765
11299,koniq10k,koniq10k/2415334988.jpg,/home/sergey/iqa-data/koniq10k/koniq10k/1024x768/2415334988.jpg,0.429259598358485,6.687492439820096
11302,koniq10k,koniq10k/2416231204.jpg,/home/sergey/iqa-data/koniq10k/koniq10k/1024x768/2416231204.jpg,0.6305490575069763,3.8955392354873406
11306,koniq10k,koniq10k/2421862008.jpg,/home/sergey/iqa-data/koniq10k/koniq10k/1024x768/2421862008.jpg,0.8649923535417308,2.8240660580870776
11311,koniq10k,koniq10k/2425646672.jpg,/home/sergey/iqa-data/koniq10k/koniq10k/1024x768/2425646672.jpg,0.5839026937638702,5.0221662746109335
11320,koniq10k,koniq10k/244484608.jpg,/home/sergey/iqa-data/koniq10k/koniq10k/1024x768/244484608.jpg,0.1712312207764578,7.309754160269769
11331,koniq10k,koniq10k/246188030.jpg,/home/sergey/iqa-data/koniq10k/koniq10k/1024x768/246188030.jpg,0.079726002416283,6.9662904584504695
11332,koniq10k,koniq10k/2464934588.jpg,/home/sergey/iqa-data/koniq10k/koniq10k/1024x768/2464934588.jpg,0.4492580181905212,6.2913830278592755
11337,koniq10k,koniq10k/2473938827.jpg,/home/sergey/iqa-data/koniq10k/koniq10k/1024x768/2473938827.jpg,0.71799201584534,7.016480027410986
11339,koniq10k,koniq10k/2474539087.jpg,/home/sergey/iqa-data/koniq10k/koniq10k/1024x768/2474539087.jpg,0.5832371244333064,5.181030663800808
11342,koniq10k,koniq10k/2477552466.jpg,/home/sergey/iqa-data/koniq10k/koniq10k/1024x768/2477552466.jpg,0.2437813591475623,6.385233082781807
11343,koniq10k,koniq10k/2478250944.jpg,/home/sergey/iqa-data/koniq10k/koniq10k/1024x768/2478250944.jpg,0.6482991263762562,3.2577322729567264
11345,koniq10k,koniq10k/2481588554.jpg,/home/sergey/iqa-data/koniq10k/koniq10k/1024x768/2481588554.jpg,0.1083718951119596,9.049051986708637
11352,koniq10k,koniq10k/2492228578.jpg,/home/sergey/iqa-data/koniq10k/koniq10k/1024x768/2492228578.jpg,0.348118538137015,10.940591009528129
11368,koniq10k,koniq10k/2512779647.jpg,/home/sergey/iqa-data/koniq10k/koniq10k/1024x768/2512779647.jpg,0.6204205641735557,3.086903407641787
11369,koniq10k,koniq10k/2515829883.jpg,/home/sergey/iqa-data/koniq10k/koniq10k/1024x768/2515829883.jpg,0.8027878456313124,2.3627910605440867
11370,koniq10k,koniq10k/2517368566.jpg,/home/sergey/iqa-data/koniq10k/koniq10k/1024x768/2517368566.jpg,0.4560737650732852,6.4323319661434
11372,koniq10k,koniq10k/2519235976.jpg,/home/sergey/iqa-data/koniq10k/koniq10k/1024x768/2519235976.jpg,0.3197588274179925,6.133976047449265
11375,koniq10k,koniq10k/25239707.jpg,/home/sergey/iqa-data/koniq10k/koniq10k/1024x768/25239707.jpg,0.949300256244192,2.7671680991281393
11385,koniq10k,koniq10k/2539036531.jpg,/home/sergey/iqa-data/koniq10k/koniq10k/1024x768/2539036531.jpg,0.7714488289964511,2.9069343761081803
11386,koniq10k,koniq10k/2539083530.jpg,/home/sergey/iqa-data/koniq10k/koniq10k/1024x768/2539083530.jpg,0.5893079734014566,3.6556973270014526
11394,koniq10k,koniq10k/254969296.jpg,/home/sergey/iqa-data/koniq10k/koniq10k/1024x768/254969296.jpg,0.5798168375956788,7.359538241764758
11399,koniq10k,koniq10k/255857546.jpg,/home/sergey/iqa-data/koniq10k/koniq10k/1024x768/255857546.jpg,0.84253184279935,4.634403267734539
11407,koniq10k,koniq10k/2569774614.jpg,/home/sergey/iqa-data/koniq10k/koniq10k/1024x768/2569774614.jpg,0.3879162962456388,6.59892412541964
11411,koniq10k,koniq10k/257114018.jpg,/home/sergey/iqa-data/koniq10k/koniq10k/1024x768/257114018.jpg,0.5248742288898723,4.138492353296918
11450,koniq10k,koniq10k/2622466873.jpg,/home/sergey/iqa-data/koniq10k/koniq10k/1024x768/2622466873.jpg,0.6013642891335552,6.940247331505407
11454,koniq10k,koniq10k/2630235144.jpg,/home/sergey/iqa-data/koniq10k/koniq10k/1024x768/2630235144.jpg,0.6225977961304482,2.456605262395178
11477,koniq10k,koniq10k/2654797164.jpg,/home/sergey/iqa-data/koniq10k/koniq10k/1024x768/2654797164.jpg,0.7479655337482046,4.283672424814666
11481,koniq10k,koniq10k/2657101675.jpg,/home/sergey/iqa-data/koniq10k/koniq10k/1024x768/2657101675.jpg,0.6533992246970592,4.734262897733497
11492,koniq10k,koniq10k/2679224314.jpg,/home/sergey/iqa-data/koniq10k/koniq10k/1024x768/2679224314.jpg,0.1688739960640385,6.412039985658678
11507,koniq10k,koniq10k/2696730288.jpg,/home/sergey/iqa-data/koniq10k/koniq10k/1024x768/2696730288.jpg,0.7433444397575242,3.447369800181678
11509,koniq10k,koniq10k/2700852747.jpg,/home/sergey/iqa-data/koniq10k/koniq10k/1024x768/2700852747.jpg,0.6328386787936807,3.183095974679997
11511,koniq10k,koniq10k/2703329173.jpg,/home/sergey/iqa-data/koniq10k/koniq10k/1024x768/2703329173.jpg,0.7348796320736581,4.004594551386109
11512,koniq10k,koniq10k/2703740653.jpg,/home/sergey/iqa-data/koniq10k/koniq10k/1024x768/2703740653.jpg,0.6615339609595225,4.528702370115036
11513,koniq10k,koniq10k/2704389795.jpg,/home/sergey/iqa-data/koniq10k/koniq10k/1024x768/2704389795.jpg,0.836027890929126,2.441205832592144
11522,koniq10k,koniq10k/271837545.jpg,/home/sergey/iqa-data/koniq10k/koniq10k/1024x768/271837545.jpg,0.872735071496618,4.163028681680745
11526,koniq10k,koniq10k/2722913532.jpg,/home/sergey/iqa-data/koniq10k/koniq10k/1024x768/2722913532.jpg,0.6515078985160362,3.6578754517062517
11530,koniq10k,koniq10k/272518935.jpg,/home/sergey/iqa-data/koniq10k/koniq10k/1024x768/272518935.jpg,0.6602767744462339,3.908507704205727
11536,koniq10k,koniq10k/2730850462.jpg,/home/sergey/iqa-data/koniq10k/koniq10k/1024x768/2730850462.jpg,0.6769741642538104,3.707948390319531
11539,koniq10k,koniq10k/2736161037.jpg,/home/sergey/iqa-data/koniq10k/koniq10k/1024x768/2736161037.jpg,0.4906094674820924,5.6396805624372375
11543,koniq10k,koniq10k/2739038267.jpg,/home/sergey/iqa-data/koniq10k/koniq10k/1024x768/2739038267.jpg,0.86320763079978,3.823258809282403
11550,koniq10k,koniq10k/274390572.jpg,/home/sergey/iqa-data/koniq10k/koniq10k/1024x768/274390572.jpg,0.4056965055050257,5.954640396224173
11558,koniq10k,koniq10k/2753606061.jpg,/home/sergey/iqa-data/koniq10k/koniq10k/1024x768/2753606061.jpg,0.6585394812723561,5.475239494575151
11560,koniq10k,koniq10k/2759049308.jpg,/home/sergey/iqa-data/koniq10k/koniq10k/1024x768/2759049308.jpg,0.4856202892837362,5.618881864597845
11561,koniq10k,koniq10k/275983561.jpg,/home/sergey/iqa-data/koniq10k/koniq10k/1024x768/275983561.jpg,0.5410332439454003,5.275587197834675
11566,koniq10k,koniq10k/2764419323.jpg,/home/sergey/iqa-data/koniq10k/koniq10k/1024x768/2764419323.jpg,0.6118358066060312,5.134949802423616
11569,koniq10k,koniq10k/276590560.jpg,/home/sergey/iqa-data/koniq10k/koniq10k/1024x768/276590560.jpg,0.4383223263790449,5.733862937839159
11571,koniq10k,koniq10k/2768178889.jpg,/home/sergey/iqa-data/koniq10k/koniq10k/1024x768/2768178889.jpg,0.4577549066539,5.446794685020969
11577,koniq10k,koniq10k/2779185055.jpg,/home/sergey/iqa-data/koniq10k/koniq10k/1024x768/2779185055.jpg,0.5638424952020424,5.559287428809181
11584,koniq10k,koniq10k/27896611.jpg,/home/sergey/iqa-data/koniq10k/koniq10k/1024x768/27896611.jpg,0.6282910483484933,4.409731052997672
11590,koniq10k,koniq10k/2799264783.jpg,/home/sergey/iqa-data/koniq10k/koniq10k/1024x768/2799264783.jpg,0.8007760176722977,2.404725708270662
11591,koniq10k,koniq10k/2799634889.jpg,/home/sergey/iqa-data/koniq10k/koniq10k/1024x768/2799634889.jpg,0.6930560639765729,6.148057108848576
11595,koniq10k,koniq10k/2806740564.jpg,/home/sergey/iqa-data/koniq10k/koniq10k/1024x768/2806740564.jpg,0.7726833480223515,3.8106391987653594
11601,koniq10k,koniq10k/2809274597.jpg,/home/sergey/iqa-data/koniq10k/koniq10k/1024x768/2809274597.jpg,0.4454550289878198,6.425336395687148
11603,koniq10k,koniq10k/2815247737.jpg,/home/sergey/iqa-data/koniq10k/koniq10k/1024x768/2815247737.jpg,0.4679272379128764,4.126455220507128
11615,koniq10k,koniq10k/2828824744.jpg,/home/sergey/iqa-data/koniq10k/koniq10k/1024x768/2828824744.jpg,0.4398037338439425,4.570113962940571
11616,koniq10k,koniq10k/28311109.jpg,/home/sergey/iqa-data/koniq10k/koniq10k/1024x768/28311109.jpg,0.0188897962248556,7.430904981536716
11630,koniq10k,koniq10k/2841924891.jpg,/home/sergey/iqa-data/koniq10k/koniq10k/1024x768/2841924891.jpg,0.7404132603977388,3.081864368778728
11637,koniq10k,koniq10k/285149839.jpg,/home/sergey/iqa-data/koniq10k/koniq10k/1024x768/285149839.jpg,0.4625548005827022,6.105924024360957
11651,koniq10k,koniq10k/2866556638.jpg,/home/sergey/iqa-data/koniq10k/koniq10k/1024x768/2866556638.jpg,0.5395512884200245,5.822295797302045
11653,koniq10k,koniq10k/2868335466.jpg,/home/sergey/iqa-data/koniq10k/koniq10k/1024x768/2868335466.jpg,0.5862272440743352,4.565235971204104
11656,koniq10k,koniq10k/2871745051.jpg,/home/sergey/iqa-data/koniq10k/koniq10k/1024x768/2871745051.jpg,0.8979359924788354,7.552446374077837
11658,koniq10k,koniq10k/2876226509.jpg,/home/sergey/iqa-data/koniq10k/koniq10k/1024x768/2876226509.jpg,0.432366819394106,6.536708704671915
11663,koniq10k,koniq10k/2888444557.jpg,/home/sergey/iqa-data/koniq10k/koniq10k/1024x768/2888444557.jpg,0.6650881564760658,7.712902644331726
11664,koniq10k,koniq10k/2889093136.jpg,/home/sergey/iqa-data/koniq10k/koniq10k/1024x768/2889093136.jpg,0.7068697670637761,1.5061113676206541
11666,koniq10k,koniq10k/2889734029.jpg,/home/sergey/iqa-data/koniq10k/koniq10k/1024x768/2889734029.jpg,0.8372781589631765,3.070435885276721
11668,koniq10k,koniq10k/2893674566.jpg,/home/sergey/iqa-data/koniq10k/koniq10k/1024x768/2893674566.jpg,0.7824062062639988,3.2536265781664566
11674,koniq10k,koniq10k/290161904.jpg,/home/sergey/iqa-data/koniq10k/koniq10k/1024x768/290161904.jpg,0.7610514354227511,3.0826488445771845
11675,koniq10k,koniq10k/2902284957.jpg,/home/sergey/iqa-data/koniq10k/koniq10k/1024x768/2902284957.jpg,0.8293222251988364,3.5403447157258014
11688,koniq10k,koniq10k/2908654044.jpg,/home/sergey/iqa-data/koniq10k/koniq10k/1024x768/2908654044.jpg,0.4338764598029206,6.0206897221684486
11699,koniq10k,koniq10k/2926374384.jpg,/home/sergey/iqa-data/koniq10k/koniq10k/1024x768/2926374384.jpg,0.7583373224828456,2.3990108471543725
11700,koniq10k,koniq10k/2927008302.jpg,/home/sergey/iqa-data/koniq10k/koniq10k/1024x768/2927008302.jpg,0.6472981725002095,3.7908078204290643
11711,koniq10k,koniq10k/2939787669.jpg,/home/sergey/iqa-data/koniq10k/koniq10k/1024x768/2939787669.jpg,0.7610514354227511,2.791469261532609
11715,koniq10k,koniq10k/2946225988.jpg,/home/sergey/iqa-data/koniq10k/koniq10k/1024x768/2946225988.jpg,0.3507159555136246,6.189665874486518
11717,koniq10k,koniq10k/2948923084.jpg,/home/sergey/iqa-data/koniq10k/koniq10k/1024x768/2948923084.jpg,0.8389633028351565,3.2139460780418236
11718,koniq10k,koniq10k/2949029930.jpg,/home/sergey/iqa-data/koniq10k/koniq10k/1024x768/2949029930.jpg,0.3865125955146344,5.016458642325739
11719,koniq10k,koniq10k/2951011449.jpg,/home/sergey/iqa-data/koniq10k/koniq10k/1024x768/2951011449.jpg,0.7754202686340221,4.798112008274612
11722,koniq10k,koniq10k/2952066894.jpg,/home/sergey/iqa-data/koniq10k/koniq10k/1024x768/2952066894.jpg,0.76663475347056,4.345889037736409
11726,koniq10k,koniq10k/2954406623.jpg,/home/sergey/iqa-data/koniq10k/koniq10k/1024x768/2954406623.jpg,0.2757278962284518,5.561182074487214
11737,koniq10k,koniq10k/2967177700.jpg,/home/sergey/iqa-data/koniq10k/koniq10k/1024x768/2967177700.jpg,0.5747762312923924,9.188874776077311
11739,koniq10k,koniq10k/2971073872.jpg,/home/sergey/iqa-data/koniq10k/koniq10k/1024x768/2971073872.jpg,0.5295595978937275,3.8272630673965184
11740,koniq10k,koniq10k/2971372651.jpg,/home/sergey/iqa-data/koniq10k/koniq10k/1024x768/2971372651.jpg,0.7625508616562947,2.3769017642343377
11749,koniq10k,koniq10k/2982904736.jpg,/home/sergey/iqa-data/koniq10k/koniq10k/1024x768/2982904736.jpg,0.8324215277302874,2.6208182785437195
11750,koniq10k,koniq10k/298323953.jpg,/home/sergey/iqa-data/koniq10k/koniq10k/1024x768/298323953.jpg,0.6262767253269127,7.003237648509299
11751,koniq10k,koniq10k/298392087.jpg,/home/sergey/iqa-data/koniq10k/koniq10k/1024x768/298392087.jpg,0.715617875813432,5.159363670173356
11752,koniq10k,koniq10k/2985434942.jpg,/home/sergey/iqa-data/koniq10k/koniq10k/1024x768/2985434942.jpg,0.5400163041675149,3.41367181610484
11760,koniq10k,koniq10k/299519765.jpg,/home/sergey/iqa-data/koniq10k/koniq10k/1024x768/299519765.jpg,0.8154800075869102,3.947511712878731
11763,koniq10k,koniq10k/3000370105.jpg,/home/sergey/iqa-data/koniq10k/koniq10k/1024x768/3000370105.jpg,0.6812897490255088,2.9437573242377306
11766,koniq10k,koniq10k/3004729679.jpg,/home/sergey/iqa-data/koniq10k/koniq10k/1024x768/3004729679.jpg,0.7743842409024814,5.843632988383166
11767,koniq10k,koniq10k/3005225950.jpg,/home/sergey/iqa-data/koniq10k/koniq10k/1024x768/3005225950.jpg,0.8326855902440404,3.2264428043107083
11770,koniq10k,koniq10k/3006180799.jpg,/home/sergey/iqa-data/koniq10k/koniq10k/1024x768/3006180799.jpg,0.5923887027285779,5.351668267264721
11775,koniq10k,koniq10k/3011247965.jpg,/home/sergey/iqa-data/koniq10k/koniq10k/1024x768/3011247965.jpg,0.6131322801978625,4.203217423192385
11778,koniq10k,koniq10k/3014660789.jpg,/home/sergey/iqa-data/koniq10k/koniq10k/1024x768/3014660789.jpg,0.8089760557166861,3.3780011123197107
11781,koniq10k,koniq10k/3016703765.jpg,/home/sergey/iqa-data/koniq10k/koniq10k/1024x768/3016703765.jpg,0.7645805351192336,5.436055559973142
11782,koniq10k,koniq10k/3016815898.jpg,/home/sergey/iqa-data/koniq10k/koniq10k/1024x768/3016815898.jpg,0.5248742288898723,7.5767497572057625
11783,koniq10k,koniq10k/3017896883.jpg,/home/sergey/iqa-data/koniq10k/koniq10k/1024x768/3017896883.jpg,0.2056276087919347,6.392474196235993
11786,koniq10k,koniq10k/3020941119.jpg,/home/sergey/iqa-data/koniq10k/koniq10k/1024x768/3020941119.jpg,0.5215319282047867,6.172544548537689
11787,koniq10k,koniq10k/3021480593.jpg,/home/sergey/iqa-data/koniq10k/koniq10k/1024x768/3021480593.jpg,0.8744625832688371,3.3251185047158396
11795,koniq10k,koniq10k/302681636.jpg,/home/sergey/iqa-data/koniq10k/koniq10k/1024x768/302681636.jpg,0.6120110057400615,9.96705650193375
11800,koniq10k,koniq10k/3035737878.jpg,/home/sergey/iqa-data/koniq10k/koniq10k/1024x768/3035737878.jpg,0.5173784449155431,5.756718060299419
11802,koniq10k,koniq10k/3038577350.jpg,/home/sergey/iqa-data/koniq10k/koniq10k/1024x768/3038577350.jpg,0.7998244774214148,3.119743358556997
11809,koniq10k,koniq10k/3047954017.jpg,/home/sergey/iqa-data/koniq10k/koniq10k/1024x768/3047954017.jpg,0.8084676347002804,3.8284843458881825
11815,koniq10k,koniq10k/3051112804.jpg,/home/sergey/iqa-data/koniq10k/koniq10k/1024x768/3051112804.jpg,0.3799664911440866,7.137518251917192
11838,koniq10k,koniq10k/3077626117.jpg,/home/sergey/iqa-data/koniq10k/koniq10k/1024x768/3077626117.jpg,0.245438601693658,5.050608836077509
11843,koniq10k,koniq10k/3084860790.jpg,/home/sergey/iqa-data/koniq10k/koniq10k/1024x768/3084860790.jpg,0.1181059363192313,7.949551365491908
11845,koniq10k,koniq10k/3086003946.jpg,/home/sergey/iqa-data/koniq10k/koniq10k/1024x768/3086003946.jpg,0.5203623920713437,5.761122388486233
11853,koniq10k,koniq10k/3094978642.jpg,/home/sergey/iqa-data/koniq10k/koniq10k/1024x768/3094978642.jpg,0.3410722833891799,5.269543619639756
11855,koniq10k,koniq10k/3100238639.jpg,/home/sergey/iqa-data/koniq10k/koniq10k/1024x768/3100238639.jpg,0.6106918593191207,3.0625024694640497
11859,koniq10k,koniq10k/310467976.jpg,/home/sergey/iqa-data/koniq10k/koniq10k/1024x768/310467976.jpg,0.8582836502893932,2.962118681596851
11861,koniq10k,koniq10k/3105967281.jpg,/home/sergey/iqa-data/koniq10k/koniq10k/1024x768/3105967281.jpg,0.5896592846405148,2.5626506063210424
11862,koniq10k,koniq10k/3106852276.jpg,/home/sergey/iqa-data/koniq10k/koniq10k/1024x768/3106852276.jpg,0.7890613004326335,2.8217640402748945
11864,koniq10k,koniq10k/3107928091.jpg,/home/sergey/iqa-data/koniq10k/koniq10k/1024x768/3107928091.jpg,0.5363810435615122,7.2725245219948045
11866,koniq10k,koniq10k/3108925603.jpg,/home/sergey/iqa-data/koniq10k/koniq10k/1024x768/3108925603.jpg,0.7850076363719257,2.9281928917226843
11870,koniq10k,koniq10k/3112707699.jpg,/home/sergey/iqa-data/koniq10k/koniq10k/1024x768/3112707699.jpg,0.3487722696590842,7.6034397657124195
11876,koniq10k,koniq10k/3116503568.jpg,/home/sergey/iqa-data/koniq10k/koniq10k/1024x768/3116503568.jpg,0.4667853896118157,2.9471817413565304
11879,koniq10k,koniq10k/3118054377.jpg,/home/sergey/iqa-data/koniq10k/koniq10k/1024x768/3118054377.jpg,0.6921927075336209,4.809993465759062
11880,koniq10k,koniq10k/3118439925.jpg,/home/sergey/iqa-data/koniq10k/koniq10k/1024x768/3118439925.jpg,0.7011414389753086,5.691874001453775
11884,koniq10k,koniq10k/3121612010.jpg,/home/sergey/iqa-data/koniq10k/koniq10k/1024x768/3121612010.jpg,0.6040206153281751,4.205708578223628
11885,koniq10k,koniq10k/3124199543.jpg,/home/sergey/iqa-data/koniq10k/koniq10k/1024x768/3124199543.jpg,0.2434313247406309,4.879122400686541
11894,koniq10k,koniq10k/3130276162.jpg,/home/sergey/iqa-data/koniq10k/koniq10k/1024x768/3130276162.jpg,0.4528057515333991,4.255108961517301
11906,koniq10k,koniq10k/3138790639.jpg,/home/sergey/iqa-data/koniq10k/koniq10k/1024x768/3138790639.jpg,0.7796571104373874,4.773507622323763
11908,koniq10k,koniq10k/3141860810.jpg,/home/sergey/iqa-data/koniq10k/koniq10k/1024x768/3141860810.jpg,0.7802550647145422,3.650443629942242
11909,koniq10k,koniq10k/3142311257.jpg,/home/sergey/iqa-data/koniq10k/koniq10k/1024x768/3142311257.jpg,0.6605461715562242,3.871949700351935
11917,koniq10k,koniq10k/3147927973.jpg,/home/sergey/iqa-data/koniq10k/koniq10k/1024x768/3147927973.jpg,0.6066618064918472,3.4393628678374077
11921,koniq10k,koniq10k/3152357796.jpg,/home/sergey/iqa-data/koniq10k/koniq10k/1024x768/3152357796.jpg,0.5952697551548675,4.722734568580766
11929,koniq10k,koniq10k/3158477442.jpg,/home/sergey/iqa-data/koniq10k/koniq10k/1024x768/3158477442.jpg,0.5567356789532478,4.749305450627426
11931,koniq10k,koniq10k/3161274755.jpg,/home/sergey/iqa-data/koniq10k/koniq10k/1024x768/3161274755.jpg,0.7417424605074198,3.810191100268509
11933,koniq10k,koniq10k/3164597811.jpg,/home/sergey/iqa-data/koniq10k/koniq10k/1024x768/3164597811.jpg,0.7419818094782188,4.401160155616061
11937,koniq10k,koniq10k/3166870228.jpg,/home/sergey/iqa-data/koniq10k/koniq10k/1024x768/3166870228.jpg,0.2600886753080168,7.838360823004824
11938,koniq10k,koniq10k/3168536494.jpg,/home/sergey/iqa-data/koniq10k/koniq10k/1024x768/3168536494.jpg,0.5630345836682707,2.4035918017514932
11960,koniq10k,koniq10k/3189407345.jpg,/home/sergey/iqa-data/koniq10k/koniq10k/1024x768/3189407345.jpg,0.3891863111927374,4.469465542198421
11962,koniq10k,koniq10k/3191275443.jpg,/home/sergey/iqa-data/koniq10k/koniq10k/1024x768/3191275443.jpg,0.2317994121410307,7.341518036556215
11963,koniq10k,koniq10k/3193120688.jpg,/home/sergey/iqa-data/koniq10k/koniq10k/1024x768/3193120688.jpg,0.6528908036806536,4.833004699830394
11966,koniq10k,koniq10k/3194756721.jpg,/home/sergey/iqa-data/koniq10k/koniq10k/1024x768/3194756721.jpg,0.4981862178910062,5.660374268246757
11975,koniq10k,koniq10k/3206140446.jpg,/home/sergey/iqa-data/koniq10k/koniq10k/1024x768/3206140446.jpg,0.6381465942049382,2.462688087321658
11978,koniq10k,koniq10k/3207112247.jpg,/home/sergey/iqa-data/koniq10k/koniq10k/1024x768/3207112247.jpg,0.6368392258770419,3.819865550467395
11979,koniq10k,koniq10k/3207463467.jpg,/home/sergey/iqa-data/koniq10k/koniq10k/1024x768/3207463467.jpg,0.7710710037016133,2.5377722849411626
11980,koniq10k,koniq10k/3207613793.jpg,/home/sergey/iqa-data/koniq10k/koniq10k/1024x768/3207613793.jpg,0.3801062977859082,7.170967124571956
11984,koniq10k,koniq10k/320987228.jpg,/home/sergey/iqa-data/koniq10k/koniq10k/1024x768/320987228.jpg,0.9384381025666262,3.505272110247027
12003,koniq10k,koniq10k/323541643.jpg,/home/sergey/iqa-data/koniq10k/koniq10k/1024x768/323541643.jpg,0.2478053084041138,6.958145589508126
12009,koniq10k,koniq10k/324339500.jpg,/home/sergey/iqa-data/koniq10k/koniq10k/1024x768/324339500.jpg,0.4318729246924537,7.025753362090942
12017,koniq10k,koniq10k/3248976854.jpg,/home/sergey/iqa-data/koniq10k/koniq10k/1024x768/3248976854.jpg,0.8166435942884002,4.523701433162004
12020,koniq10k,koniq10k/3251401307.jpg,/home/sergey/iqa-data/koniq10k/koniq10k/1024x768/3251401307.jpg,0.5769850560929711,7.600219671755666
12035,koniq10k,koniq10k/3259319485.jpg,/home/sergey/iqa-data/koniq10k/koniq10k/1024x768/3259319485.jpg,0.7625508616562947,3.888621053745349
12040,koniq10k,koniq10k/3261536707.jpg,/home/sergey/iqa-data/koniq10k/koniq10k/1024x768/3261536707.jpg,0.354447667051502,5.148732807497211
12041,koniq10k,koniq10k/326195053.jpg,/home/sergey/iqa-data/koniq10k/koniq10k/1024x768/326195053.jpg,0.5520539687605263,3.256556300389138
12042,koniq10k,koniq10k/326299244.jpg,/home/sergey/iqa-data/koniq10k/koniq10k/1024x768/326299244.jpg,0.4624896011005399,8.291467003382218
12043,koniq10k,koniq10k/3265420201.jpg,/home/sergey/iqa-data/koniq10k/koniq10k/1024x768/3265420201.jpg,0.749342319863422,6.525544631004898
12044,koniq10k,koniq10k/3265568572.jpg,/home/sergey/iqa-data/koniq10k/koniq10k/1024x768/3265568572.jpg,0.7689894298319389,3.369577461875046
12045,koniq10k,koniq10k/3272637437.jpg,/home/sergey/iqa-data/koniq10k/koniq10k/1024x768/3272637437.jpg,0.7773196528085119,2.8581684077573497
12051,koniq10k,koniq10k/3277170769.jpg,/home/sergey/iqa-data/koniq10k/koniq10k/1024x768/3277170769.jpg,0.6411971203033631,5.831281934268922
12052,koniq10k,koniq10k/3277186380.jpg,/home/sergey/iqa-data/koniq10k/koniq10k/1024x768/3277186380.jpg,0.5872028083612559,6.152117686824006
12059,koniq10k,koniq10k/3288428899.jpg,/home/sergey/iqa-data/koniq10k/koniq10k/1024x768/3288428899.jpg,0.3671727187763574,7.505212257043005
12070,koniq10k,koniq10k/3301567767.jpg,/home/sergey/iqa-data/koniq10k/koniq10k/1024x768/3301567767.jpg,0.5312692333994393,4.489986765464791
12071,koniq10k,koniq10k/3301587792.jpg,/home/sergey/iqa-data/koniq10k/koniq10k/1024x768/3301587792.jpg,0.4827440789623655,6.562263416384578
12072,koniq10k,koniq10k/3302975736.jpg,/home/sergey/iqa-data/koniq10k/koniq10k/1024x768/3302975736.jpg,0.6409172555236898,3.350691609864482
12087,koniq10k,koniq10k/3310204675.jpg,/home/sergey/iqa-data/koniq10k/koniq10k/1024x768/3310204675.jpg,0.339060057528477,5.348942222607453
12088,koniq10k,koniq10k/3310575214.jpg,/home/sergey/iqa-data/koniq10k/koniq10k/1024x768/3310575214.jpg,0.3666497714451981,4.592302897455615
12090,koniq10k,koniq10k/3312331811.jpg,/home/sergey/iqa-data/koniq10k/koniq10k/1024x768/3312331811.jpg,0.1980553488570476,4.691205287881256
12106,koniq10k,koniq10k/3329470769.jpg,/home/sergey/iqa-data/koniq10k/koniq10k/1024x768/3329470769.jpg,0.5979950750175741,5.604062282236633
12107,koniq10k,koniq10k/3330470420.jpg,/home/sergey/iqa-data/koniq10k/koniq10k/1024x768/3330470420.jpg,0.6015402810238494,2.2494074236339743
12111,koniq10k,koniq10k/3332902834.jpg,/home/sergey/iqa-data/koniq10k/koniq10k/1024x768/3332902834.jpg,0.7035150105997409,3.4822517799138746
12113,koniq10k,koniq10k/3335618194.jpg,/home/sergey/iqa-data/koniq10k/koniq10k/1024x768/3335618194.jpg,0.808714582051108,3.001210817772492
12116,koniq10k,koniq10k/3341085556.jpg,/home/sergey/iqa-data/koniq10k/koniq10k/1024x768/3341085556.jpg,0.2252273815222585,5.450918971628765
12117,koniq10k,koniq10k/3342346685.jpg,/home/sergey/iqa-data/koniq10k/koniq10k/1024x768/3342346685.jpg,0.4975609200118544,8.036634140667406
12123,koniq10k,koniq10k/3350005307.jpg,/home/sergey/iqa-data/koniq10k/koniq10k/1024x768/3350005307.jpg,0.1438789196089334,9.177109097260566
12127,koniq10k,koniq10k/3355200103.jpg,/home/sergey/iqa-data/koniq10k/koniq10k/1024x768/3355200103.jpg,0.7930602673770808,5.244798501298748
12128,koniq10k,koniq10k/3355209894.jpg,/home/sergey/iqa-data/koniq10k/koniq10k/1024x768/3355209894.jpg,0.6628385884733137,3.932628235082131
12131,koniq10k,koniq10k/3356044640.jpg,/home/sergey/iqa-data/koniq10k/koniq10k/1024x768/3356044640.jpg,0.6913921406501591,4.568159397381475
12133,koniq10k,koniq10k/3357164852.jpg,/home/sergey/iqa-data/koniq10k/koniq10k/1024x768/3357164852.jpg,0.5652005186668952,5.83853962412808
12136,koniq10k,koniq10k/3358682007.jpg,/home/sergey/iqa-data/koniq10k/koniq10k/1024x768/3358682007.jpg,0.7434341697379233,5.676906337981012
12137,koniq10k,koniq10k/3358754066.jpg,/home/sergey/iqa-data/koniq10k/koniq10k/1024x768/3358754066.jpg,0.4426826955210118,4.905324411285462
12139,koniq10k,koniq10k/336052627.jpg,/home/sergey/iqa-data/koniq10k/koniq10k/1024x768/336052627.jpg,0.4708906061227742,3.791948301054033
12140,koniq10k,koniq10k/3361988100.jpg,/home/sergey/iqa-data/koniq10k/koniq10k/1024x768/3361988100.jpg,0.7479655337482046,4.978301934061797
12143,koniq10k,koniq10k/3364722083.jpg,/home/sergey/iqa-data/koniq10k/koniq10k/1024x768/3364722083.jpg,0.5130750241695535,7.551076047352638
12144,koniq10k,koniq10k/3364868711.jpg,/home/sergey/iqa-data/koniq10k/koniq10k/1024x768/3364868711.jpg,0.2782141313491365,6.938526974909778
12152,koniq10k,koniq10k/3368873733.jpg,/home/sergey/iqa-data/koniq10k/koniq10k/1024x768/3368873733.jpg,0.6738120909257644,4.836946616411218
12161,koniq10k,koniq10k/3376076568.jpg,/home/sergey/iqa-data/koniq10k/koniq10k/1024x768/3376076568.jpg,0.6288301226070498,9.893228874901816
12165,koniq10k,koniq10k/3379476157.jpg,/home/sergey/iqa-data/koniq10k/koniq10k/1024x768/3379476157.jpg,0.7186114146878977,4.032703279901867
12166,koniq10k,koniq10k/3381345467.jpg,/home/sergey/iqa-data/koniq10k/koniq10k/1024x768/3381345467.jpg,0.4847935111822952,4.393021781164722
12169,koniq10k,koniq10k/3383593963.jpg,/home/sergey/iqa-data/koniq10k/koniq10k/1024x768/3383593963.jpg,0.5774293920536148,3.8707106472792225
12172,koniq10k,koniq10k/3385580051.jpg,/home/sergey/iqa-data/koniq10k/koniq10k/1024x768/3385580051.jpg,0.451488931239103,2.816320620342782
12173,koniq10k,koniq10k/3385696346.jpg,/home/sergey/iqa-data/koniq10k/koniq10k/1024x768/3385696346.jpg,0.6764001914791764,4.870272805211688
12175,koniq10k,koniq10k/3386943260.jpg,/home/sergey/iqa-data/koniq10k/koniq10k/1024x768/3386943260.jpg,0.4973139726610268,5.395227987193085
12178,koniq10k,koniq10k/3388708914.jpg,/home/sergey/iqa-data/koniq10k/koniq10k/1024x768/3388708914.jpg,0.7815213208308686,5.846258711279912
12193,koniq10k,koniq10k/3411974393.jpg,/home/sergey/iqa-data/koniq10k/koniq10k/1024x768/3411974393.jpg,0.5531440967056077,4.346446521608072
12202,koniq10k,koniq10k/3420154563.jpg,/home/sergey/iqa-data/koniq10k/koniq10k/1024x768/3420154563.jpg,0.5755695858615925,4.366510992680147
12212,koniq10k,koniq10k/3431105203.jpg,/home/sergey/iqa-data/koniq10k/koniq10k/1024x768/3431105203.jpg,0.7191550094853116,4.719928165539592
12216,koniq10k,koniq10k/3435545140.jpg,/home/sergey/iqa-data/koniq10k/koniq10k/1024x768/3435545140.jpg,0.5248742288898723,4.647501665106458
12217,koniq10k,koniq10k/3437594883.jpg,/home/sergey/iqa-data/koniq10k/koniq10k/1024x768/3437594883.jpg,0.3626584288865107,5.231254974586359
12223,koniq10k,koniq10k/344443695.jpg,/home/sergey/iqa-data/koniq10k/koniq10k/1024x768/344443695.jpg,0.5453798760895532,4.233732668512737
12226,koniq10k,koniq10k/344636344.jpg,/home/sergey/iqa-data/koniq10k/koniq10k/1024x768/344636344.jpg,0.7479655337482046,4.395892554828999
12227,koniq10k,koniq10k/3446366493.jpg,/home/sergey/iqa-data/koniq10k/koniq10k/1024x768/3446366493.jpg,0.742094709936144,4.595581620591748
12230,koniq10k,koniq10k/3450351361.jpg,/home/sergey/iqa-data/koniq10k/koniq10k/1024x768/3450351361.jpg,0.8733332713659611,3.629890019692524
12247,koniq10k,koniq10k/346617779.jpg,/home/sergey/iqa-data/koniq10k/koniq10k/1024x768/346617779.jpg,0.2372335127241776,4.243475342714698
12248,koniq10k,koniq10k/3466610103.jpg,/home/sergey/iqa-data/koniq10k/koniq10k/1024x768/3466610103.jpg,0.7890613004326335,4.182133642552763
12249,koniq10k,koniq10k/3467784087.jpg,/home/sergey/iqa-data/koniq10k/koniq10k/1024x768/3467784087.jpg,0.7450301218421743,4.49595455051361
12250,koniq10k,koniq10k/3468424403.jpg,/home/sergey/iqa-data/koniq10k/koniq10k/1024x768/3468424403.jpg,0.5895600330736752,4.010537894453376
12269,koniq10k,koniq10k/3485554199.jpg,/home/sergey/iqa-data/koniq10k/koniq10k/1024x768/3485554199.jpg,0.5488271900430823,4.604094064560193
12281,koniq10k,koniq10k/3494678423.jpg,/home/sergey/iqa-data/koniq10k/koniq10k/1024x768/3494678423.jpg,0.5301579703207271,8.058977046407803
12283,koniq10k,koniq10k/3497202348.jpg,/home/sergey/iqa-data/koniq10k/koniq10k/1024x768/3497202348.jpg,0.6342747726184761,4.168188401633153
12285,koniq10k,koniq10k/3499629801.jpg,/home/sergey/iqa-data/koniq10k/koniq10k/1024x768/3499629801.jpg,0.6921927075336209,3.9775382814182825
12286,koniq10k,koniq10k/35002160.jpg,/home/sergey/iqa-data/koniq10k/koniq10k/1024x768/35002160.jpg,0.7626425932783568,2.8834855232044245
12287,koniq10k,koniq10k/3501996576.jpg,/home/sergey/iqa-data/koniq10k/koniq10k/1024x768/3501996576.jpg,0.7659167065581624,3.661076520072888
12301,koniq10k,koniq10k/352331466.jpg,/home/sergey/iqa-data/koniq10k/koniq10k/1024x768/352331466.jpg,0.429519207754906,2.0796583587615047
12302,koniq10k,koniq10k/3524216401.jpg,/home/sergey/iqa-data/koniq10k/koniq10k/1024x768/3524216401.jpg,0.7853039731929151,3.43230467346858
12315,koniq10k,koniq10k/3534610078.jpg,/home/sergey/iqa-data/koniq10k/koniq10k/1024x768/3534610078.jpg,0.825753949258018,3.255001641613874
12320,koniq10k,koniq10k/3537658496.jpg,/home/sergey/iqa-data/koniq10k/koniq10k/1024x768/3537658496.jpg,0.8240988765875965,3.6479112226992023
12327,koniq10k,koniq10k/3545446713.jpg,/home/sergey/iqa-data/koniq10k/koniq10k/1024x768/3545446713.jpg,0.6865911875661497,6.025394734505377
12335,koniq10k,koniq10k/3552766173.jpg,/home/sergey/iqa-data/koniq10k/koniq10k/1024x768/3552766173.jpg,0.8265241315897978,3.289526722777969
12336,koniq10k,koniq10k/3552877026.jpg,/home/sergey/iqa-data/koniq10k/koniq10k/1024x768/3552877026.jpg,0.767412637625658,3.258720697707052
12352,koniq10k,koniq10k/3567892894.jpg,/home/sergey/iqa-data/koniq10k/koniq10k/1024x768/3567892894.jpg,0.7266118510592369,3.579251880615313
12356,koniq10k,koniq10k/3574423584.jpg,/home/sergey/iqa-data/koniq10k/koniq10k/1024x768/3574423584.jpg,0.6608996007922661,3.9882206259086623
12365,koniq10k,koniq10k/3579701723.jpg,/home/sergey/iqa-data/koniq10k/koniq10k/1024x768/3579701723.jpg,0.2384157293995195,8.289533048619427
12379,koniq10k,koniq10k/3592827455.jpg,/home/sergey/iqa-data/koniq10k/koniq10k/1024x768/3592827455.jpg,0.6786491238879758,3.3981152369956975
12395,koniq10k,koniq10k/3606644176.jpg,/home/sergey/iqa-data/koniq10k/koniq10k/1024x768/3606644176.jpg,0.7300673142503702,5.135226042549432
12398,koniq10k,koniq10k/3608691305.jpg,/home/sergey/iqa-data/koniq10k/koniq10k/1024x768/3608691305.jpg,0.6393552932250706,9.370521888966524
12403,koniq10k,koniq10k/3612122165.jpg,/home/sergey/iqa-data/koniq10k/koniq10k/1024x768/3612122165.jpg,0.6709323455734382,6.019163593543511
12409,koniq10k,koniq10k/3615562.jpg,/home/sergey/iqa-data/koniq10k/koniq10k/1024x768/3615562.jpg,0.2665579811591722,4.166926490777503
12411,koniq10k,koniq10k/3618474326.jpg,/home/sergey/iqa-data/koniq10k/koniq10k/1024x768/3618474326.jpg,0.7434341697379233,2.6899729143175968
12412,koniq10k,koniq10k/3618795157.jpg,/home/sergey/iqa-data/koniq10k/koniq10k/1024x768/3618795157.jpg,0.8946522601381383,8.07012730262015
12418,koniq10k,koniq10k/362290262.jpg,/home/sergey/iqa-data/koniq10k/koniq10k/1024x768/362290262.jpg,0.7977501196744853,4.608597085879618
12420,koniq10k,koniq10k/3628043.jpg,/home/sergey/iqa-data/koniq10k/koniq10k/1024x768/3628043.jpg,0.7922121554143385,3.984542224435235
12421,koniq10k,koniq10k/3628605791.jpg,/home/sergey/iqa-data/koniq10k/koniq10k/1024x768/3628605791.jpg,0.5620994081937841,6.5810562877168115
12429,koniq10k,koniq10k/3638870308.jpg,/home/sergey/iqa-data/koniq10k/koniq10k/1024x768/3638870308.jpg,0.6135350681098852,4.025846857499223
12435,koniq10k,koniq10k/3645413545.jpg,/home/sergey/iqa-data/koniq10k/koniq10k/1024x768/3645413545.jpg,0.3650071804691235,6.002377120152908
12444,koniq10k,koniq10k/3653350159.jpg,/home/sergey/iqa-data/koniq10k/koniq10k/1024x768/3653350159.jpg,0.802129319362444,4.249165197153129
12452,koniq10k,koniq10k/3661422978.jpg,/home/sergey/iqa-data/koniq10k/koniq10k/1024x768/3661422978.jpg,0.3760628234060477,4.867860652125248
12455,koniq10k,koniq10k/3662997757.jpg,/home/sergey/iqa-data/koniq10k/koniq10k/1024x768/3662997757.jpg,0.7980206880762581,3.104714032775857
12471,koniq10k,koniq10k/3677460940.jpg,/home/sergey/iqa-data/koniq10k/koniq10k/1024x768/3677460940.jpg,0.578245354454065,6.4600726746168
12474,koniq10k,koniq10k/3683418770.jpg,/home/sergey/iqa-data/koniq10k/koniq10k/1024x768/3683418770.jpg,0.6305490575069763,3.020897037788767
12475,koniq10k,koniq10k/3686287517.jpg,/home/sergey/iqa-data/koniq10k/koniq10k/1024x768/3686287517.jpg,0.5246126575319081,4.881598871491639
12478,koniq10k,koniq10k/3688594216.jpg,/home/sergey/iqa-data/koniq10k/koniq10k/1024x768/3688594216.jpg,0.633875857667144,3.807461202298832
12479,koniq10k,koniq10k/368909912.jpg,/home/sergey/iqa-data/koniq10k/koniq10k/1024x768/368909912.jpg,0.6615339609595225,7.060243947478824
12482,koniq10k,koniq10k/3691978983.jpg,/home/sergey/iqa-data/koniq10k/koniq10k/1024x768/3691978983.jpg,0.8340614499435312,7.1468399509980705
12483,koniq10k,koniq10k/3693087386.jpg,/home/sergey/iqa-data/koniq10k/koniq10k/1024x768/3693087386.jpg,0.4768173425425698,4.475592382708267
12492,koniq10k,koniq10k/3702671816.jpg,/home/sergey/iqa-data/koniq10k/koniq10k/1024x768/3702671816.jpg,0.7319716539237567,4.262578825979088
12494,koniq10k,koniq10k/3705698114.jpg,/home/sergey/iqa-data/koniq10k/koniq10k/1024x768/3705698114.jpg,0.558832915645914,4.597271811400455
12499,koniq10k,koniq10k/3708130060.jpg,/home/sergey/iqa-data/koniq10k/koniq10k/1024x768/3708130060.jpg,0.5568282842098075,5.551313700351695
12500,koniq10k,koniq10k/3708879448.jpg,/home/sergey/iqa-data/koniq10k/koniq10k/1024x768/3708879448.jpg,0.6909720411964614,4.094705201828828
12504,koniq10k,koniq10k/3713010621.jpg,/home/sergey/iqa-data/koniq10k/koniq10k/1024x768/3713010621.jpg,0.457359755051167,3.4081660487493513
12518,koniq10k,koniq10k/3722623767.jpg,/home/sergey/iqa-data/koniq10k/koniq10k/1024x768/3722623767.jpg,0.5483575241381188,4.754159891686615
12534,koniq10k,koniq10k/3736907392.jpg,/home/sergey/iqa-data/koniq10k/koniq10k/1024x768/3736907392.jpg,0.7198135357541771,4.455302634160254
12535,koniq10k,koniq10k/3737792738.jpg,/home/sergey/iqa-data/koniq10k/koniq10k/1024x768/3737792738.jpg,0.3560315940641462,6.688113823720595
12538,koniq10k,koniq10k/3740923361.jpg,/home/sergey/iqa-data/koniq10k/koniq10k/1024x768/3740923361.jpg,0.3774098089560029,4.155165416744794
12540,koniq10k,koniq10k/3741472599.jpg,/home/sergey/iqa-data/koniq10k/koniq10k/1024x768/3741472599.jpg,0.6780273253081904,2.0823249503143693
12541,koniq10k,koniq10k/3742811862.jpg,/home/sergey/iqa-data/koniq10k/koniq10k/1024x768/3742811862.jpg,0.6041303503526996,4.651932775210218
12543,koniq10k,koniq10k/374612387.jpg,/home/sergey/iqa-data/koniq10k/koniq10k/1024x768/374612387.jpg,0.7180469123982754,3.8744025688822625
12544,koniq10k,koniq10k/3749654443.jpg,/home/sergey/iqa-data/koniq10k/koniq10k/1024x768/3749654443.jpg,0.3908796644555366,5.163592074693876
12546,koniq10k,koniq10k/3750653207.jpg,/home/sergey/iqa-data/koniq10k/koniq10k/1024x768/3750653207.jpg,0.4962139344618992,6.843585029653484
12547,koniq10k,koniq10k/375084308.jpg,/home/sergey/iqa-data/koniq10k/koniq10k/1024x768/375084308.jpg,0.6632454772523692,3.6608498616900076
12550,koniq10k,koniq10k/375446021.jpg,/home/sergey/iqa-data/koniq10k/koniq10k/1024x768/375446021.jpg,0.5284131834307887,4.7594559513801435
12557,koniq10k,koniq10k/3758613590.jpg,/home/sergey/iqa-data/koniq10k/koniq10k/1024x768/3758613590.jpg,0.6564497507954842,5.16424979619215
12558,koniq10k,koniq10k/3758636614.jpg,/home/sergey/iqa-data/koniq10k/koniq10k/1024x768/3758636614.jpg,0.4154581890199832,5.886606844159853
12559,koniq10k,koniq10k/3758843972.jpg,/home/sergey/iqa-data/koniq10k/koniq10k/1024x768/3758843972.jpg,0.7098051789698064,2.788579691711069
12562,koniq10k,koniq10k/3761038439.jpg,/home/sergey/iqa-data/koniq10k/koniq10k/1024x768/3761038439.jpg,0.5923887027285779,5.118476443914925
12564,koniq10k,koniq10k/3761272199.jpg,/home/sergey/iqa-data/koniq10k/koniq10k/1024x768/3761272199.jpg,0.6664729079760198,4.437736719650239
12569,koniq10k,koniq10k/3767341492.jpg,/home/sergey/iqa-data/koniq10k/koniq10k/1024x768/3767341492.jpg,0.3983027551199357,4.992291111812237
12576,koniq10k,koniq10k/3775862144.jpg,/home/sergey/iqa-data/koniq10k/koniq10k/1024x768/3775862144.jpg,0.7734235606423249,2.9145147180679425
12585,koniq10k,koniq10k/3784715028.jpg,/home/sergey/iqa-data/koniq10k/koniq10k/1024x768/3784715028.jpg,0.6980635313456816,4.987817569893916
12589,koniq10k,koniq10k/3788379941.jpg,/home/sergey/iqa-data/koniq10k/koniq10k/1024x768/3788379941.jpg,0.8222499665773962,1.6130759231164356
12590,koniq10k,koniq10k/3788909806.jpg,/home/sergey/iqa-data/koniq10k/koniq10k/1024x768/3788909806.jpg,0.6900055378781481,4.974253336031404
12592,koniq10k,koniq10k/3791999774.jpg,/home/sergey/iqa-data/koniq10k/koniq10k/1024x768/3791999774.jpg,0.2470081378650062,6.525641172585298
12593,koniq10k,koniq10k/3792338234.jpg,/home/sergey/iqa-data/koniq10k/koniq10k/1024x768/3792338234.jpg,0.6319900778972111,3.957517118461877
12595,koniq10k,koniq10k/379323686.jpg,/home/sergey/iqa-data/koniq10k/koniq10k/1024x768/379323686.jpg,0.7803131916829773,3.847578132587149
12601,koniq10k,koniq10k/3796455854.jpg,/home/sergey/iqa-data/koniq10k/koniq10k/1024x768/3796455854.jpg,0.6656013290907558,14.570317545652376
12604,koniq10k,koniq10k/3800600451.jpg,/home/sergey/iqa-data/koniq10k/koniq10k/1024x768/3800600451.jpg,0.8865703468384193,3.647740562816408
12606,koniq10k,koniq10k/3804031946.jpg,/home/sergey/iqa-data/koniq10k/koniq10k/1024x768/3804031946.jpg,0.7937234252245651,6.600707109347523
12617,koniq10k,koniq10k/3814668128.jpg,/home/sergey/iqa-data/koniq10k/koniq10k/1024x768/3814668128.jpg,0.6262557679845524,4.2700113095360654
12627,koniq10k,koniq10k/3822808828.jpg,/home/sergey/iqa-data/koniq10k/koniq10k/1024x768/3822808828.jpg,0.8642977587448613,2.9989180178608748
12630,koniq10k,koniq10k/3824413541.jpg,/home/sergey/iqa-data/koniq10k/koniq10k/1024x768/3824413541.jpg,0.7989303577029113,4.696835951542273
12631,koniq10k,koniq10k/3824485636.jpg,/home/sergey/iqa-data/koniq10k/koniq10k/1024x768/3824485636.jpg,0.5400450960303859,4.516401078984851
12632,koniq10k,koniq10k/3825250471.jpg,/home/sergey/iqa-data/koniq10k/koniq10k/1024x768/3825250471.jpg,0.8488023686683319,4.223989030618536
12638,koniq10k,koniq10k/3827560087.jpg,/home/sergey/iqa-data/koniq10k/koniq10k/1024x768/3827560087.jpg,0.8215109447756657,3.4773712085367627
12639,koniq10k,koniq10k/382774042.jpg,/home/sergey/iqa-data/koniq10k/koniq10k/1024x768/382774042.jpg,0.2117541258650237,6.97410148711813
12654,koniq10k,koniq10k/3843859642.jpg,/home/sergey/iqa-data/koniq10k/koniq10k/1024x768/3843859642.jpg,0.7009989432517122,5.253186774496577
12667,koniq10k,koniq10k/3850577376.jpg,/home/sergey/iqa-data/koniq10k/koniq10k/1024x768/3850577376.jpg,0.4768173425425698,3.5503124237211297
12669,koniq10k,koniq10k/3851941327.jpg,/home/sergey/iqa-data/koniq10k/koniq10k/1024x768/3851941327.jpg,0.6050888521995672,4.106794331694281
12672,koniq10k,koniq10k/3855419676.jpg,/home/sergey/iqa-data/koniq10k/koniq10k/1024x768/3855419676.jpg,0.8630923887027285,6.826792996003169
12676,koniq10k,koniq10k/3860253466.jpg,/home/sergey/iqa-data/koniq10k/koniq10k/1024x768/3860253466.jpg,0.6578947368421038,3.81137223459166
12678,koniq10k,koniq10k/3861043546.jpg,/home/sergey/iqa-data/koniq10k/koniq10k/1024x768/3861043546.jpg,0.7748922929631396,1.5918777943031546
12688,koniq10k,koniq10k/3870457394.jpg,/home/sergey/iqa-data/koniq10k/koniq10k/1024x768/3870457394.jpg,0.7083641585795716,4.256296288177624
12689,koniq10k,koniq10k/3871801313.jpg,/home/sergey/iqa-data/koniq10k/koniq10k/1024x768/3871801313.jpg,0.5524240121914252,4.325053546658949
12695,koniq10k,koniq10k/3874382715.jpg,/home/sergey/iqa-data/koniq10k/koniq10k/1024x768/3874382715.jpg,0.3629521640531677,4.013799637984121
12699,koniq10k,koniq10k/3880140639.jpg,/home/sergey/iqa-data/koniq10k/koniq10k/1024x768/3880140639.jpg,0.3790261916159455,5.161879930797786
12701,koniq10k,koniq10k/3881103730.jpg,/home/sergey/iqa-data/koniq10k/koniq10k/1024x768/3881103730.jpg,0.900661312341542,2.824241820381616
12708,koniq10k,koniq10k/3890421755.jpg,/home/sergey/iqa-data/koniq10k/koniq10k/1024x768/3890421755.jpg,0.659500276893906,3.9388066806962114
12712,koniq10k,koniq10k/3892332557.jpg,/home/sergey/iqa-data/koniq10k/koniq10k/1024x768/3892332557.jpg,0.5834131163236006,2.5560498609211013
12719,koniq10k,koniq10k/3900966844.jpg,/home/sergey/iqa-data/koniq10k/koniq10k/1024x768/3900966844.jpg,0.3968850743676298,7.317046220230272
12721,koniq10k,koniq10k/3902626347.jpg,/home/sergey/iqa-data/koniq10k/koniq10k/1024x768/3902626347.jpg,0.2261635960806061,5.219211220367295
12735,koniq10k,koniq10k/3916850615.jpg,/home/sergey/iqa-data/koniq10k/koniq10k/1024x768/3916850615.jpg,0.721546826593928,4.184636563578976
12736,koniq10k,koniq10k/3916915691.jpg,/home/sergey/iqa-data/koniq10k/koniq10k/1024x768/3916915691.jpg,0.5491729163342367,4.389230281134028
12743,koniq10k,koniq10k/3921589638.jpg,/home/sergey/iqa-data/koniq10k/koniq10k/1024x768/3921589638.jpg,0.7898516036381029,5.494973763881249
12747,koniq10k,koniq10k/3923541475.jpg,/home/sergey/iqa-data/koniq10k/koniq10k/1024x768/3923541475.jpg,0.5982595265406386,5.525832122253548
12753,koniq10k,koniq10k/3930941584.jpg,/home/sergey/iqa-data/koniq10k/koniq10k/1024x768/3930941584.jpg,0.4154581890199832,3.821357112728591
12758,koniq10k,koniq10k/3934165977.jpg,/home/sergey/iqa-data/koniq10k/koniq10k/1024x768/3934165977.jpg,0.6073480134035409,3.9354689520299586
12761,koniq10k,koniq10k/3935177366.jpg,/home/sergey/iqa-data/koniq10k/koniq10k/1024x768/3935177366.jpg,0.2208168538855867,5.828442822518618
12767,koniq10k,koniq10k/3940357186.jpg,/home/sergey/iqa-data/koniq10k/koniq10k/1024x768/3940357186.jpg,0.4836359664818472,7.062832828258844
12772,koniq10k,koniq10k/3945869834.jpg,/home/sergey/iqa-data/koniq10k/koniq10k/1024x768/3945869834.jpg,0.8755105033228537,3.3102304304907477
12774,koniq10k,koniq10k/3947046278.jpg,/home/sergey/iqa-data/koniq10k/koniq10k/1024x768/3947046278.jpg,0.7287036403838705,2.98106942938069
12776,koniq10k,koniq10k/3948277105.jpg,/home/sergey/iqa-data/koniq10k/koniq10k/1024x768/3948277105.jpg,0.6301924186772712,4.670173685354327
12777,koniq10k,koniq10k/3948522988.jpg,/home/sergey/iqa-data/koniq10k/koniq10k/1024x768/3948522988.jpg,0.5325514600287222,3.294482741692453
12780,koniq10k,koniq10k/3949472497.jpg,/home/sergey/iqa-data/koniq10k/koniq10k/1024x768/3949472497.jpg,0.734630376803666,2.4457473134683405
12785,koniq10k,koniq10k/395315549.jpg,/home/sergey/iqa-data/koniq10k/koniq10k/1024x768/395315549.jpg,0.5575580689182146,6.117609691749318
12786,koniq10k,koniq10k/39540491.jpg,/home/sergey/iqa-data/koniq10k/koniq10k/1024x768/39540491.jpg,0.8337508891702421,3.96893262351354
12787,koniq10k,koniq10k/3954258141.jpg,/home/sergey/iqa-data/koniq10k/koniq10k/1024x768/3954258141.jpg,0.6971038774533261,5.031459616292255
12790,koniq10k,koniq10k/3957754780.jpg,/home/sergey/iqa-data/koniq10k/koniq10k/1024x768/3957754780.jpg,0.4498977733834975,6.289036151088755
12794,koniq10k,koniq10k/3961390501.jpg,/home/sergey/iqa-data/koniq10k/koniq10k/1024x768/3961390501.jpg,0.8296048609169191,2.9751299306675945
12808,koniq10k,koniq10k/3971799391.jpg,/home/sergey/iqa-data/koniq10k/koniq10k/1024x768/3971799391.jpg,0.6286396148108204,3.4339903283158826
12812,koniq10k,koniq10k/3975469304.jpg,/home/sergey/iqa-data/koniq10k/koniq10k/1024x768/3975469304.jpg,0.8793750900463366,1.7384286216118248
12818,koniq10k,koniq10k/3980206588.jpg,/home/sergey/iqa-data/koniq10k/koniq10k/1024x768/3980206588.jpg,0.6657740003793442,3.8652460970055094
12820,koniq10k,koniq10k/3980401611.jpg,/home/sergey/iqa-data/koniq10k/koniq10k/1024x768/3980401611.jpg,0.4877014893321938,6.212834639737163
12827,koniq10k,koniq10k/3985602874.jpg,/home/sergey/iqa-data/koniq10k/koniq10k/1024x768/3985602874.jpg,0.7419818094782188,3.041915695401925
12836,koniq10k,koniq10k/3995400927.jpg,/home/sergey/iqa-data/koniq10k/koniq10k/1024x768/3995400927.jpg,0.6709323455734382,5.566704977698319
12847,koniq10k,koniq10k/4005164524.jpg,/home/sergey/iqa-data/koniq10k/koniq10k/1024x768/4005164524.jpg,0.4661234485677199,4.826202796702996
12852,koniq10k,koniq10k/4010451143.jpg,/home/sergey/iqa-data/koniq10k/koniq10k/1024x768/4010451143.jpg,0.7883002677162564,2.356901724107542
12855,koniq10k,koniq10k/4016051317.jpg,/home/sergey/iqa-data/koniq10k/koniq10k/1024x768/4016051317.jpg,0.3701360869862551,4.43732433382144
12858,koniq10k,koniq10k/4016639569.jpg,/home/sergey/iqa-data/koniq10k/koniq10k/1024x768/4016639569.jpg,0.7670157579546902,2.6782600872017936
12859,koniq10k,koniq10k/4017312321.jpg,/home/sergey/iqa-data/koniq10k/koniq10k/1024x768/4017312321.jpg,0.334665467504145,7.00397557828081
12867,koniq10k,koniq10k/4026925102.jpg,/home/sergey/iqa-data/koniq10k/koniq10k/1024x768/4026925102.jpg,0.7145237850243592,4.398872518855029
12871,koniq10k,koniq10k/4033495510.jpg,/home/sergey/iqa-data/koniq10k/koniq10k/1024x768/4033495510.jpg,0.3306706692376177,5.416568178493856
12873,koniq10k,koniq10k/4034290606.jpg,/home/sergey/iqa-data/koniq10k/koniq10k/1024x768/4034290606.jpg,0.6618696175528784,4.909123286955602
12886,koniq10k,koniq10k/4042245241.jpg,/home/sergey/iqa-data/koniq10k/koniq10k/1024x768/4042245241.jpg,0.4464493745154755,3.042490260682153
12895,koniq10k,koniq10k/4047293612.jpg,/home/sergey/iqa-data/koniq10k/koniq10k/1024x768/4047293612.jpg,0.7261556976239565,2.287163671125157
12897,koniq10k,koniq10k/4049047636.jpg,/home/sergey/iqa-data/koniq10k/koniq10k/1024x768/4049047636.jpg,0.2006684674827321,6.988564013184505
12905,koniq10k,koniq10k/4062759482.jpg,/home/sergey/iqa-data/koniq10k/koniq10k/1024x768/4062759482.jpg,0.3506889831088018,5.818272568410722
12920,koniq10k,koniq10k/4080731983.jpg,/home/sergey/iqa-data/koniq10k/koniq10k/1024x768/4080731983.jpg,0.7203397413241595,4.56836577371536
12922,koniq10k,koniq10k/4081293153.jpg,/home/sergey/iqa-data/koniq10k/koniq10k/1024x768/4081293153.jpg,0.6664729079760198,3.3656646010460816
12927,koniq10k,koniq10k/4086204414.jpg,/home/sergey/iqa-data/koniq10k/koniq10k/1024x768/4086204414.jpg,0.296638687324931,11.251576594094848
12934,koniq10k,koniq10k/409280416.jpg,/home/sergey/iqa-data/koniq10k/koniq10k/1024x768/409280416.jpg,0.5376487066290783,6.666254094778548
12936,koniq10k,koniq10k/4094774604.jpg,/home/sergey/iqa-data/koniq10k/koniq10k/1024x768/4094774604.jpg,0.4336368343412046,5.176380451269519
12946,koniq10k,koniq10k/4100631766.jpg,/home/sergey/iqa-data/koniq10k/koniq10k/1024x768/4100631766.jpg,0.4764687109884647,6.430457171790519
12947,koniq10k,koniq10k/4103115026.jpg,/home/sergey/iqa-data/koniq10k/koniq10k/1024x768/4103115026.jpg,0.1313155489795026,6.74188886863776
12948,koniq10k,koniq10k/4103158795.jpg,/home/sergey/iqa-data/koniq10k/koniq10k/1024x768/4103158795.jpg,0.7909343727917213,3.3573149685755284
12951,koniq10k,koniq10k/4107362083.jpg,/home/sergey/iqa-data/koniq10k/koniq10k/1024x768/4107362083.jpg,0.8975586404978456,3.0584794651278138
12953,koniq10k,koniq10k/4109408743.jpg,/home/sergey/iqa-data/koniq10k/koniq10k/1024x768/4109408743.jpg,0.8192109984207434,3.6679778848683844
12956,koniq10k,koniq10k/411090819.jpg,/home/sergey/iqa-data/koniq10k/koniq10k/1024x768/411090819.jpg,0.1826517022214409,7.080293009273693
12962,koniq10k,koniq10k/4114743309.jpg,/home/sergey/iqa-data/koniq10k/koniq10k/1024x768/4114743309.jpg,0.8211781601103826,2.3961254928276245
12966,koniq10k,koniq10k/4124391067.jpg,/home/sergey/iqa-data/koniq10k/koniq10k/1024x768/4124391067.jpg,0.2335808762328629,8.789569737887028
12975,koniq10k,koniq10k/4132558989.jpg,/home/sergey/iqa-data/koniq10k/koniq10k/1024x768/4132558989.jpg,0.831737673528004,7.411450937735615
12979,koniq10k,koniq10k/4137012282.jpg,/home/sergey/iqa-data/koniq10k/koniq10k/1024x768/4137012282.jpg,0.5183044974811359,5.190538099307945
12982,koniq10k,koniq10k/4139991387.jpg,/home/sergey/iqa-data/koniq10k/koniq10k/1024x768/4139991387.jpg,0.6282910483484933,4.492233677034282
12984,koniq10k,koniq10k/4142709624.jpg,/home/sergey/iqa-data/koniq10k/koniq10k/1024x768/4142709624.jpg,0.827221655211035,4.094003953670271
12992,koniq10k,koniq10k/414892775.jpg,/home/sergey/iqa-data/koniq10k/koniq10k/1024x768/414892775.jpg,0.6800774620305489,1.686994334643536
12993,koniq10k,koniq10k/4149241552.jpg,/home/sergey/iqa-data/koniq10k/koniq10k/1024x768/4149241552.jpg,0.7265558781033022,3.70252799058674
12999,koniq10k,koniq10k/4154530402.jpg,/home/sergey/iqa-data/koniq10k/koniq10k/1024x768/4154530402.jpg,0.5861656294877928,4.763370869540533
13001,koniq10k,koniq10k/4156345687.jpg,/home/sergey/iqa-data/koniq10k/koniq10k/1024x768/4156345687.jpg,0.7968611092115169,5.915162019585634
13005,koniq10k,koniq10k/4157144630.jpg,/home/sergey/iqa-data/koniq10k/koniq10k/1024x768/4157144630.jpg,0.5396037064897751,3.841164750976242
13014,koniq10k,koniq10k/4167140049.jpg,/home/sergey/iqa-data/koniq10k/koniq10k/1024x768/4167140049.jpg,0.6732886548587838,3.554658133436495
13015,koniq10k,koniq10k/4167190092.jpg,/home/sergey/iqa-data/koniq10k/koniq10k/1024x768/4167190092.jpg,0.4004621448352071,6.831770913723015
13021,koniq10k,koniq10k/4170535749.jpg,/home/sergey/iqa-data/koniq10k/koniq10k/1024x768/4170535749.jpg,0.5772841560276427,5.822175065171648
13024,koniq10k,koniq10k/4172609703.jpg,/home/sergey/iqa-data/koniq10k/koniq10k/1024x768/4172609703.jpg,0.4141825144697334,7.77842887567714
13027,koniq10k,koniq10k/4174114328.jpg,/home/sergey/iqa-data/koniq10k/koniq10k/1024x768/4174114328.jpg,0.7510770703685972,5.412477444254474
13030,koniq10k,koniq10k/4176378029.jpg,/home/sergey/iqa-data/koniq10k/koniq10k/1024x768/4176378029.jpg,0.5146002872187645,6.114697723565935
13041,koniq10k,koniq10k/4183330908.jpg,/home/sergey/iqa-data/koniq10k/koniq10k/1024x768/4183330908.jpg,0.742094709936144,3.032538845866586
13045,koniq10k,koniq10k/4186428624.jpg,/home/sergey/iqa-data/koniq10k/koniq10k/1024x768/4186428624.jpg,0.7168501675442794,3.1984938145934714
13047,koniq10k,koniq10k/4187182991.jpg,/home/sergey/iqa-data/koniq10k/koniq10k/1024x768/4187182991.jpg,0.5290565414285526,3.207379345104517
13051,koniq10k,koniq10k/4193696727.jpg,/home/sergey/iqa-data/koniq10k/koniq10k/1024x768/4193696727.jpg,0.5952697551548675,4.266227806845444
13060,koniq10k,koniq10k/4199130600.jpg,/home/sergey/iqa-data/koniq10k/koniq10k/1024x768/4199130600.jpg,0.8089760557166861,3.635717312500976
13061,koniq10k,koniq10k/4201007649.jpg,/home/sergey/iqa-data/koniq10k/koniq10k/1024x768/4201007649.jpg,0.6812897490255088,2.3896986804412887
13068,koniq10k,koniq10k/4210559322.jpg,/home/sergey/iqa-data/koniq10k/koniq10k/1024x768/4210559322.jpg,0.3526005595056675,7.533583919418635
13074,koniq10k,koniq10k/4214550696.jpg,/home/sergey/iqa-data/koniq10k/koniq10k/1024x768/4214550696.jpg,0.6372396810405411,5.7327504414541925
13076,koniq10k,koniq10k/4214814193.jpg,/home/sergey/iqa-data/koniq10k/koniq10k/1024x768/4214814193.jpg,0.7838678793681201,2.9654662655126387
13079,koniq10k,koniq10k/4216117221.jpg,/home/sergey/iqa-data/koniq10k/koniq10k/1024x768/4216117221.jpg,0.3212845219419019,6.258371453972735
13081,koniq10k,koniq10k/4217243298.jpg,/home/sergey/iqa-data/koniq10k/koniq10k/1024x768/4217243298.jpg,0.6262767253269127,3.854225919661532
13086,koniq10k,koniq10k/4223697086.jpg,/home/sergey/iqa-data/koniq10k/koniq10k/1024x768/4223697086.jpg,0.7079600629145859,5.634825864351873
13088,koniq10k,koniq10k/4228738752.jpg,/home/sergey/iqa-data/koniq10k/koniq10k/1024x768/4228738752.jpg,0.7731541635323346,3.6835245013822187
13094,koniq10k,koniq10k/4234199993.jpg,/home/sergey/iqa-data/koniq10k/koniq10k/1024x768/4234199993.jpg,0.7041623483154932,3.098140306620179
13099,koniq10k,koniq10k/4239274380.jpg,/home/sergey/iqa-data/koniq10k/koniq10k/1024x768/4239274380.jpg,0.3039469868235772,6.88007976859437
13105,koniq10k,koniq10k/4243451745.jpg,/home/sergey/iqa-data/koniq10k/koniq10k/1024x768/4243451745.jpg,0.8113486871265702,2.7783337060883566
13107,koniq10k,koniq10k/4243875190.jpg,/home/sergey/iqa-data/koniq10k/koniq10k/1024x768/4243875190.jpg,0.7895553796643413,3.7311561719768522
13109,koniq10k,koniq10k/4244935320.jpg,/home/sergey/iqa-data/koniq10k/koniq10k/1024x768/4244935320.jpg,0.7203397413241595,3.5869258692735326
13113,koniq10k,koniq10k/4246970583.jpg,/home/sergey/iqa-data/koniq10k/koniq10k/1024x768/4246970583.jpg,0.3219467347879191,5.203804747092226
13116,koniq10k,koniq10k/42490373.jpg,/home/sergey/iqa-data/koniq10k/koniq10k/1024x768/42490373.jpg,0.6890578016145612,2.8414907040353734
13117,koniq10k,koniq10k/4250403356.jpg,/home/sergey/iqa-data/koniq10k/koniq10k/1024x768/4250403356.jpg,0.3546203383400905,5.27600915218456
13119,koniq10k,koniq10k/4252517673.jpg,/home/sergey/iqa-data/koniq10k/koniq10k/1024x768/4252517673.jpg,0.6931432218650969,5.095841713003311
13121,koniq10k,koniq10k/4253075090.jpg,/home/sergey/iqa-data/koniq10k/koniq10k/1024x768/4253075090.jpg,0.8271682840854679,3.378606421631159
13122,koniq10k,koniq10k/4254945684.jpg,/home/sergey/iqa-data/koniq10k/koniq10k/1024x768/4254945684.jpg,0.2259834558412336,8.156170286211156
13127,koniq10k,koniq10k/4258180825.jpg,/home/sergey/iqa-data/koniq10k/koniq10k/1024x768/4258180825.jpg,0.6933034039304966,4.244077120515243
13129,koniq10k,koniq10k/4258644297.jpg,/home/sergey/iqa-data/koniq10k/koniq10k/1024x768/4258644297.jpg,0.768132900732229,4.312518434142351
13132,koniq10k,koniq10k/425916994.jpg,/home/sergey/iqa-data/koniq10k/koniq10k/1024x768/425916994.jpg,0.417011184124636,5.923202763541397
13133,koniq10k,koniq10k/4259335567.jpg,/home/sergey/iqa-data/koniq10k/koniq10k/1024x768/4259335567.jpg,0.4383522363725102,4.988221271822282
13134,koniq10k,koniq10k/4260146768.jpg,/home/sergey/iqa-data/koniq10k/koniq10k/1024x768/4260146768.jpg,0.7510160598466296,3.33370674816905
13147,koniq10k,koniq10k/427196028.jpg,/home/sergey/iqa-data/koniq10k/koniq10k/1024x768/427196028.jpg,0.4226685234344381,7.462684634508695
13151,koniq10k,koniq10k/4277539505.jpg,/home/sergey/iqa-data/koniq10k/koniq10k/1024x768/4277539505.jpg,0.7079600629145859,4.321200829051319
13159,koniq10k,koniq10k/4285776519.jpg,/home/sergey/iqa-data/koniq10k/koniq10k/1024x768/4285776519.jpg,0.3265486807921266,5.951428863341124
13175,koniq10k,koniq10k/4297818651.jpg,/home/sergey/iqa-data/koniq10k/koniq10k/1024x768/4297818651.jpg,0.439133913962974,8.066235733764975
13176,koniq10k,koniq10k/4298067776.jpg,/home/sergey/iqa-data/koniq10k/koniq10k/1024x768/4298067776.jpg,0.7645805351192336,4.319449849136337
13177,koniq10k,koniq10k/4298186333.jpg,/home/sergey/iqa-data/koniq10k/koniq10k/1024x768/4298186333.jpg,0.7577766852539465,2.9056466195944806
13183,koniq10k,koniq10k/4300400521.jpg,/home/sergey/iqa-data/koniq10k/koniq10k/1024x768/4300400521.jpg,0.4999668229149372,6.108390412512743
13184,koniq10k,koniq10k/430051470.jpg,/home/sergey/iqa-data/koniq10k/koniq10k/1024x768/430051470.jpg,0.6475577917426307,3.2372209848151385
13185,koniq10k,koniq10k/4302524395.jpg,/home/sergey/iqa-data/koniq10k/koniq10k/1024x768/4302524395.jpg,0.4501470286534896,6.130688518302453
13187,koniq10k,koniq10k/4305975001.jpg,/home/sergey/iqa-data/koniq10k/koniq10k/1024x768/4305975001.jpg,0.8303297384056538,2.4398716669556118
13191,koniq10k,koniq10k/430961914.jpg,/home/sergey/iqa-data/koniq10k/koniq10k/1024x768/430961914.jpg,0.7689085686931536,5.117853277118791
13192,koniq10k,koniq10k/4310499723.jpg,/home/sergey/iqa-data/koniq10k/koniq10k/1024x768/4310499723.jpg,0.5689054074803315,4.142326254213105
13194,koniq10k,koniq10k/4312794040.jpg,/home/sergey/iqa-data/koniq10k/koniq10k/1024x768/4312794040.jpg,0.6903444852224155,3.286222647969004
13205,koniq10k,koniq10k/4321643395.jpg,/home/sergey/iqa-data/koniq10k/koniq10k/1024x768/4321643395.jpg,0.6479518566641594,2.39716520241026
13214,koniq10k,koniq10k/4330138497.jpg,/home/sergey/iqa-data/koniq10k/koniq10k/1024x768/4330138497.jpg,0.8330924790230957,5.102094661989853
13228,koniq10k,koniq10k/4340329166.jpg,/home/sergey/iqa-data/koniq10k/koniq10k/1024x768/4340329166.jpg,0.806673771868819,3.8022050336906554
13233,koniq10k,koniq10k/4344642946.jpg,/home/sergey/iqa-data/koniq10k/koniq10k/1024x768/4344642946.jpg,0.8146413184709005,3.650813779642935
13241,koniq10k,koniq10k/4347235307.jpg,/home/sergey/iqa-data/koniq10k/koniq10k/1024x768/4347235307.jpg,0.8729826301032606,4.044446599553992
13242,koniq10k,koniq10k/4347675881.jpg,/home/sergey/iqa-data/koniq10k/koniq10k/1024x768/4347675881.jpg,0.5593458359633464,5.5614048253204045
13243,koniq10k,koniq10k/434815119.jpg,/home/sergey/iqa-data/koniq10k/koniq10k/1024x768/434815119.jpg,0.2516013585903462,9.847228845026578
13248,koniq10k,koniq10k/4353658003.jpg,/home/sergey/iqa-data/koniq10k/koniq10k/1024x768/4353658003.jpg,0.1454588972540123,7.088592180761081
13255,koniq10k,koniq10k/4359682859.jpg,/home/sergey/iqa-data/koniq10k/koniq10k/1024x768/4359682859.jpg,0.8768720508787513,2.695484835098532
13268,koniq10k,koniq10k/4371356797.jpg,/home/sergey/iqa-data/koniq10k/koniq10k/1024x768/4371356797.jpg,0.5531440967056077,5.810980923422227
13276,koniq10k,koniq10k/4376675146.jpg,/home/sergey/iqa-data/koniq10k/koniq10k/1024x768/4376675146.jpg,0.4098851124940161,2.6268949784205264
13287,koniq10k,koniq10k/4391517237.jpg,/home/sergey/iqa-data/koniq10k/koniq10k/1024x768/4391517237.jpg,0.6228939637128171,4.487028519684655
13301,koniq10k,koniq10k/4404389524.jpg,/home/sergey/iqa-data/koniq10k/koniq10k/1024x768/4404389524.jpg,0.4661659907692582,6.783042737031427
13304,koniq10k,koniq10k/4406684120.jpg,/home/sergey/iqa-data/koniq10k/koniq10k/1024x768/4406684120.jpg,0.6305490575069763,7.085933579979424
13307,koniq10k,koniq10k/4407839974.jpg,/home/sergey/iqa-data/koniq10k/koniq10k/1024x768/4407839974.jpg,0.6901798536551992,3.460827329512638
13314,koniq10k,koniq10k/4411449023.jpg,/home/sergey/iqa-data/koniq10k/koniq10k/1024x768/4411449023.jpg,0.714283951774884,2.717984871220371
13317,koniq10k,koniq10k/4414969933.jpg,/home/sergey/iqa-data/koniq10k/koniq10k/1024x768/4414969933.jpg,0.7014528729279051,3.2558838099795997
13319,koniq10k,koniq10k/4418637804.jpg,/home/sergey/iqa-data/koniq10k/koniq10k/1024x768/4418637804.jpg,0.7494195228231542,4.380786211528105
13321,koniq10k,koniq10k/4420983663.jpg,/home/sergey/iqa-data/koniq10k/koniq10k/1024x768/4420983663.jpg,0.3345756684674815,5.642959528197774
13322,koniq10k,koniq10k/4422544352.jpg,/home/sergey/iqa-data/koniq10k/koniq10k/1024x768/4422544352.jpg,0.7168501675442794,2.572292665047054
13325,koniq10k,koniq10k/4423467099.jpg,/home/sergey/iqa-data/koniq10k/koniq10k/1024x768/4423467099.jpg,0.6012788073582712,2.855032319944859
13331,koniq10k,koniq10k/4426149096.jpg,/home/sergey/iqa-data/koniq10k/koniq10k/1024x768/4426149096.jpg,0.7065529959947775,4.1454332208666145
13332,koniq10k,koniq10k/4428546636.jpg,/home/sergey/iqa-data/koniq10k/koniq10k/1024x768/4428546636.jpg,0.5625179511728096,2.5910372321590502
13340,koniq10k,koniq10k/4432502474.jpg,/home/sergey/iqa-data/koniq10k/koniq10k/1024x768/4432502474.jpg,0.6755683945608545,3.7930622684629465
13341,koniq10k,koniq10k/4433497740.jpg,/home/sergey/iqa-data/koniq10k/koniq10k/1024x768/4433497740.jpg,0.6717023812876022,5.227960283112566
13347,koniq10k,koniq10k/443706084.jpg,/home/sergey/iqa-data/koniq10k/koniq10k/1024x768/443706084.jpg,0.6808539595828768,2.530546956895527
13356,koniq10k,koniq10k/4442175074.jpg,/home/sergey/iqa-data/koniq10k/koniq10k/1024x768/4442175074.jpg,0.9213225740272182,4.8756389856935725
13367,koniq10k,koniq10k/4459598484.jpg,/home/sergey/iqa-data/koniq10k/koniq10k/1024x768/4459598484.jpg,0.7185320792309796,2.6847131781556115
13376,koniq10k,koniq10k/4468108530.jpg,/home/sergey/iqa-data/koniq10k/koniq10k/1024x768/4468108530.jpg,0.6552178075634282,3.871169316221067
13378,koniq10k,koniq10k/4469938423.jpg,/home/sergey/iqa-data/koniq10k/koniq10k/1024x768/4469938423.jpg,0.6039129124337363,6.32218670540943
13386,koniq10k,koniq10k/4478081768.jpg,/home/sergey/iqa-data/koniq10k/koniq10k/1024x768/4478081768.jpg,0.5027764480612729,3.8375771225961723
13389,koniq10k,koniq10k/4480082097.jpg,/home/sergey/iqa-data/koniq10k/koniq10k/1024x768/4480082097.jpg,0.8441403020148834,3.040265150344687
13392,koniq10k,koniq10k/4483151821.jpg,/home/sergey/iqa-data/koniq10k/koniq10k/1024x768/4483151821.jpg,0.388942077549067,3.1393193841164297
13397,koniq10k,koniq10k/4489064763.jpg,/home/sergey/iqa-data/koniq10k/koniq10k/1024x768/4489064763.jpg,0.6778034334844519,4.689587178935774
13403,koniq10k,koniq10k/4493244545.jpg,/home/sergey/iqa-data/koniq10k/koniq10k/1024x768/4493244545.jpg,0.8286350016843078,2.8656455823049756
13405,koniq10k,koniq10k/4495516735.jpg,/home/sergey/iqa-data/koniq10k/koniq10k/1024x768/4495516735.jpg,0.7065735328347261,4.020827860328296
13408,koniq10k,koniq10k/4496338663.jpg,/home/sergey/iqa-data/koniq10k/koniq10k/1024x768/4496338663.jpg,0.4554810914313063,5.922316414867068
13412,koniq10k,koniq10k/450063799.jpg,/home/sergey/iqa-data/koniq10k/koniq10k/1024x768/450063799.jpg,0.6533992246970592,3.8709638167983855
13418,koniq10k,koniq10k/450407660.jpg,/home/sergey/iqa-data/koniq10k/koniq10k/1024x768/450407660.jpg,0.6662217750768754,3.538471525716264
13420,koniq10k,koniq10k/4504355317.jpg,/home/sergey/iqa-data/koniq10k/koniq10k/1024x768/4504355317.jpg,0.8791381559804389,2.9340712717519697
13422,koniq10k,koniq10k/4506321902.jpg,/home/sergey/iqa-data/koniq10k/koniq10k/1024x768/4506321902.jpg,0.702588958034148,3.2521374814497586
13426,koniq10k,koniq10k/4511318356.jpg,/home/sergey/iqa-data/koniq10k/koniq10k/1024x768/4511318356.jpg,0.7510770703685972,3.0571819114900705
13430,koniq10k,koniq10k/4513142635.jpg,/home/sergey/iqa-data/koniq10k/koniq10k/1024x768/4513142635.jpg,0.4691595296437237,4.34432485474229
13442,koniq10k,koniq10k/4524543534.jpg,/home/sergey/iqa-data/koniq10k/koniq10k/1024x768/4524543534.jpg,0.6657740003793442,3.1026142330895428
13445,koniq10k,koniq10k/4525459727.jpg,/home/sergey/iqa-data/koniq10k/koniq10k/1024x768/4525459727.jpg,0.821350831398971,3.8817284094696287
13461,koniq10k,koniq10k/4535634069.jpg,/home/sergey/iqa-data/koniq10k/koniq10k/1024x768/4535634069.jpg,0.6970494799599644,4.292080746207249
13466,koniq10k,koniq10k/4539567531.jpg,/home/sergey/iqa-data/koniq10k/koniq10k/1024x768/4539567531.jpg,0.5410332439454003,4.414871908697772
13479,koniq10k,koniq10k/4550104555.jpg,/home/sergey/iqa-data/koniq10k/koniq10k/1024x768/4550104555.jpg,0.7527771883158211,3.651810266646028
13483,koniq10k,koniq10k/4555936051.jpg,/home/sergey/iqa-data/koniq10k/koniq10k/1024x768/4555936051.jpg,0.825753949258018,4.295666265989626
13484,koniq10k,koniq10k/4556815018.jpg,/home/sergey/iqa-data/koniq10k/koniq10k/1024x768/4556815018.jpg,0.7113592205671159,6.047524184857955
13487,koniq10k,koniq10k/4562682674.jpg,/home/sergey/iqa-data/koniq10k/koniq10k/1024x768/4562682674.jpg,0.4339832020540484,9.061212121568824
13489,koniq10k,koniq10k/4563172093.jpg,/home/sergey/iqa-data/koniq10k/koniq10k/1024x768/4563172093.jpg,0.784109646005291,2.877579256558185
13491,koniq10k,koniq10k/4565000392.jpg,/home/sergey/iqa-data/koniq10k/koniq10k/1024x768/4565000392.jpg,0.6608425083772138,2.818610882013175
13504,koniq10k,koniq10k/4573273622.jpg,/home/sergey/iqa-data/koniq10k/koniq10k/1024x768/4573273622.jpg,0.7618288157202494,3.763496787710555
13516,koniq10k,koniq10k/4580698398.jpg,/home/sergey/iqa-data/koniq10k/koniq10k/1024x768/4580698398.jpg,0.3781036335883367,4.63583101786684
13522,koniq10k,koniq10k/4585460509.jpg,/home/sergey/iqa-data/koniq10k/koniq10k/1024x768/4585460509.jpg,0.6535081720577166,4.195611438224647
13524,koniq10k,koniq10k/4586793310.jpg,/home/sergey/iqa-data/koniq10k/koniq10k/1024x768/4586793310.jpg,0.5462918639079472,4.5511056798624665
13529,koniq10k,koniq10k/4591422965.jpg,/home/sergey/iqa-data/koniq10k/koniq10k/1024x768/4591422965.jpg,0.8129150845622236,3.036359665983621
13534,koniq10k,koniq10k/4596719098.jpg,/home/sergey/iqa-data/koniq10k/koniq10k/1024x768/4596719098.jpg,0.5923887027285779,6.415373900659534
13543,koniq10k,koniq10k/460148364.jpg,/home/sergey/iqa-data/koniq10k/koniq10k/1024x768/460148364.jpg,0.4953087601723308,5.128232057820909
13554,koniq10k,koniq10k/4605755313.jpg,/home/sergey/iqa-data/koniq10k/koniq10k/1024x768/4605755313.jpg,0.5301579703207271,2.1629428793009455
13561,koniq10k,koniq10k/4611014636.jpg,/home/sergey/iqa-data/koniq10k/koniq10k/1024x768/4611014636.jpg,0.823688770085192,4.378133879405371
13562,koniq10k,koniq10k/46116416.jpg,/home/sergey/iqa-data/koniq10k/koniq10k/1024x768/46116416.jpg,0.7645805351192336,4.514684360973899
13569,koniq10k,koniq10k/4617763829.jpg,/home/sergey/iqa-data/koniq10k/koniq10k/1024x768/4617763829.jpg,0.739322376469336,5.6662307077739404
13574,koniq10k,koniq10k/4623510365.jpg,/home/sergey/iqa-data/koniq10k/koniq10k/1024x768/4623510365.jpg,0.7294104988559542,2.812007611868955
13580,koniq10k,koniq10k/4630540392.jpg,/home/sergey/iqa-data/koniq10k/koniq10k/1024x768/4630540392.jpg,0.7623707958796528,3.9247854954501036
13587,koniq10k,koniq10k/463426919.jpg,/home/sergey/iqa-data/koniq10k/koniq10k/1024x768/463426919.jpg,0.3907150328883202,9.382961513037335
13589,koniq10k,koniq10k/463525569.jpg,/home/sergey/iqa-data/koniq10k/koniq10k/1024x768/463525569.jpg,0.7463940506065908,2.87692704321874
13593,koniq10k,koniq10k/4638196012.jpg,/home/sergey/iqa-data/koniq10k/koniq10k/1024x768/4638196012.jpg,0.8293222251988364,3.639432194657057
13596,koniq10k,koniq10k/4639008494.jpg,/home/sergey/iqa-data/koniq10k/koniq10k/1024x768/4639008494.jpg,0.401383484447057,6.436570822867304
13608,koniq10k,koniq10k/4651402324.jpg,/home/sergey/iqa-data/koniq10k/koniq10k/1024x768/4651402324.jpg,0.7754202686340221,2.428565957949663
13609,koniq10k,koniq10k/4655744443.jpg,/home/sergey/iqa-data/koniq10k/koniq10k/1024x768/4655744443.jpg,0.7597071813723265,3.6496200945789266
13611,koniq10k,koniq10k/4656808355.jpg,/home/sergey/iqa-data/koniq10k/koniq10k/1024x768/4656808355.jpg,0.6372666347534705,3.7623896257921197
13614,koniq10k,koniq10k/4663774613.jpg,/home/sergey/iqa-data/koniq10k/koniq10k/1024x768/4663774613.jpg,0.8133950421209465,3.768531638684763
13623,koniq10k,koniq10k/4669146975.jpg,/home/sergey/iqa-data/koniq10k/koniq10k/1024x768/4669146975.jpg,0.446989795233599,4.017960652018444
13626,koniq10k,koniq10k/4670590256.jpg,/home/sergey/iqa-data/koniq10k/koniq10k/1024x768/4670590256.jpg,0.6586529085332328,2.5073815671136654
13635,koniq10k,koniq10k/4674618399.jpg,/home/sergey/iqa-data/koniq10k/koniq10k/1024x768/4674618399.jpg,0.635604489122919,7.354555762042472
13645,koniq10k,koniq10k/4682349014.jpg,/home/sergey/iqa-data/koniq10k/koniq10k/1024x768/4682349014.jpg,0.5449748113702162,5.9940052361185785
13656,koniq10k,koniq10k/4688942670.jpg,/home/sergey/iqa-data/koniq10k/koniq10k/1024x768/4688942670.jpg,0.7127405908758367,4.836247089102363
13666,koniq10k,koniq10k/4694563082.jpg,/home/sergey/iqa-data/koniq10k/koniq10k/1024x768/4694563082.jpg,0.8037383599627886,4.639696275130244
13673,koniq10k,koniq10k/469890496.jpg,/home/sergey/iqa-data/koniq10k/koniq10k/1024x768/469890496.jpg,0.6312829104834845,4.033333870695253
13689,koniq10k,koniq10k/4708680413.jpg,/home/sergey/iqa-data/koniq10k/koniq10k/1024x768/4708680413.jpg,0.6510969408491921,3.4259011876630394
13692,koniq10k,koniq10k/4711101546.jpg,/home/sergey/iqa-data/koniq10k/koniq10k/1024x768/4711101546.jpg,0.6830159829341856,4.013863165042751
13695,koniq10k,koniq10k/4713092038.jpg,/home/sergey/iqa-data/koniq10k/koniq10k/1024x768/4713092038.jpg,0.825753949258018,2.6538470472475106
13697,koniq10k,koniq10k/4714961173.jpg,/home/sergey/iqa-data/koniq10k/koniq10k/1024x768/4714961173.jpg,0.7047497473538634,5.657200097523212
13706,koniq10k,koniq10k/4725670933.jpg,/home/sergey/iqa-data/koniq10k/koniq10k/1024x768/4725670933.jpg,0.6812897490255088,2.3532842612125737
13708,koniq10k,koniq10k/4726274782.jpg,/home/sergey/iqa-data/koniq10k/koniq10k/1024x768/4726274782.jpg,0.2621291140728787,7.3090430215935775
13710,koniq10k,koniq10k/4728497082.jpg,/home/sergey/iqa-data/koniq10k/koniq10k/1024x768/4728497082.jpg,0.7697753698724529,3.3573561693398895
13719,koniq10k,koniq10k/4732496293.jpg,/home/sergey/iqa-data/koniq10k/koniq10k/1024x768/4732496293.jpg,0.5578160736131057,6.147812512019704
13724,koniq10k,koniq10k/4737751146.jpg,/home/sergey/iqa-data/koniq10k/koniq10k/1024x768/4737751146.jpg,0.7587480863931277,7.721472822513135
13727,koniq10k,koniq10k/4738960229.jpg,/home/sergey/iqa-data/koniq10k/koniq10k/1024x768/4738960229.jpg,0.3503802989202688,5.264382122106554
13730,koniq10k,koniq10k/474070389.jpg,/home/sergey/iqa-data/koniq10k/koniq10k/1024x768/474070389.jpg,0.8749670284581034,2.4382264833677607
13733,koniq10k,koniq10k/4743492963.jpg,/home/sergey/iqa-data/koniq10k/koniq10k/1024x768/4743492963.jpg,0.4585926280516987,5.9660646465860525
13734,koniq10k,koniq10k/4743830608.jpg,/home/sergey/iqa-data/koniq10k/koniq10k/1024x768/4743830608.jpg,0.7218286261369075,5.643869206758954
13749,koniq10k,koniq10k/4764407251.jpg,/home/sergey/iqa-data/koniq10k/koniq10k/1024x768/4764407251.jpg,0.6039129124337363,4.663317563156862
13752,koniq10k,koniq10k/4765706226.jpg,/home/sergey/iqa-data/koniq10k/koniq10k/1024x768/4765706226.jpg,0.8049590262999482,3.635385526326404
13756,koniq10k,koniq10k/4769301151.jpg,/home/sergey/iqa-data/koniq10k/koniq10k/1024x768/4769301151.jpg,0.3688414115547444,3.9809374821197743
13759,koniq10k,koniq10k/4770545465.jpg,/home/sergey/iqa-data/koniq10k/koniq10k/1024x768/4770545465.jpg,0.8027055298477043,4.146855915615452
13761,koniq10k,koniq10k/4771924563.jpg,/home/sergey/iqa-data/koniq10k/koniq10k/1024x768/4771924563.jpg,0.6110579224509332,5.510837534713151
13764,koniq10k,koniq10k/4773302631.jpg,/home/sergey/iqa-data/koniq10k/koniq10k/1024x768/4773302631.jpg,0.6671852561034,5.444270445433463
13769,koniq10k,koniq10k/4778495597.jpg,/home/sergey/iqa-data/koniq10k/koniq10k/1024x768/4778495597.jpg,0.5952966808784764,5.057686479816914
13770,koniq10k,koniq10k/477928479.jpg,/home/sergey/iqa-data/koniq10k/koniq10k/1024x768/477928479.jpg,0.5067500801489653,3.7283415534203486
13771,koniq10k,koniq10k/477939756.jpg,/home/sergey/iqa-data/koniq10k/koniq10k/1024x768/477939756.jpg,0.8068732658818484,2.970954146198958
13784,koniq10k,koniq10k/4787556835.jpg,/home/sergey/iqa-data/koniq10k/koniq10k/1024x768/4787556835.jpg,0.7377876102235568,3.3996216419776166
13792,koniq10k,koniq10k/4795531186.jpg,/home/sergey/iqa-data/koniq10k/koniq10k/1024x768/4795531186.jpg,0.737593745013564,2.6090561270782406
13794,koniq10k,koniq10k/4800263969.jpg,/home/sergey/iqa-data/koniq10k/koniq10k/1024x768/4800263969.jpg,0.5984305214089533,6.831317812702648
13795,koniq10k,koniq10k/4801184295.jpg,/home/sergey/iqa-data/koniq10k/koniq10k/1024x768/4801184295.jpg,0.7854192152899666,2.9464624216297244
13797,koniq10k,koniq10k/4803889024.jpg,/home/sergey/iqa-data/koniq10k/koniq10k/1024x768/4803889024.jpg,0.5895076503022882,5.7391749051938605
13798,koniq10k,koniq10k/4804088480.jpg,/home/sergey/iqa-data/koniq10k/koniq10k/1024x768/4804088480.jpg,0.7055354889246691,4.880955460348058
13809,koniq10k,koniq10k/4808255488.jpg,/home/sergey/iqa-data/koniq10k/koniq10k/1024x768/4808255488.jpg,0.7998244774214148,5.9004549342068024
13820,koniq10k,koniq10k/4824776407.jpg,/home/sergey/iqa-data/koniq10k/koniq10k/1024x768/4824776407.jpg,0.8057512138412104,2.64882444914271
13821,koniq10k,koniq10k/4826544292.jpg,/home/sergey/iqa-data/koniq10k/koniq10k/1024x768/4826544292.jpg,0.4299279411328613,6.169273962396314
13822,koniq10k,koniq10k/4828138245.jpg,/home/sergey/iqa-data/koniq10k/koniq10k/1024x768/4828138245.jpg,0.4017720449027296,3.7071403982044244
13826,koniq10k,koniq10k/4831070004.jpg,/home/sergey/iqa-data/koniq10k/koniq10k/1024x768/4831070004.jpg,0.1136907611297255,4.390678152667912
13828,koniq10k,koniq10k/4835256174.jpg,/home/sergey/iqa-data/koniq10k/koniq10k/1024x768/4835256174.jpg,0.8802785395686341,2.270531143656997
13834,koniq10k,koniq10k/4840518597.jpg,/home/sergey/iqa-data/koniq10k/koniq10k/1024x768/4840518597.jpg,0.6324381839811556,3.4021454562506444
13843,koniq10k,koniq10k/4846003639.jpg,/home/sergey/iqa-data/koniq10k/koniq10k/1024x768/4846003639.jpg,0.6073240785064621,6.187589362089468
13851,koniq10k,koniq10k/4851467262.jpg,/home/sergey/iqa-data/koniq10k/koniq10k/1024x768/4851467262.jpg,0.7355193872666345,4.15214098851841
13852,koniq10k,koniq10k/485174290.jpg,/home/sergey/iqa-data/koniq10k/koniq10k/1024x768/485174290.jpg,0.7629248444231678,2.8647927739158057
13861,koniq10k,koniq10k/4858527470.jpg,/home/sergey/iqa-data/koniq10k/koniq10k/1024x768/4858527470.jpg,0.5347676542027887,4.4594137041777335
13865,koniq10k,koniq10k/4862615903.jpg,/home/sergey/iqa-data/koniq10k/koniq10k/1024x768/4862615903.jpg,0.7192668950164283,3.7051113755697695
13869,koniq10k,koniq10k/4867071134.jpg,/home/sergey/iqa-data/koniq10k/koniq10k/1024x768/4867071134.jpg,0.7150550502632839,3.767908172643749
13870,koniq10k,koniq10k/4867659714.jpg,/home/sergey/iqa-data/koniq10k/koniq10k/1024x768/4867659714.jpg,0.6592722001762688,6.50514259882394
13872,koniq10k,koniq10k/4868050690.jpg,/home/sergey/iqa-data/koniq10k/koniq10k/1024x768/4868050690.jpg,0.8306595250108905,2.6413817569530798
13877,koniq10k,koniq10k/4871407891.jpg,/home/sergey/iqa-data/koniq10k/koniq10k/1024x768/4871407891.jpg,0.6637542215449213,3.5801439077038486
13885,koniq10k,koniq10k/487860600.jpg,/home/sergey/iqa-data/koniq10k/koniq10k/1024x768/487860600.jpg,0.1423271558503721,7.153896380181789
13890,koniq10k,koniq10k/4882465125.jpg,/home/sergey/iqa-data/koniq10k/koniq10k/1024x768/4882465125.jpg,0.3554551802583195,5.538979358597293
13891,koniq10k,koniq10k/4882952027.jpg,/home/sergey/iqa-data/koniq10k/koniq10k/1024x768/4882952027.jpg,0.6355189133082769,4.955059916078405
13895,koniq10k,koniq10k/4885160336.jpg,/home/sergey/iqa-data/koniq10k/koniq10k/1024x768/4885160336.jpg,0.8176046866807984,3.4045735961537638
13897,koniq10k,koniq10k/4885928195.jpg,/home/sergey/iqa-data/koniq10k/koniq10k/1024x768/4885928195.jpg,0.5805352298889866,3.4000402558726974
13898,koniq10k,koniq10k/4886153819.jpg,/home/sergey/iqa-data/koniq10k/koniq10k/1024x768/4886153819.jpg,0.6900055378781481,4.360333140227411
13899,koniq10k,koniq10k/4886277173.jpg,/home/sergey/iqa-data/koniq10k/koniq10k/1024x768/4886277173.jpg,0.3114441340911946,7.012373479839725
13905,koniq10k,koniq10k/4889658118.jpg,/home/sergey/iqa-data/koniq10k/koniq10k/1024x768/4889658118.jpg,0.7641714536460815,3.9077164984763746
13908,koniq10k,koniq10k/4890155523.jpg,/home/sergey/iqa-data/koniq10k/koniq10k/1024x768/4890155523.jpg,0.7778021862725155,2.1838665465001688
13913,koniq10k,koniq10k/4895451556.jpg,/home/sergey/iqa-data/koniq10k/koniq10k/1024x768/4895451556.jpg,0.8530850141668722,2.3602582436401893
13919,koniq10k,koniq10k/4902129359.jpg,/home/sergey/iqa-data/koniq10k/koniq10k/1024x768/4902129359.jpg,0.8357663195711618,3.648976632048179
13926,koniq10k,koniq10k/4906359700.jpg,/home/sergey/iqa-data/koniq10k/koniq10k/1024x768/4906359700.jpg,0.8310405406033466,2.1976361359322008
13928,koniq10k,koniq10k/4906735319.jpg,/home/sergey/iqa-data/koniq10k/koniq10k/1024x768/4906735319.jpg,0.8438260053865614,2.9004988480022824
13936,koniq10k,koniq10k/4911877298.jpg,/home/sergey/iqa-data/koniq10k/koniq10k/1024x768/4911877298.jpg,0.6289950159096667,2.5765841727730203
13938,koniq10k,koniq10k/4912317009.jpg,/home/sergey/iqa-data/koniq10k/koniq10k/1024x768/4912317009.jpg,0.8287458113930096,1.932139332015895
13942,koniq10k,koniq10k/4918086314.jpg,/home/sergey/iqa-data/koniq10k/koniq10k/1024x768/4918086314.jpg,0.7436035665233568,2.1145138423392043
13946,koniq10k,koniq10k/4920401436.jpg,/home/sergey/iqa-data/koniq10k/koniq10k/1024x768/4920401436.jpg,0.4754136418115653,6.423689295077898
13947,koniq10k,koniq10k/4920539113.jpg,/home/sergey/iqa-data/koniq10k/koniq10k/1024x768/4920539113.jpg,0.8166435942884002,2.3827672020722743
13961,koniq10k,koniq10k/4925344781.jpg,/home/sergey/iqa-data/koniq10k/koniq10k/1024x768/4925344781.jpg,0.808714582051108,3.7909692953284657
13964,koniq10k,koniq10k/492751146.jpg,/home/sergey/iqa-data/koniq10k/koniq10k/1024x768/492751146.jpg,0.6110579224509332,4.001929953650009
13966,koniq10k,koniq10k/493128717.jpg,/home/sergey/iqa-data/koniq10k/koniq10k/1024x768/493128717.jpg,0.7338221854736919,5.40747274950844
13968,koniq10k,koniq10k/4932130784.jpg,/home/sergey/iqa-data/koniq10k/koniq10k/1024x768/4932130784.jpg,0.715137395092688,2.3471945173471265
13971,koniq10k,koniq10k/4935990245.jpg,/home/sergey/iqa-data/koniq10k/koniq10k/1024x768/4935990245.jpg,0.6359502154140735,2.5545786610017194
13979,koniq10k,koniq10k/4941401132.jpg,/home/sergey/iqa-data/koniq10k/koniq10k/1024x768/4941401132.jpg,0.8650185780391633,4.540259351230212
13984,koniq10k,koniq10k/49445241.jpg,/home/sergey/iqa-data/koniq10k/koniq10k/1024x768/49445241.jpg,0.541005529180811,8.277128429563293
13986,koniq10k,koniq10k/4945508144.jpg,/home/sergey/iqa-data/koniq10k/koniq10k/1024x768/4945508144.jpg,0.571840819386362,5.478649232591416
13992,koniq10k,koniq10k/4949714700.jpg,/home/sergey/iqa-data/koniq10k/koniq10k/1024x768/4949714700.jpg,0.6663262065794905,8.963996837633651
14003,koniq10k,koniq10k/4958359048.jpg,/home/sergey/iqa-data/koniq10k/koniq10k/1024x768/4958359048.jpg,0.7047497473538634,2.5864680981102883
14004,koniq10k,koniq10k/4958737471.jpg,/home/sergey/iqa-data/koniq10k/koniq10k/1024x768/4958737471.jpg,0.6961065900749948,3.9109579693984267
14010,koniq10k,koniq10k/4961486371.jpg,/home/sergey/iqa-data/koniq10k/koniq10k/1024x768/4961486371.jpg,0.6989097762194929,2.1782456869526583
14016,koniq10k,koniq10k/4965946284.jpg,/home/sergey/iqa-data/koniq10k/koniq10k/1024x768/4965946284.jpg,0.5575394925801814,2.980522668015282
14017,koniq10k,koniq10k/4966132108.jpg,/home/sergey/iqa-data/koniq10k/koniq10k/1024x768/4966132108.jpg,0.5983154391483735,5.629406657241296
14020,koniq10k,koniq10k/4968475623.jpg,/home/sergey/iqa-data/koniq10k/koniq10k/1024x768/4968475623.jpg,0.630268278976834,5.763062958501654
14021,koniq10k,koniq10k/4969822064.jpg,/home/sergey/iqa-data/koniq10k/koniq10k/1024x768/4969822064.jpg,0.6231959959997914,5.153215000640112
14023,koniq10k,koniq10k/4972378781.jpg,/home/sergey/iqa-data/koniq10k/koniq10k/1024x768/4972378781.jpg,0.8242862433050014,2.0073517044801203
14024,koniq10k,koniq10k/4972553952.jpg,/home/sergey/iqa-data/koniq10k/koniq10k/1024x768/4972553952.jpg,0.710511852206443,3.477247569790094
14029,koniq10k,koniq10k/4975653682.jpg,/home/sergey/iqa-data/koniq10k/koniq10k/1024x768/4975653682.jpg,0.8075790858211461,3.0350232519911486
14036,koniq10k,koniq10k/4978032841.jpg,/home/sergey/iqa-data/koniq10k/koniq10k/1024x768/4978032841.jpg,0.2812350406893242,3.791659350486506
14039,koniq10k,koniq10k/4980059014.jpg,/home/sergey/iqa-data/koniq10k/koniq10k/1024x768/4980059014.jpg,0.640258496888462,4.9163629616777635
14042,koniq10k,koniq10k/4981184708.jpg,/home/sergey/iqa-data/koniq10k/koniq10k/1024x768/4981184708.jpg,0.5982595265406386,5.577191904055816
14047,koniq10k,koniq10k/4984086049.jpg,/home/sergey/iqa-data/koniq10k/koniq10k/1024x768/4984086049.jpg,0.2629318840987813,7.987092269412975
14050,koniq10k,koniq10k/4985465789.jpg,/home/sergey/iqa-data/koniq10k/koniq10k/1024x768/4985465789.jpg,0.6683957041427482,8.328965372693535
14060,koniq10k,koniq10k/4989044190.jpg,/home/sergey/iqa-data/koniq10k/koniq10k/1024x768/4989044190.jpg,0.7423081944383997,3.9658499936282805
14063,koniq10k,koniq10k/4991407708.jpg,/home/sergey/iqa-data/koniq10k/koniq10k/1024x768/4991407708.jpg,0.7779390516510692,3.9221867529166348
14064,koniq10k,koniq10k/4991538106.jpg,/home/sergey/iqa-data/koniq10k/koniq10k/1024x768/4991538106.jpg,0.6717023812876022,3.116846396884151
14075,koniq10k,koniq10k/5000010668.jpg,/home/sergey/iqa-data/koniq10k/koniq10k/1024x768/5000010668.jpg,0.6405052484047506,4.508639328219291
14077,koniq10k,koniq10k/500101169.jpg,/home/sergey/iqa-data/koniq10k/koniq10k/1024x768/500101169.jpg,0.8249987219229711,4.034461445228169
14078,koniq10k,koniq10k/5001067426.jpg,/home/sergey/iqa-data/koniq10k/koniq10k/1024x768/5001067426.jpg,0.7633830575429428,6.367425204659594
14080,koniq10k,koniq10k/5001626870.jpg,/home/sergey/iqa-data/koniq10k/koniq10k/1024x768/5001626870.jpg,0.2114435650917348,6.959100474851984
14089,koniq10k,koniq10k/5005908077.jpg,/home/sergey/iqa-data/koniq10k/koniq10k/1024x768/5005908077.jpg,0.7391592980301135,3.9694866394922346
14092,koniq10k,koniq10k/5008940426.jpg,/home/sergey/iqa-data/koniq10k/koniq10k/1024x768/5008940426.jpg,0.6479518566641594,3.4673473001612187
14095,koniq10k,koniq10k/5013129486.jpg,/home/sergey/iqa-data/koniq10k/koniq10k/1024x768/5013129486.jpg,0.7240306366682611,5.8913393762959165
14099,koniq10k,koniq10k/5014551340.jpg,/home/sergey/iqa-data/koniq10k/koniq10k/1024x768/5014551340.jpg,0.7968611092115169,2.925678147364845
14100,koniq10k,koniq10k/5016016369.jpg,/home/sergey/iqa-data/koniq10k/koniq10k/1024x768/5016016369.jpg,0.7581434572728528,2.8905659133285484
14107,koniq10k,koniq10k/5017267795.jpg,/home/sergey/iqa-data/koniq10k/koniq10k/1024x768/5017267795.jpg,0.6597279280952818,6.027910413763947
14108,koniq10k,koniq10k/5017618497.jpg,/home/sergey/iqa-data/koniq10k/koniq10k/1024x768/5017618497.jpg,0.7493928441245307,2.742917237693642
14110,koniq10k,koniq10k/5021524796.jpg,/home/sergey/iqa-data/koniq10k/koniq10k/1024x768/5021524796.jpg,0.7270224988032556,3.3139049630735213
14113,koniq10k,koniq10k/5022993325.jpg,/home/sergey/iqa-data/koniq10k/koniq10k/1024x768/5022993325.jpg,0.7479655337482046,6.737624376841316
14116,koniq10k,koniq10k/5024762120.jpg,/home/sergey/iqa-data/koniq10k/koniq10k/1024x768/5024762120.jpg,0.8444231689803734,2.768111020022707
14117,koniq10k,koniq10k/5025588176.jpg,/home/sergey/iqa-data/koniq10k/koniq10k/1024x768/5025588176.jpg,0.7722298101457623,2.2386677248578084
14119,koniq10k,koniq10k/5027216651.jpg,/home/sergey/iqa-data/koniq10k/koniq10k/1024x768/5027216651.jpg,0.7261556976239565,5.1053681514736216
14131,koniq10k,koniq10k/5036248276.jpg,/home/sergey/iqa-data/koniq10k/koniq10k/1024x768/5036248276.jpg,0.7002142291778254,2.998050529854007
14135,koniq10k,koniq10k/5037503230.jpg,/home/sergey/iqa-data/koniq10k/koniq10k/1024x768/5037503230.jpg,0.6738120909257644,1.9685455301263017
14136,koniq10k,koniq10k/5038562159.jpg,/home/sergey/iqa-data/koniq10k/koniq10k/1024x768/5038562159.jpg,0.8037383599627886,4.220467622695494
14140,koniq10k,koniq10k/5040853192.jpg,/home/sergey/iqa-data/koniq10k/koniq10k/1024x768/5040853192.jpg,0.2486379903804515,7.954605301133924
14144,koniq10k,koniq10k/5047082376.jpg,/home/sergey/iqa-data/koniq10k/koniq10k/1024x768/5047082376.jpg,0.7052581683702694,3.1168401420504046
14150,koniq10k,koniq10k/5056738651.jpg,/home/sergey/iqa-data/koniq10k/koniq10k/1024x768/5056738651.jpg,0.7831904766205726,2.507274298448303
14158,koniq10k,koniq10k/5062026548.jpg,/home/sergey/iqa-data/koniq10k/koniq10k/1024x768/5062026548.jpg,0.4412569240237961,7.330705508104451
14161,koniq10k,koniq10k/5063711541.jpg,/home/sergey/iqa-data/koniq10k/koniq10k/1024x768/5063711541.jpg,0.6152256687498062,3.6482171690566143
14163,koniq10k,koniq10k/5064176245.jpg,/home/sergey/iqa-data/koniq10k/koniq10k/1024x768/5064176245.jpg,0.8582287246650291,13.297889339742433
14169,koniq10k,koniq10k/5065354809.jpg,/home/sergey/iqa-data/koniq10k/koniq10k/1024x768/5065354809.jpg,0.7178149851009906,2.639983549321049
14182,koniq10k,koniq10k/5075275205.jpg,/home/sergey/iqa-data/koniq10k/koniq10k/1024x768/5075275205.jpg,0.7972315302377523,3.3274945116713326
14183,koniq10k,koniq10k/5076506.jpg,/home/sergey/iqa-data/koniq10k/koniq10k/1024x768/5076506.jpg,0.8192109984207434,4.511985008825011
14184,koniq10k,koniq10k/5077869968.jpg,/home/sergey/iqa-data/koniq10k/koniq10k/1024x768/5077869968.jpg,0.4569792386929752,4.557575532265919
14187,koniq10k,koniq10k/5079448176.jpg,/home/sergey/iqa-data/koniq10k/koniq10k/1024x768/5079448176.jpg,0.7710139531585185,8.339377955261654
14188,koniq10k,koniq10k/5081374671.jpg,/home/sergey/iqa-data/koniq10k/koniq10k/1024x768/5081374671.jpg,0.4655105104407275,6.521111255539044
14192,koniq10k,koniq10k/5083127743.jpg,/home/sergey/iqa-data/koniq10k/koniq10k/1024x768/5083127743.jpg,0.7937234252245651,3.665179351922931
14210,koniq10k,koniq10k/5097621606.jpg,/home/sergey/iqa-data/koniq10k/koniq10k/1024x768/5097621606.jpg,0.6919578745811391,2.8491226275946353
14219,koniq10k,koniq10k/5106008666.jpg,/home/sergey/iqa-data/koniq10k/koniq10k/1024x768/5106008666.jpg,0.7041623483154932,5.399755274365021
14224,koniq10k,koniq10k/5114869072.jpg,/home/sergey/iqa-data/koniq10k/koniq10k/1024x768/5114869072.jpg,0.8125445956808799,3.527094465718875
14225,koniq10k,koniq10k/5115371206.jpg,/home/sergey/iqa-data/koniq10k/koniq10k/1024x768/5115371206.jpg,0.6533992246970592,4.7661980169806935
14227,koniq10k,koniq10k/5116959473.jpg,/home/sergey/iqa-data/koniq10k/koniq10k/1024x768/5116959473.jpg,0.8683174218954636,3.668438009587862
14231,koniq10k,koniq10k/5119374431.jpg,/home/sergey/iqa-data/koniq10k/koniq10k/1024x768/5119374431.jpg,0.5618834417443387,6.362917534038228
14237,koniq10k,koniq10k/5122879673.jpg,/home/sergey/iqa-data/koniq10k/koniq10k/1024x768/5122879673.jpg,0.6098365716279752,6.4690338742167794
14239,koniq10k,koniq10k/5124446081.jpg,/home/sergey/iqa-data/koniq10k/koniq10k/1024x768/5124446081.jpg,0.7156760027818673,5.669784074674653
14243,koniq10k,koniq10k/5128108683.jpg,/home/sergey/iqa-data/koniq10k/koniq10k/1024x768/5128108683.jpg,0.7479655337482046,3.3345704470892388
14245,koniq10k,koniq10k/5129080312.jpg,/home/sergey/iqa-data/koniq10k/koniq10k/1024x768/5129080312.jpg,0.3176764605677962,4.12579136668721
14247,koniq10k,koniq10k/5129204001.jpg,/home/sergey/iqa-data/koniq10k/koniq10k/1024x768/5129204001.jpg,0.5923887027285779,7.7271991361508645
14252,koniq10k,koniq10k/5131861392.jpg,/home/sergey/iqa-data/koniq10k/koniq10k/1024x768/5131861392.jpg,0.7087078287245592,4.0226188547201
14254,koniq10k,koniq10k/5133576528.jpg,/home/sergey/iqa-data/koniq10k/koniq10k/1024x768/5133576528.jpg,0.4248444231689792,6.511684037133854
14267,koniq10k,koniq10k/5139553196.jpg,/home/sergey/iqa-data/koniq10k/koniq10k/1024x768/5139553196.jpg,0.7988551513714475,2.8643231909725397
14272,koniq10k,koniq10k/5142391146.jpg,/home/sergey/iqa-data/koniq10k/koniq10k/1024x768/5142391146.jpg,0.5318866017765022,3.38801080284359
14277,koniq10k,koniq10k/5144938786.jpg,/home/sergey/iqa-data/koniq10k/koniq10k/1024x768/5144938786.jpg,0.8142297395528596,2.1817323647204567
14300,koniq10k,koniq10k/5166352802.jpg,/home/sergey/iqa-data/koniq10k/koniq10k/1024x768/5166352802.jpg,0.5656489348970796,8.871759852251996
14301,koniq10k,koniq10k/5166736586.jpg,/home/sergey/iqa-data/koniq10k/koniq10k/1024x768/5166736586.jpg,0.8671009448893595,6.789946254352402
14305,koniq10k,koniq10k/5168834860.jpg,/home/sergey/iqa-data/koniq10k/koniq10k/1024x768/5168834860.jpg,0.9629444275207796,4.219142754844793
14307,koniq10k,koniq10k/5170785709.jpg,/home/sergey/iqa-data/koniq10k/koniq10k/1024x768/5170785709.jpg,0.6808539595828768,3.129270539668842
14308,koniq10k,koniq10k/5170858607.jpg,/home/sergey/iqa-data/koniq10k/koniq10k/1024x768/5170858607.jpg,0.698120529635121,4.493150920648896
14311,koniq10k,koniq10k/5172112194.jpg,/home/sergey/iqa-data/koniq10k/koniq10k/1024x768/5172112194.jpg,0.4235456303041762,5.83464146497686
14316,koniq10k,koniq10k/5174677992.jpg,/home/sergey/iqa-data/koniq10k/koniq10k/1024x768/5174677992.jpg,0.5342291397305857,4.316414501141866
14318,koniq10k,koniq10k/5175429795.jpg,/home/sergey/iqa-data/koniq10k/koniq10k/1024x768/5175429795.jpg,0.7998244774214148,2.553197363312532
14323,koniq10k,koniq10k/5177309012.jpg,/home/sergey/iqa-data/koniq10k/koniq10k/1024x768/5177309012.jpg,0.7705948909874224,9.486625309440953
14329,koniq10k,koniq10k/5182390374.jpg,/home/sergey/iqa-data/koniq10k/koniq10k/1024x768/5182390374.jpg,0.5550502632838674,4.669721158008846
14331,koniq10k,koniq10k/5183838812.jpg,/home/sergey/iqa-data/koniq10k/koniq10k/1024x768/5183838812.jpg,0.4528057515333991,5.77773227171015
14338,koniq10k,koniq10k/5188165911.jpg,/home/sergey/iqa-data/koniq10k/koniq10k/1024x768/5188165911.jpg,0.8395668454700425,1.8096480431242468
14341,koniq10k,koniq10k/5189402195.jpg,/home/sergey/iqa-data/koniq10k/koniq10k/1024x768/5189402195.jpg,0.5355433221637135,5.116541121526738
14343,koniq10k,koniq10k/5189916555.jpg,/home/sergey/iqa-data/koniq10k/koniq10k/1024x768/5189916555.jpg,0.5710350200396102,5.852491648308049
14345,koniq10k,koniq10k/5190675640.jpg,/home/sergey/iqa-data/koniq10k/koniq10k/1024x768/5190675640.jpg,0.7903955785717405,3.6022621586800905
14348,koniq10k,koniq10k/5192151844.jpg,/home/sergey/iqa-data/koniq10k/koniq10k/1024x768/5192151844.jpg,0.7652518483059423,5.587916297949175
14367,koniq10k,koniq10k/5204782737.jpg,/home/sergey/iqa-data/koniq10k/koniq10k/1024x768/5204782737.jpg,0.5100244980711288,5.646225630607417
14373,koniq10k,koniq10k/5209744209.jpg,/home/sergey/iqa-data/koniq10k/koniq10k/1024x768/5209744209.jpg,0.6021888180683981,3.8250839117258586
14381,koniq10k,koniq10k/5215794269.jpg,/home/sergey/iqa-data/koniq10k/koniq10k/1024x768/5215794269.jpg,0.7827059911603533,4.7455277389432275
14388,koniq10k,koniq10k/5217753146.jpg,/home/sergey/iqa-data/koniq10k/koniq10k/1024x768/5217753146.jpg,0.6780273253081904,2.547782062782547
14398,koniq10k,koniq10k/5223615087.jpg,/home/sergey/iqa-data/koniq10k/koniq10k/1024x768/5223615087.jpg,0.8287458113930096,3.2548427799304482
14407,koniq10k,koniq10k/5228772358.jpg,/home/sergey/iqa-data/koniq10k/koniq10k/1024x768/5228772358.jpg,0.7244822384999583,3.6579192636514835
14413,koniq10k,koniq10k/5231773522.jpg,/home/sergey/iqa-data/koniq10k/koniq10k/1024x768/5231773522.jpg,0.2412703501521714,4.714906158491065
14421,koniq10k,koniq10k/5235352004.jpg,/home/sergey/iqa-data/koniq10k/koniq10k/1024x768/5235352004.jpg,0.4715523291210997,4.260881581062351
14425,koniq10k,koniq10k/5238246589.jpg,/home/sergey/iqa-data/koniq10k/koniq10k/1024x768/5238246589.jpg,0.7926361089914629,3.933179572364716
14428,koniq10k,koniq10k/5240740919.jpg,/home/sergey/iqa-data/koniq10k/koniq10k/1024x768/5240740919.jpg,0.6628385884733137,5.1407559469439965
14429,koniq10k,koniq10k/5241841036.jpg,/home/sergey/iqa-data/koniq10k/koniq10k/1024x768/5241841036.jpg,0.8535355262258072,3.731796597194655
14431,koniq10k,koniq10k/5243954323.jpg,/home/sergey/iqa-data/koniq10k/koniq10k/1024x768/5243954323.jpg,0.5212097604320167,5.353151548822653
14437,koniq10k,koniq10k/5248577035.jpg,/home/sergey/iqa-data/koniq10k/koniq10k/1024x768/5248577035.jpg,0.4825697631853113,7.899007647499854
14439,koniq10k,koniq10k/5250131819.jpg,/home/sergey/iqa-data/koniq10k/koniq10k/1024x768/5250131819.jpg,0.4056965055050257,7.37801823553875
14444,koniq10k,koniq10k/525227728.jpg,/home/sergey/iqa-data/koniq10k/koniq10k/1024x768/525227728.jpg,0.8430402638157557,4.893710111061495
14445,koniq10k,koniq10k/5252606224.jpg,/home/sergey/iqa-data/koniq10k/koniq10k/1024x768/5252606224.jpg,0.6783263808156111,2.5185178155655477
14448,koniq10k,koniq10k/5254718076.jpg,/home/sergey/iqa-data/koniq10k/koniq10k/1024x768/5254718076.jpg,0.470367658791615,7.0096104941216435
14456,koniq10k,koniq10k/526016794.jpg,/home/sergey/iqa-data/koniq10k/koniq10k/1024x768/526016794.jpg,0.4935174456319939,8.363655086151219
14469,koniq10k,koniq10k/5269040313.jpg,/home/sergey/iqa-data/koniq10k/koniq10k/1024x768/5269040313.jpg,0.1330666301944403,5.518822217860864
14477,koniq10k,koniq10k/5275524338.jpg,/home/sergey/iqa-data/koniq10k/koniq10k/1024x768/5275524338.jpg,0.7968611092115169,3.9336833657899226
14481,koniq10k,koniq10k/5276700957.jpg,/home/sergey/iqa-data/koniq10k/koniq10k/1024x768/5276700957.jpg,0.4729279217670792,10.340890708873163
14482,koniq10k,koniq10k/5277411499.jpg,/home/sergey/iqa-data/koniq10k/koniq10k/1024x768/5277411499.jpg,0.4056965055050257,4.765109030784242
14485,koniq10k,koniq10k/5279252148.jpg,/home/sergey/iqa-data/koniq10k/koniq10k/1024x768/5279252148.jpg,0.5684538056486342,3.4348743868529454
14488,koniq10k,koniq10k/5286481593.jpg,/home/sergey/iqa-data/koniq10k/koniq10k/1024x768/5286481593.jpg,0.7330062230732416,3.7242144916928512
14491,koniq10k,koniq10k/5288273177.jpg,/home/sergey/iqa-data/koniq10k/koniq10k/1024x768/5288273177.jpg,0.6372666347534705,5.638443100201956
14497,koniq10k,koniq10k/5289896585.jpg,/home/sergey/iqa-data/koniq10k/koniq10k/1024x768/5289896585.jpg,0.8116779502610029,4.441453540019385
14498,koniq10k,koniq10k/5290105717.jpg,/home/sergey/iqa-data/koniq10k/koniq10k/1024x768/5290105717.jpg,0.1794558054428387,5.912746580190745
14500,koniq10k,koniq10k/5291504812.jpg,/home/sergey/iqa-data/koniq10k/koniq10k/1024x768/5291504812.jpg,0.6687094122853745,4.264226034731875
14514,koniq10k,koniq10k/5300926101.jpg,/home/sergey/iqa-data/koniq10k/koniq10k/1024x768/5300926101.jpg,0.66541456218677,4.447335634551751
14522,koniq10k,koniq10k/53065971.jpg,/home/sergey/iqa-data/koniq10k/koniq10k/1024x768/53065971.jpg,0.2489455097229866,5.721545228772808
14527,koniq10k,koniq10k/5308844734.jpg,/home/sergey/iqa-data/koniq10k/koniq10k/1024x768/5308844734.jpg,0.8294581595203896,3.0378253660744723
14545,koniq10k,koniq10k/531889120.jpg,/home/sergey/iqa-data/koniq10k/koniq10k/1024x768/531889120.jpg,0.7890613004326335,3.3498971646626967
14549,koniq10k,koniq10k/5321706893.jpg,/home/sergey/iqa-data/koniq10k/koniq10k/1024x768/5321706893.jpg,0.6150180599677955,6.493133496400367
14561,koniq10k,koniq10k/5329486988.jpg,/home/sergey/iqa-data/koniq10k/koniq10k/1024x768/5329486988.jpg,0.7748922929631396,2.9624821562722956
14562,koniq10k,koniq10k/5329734345.jpg,/home/sergey/iqa-data/koniq10k/koniq10k/1024x768/5329734345.jpg,0.6605461715562242,3.2192304472208955
14563,koniq10k,koniq10k/5333075930.jpg,/home/sergey/iqa-data/koniq10k/koniq10k/1024x768/5333075930.jpg,0.7876223730277183,1.967943911286209
14566,koniq10k,koniq10k/5335866018.jpg,/home/sergey/iqa-data/koniq10k/koniq10k/1024x768/5335866018.jpg,0.6243764623774741,6.964185196144059
14569,koniq10k,koniq10k/5338193826.jpg,/home/sergey/iqa-data/koniq10k/koniq10k/1024x768/5338193826.jpg,0.5923887027285779,5.0965690767787954
14573,koniq10k,koniq10k/5342778275.jpg,/home/sergey/iqa-data/koniq10k/koniq10k/1024x768/5342778275.jpg,0.5954392288270027,4.439998180098729
14578,koniq10k,koniq10k/5347056182.jpg,/home/sergey/iqa-data/koniq10k/koniq10k/1024x768/5347056182.jpg,0.1927697838350254,5.771013788800621
14592,koniq10k,koniq10k/535787632.jpg,/home/sergey/iqa-data/koniq10k/koniq10k/1024x768/535787632.jpg,0.4446692874170145,6.137154100639959
14595,koniq10k,koniq10k/5359127660.jpg,/home/sergey/iqa-data/koniq10k/koniq10k/1024x768/5359127660.jpg,0.7402637104304028,5.024636732681067
14597,koniq10k,koniq10k/5359786621.jpg,/home/sergey/iqa-data/koniq10k/koniq10k/1024x768/5359786621.jpg,0.7683948145891671,2.6328627785497125
14598,koniq10k,koniq10k/5360175600.jpg,/home/sergey/iqa-data/koniq10k/koniq10k/1024x768/5360175600.jpg,0.8328256233952729,2.4316535370563437
14599,koniq10k,koniq10k/5360940013.jpg,/home/sergey/iqa-data/koniq10k/koniq10k/1024x768/5360940013.jpg,0.3957161050245223,5.10517908581522
14601,koniq10k,koniq10k/5362095529.jpg,/home/sergey/iqa-data/koniq10k/koniq10k/1024x768/5362095529.jpg,0.8333802645040788,4.951889660973176
14604,koniq10k,koniq10k/5363058682.jpg,/home/sergey/iqa-data/koniq10k/koniq10k/1024x768/5363058682.jpg,0.195297362602291,7.129818612966707
14608,koniq10k,koniq10k/5364140480.jpg,/home/sergey/iqa-data/koniq10k/koniq10k/1024x768/5364140480.jpg,0.7199617041646719,4.257547461572932
14609,koniq10k,koniq10k/5364427287.jpg,/home/sergey/iqa-data/koniq10k/koniq10k/1024x768/5364427287.jpg,0.7861258885266031,3.472463442127422
14616,koniq10k,koniq10k/5370690667.jpg,/home/sergey/iqa-data/koniq10k/koniq10k/1024x768/5370690667.jpg,0.7389899473432274,3.5407192352747243
14619,koniq10k,koniq10k/537232636.jpg,/home/sergey/iqa-data/koniq10k/koniq10k/1024x768/537232636.jpg,0.4457874581139284,2.6777532909529844
14621,koniq10k,koniq10k/5376223041.jpg,/home/sergey/iqa-data/koniq10k/koniq10k/1024x768/5376223041.jpg,0.7850076363719257,3.374060749604826
14622,koniq10k,koniq10k/5376228237.jpg,/home/sergey/iqa-data/koniq10k/koniq10k/1024x768/5376228237.jpg,0.3359980852082329,5.73747265568647
14625,koniq10k,koniq10k/5378725814.jpg,/home/sergey/iqa-data/koniq10k/koniq10k/1024x768/5378725814.jpg,0.6235040689325033,3.292411213289251
14626,koniq10k,koniq10k/5378902324.jpg,/home/sergey/iqa-data/koniq10k/koniq10k/1024x768/5378902324.jpg,0.7752805498814201,3.2657095283176982
14636,koniq10k,koniq10k/5387093344.jpg,/home/sergey/iqa-data/koniq10k/koniq10k/1024x768/5387093344.jpg,0.6580449800396141,3.8993421353561764
14644,koniq10k,koniq10k/5395790450.jpg,/home/sergey/iqa-data/koniq10k/koniq10k/1024x768/5395790450.jpg,0.3590234561991376,2.898325491013707
14646,koniq10k,koniq10k/5396644364.jpg,/home/sergey/iqa-data/koniq10k/koniq10k/1024x768/5396644364.jpg,0.7834909518550496,3.7809574752703194
14651,koniq10k,koniq10k/5399180378.jpg,/home/sergey/iqa-data/koniq10k/koniq10k/1024x768/5399180378.jpg,0.734630376803666,2.4072250891208276
14652,koniq10k,koniq10k/5399186343.jpg,/home/sergey/iqa-data/koniq10k/koniq10k/1024x768/5399186343.jpg,0.6592722001762688,7.0661397422150225
14658,koniq10k,koniq10k/5402750878.jpg,/home/sergey/iqa-data/koniq10k/koniq10k/1024x768/5402750878.jpg,0.3767376498300862,2.87877076176709
14664,koniq10k,koniq10k/5407907045.jpg,/home/sergey/iqa-data/koniq10k/koniq10k/1024x768/5407907045.jpg,0.5523392214760002,4.2213500132471555
14665,koniq10k,koniq10k/5407931669.jpg,/home/sergey/iqa-data/koniq10k/koniq10k/1024x768/5407931669.jpg,0.7726833480223515,2.422708905136966
14667,koniq10k,koniq10k/5408602889.jpg,/home/sergey/iqa-data/koniq10k/koniq10k/1024x768/5408602889.jpg,0.8007505299870076,4.16658002318994
14676,koniq10k,koniq10k/5414221487.jpg,/home/sergey/iqa-data/koniq10k/koniq10k/1024x768/5414221487.jpg,0.8181276340119576,3.555440404683439
14687,koniq10k,koniq10k/5421157000.jpg,/home/sergey/iqa-data/koniq10k/koniq10k/1024x768/5421157000.jpg,0.5618834417443387,5.474721933834633
14689,koniq10k,koniq10k/5422446412.jpg,/home/sergey/iqa-data/koniq10k/koniq10k/1024x768/5422446412.jpg,0.827221655211035,2.8422312868310904
14695,koniq10k,koniq10k/5426014939.jpg,/home/sergey/iqa-data/koniq10k/koniq10k/1024x768/5426014939.jpg,0.5737194830062227,5.626420008509244
14697,koniq10k,koniq10k/5427956048.jpg,/home/sergey/iqa-data/koniq10k/koniq10k/1024x768/5427956048.jpg,0.7150550502632839,1.562541582463721
14701,koniq10k,koniq10k/5432792987.jpg,/home/sergey/iqa-data/koniq10k/koniq10k/1024x768/5432792987.jpg,0.354447667051502,5.075684113440183
14702,koniq10k,koniq10k/5433364879.jpg,/home/sergey/iqa-data/koniq10k/koniq10k/1024x768/5433364879.jpg,0.3244508270836654,2.7714774075439546
14705,koniq10k,koniq10k/5434982423.jpg,/home/sergey/iqa-data/koniq10k/koniq10k/1024x768/5434982423.jpg,0.3993371605874349,4.310430358229389
14709,koniq10k,koniq10k/5436442410.jpg,/home/sergey/iqa-data/koniq10k/koniq10k/1024x768/5436442410.jpg,0.7636659478878001,5.0824607792226715
14711,koniq10k,koniq10k/5437565452.jpg,/home/sergey/iqa-data/koniq10k/koniq10k/1024x768/5437565452.jpg,0.7020333264947903,3.1195619488897988
14719,koniq10k,koniq10k/5443343893.jpg,/home/sergey/iqa-data/koniq10k/koniq10k/1024x768/5443343893.jpg,0.6724876652337332,3.5346513696869764
14726,koniq10k,koniq10k/5446650089.jpg,/home/sergey/iqa-data/koniq10k/koniq10k/1024x768/5446650089.jpg,0.679995073593998,4.280141858669252
14730,koniq10k,koniq10k/5447858710.jpg,/home/sergey/iqa-data/koniq10k/koniq10k/1024x768/5447858710.jpg,0.7156760027818673,2.551791770456322
14732,koniq10k,koniq10k/5449529114.jpg,/home/sergey/iqa-data/koniq10k/koniq10k/1024x768/5449529114.jpg,0.813840408143902,4.8502267930373595
14739,koniq10k,koniq10k/5454884110.jpg,/home/sergey/iqa-data/koniq10k/koniq10k/1024x768/5454884110.jpg,0.8679819462490611,2.8834695252560167
14743,koniq10k,koniq10k/5456373866.jpg,/home/sergey/iqa-data/koniq10k/koniq10k/1024x768/5456373866.jpg,0.3801062977859082,5.60407016702275
14749,koniq10k,koniq10k/5459749774.jpg,/home/sergey/iqa-data/koniq10k/koniq10k/1024x768/5459749774.jpg,0.539731929152704,5.746441493463941
14751,koniq10k,koniq10k/5461710344.jpg,/home/sergey/iqa-data/koniq10k/koniq10k/1024x768/5461710344.jpg,0.5659699955743012,5.362071407694701
14763,koniq10k,koniq10k/5468577486.jpg,/home/sergey/iqa-data/koniq10k/koniq10k/1024x768/5468577486.jpg,0.4928195308760167,5.709413377066413
14776,koniq10k,koniq10k/5478757587.jpg,/home/sergey/iqa-data/koniq10k/koniq10k/1024x768/5478757587.jpg,0.7621088820227176,1.739298992586628
14778,koniq10k,koniq10k/5479751565.jpg,/home/sergey/iqa-data/koniq10k/koniq10k/1024x768/5479751565.jpg,0.7386309238870272,3.6237053725086534
14782,koniq10k,koniq10k/5480545191.jpg,/home/sergey/iqa-data/koniq10k/koniq10k/1024x768/5480545191.jpg,0.3229074061410095,5.23299286922433
14783,koniq10k,koniq10k/5480693901.jpg,/home/sergey/iqa-data/koniq10k/koniq10k/1024x768/5480693901.jpg,0.8067971085035255,3.811533120197461
14791,koniq10k,koniq10k/5483273817.jpg,/home/sergey/iqa-data/koniq10k/koniq10k/1024x768/5483273817.jpg,0.6076413332206991,5.850550454907379
14801,koniq10k,koniq10k/5487306011.jpg,/home/sergey/iqa-data/koniq10k/koniq10k/1024x768/5487306011.jpg,0.621559358544758,4.068430819105626
14806,koniq10k,koniq10k/5490633123.jpg,/home/sergey/iqa-data/koniq10k/koniq10k/1024x768/5490633123.jpg,0.6461334261717209,3.915060030345404
14809,koniq10k,koniq10k/5492904052.jpg,/home/sergey/iqa-data/koniq10k/koniq10k/1024x768/5492904052.jpg,0.5177118238391569,6.9592851530112485
14811,koniq10k,koniq10k/5494503911.jpg,/home/sergey/iqa-data/koniq10k/koniq10k/1024x768/5494503911.jpg,0.8326855902440404,2.5382728541159802
14813,koniq10k,koniq10k/5494859211.jpg,/home/sergey/iqa-data/koniq10k/koniq10k/1024x768/5494859211.jpg,0.3182037926147804,4.698906621207373
14822,koniq10k,koniq10k/5500159889.jpg,/home/sergey/iqa-data/koniq10k/koniq10k/1024x768/5500159889.jpg,0.3899877769360548,5.166352178902819
14831,koniq10k,koniq10k/5505953336.jpg,/home/sergey/iqa-data/koniq10k/koniq10k/1024x768/5505953336.jpg,0.202745828643387,6.6939173724799375
14833,koniq10k,koniq10k/5506716444.jpg,/home/sergey/iqa-data/koniq10k/koniq10k/1024x768/5506716444.jpg,0.6845823803698394,5.17084071577351
14840,koniq10k,koniq10k/5511925995.jpg,/home/sergey/iqa-data/koniq10k/koniq10k/1024x768/5511925995.jpg,0.8407407082094506,3.6176947140047835
14845,koniq10k,koniq10k/5513962677.jpg,/home/sergey/iqa-data/koniq10k/koniq10k/1024x768/5513962677.jpg,0.737593745013564,4.558633709167136
14846,koniq10k,koniq10k/5514669907.jpg,/home/sergey/iqa-data/koniq10k/koniq10k/1024x768/5514669907.jpg,0.8430402638157557,3.709771299719441
14848,koniq10k,koniq10k/5517184431.jpg,/home/sergey/iqa-data/koniq10k/koniq10k/1024x768/5517184431.jpg,0.7157288930864814,4.211061784798364
14861,koniq10k,koniq10k/5527632049.jpg,/home/sergey/iqa-data/koniq10k/koniq10k/1024x768/5527632049.jpg,0.7636438190447549,3.741482632330288
14869,koniq10k,koniq10k/5530579735.jpg,/home/sergey/iqa-data/koniq10k/koniq10k/1024x768/5530579735.jpg,0.4462817657710167,5.120342089259611
14875,koniq10k,koniq10k/5533853499.jpg,/home/sergey/iqa-data/koniq10k/koniq10k/1024x768/5533853499.jpg,0.6609895101073106,2.947914591924936
14880,koniq10k,koniq10k/5536150022.jpg,/home/sergey/iqa-data/koniq10k/koniq10k/1024x768/5536150022.jpg,0.2385276753113887,6.216070376150859
14888,koniq10k,koniq10k/5538859369.jpg,/home/sergey/iqa-data/koniq10k/koniq10k/1024x768/5538859369.jpg,0.7449736716132134,2.486296814987253
14901,koniq10k,koniq10k/5546979604.jpg,/home/sergey/iqa-data/koniq10k/koniq10k/1024x768/5546979604.jpg,0.7714488289964511,2.4931640845314225
14904,koniq10k,koniq10k/5551470289.jpg,/home/sergey/iqa-data/koniq10k/koniq10k/1024x768/5551470289.jpg,0.6217428217888851,2.685035440605474
14905,koniq10k,koniq10k/5552453199.jpg,/home/sergey/iqa-data/koniq10k/koniq10k/1024x768/5552453199.jpg,0.6980096705767639,3.5806070332801405
14911,koniq10k,koniq10k/5554808879.jpg,/home/sergey/iqa-data/koniq10k/koniq10k/1024x768/5554808879.jpg,0.8595111861773723,4.8192983404123
14917,koniq10k,koniq10k/5561303733.jpg,/home/sergey/iqa-data/koniq10k/koniq10k/1024x768/5561303733.jpg,0.3790261916159455,3.5299514795924876
14922,koniq10k,koniq10k/5562990409.jpg,/home/sergey/iqa-data/koniq10k/koniq10k/1024x768/5562990409.jpg,0.7978675361507277,3.5954338341314984
14930,koniq10k,koniq10k/5566203819.jpg,/home/sergey/iqa-data/koniq10k/koniq10k/1024x768/5566203819.jpg,0.4321907777182706,6.159122741981784
14932,koniq10k,koniq10k/5568534829.jpg,/home/sergey/iqa-data/koniq10k/koniq10k/1024x768/5568534829.jpg,0.6469207878282401,8.239040347443153
14934,koniq10k,koniq10k/5569562301.jpg,/home/sergey/iqa-data/koniq10k/koniq10k/1024x768/5569562301.jpg,0.4248444231689792,5.968909493435919
14938,koniq10k,koniq10k/5571768533.jpg,/home/sergey/iqa-data/koniq10k/koniq10k/1024x768/5571768533.jpg,0.5978958471894503,3.6022056206930024
14941,koniq10k,koniq10k/5572898913.jpg,/home/sergey/iqa-data/koniq10k/koniq10k/1024x768/5572898913.jpg,0.2401392740048954,6.036804284541597
14951,koniq10k,koniq10k/5577977748.jpg,/home/sergey/iqa-data/koniq10k/koniq10k/1024x768/5577977748.jpg,0.289721049654032,6.175895337247758
14955,koniq10k,koniq10k/5581852297.jpg,/home/sergey/iqa-data/koniq10k/koniq10k/1024x768/5581852297.jpg,0.3364866255374147,6.5055224391605
14958,koniq10k,koniq10k/5586376319.jpg,/home/sergey/iqa-data/koniq10k/koniq10k/1024x768/5586376319.jpg,0.6558277988725032,4.069300784601078
14977,koniq10k,koniq10k/5594349841.jpg,/home/sergey/iqa-data/koniq10k/koniq10k/1024x768/5594349841.jpg,0.7731541635323346,2.221743550560926
14984,koniq10k,koniq10k/5597328203.jpg,/home/sergey/iqa-data/koniq10k/koniq10k/1024x768/5597328203.jpg,0.5318866017765022,5.085899223599562
14990,koniq10k,koniq10k/5601711871.jpg,/home/sergey/iqa-data/koniq10k/koniq10k/1024x768/5601711871.jpg,0.8222499665773962,3.53507695127904
15000,koniq10k,koniq10k/5606693622.jpg,/home/sergey/iqa-data/koniq10k/koniq10k/1024x768/5606693622.jpg,0.6770006634585494,2.703789239110962
15001,koniq10k,koniq10k/5607542951.jpg,/home/sergey/iqa-data/koniq10k/koniq10k/1024x768/5607542951.jpg,0.5255052052808871,7.022331462465458
15004,koniq10k,koniq10k/5611311337.jpg,/home/sergey/iqa-data/koniq10k/koniq10k/1024x768/5611311337.jpg,0.340502404887277,6.3671033811914555
15012,koniq10k,koniq10k/5617741019.jpg,/home/sergey/iqa-data/koniq10k/koniq10k/1024x768/5617741019.jpg,0.7857269005005412,13.0819195532119
15013,koniq10k,koniq10k/5617865491.jpg,/home/sergey/iqa-data/koniq10k/koniq10k/1024x768/5617865491.jpg,0.5833259747080181,4.027146479806719
15018,koniq10k,koniq10k/5622280405.jpg,/home/sergey/iqa-data/koniq10k/koniq10k/1024x768/5622280405.jpg,0.3935960853146099,5.009517207468767
15021,koniq10k,koniq10k/5625316207.jpg,/home/sergey/iqa-data/koniq10k/koniq10k/1024x768/5625316207.jpg,0.6864584145078875,4.216719846795263
15026,koniq10k,koniq10k/5627914510.jpg,/home/sergey/iqa-data/koniq10k/koniq10k/1024x768/5627914510.jpg,0.7435204814333596,3.0717598045473493
15032,koniq10k,koniq10k/5629171325.jpg,/home/sergey/iqa-data/koniq10k/koniq10k/1024x768/5629171325.jpg,0.710511852206443,5.824609825986202
15033,koniq10k,koniq10k/562942809.jpg,/home/sergey/iqa-data/koniq10k/koniq10k/1024x768/562942809.jpg,0.2175342909805002,5.831475060807773
15038,koniq10k,koniq10k/5631740117.jpg,/home/sergey/iqa-data/koniq10k/koniq10k/1024x768/5631740117.jpg,0.8717919910903569,6.729516321163487
15039,koniq10k,koniq10k/5632060967.jpg,/home/sergey/iqa-data/koniq10k/koniq10k/1024x768/5632060967.jpg,0.710511852206443,3.6699931090094724
15041,koniq10k,koniq10k/563363297.jpg,/home/sergey/iqa-data/koniq10k/koniq10k/1024x768/563363297.jpg,0.481262394857415,7.227541794771843
15042,koniq10k,koniq10k/5634507491.jpg,/home/sergey/iqa-data/koniq10k/koniq10k/1024x768/5634507491.jpg,0.5531168813061477,6.5665966418813495
15058,koniq10k,koniq10k/5645356042.jpg,/home/sergey/iqa-data/koniq10k/koniq10k/1024x768/5645356042.jpg,0.7662686903387476,3.0122128560143193
15059,koniq10k,koniq10k/5645503965.jpg,/home/sergey/iqa-data/koniq10k/koniq10k/1024x768/5645503965.jpg,0.5832371244333064,3.284166379301374
15061,koniq10k,koniq10k/5645669819.jpg,/home/sergey/iqa-data/koniq10k/koniq10k/1024x768/5645669819.jpg,0.5894532908225474,2.852874931967226
15067,koniq10k,koniq10k/5647243489.jpg,/home/sergey/iqa-data/koniq10k/koniq10k/1024x768/5647243489.jpg,0.629357454654034,5.704517986255806
15070,koniq10k,koniq10k/5649238461.jpg,/home/sergey/iqa-data/koniq10k/koniq10k/1024x768/5649238461.jpg,0.5168659692239053,6.660639952566969
15071,koniq10k,koniq10k/5650073370.jpg,/home/sergey/iqa-data/koniq10k/koniq10k/1024x768/5650073370.jpg,0.8616562948779335,3.727226339684277
15072,koniq10k,koniq10k/5650628470.jpg,/home/sergey/iqa-data/koniq10k/koniq10k/1024x768/5650628470.jpg,0.6148141918845594,2.611257861977491
15075,koniq10k,koniq10k/5651646348.jpg,/home/sergey/iqa-data/koniq10k/koniq10k/1024x768/5651646348.jpg,0.7389899473432274,4.7276108300523925
15079,koniq10k,koniq10k/5656494008.jpg,/home/sergey/iqa-data/koniq10k/koniq10k/1024x768/5656494008.jpg,0.7879710045818233,2.7261248356896783
15081,koniq10k,koniq10k/5657214180.jpg,/home/sergey/iqa-data/koniq10k/koniq10k/1024x768/5657214180.jpg,0.8030157970320735,2.5344214694332545
15092,koniq10k,koniq10k/5664036497.jpg,/home/sergey/iqa-data/koniq10k/koniq10k/1024x768/5664036497.jpg,0.8227620871230268,3.206814265710033
15094,koniq10k,koniq10k/5664632199.jpg,/home/sergey/iqa-data/koniq10k/koniq10k/1024x768/5664632199.jpg,0.6240802794177606,7.897053225894345
15097,koniq10k,koniq10k/5666081630.jpg,/home/sergey/iqa-data/koniq10k/koniq10k/1024x768/5666081630.jpg,0.7705948909874224,3.1627244240441246
15102,koniq10k,koniq10k/5669648365.jpg,/home/sergey/iqa-data/koniq10k/koniq10k/1024x768/5669648365.jpg,0.6495393753480342,4.811410483734307
15109,koniq10k,koniq10k/5673447503.jpg,/home/sergey/iqa-data/koniq10k/koniq10k/1024x768/5673447503.jpg,0.6608425083772138,3.695806685888262
15119,koniq10k,koniq10k/5679420644.jpg,/home/sergey/iqa-data/koniq10k/koniq10k/1024x768/5679420644.jpg,0.7807936724037212,5.691855686556711
15120,koniq10k,koniq10k/5679431462.jpg,/home/sergey/iqa-data/koniq10k/koniq10k/1024x768/5679431462.jpg,0.825753949258018,3.1479431415807464
15123,koniq10k,koniq10k/5680571645.jpg,/home/sergey/iqa-data/koniq10k/koniq10k/1024x768/5680571645.jpg,0.3265486807921266,4.464287401640215
15126,koniq10k,koniq10k/5681342957.jpg,/home/sergey/iqa-data/koniq10k/koniq10k/1024x768/5681342957.jpg,0.8089760557166861,3.372676511924343
15130,koniq10k,koniq10k/5682574149.jpg,/home/sergey/iqa-data/koniq10k/koniq10k/1024x768/5682574149.jpg,0.5483871747634314,5.388781078128038
15137,koniq10k,koniq10k/5684960466.jpg,/home/sergey/iqa-data/koniq10k/koniq10k/1024x768/5684960466.jpg,0.2812350406893242,2.3883285097054414
15138,koniq10k,koniq10k/5685134916.jpg,/home/sergey/iqa-data/koniq10k/koniq10k/1024x768/5685134916.jpg,0.6888463379607466,5.930304653395444
15146,koniq10k,koniq10k/5691962850.jpg,/home/sergey/iqa-data/koniq10k/koniq10k/1024x768/5691962850.jpg,0.8618699993161464,4.0500468719297595
15150,koniq10k,koniq10k/5692969991.jpg,/home/sergey/iqa-data/koniq10k/koniq10k/1024x768/5692969991.jpg,0.810794638583055,3.485329408829132
15151,koniq10k,koniq10k/5693602630.jpg,/home/sergey/iqa-data/koniq10k/koniq10k/1024x768/5693602630.jpg,0.5083772139779794,8.456955530110823
15163,koniq10k,koniq10k/570171486.jpg,/home/sergey/iqa-data/koniq10k/koniq10k/1024x768/570171486.jpg,0.7290636757738581,3.772663583116442
15166,koniq10k,koniq10k/5706720351.jpg,/home/sergey/iqa-data/koniq10k/koniq10k/1024x768/5706720351.jpg,0.3321510944775646,6.479811542845183
15168,koniq10k,koniq10k/5707035849.jpg,/home/sergey/iqa-data/koniq10k/koniq10k/1024x768/5707035849.jpg,0.7060274314733495,2.8195527628924126
15177,koniq10k,koniq10k/5714331882.jpg,/home/sergey/iqa-data/koniq10k/koniq10k/1024x768/5714331882.jpg,0.6769741642538104,2.7192840608069853
15180,koniq10k,koniq10k/5717976598.jpg,/home/sergey/iqa-data/koniq10k/koniq10k/1024x768/5717976598.jpg,0.4226685234344381,5.387942611689681
15190,koniq10k,koniq10k/5725492383.jpg,/home/sergey/iqa-data/koniq10k/koniq10k/1024x768/5725492383.jpg,0.6903898561267681,6.297471514143557
15191,koniq10k,koniq10k/5726241150.jpg,/home/sergey/iqa-data/koniq10k/koniq10k/1024x768/5726241150.jpg,0.8561284734094697,3.983958260910588
15201,koniq10k,koniq10k/5734560437.jpg,/home/sergey/iqa-data/koniq10k/koniq10k/1024x768/5734560437.jpg,0.6173921219995885,5.375446873921166
15210,koniq10k,koniq10k/5743028880.jpg,/home/sergey/iqa-data/koniq10k/koniq10k/1024x768/5743028880.jpg,0.6739532549136258,2.2214187078407495
15217,koniq10k,koniq10k/5748824865.jpg,/home/sergey/iqa-data/koniq10k/koniq10k/1024x768/5748824865.jpg,0.4557137296832977,3.6508939732911005
15220,koniq10k,koniq10k/57501165.jpg,/home/sergey/iqa-data/koniq10k/koniq10k/1024x768/57501165.jpg,0.5747762312923924,4.6444349365862605
15229,koniq10k,koniq10k/5761420767.jpg,/home/sergey/iqa-data/koniq10k/koniq10k/1024x768/5761420767.jpg,0.5923887027285779,4.39461883236353
15230,koniq10k,koniq10k/5761873238.jpg,/home/sergey/iqa-data/koniq10k/koniq10k/1024x768/5761873238.jpg,0.4808430502994102,5.097847187170772
15231,koniq10k,koniq10k/5762320263.jpg,/home/sergey/iqa-data/koniq10k/koniq10k/1024x768/5762320263.jpg,0.3917382103855084,6.509023027057915
15232,koniq10k,koniq10k/5763062464.jpg,/home/sergey/iqa-data/koniq10k/koniq10k/1024x768/5763062464.jpg,0.7930391950716474,2.5062304752211375
15246,koniq10k,koniq10k/5777168643.jpg,/home/sergey/iqa-data/koniq10k/koniq10k/1024x768/5777168643.jpg,0.7521703129649504,4.057286827464897
15247,koniq10k,koniq10k/5777912776.jpg,/home/sergey/iqa-data/koniq10k/koniq10k/1024x768/5777912776.jpg,0.7906728991261401,3.208272468505956
15250,koniq10k,koniq10k/5782679543.jpg,/home/sergey/iqa-data/koniq10k/koniq10k/1024x768/5782679543.jpg,0.6522259454284335,3.0436665897668234
15255,koniq10k,koniq10k/5784673341.jpg,/home/sergey/iqa-data/koniq10k/koniq10k/1024x768/5784673341.jpg,0.7309935158187925,4.714819400347543
15270,koniq10k,koniq10k/5796436033.jpg,/home/sergey/iqa-data/koniq10k/koniq10k/1024x768/5796436033.jpg,0.6970759161249618,4.524234252911325
15276,koniq10k,koniq10k/5799422140.jpg,/home/sergey/iqa-data/koniq10k/koniq10k/1024x768/5799422140.jpg,0.5005242882217491,3.8652871390104266
15277,koniq10k,koniq10k/5802112389.jpg,/home/sergey/iqa-data/koniq10k/koniq10k/1024x768/5802112389.jpg,0.7436035665233568,7.702552399385052
15284,koniq10k,koniq10k/5805622077.jpg,/home/sergey/iqa-data/koniq10k/koniq10k/1024x768/5805622077.jpg,0.6564497507954842,5.40133664592856
15292,koniq10k,koniq10k/5812840397.jpg,/home/sergey/iqa-data/koniq10k/koniq10k/1024x768/5812840397.jpg,0.784081583806333,5.06066995521396
15293,koniq10k,koniq10k/5813122725.jpg,/home/sergey/iqa-data/koniq10k/koniq10k/1024x768/5813122725.jpg,0.7536228730580099,4.064800175311046
15296,koniq10k,koniq10k/5817880168.jpg,/home/sergey/iqa-data/koniq10k/koniq10k/1024x768/5817880168.jpg,0.7373923510575512,3.6807609384088242
15309,koniq10k,koniq10k/5827032065.jpg,/home/sergey/iqa-data/koniq10k/koniq10k/1024x768/5827032065.jpg,0.4863135906697417,5.708935067857124
15315,koniq10k,koniq10k/5830228003.jpg,/home/sergey/iqa-data/koniq10k/koniq10k/1024x768/5830228003.jpg,0.6869550117797232,2.970380490762797
15318,koniq10k,koniq10k/5831366691.jpg,/home/sergey/iqa-data/koniq10k/koniq10k/1024x768/5831366691.jpg,0.6557718561069433,4.641702965179969
15322,koniq10k,koniq10k/5835525141.jpg,/home/sergey/iqa-data/koniq10k/koniq10k/1024x768/5835525141.jpg,0.7746807471556166,8.248615574605891
15324,koniq10k,koniq10k/5837969940.jpg,/home/sergey/iqa-data/koniq10k/koniq10k/1024x768/5837969940.jpg,0.7928434657730973,4.816519271931817
15328,koniq10k,koniq10k/5839623776.jpg,/home/sergey/iqa-data/koniq10k/koniq10k/1024x768/5839623776.jpg,0.6014514307491376,4.74520675384701
15329,koniq10k,koniq10k/5839793009.jpg,/home/sergey/iqa-data/koniq10k/koniq10k/1024x768/5839793009.jpg,0.6936371165667492,5.847179486958335
15330,koniq10k,koniq10k/5842574442.jpg,/home/sergey/iqa-data/koniq10k/koniq10k/1024x768/5842574442.jpg,0.8552078153248415,2.275928870919543
15332,koniq10k,koniq10k/5842931891.jpg,/home/sergey/iqa-data/koniq10k/koniq10k/1024x768/5842931891.jpg,0.7679902743744921,2.5305125430561195
15336,koniq10k,koniq10k/58449294.jpg,/home/sergey/iqa-data/koniq10k/koniq10k/1024x768/58449294.jpg,0.5467147706861181,6.385834170276951
15337,koniq10k,koniq10k/5846011911.jpg,/home/sergey/iqa-data/koniq10k/koniq10k/1024x768/5846011911.jpg,0.3957161050245223,3.5469759733554973
15339,koniq10k,koniq10k/5847384440.jpg,/home/sergey/iqa-data/koniq10k/koniq10k/1024x768/5847384440.jpg,0.735351196097965,5.773950109431159
15344,koniq10k,koniq10k/5849249346.jpg,/home/sergey/iqa-data/koniq10k/koniq10k/1024x768/5849249346.jpg,0.8561284734094697,2.383511638018305
15349,koniq10k,koniq10k/5854130158.jpg,/home/sergey/iqa-data/koniq10k/koniq10k/1024x768/5854130158.jpg,0.6377023428313802,4.514120376480838
15350,koniq10k,koniq10k/5856115357.jpg,/home/sergey/iqa-data/koniq10k/koniq10k/1024x768/5856115357.jpg,0.5689054074803315,4.438016588429891
15359,koniq10k,koniq10k/5866763424.jpg,/home/sergey/iqa-data/koniq10k/koniq10k/1024x768/5866763424.jpg,0.76663475347056,3.8148963444116677
15366,koniq10k,koniq10k/5870955720.jpg,/home/sergey/iqa-data/koniq10k/koniq10k/1024x768/5870955720.jpg,0.8333802645040788,6.959733694196763
15368,koniq10k,koniq10k/5871213191.jpg,/home/sergey/iqa-data/koniq10k/koniq10k/1024x768/5871213191.jpg,0.8434951668304319,4.0479585731550864
15370,koniq10k,koniq10k/5871779223.jpg,/home/sergey/iqa-data/koniq10k/koniq10k/1024x768/5871779223.jpg,0.5267547271421729,4.2675898977132825
15375,koniq10k,koniq10k/5876691783.jpg,/home/sergey/iqa-data/koniq10k/koniq10k/1024x768/5876691783.jpg,0.8586644327429389,2.4939895463004396
15394,koniq10k,koniq10k/5886709832.jpg,/home/sergey/iqa-data/koniq10k/koniq10k/1024x768/5886709832.jpg,0.7743842409024814,6.738212873519626
15395,koniq10k,koniq10k/5887130142.jpg,/home/sergey/iqa-data/koniq10k/koniq10k/1024x768/5887130142.jpg,0.3081617999042591,4.344473763428496
15397,koniq10k,koniq10k/5887936508.jpg,/home/sergey/iqa-data/koniq10k/koniq10k/1024x768/5887936508.jpg,0.7408289818665718,6.06540656578052
15398,koniq10k,koniq10k/5888106239.jpg,/home/sergey/iqa-data/koniq10k/koniq10k/1024x768/5888106239.jpg,0.7802550647145422,3.107598456113168
15400,koniq10k,koniq10k/5890294263.jpg,/home/sergey/iqa-data/koniq10k/koniq10k/1024x768/5890294263.jpg,0.6833864718155297,5.15131878348805
15409,koniq10k,koniq10k/5893291303.jpg,/home/sergey/iqa-data/koniq10k/koniq10k/1024x768/5893291303.jpg,0.7198135357541771,5.449211337942796
15410,koniq10k,koniq10k/5893652818.jpg,/home/sergey/iqa-data/koniq10k/koniq10k/1024x768/5893652818.jpg,0.1990435073204636,9.602484758957399
15414,koniq10k,koniq10k/5895477446.jpg,/home/sergey/iqa-data/koniq10k/koniq10k/1024x768/5895477446.jpg,0.8491659966444662,3.5201570334584487
15415,koniq10k,koniq10k/5896106502.jpg,/home/sergey/iqa-data/koniq10k/koniq10k/1024x768/5896106502.jpg,0.8209351978547544,2.943026542476565
15417,koniq10k,koniq10k/5897660924.jpg,/home/sergey/iqa-data/koniq10k/koniq10k/1024x768/5897660924.jpg,0.5953241146346083,3.274147477178667
15422,koniq10k,koniq10k/5901488995.jpg,/home/sergey/iqa-data/koniq10k/koniq10k/1024x768/5901488995.jpg,0.4343809837242693,5.653072083357322
15425,koniq10k,koniq10k/5902359095.jpg,/home/sergey/iqa-data/koniq10k/koniq10k/1024x768/5902359095.jpg,0.7536228730580099,4.122272473424442
15427,koniq10k,koniq10k/5903878980.jpg,/home/sergey/iqa-data/koniq10k/koniq10k/1024x768/5903878980.jpg,0.7275362529072421,4.681410019150269
15429,koniq10k,koniq10k/5904145977.jpg,/home/sergey/iqa-data/koniq10k/koniq10k/1024x768/5904145977.jpg,0.8164193393968406,3.3878752184675864
15431,koniq10k,koniq10k/5904230612.jpg,/home/sergey/iqa-data/koniq10k/koniq10k/1024x768/5904230612.jpg,0.7814072824720502,4.505928308149109
15437,koniq10k,koniq10k/5906582267.jpg,/home/sergey/iqa-data/koniq10k/koniq10k/1024x768/5906582267.jpg,0.7755913261722501,5.116050309152965
15438,koniq10k,koniq10k/5906624117.jpg,/home/sergey/iqa-data/koniq10k/koniq10k/1024x768/5906624117.jpg,0.7479655337482046,2.9339363878417117
15439,koniq10k,koniq10k/5906952351.jpg,/home/sergey/iqa-data/koniq10k/koniq10k/1024x768/5906952351.jpg,0.8715546051189355,2.082245594671588
15450,koniq10k,koniq10k/5913086401.jpg,/home/sergey/iqa-data/koniq10k/koniq10k/1024x768/5913086401.jpg,0.2963395873902594,8.156139760017254
15453,koniq10k,koniq10k/5914304035.jpg,/home/sergey/iqa-data/koniq10k/koniq10k/1024x768/5914304035.jpg,0.644247646401788,3.934004880841706
15454,koniq10k,koniq10k/5914413530.jpg,/home/sergey/iqa-data/koniq10k/koniq10k/1024x768/5914413530.jpg,0.7422034288956254,4.4481648279532084
15456,koniq10k,koniq10k/5914426709.jpg,/home/sergey/iqa-data/koniq10k/koniq10k/1024x768/5914426709.jpg,0.7327129032560836,2.8407852801600324
15461,koniq10k,koniq10k/5916873718.jpg,/home/sergey/iqa-data/koniq10k/koniq10k/1024x768/5916873718.jpg,0.5454221122320853,7.06745739393125
15467,koniq10k,koniq10k/5920883206.jpg,/home/sergey/iqa-data/koniq10k/koniq10k/1024x768/5920883206.jpg,0.6656013290907558,3.089093481275689
15469,koniq10k,koniq10k/5921674068.jpg,/home/sergey/iqa-data/koniq10k/koniq10k/1024x768/5921674068.jpg,0.6931432218650969,3.5657224673986962
15478,koniq10k,koniq10k/5925658885.jpg,/home/sergey/iqa-data/koniq10k/koniq10k/1024x768/5925658885.jpg,0.6052462920690439,4.230548457614135
15479,koniq10k,koniq10k/5926348208.jpg,/home/sergey/iqa-data/koniq10k/koniq10k/1024x768/5926348208.jpg,0.6588487082126908,5.445343926248891
15487,koniq10k,koniq10k/5932756634.jpg,/home/sergey/iqa-data/koniq10k/koniq10k/1024x768/5932756634.jpg,0.7198135357541771,3.2970721658163944
15496,koniq10k,koniq10k/5936466945.jpg,/home/sergey/iqa-data/koniq10k/koniq10k/1024x768/5936466945.jpg,0.5754166847991655,4.892463015657235
15497,koniq10k,koniq10k/5936518143.jpg,/home/sergey/iqa-data/koniq10k/koniq10k/1024x768/5936518143.jpg,0.7196788371991819,3.797912762060106
15503,koniq10k,koniq10k/5941719690.jpg,/home/sergey/iqa-data/koniq10k/koniq10k/1024x768/5941719690.jpg,0.7464550790781109,4.465408113806648
15504,koniq10k,koniq10k/5941759615.jpg,/home/sergey/iqa-data/koniq10k/koniq10k/1024x768/5941759615.jpg,0.3760628234060477,5.531466372896909
15505,koniq10k,koniq10k/5942438965.jpg,/home/sergey/iqa-data/koniq10k/koniq10k/1024x768/5942438965.jpg,0.561828968064007,3.081670889872846
15511,koniq10k,koniq10k/5948128813.jpg,/home/sergey/iqa-data/koniq10k/koniq10k/1024x768/5948128813.jpg,0.7732919946118652,5.832369857263886
15520,koniq10k,koniq10k/5952914370.jpg,/home/sergey/iqa-data/koniq10k/koniq10k/1024x768/5952914370.jpg,0.9439923408329344,7.469851154406486
15521,koniq10k,koniq10k/5952945336.jpg,/home/sergey/iqa-data/koniq10k/koniq10k/1024x768/5952945336.jpg,0.7493671268204523,2.543348131451168
15524,koniq10k,koniq10k/5955805991.jpg,/home/sergey/iqa-data/koniq10k/koniq10k/1024x768/5955805991.jpg,0.8315160541105973,4.139313474844551
15527,koniq10k,koniq10k/5956532834.jpg,/home/sergey/iqa-data/koniq10k/koniq10k/1024x768/5956532834.jpg,0.2072975368384117,7.802346854397235
15534,koniq10k,koniq10k/5959274849.jpg,/home/sergey/iqa-data/koniq10k/koniq10k/1024x768/5959274849.jpg,0.5381509084281589,6.209550669778478
15535,koniq10k,koniq10k/5959668491.jpg,/home/sergey/iqa-data/koniq10k/koniq10k/1024x768/5959668491.jpg,0.8038523565416639,2.1781723930101835
15544,koniq10k,koniq10k/5965102816.jpg,/home/sergey/iqa-data/koniq10k/koniq10k/1024x768/5965102816.jpg,0.8027878456313124,2.6706987310802837
15550,koniq10k,koniq10k/5966712198.jpg,/home/sergey/iqa-data/koniq10k/koniq10k/1024x768/5966712198.jpg,0.648692698716633,3.8042907400670525
15555,koniq10k,koniq10k/5968485889.jpg,/home/sergey/iqa-data/koniq10k/koniq10k/1024x768/5968485889.jpg,0.8837416771835165,3.530760325691793
15557,koniq10k,koniq10k/5969471767.jpg,/home/sergey/iqa-data/koniq10k/koniq10k/1024x768/5969471767.jpg,0.5492584921488789,4.517756529812874
15559,koniq10k,koniq10k/5971260303.jpg,/home/sergey/iqa-data/koniq10k/koniq10k/1024x768/5971260303.jpg,0.6489620958266233,3.2135912107139077
15565,koniq10k,koniq10k/5974147290.jpg,/home/sergey/iqa-data/koniq10k/koniq10k/1024x768/5974147290.jpg,0.2393489707994261,8.616618711681413
15573,koniq10k,koniq10k/5979005595.jpg,/home/sergey/iqa-data/koniq10k/koniq10k/1024x768/5979005595.jpg,0.8324215277302874,4.61639050017691
15578,koniq10k,koniq10k/5982393408.jpg,/home/sergey/iqa-data/koniq10k/koniq10k/1024x768/5982393408.jpg,0.9035423647678316,3.557601151491001
15579,koniq10k,koniq10k/5984121563.jpg,/home/sergey/iqa-data/koniq10k/koniq10k/1024x768/5984121563.jpg,0.20920873003209,6.782706293985533
15590,koniq10k,koniq10k/5993869890.jpg,/home/sergey/iqa-data/koniq10k/koniq10k/1024x768/5993869890.jpg,0.8679819462490611,3.108287592507741
15591,koniq10k,koniq10k/5993929800.jpg,/home/sergey/iqa-data/koniq10k/koniq10k/1024x768/5993929800.jpg,0.906371034422734,1.9312700570254506
15594,koniq10k,koniq10k/5995040588.jpg,/home/sergey/iqa-data/koniq10k/koniq10k/1024x768/5995040588.jpg,0.8973192915270466,1.7680226888980848
15600,koniq10k,koniq10k/5996831643.jpg,/home/sergey/iqa-data/koniq10k/koniq10k/1024x768/5996831643.jpg,0.3935960853146099,7.101845814546389
15604,koniq10k,koniq10k/5999303076.jpg,/home/sergey/iqa-data/koniq10k/koniq10k/1024x768/5999303076.jpg,0.4715523291210997,4.561131503391389
15608,koniq10k,koniq10k/6000377344.jpg,/home/sergey/iqa-data/koniq10k/koniq10k/1024x768/6000377344.jpg,0.5146002872187645,8.146346827378194
15611,koniq10k,koniq10k/6001045244.jpg,/home/sergey/iqa-data/koniq10k/koniq10k/1024x768/6001045244.jpg,0.8724269985639063,4.055647766201348
15617,koniq10k,koniq10k/6002391220.jpg,/home/sergey/iqa-data/koniq10k/koniq10k/1024x768/6002391220.jpg,0.7523275009730525,3.4294011633247545
15618,koniq10k,koniq10k/6002788833.jpg,/home/sergey/iqa-data/koniq10k/koniq10k/1024x768/6002788833.jpg,0.721546826593928,5.586222641527904
15631,koniq10k,koniq10k/6011321842.jpg,/home/sergey/iqa-data/koniq10k/koniq10k/1024x768/6011321842.jpg,0.6686518551891804,4.09571523717471
15639,koniq10k,koniq10k/6015806731.jpg,/home/sergey/iqa-data/koniq10k/koniq10k/1024x768/6015806731.jpg,0.9090986801613886,2.900795992332021
15640,koniq10k,koniq10k/6015956857.jpg,/home/sergey/iqa-data/koniq10k/koniq10k/1024x768/6015956857.jpg,0.5546731073298807,4.991142039182146
15642,koniq10k,koniq10k/6016403844.jpg,/home/sergey/iqa-data/koniq10k/koniq10k/1024x768/6016403844.jpg,0.9500700151662236,3.050863161484702
15643,koniq10k,koniq10k/6018292739.jpg,/home/sergey/iqa-data/koniq10k/koniq10k/1024x768/6018292739.jpg,0.8852392081772886,2.2307229077787256
15651,koniq10k,koniq10k/6021411453.jpg,/home/sergey/iqa-data/koniq10k/koniq10k/1024x768/6021411453.jpg,0.6206753992776006,6.338045024528832
15652,koniq10k,koniq10k/6021481506.jpg,/home/sergey/iqa-data/koniq10k/koniq10k/1024x768/6021481506.jpg,0.3888302322356068,4.458365747385428
15653,koniq10k,koniq10k/6022378177.jpg,/home/sergey/iqa-data/koniq10k/koniq10k/1024x768/6022378177.jpg,0.5235758736237418,4.713570163387328
15654,koniq10k,koniq10k/6022545118.jpg,/home/sergey/iqa-data/koniq10k/koniq10k/1024x768/6022545118.jpg,0.5177118238391569,3.5442535619723103
15656,koniq10k,koniq10k/6024552297.jpg,/home/sergey/iqa-data/koniq10k/koniq10k/1024x768/6024552297.jpg,0.2560063653888445,6.338679113325469
15657,koniq10k,koniq10k/6024842797.jpg,/home/sergey/iqa-data/koniq10k/koniq10k/1024x768/6024842797.jpg,0.4009095260890358,6.677097595504838
15664,koniq10k,koniq10k/6027592169.jpg,/home/sergey/iqa-data/koniq10k/koniq10k/1024x768/6027592169.jpg,0.5568282842098075,5.645185089900742
15672,koniq10k,koniq10k/6031428768.jpg,/home/sergey/iqa-data/koniq10k/koniq10k/1024x768/6031428768.jpg,0.8477695385532478,7.4620956821676065
15675,koniq10k,koniq10k/6032331327.jpg,/home/sergey/iqa-data/koniq10k/koniq10k/1024x768/6032331327.jpg,0.6364198813190369,5.912302241918617
15677,koniq10k,koniq10k/6034206796.jpg,/home/sergey/iqa-data/koniq10k/koniq10k/1024x768/6034206796.jpg,0.7032949585049467,3.842662575077071
15685,koniq10k,koniq10k/6038701648.jpg,/home/sergey/iqa-data/koniq10k/koniq10k/1024x768/6038701648.jpg,0.3472373326370441,6.078674187300898
15689,koniq10k,koniq10k/6041797981.jpg,/home/sergey/iqa-data/koniq10k/koniq10k/1024x768/6041797981.jpg,0.6837365668134977,6.038839673444046
15696,koniq10k,koniq10k/6046652289.jpg,/home/sergey/iqa-data/koniq10k/koniq10k/1024x768/6046652289.jpg,0.812026581815111,2.909079258130197
15698,koniq10k,koniq10k/6047228959.jpg,/home/sergey/iqa-data/koniq10k/koniq10k/1024x768/6047228959.jpg,0.7022076422718445,2.7247052730790213
15699,koniq10k,koniq10k/6048178491.jpg,/home/sergey/iqa-data/koniq10k/koniq10k/1024x768/6048178491.jpg,0.3818099617525163,6.1374767770457686
15701,koniq10k,koniq10k/6050570749.jpg,/home/sergey/iqa-data/koniq10k/koniq10k/1024x768/6050570749.jpg,0.4836114062433102,4.493577604113033
15703,koniq10k,koniq10k/6052522172.jpg,/home/sergey/iqa-data/koniq10k/koniq10k/1024x768/6052522172.jpg,0.7253361765089872,2.9097043804517133
15712,koniq10k,koniq10k/6059364561.jpg,/home/sergey/iqa-data/koniq10k/koniq10k/1024x768/6059364561.jpg,0.7987975676457055,3.162294574913209
15715,koniq10k,koniq10k/6060968148.jpg,/home/sergey/iqa-data/koniq10k/koniq10k/1024x768/6060968148.jpg,0.7090713259932979,6.1258154433228595
15717,koniq10k,koniq10k/6061619361.jpg,/home/sergey/iqa-data/koniq10k/koniq10k/1024x768/6061619361.jpg,0.511608425083773,5.383979903749767
15719,koniq10k,koniq10k/6063249330.jpg,/home/sergey/iqa-data/koniq10k/koniq10k/1024x768/6063249330.jpg,0.6214684842275724,8.173655200100058
15723,koniq10k,koniq10k/6065704403.jpg,/home/sergey/iqa-data/koniq10k/koniq10k/1024x768/6065704403.jpg,0.7366508551285944,4.582629898209361
15724,koniq10k,koniq10k/6066096952.jpg,/home/sergey/iqa-data/koniq10k/koniq10k/1024x768/6066096952.jpg,0.6209349102551134,2.6383412299223545
15730,koniq10k,koniq10k/6068776554.jpg,/home/sergey/iqa-data/koniq10k/koniq10k/1024x768/6068776554.jpg,0.6825360253754631,9.92838976958183
15731,koniq10k,koniq10k/6070920773.jpg,/home/sergey/iqa-data/koniq10k/koniq10k/1024x768/6070920773.jpg,0.8671009448893595,6.468443742809741
15733,koniq10k,koniq10k/6071037995.jpg,/home/sergey/iqa-data/koniq10k/koniq10k/1024x768/6071037995.jpg,0.2631095846482014,3.815423652228438
15736,koniq10k,koniq10k/6072373526.jpg,/home/sergey/iqa-data/koniq10k/koniq10k/1024x768/6072373526.jpg,0.7539492580181906,3.2898624088809667
15738,koniq10k,koniq10k/6073381897.jpg,/home/sergey/iqa-data/koniq10k/koniq10k/1024x768/6073381897.jpg,0.7988815875364452,1.6560003299397894
15740,koniq10k,koniq10k/6074442813.jpg,/home/sergey/iqa-data/koniq10k/koniq10k/1024x768/6074442813.jpg,0.6989876425012842,3.293307409997768
15742,koniq10k,koniq10k/6075825527.jpg,/home/sergey/iqa-data/koniq10k/koniq10k/1024x768/6075825527.jpg,0.6522259454284335,5.651182202878189
15744,koniq10k,koniq10k/6077250722.jpg,/home/sergey/iqa-data/koniq10k/koniq10k/1024x768/6077250722.jpg,0.6701771182383912,5.2921234798423855
15747,koniq10k,koniq10k/6078472527.jpg,/home/sergey/iqa-data/koniq10k/koniq10k/1024x768/6078472527.jpg,0.6753630126057132,5.319601069044885
15749,koniq10k,koniq10k/6080237953.jpg,/home/sergey/iqa-data/koniq10k/koniq10k/1024x768/6080237953.jpg,0.6467650708519433,4.574372981966126
15752,koniq10k,koniq10k/6081414146.jpg,/home/sergey/iqa-data/koniq10k/koniq10k/1024x768/6081414146.jpg,0.6127445497778737,5.245435346757577
15757,koniq10k,koniq10k/6087844508.jpg,/home/sergey/iqa-data/koniq10k/koniq10k/1024x768/6087844508.jpg,0.7836482931563763,2.1807132596201955
15773,koniq10k,koniq10k/6096713881.jpg,/home/sergey/iqa-data/koniq10k/koniq10k/1024x768/6096713881.jpg,0.4398037338439425,8.373057219611553
15775,koniq10k,koniq10k/6098120607.jpg,/home/sergey/iqa-data/koniq10k/koniq10k/1024x768/6098120607.jpg,0.2591674050837043,8.366777168482743
15783,koniq10k,koniq10k/6103897334.jpg,/home/sergey/iqa-data/koniq10k/koniq10k/1024x768/6103897334.jpg,0.2367845175408603,4.6630439257973135
15789,koniq10k,koniq10k/6106890458.jpg,/home/sergey/iqa-data/koniq10k/koniq10k/1024x768/6106890458.jpg,0.6505482657265701,5.119535330353176
15795,koniq10k,koniq10k/6111148526.jpg,/home/sergey/iqa-data/koniq10k/koniq10k/1024x768/6111148526.jpg,0.3034603022635561,5.795649633959439
15800,koniq10k,koniq10k/6112648095.jpg,/home/sergey/iqa-data/koniq10k/koniq10k/1024x768/6112648095.jpg,0.7357634293545084,5.918137751069951
15802,koniq10k,koniq10k/6113677746.jpg,/home/sergey/iqa-data/koniq10k/koniq10k/1024x768/6113677746.jpg,0.7988271900430831,3.147782957187936
15808,koniq10k,koniq10k/6115396985.jpg,/home/sergey/iqa-data/koniq10k/koniq10k/1024x768/6115396985.jpg,0.7509573958831962,2.4540233121640713
15810,koniq10k,koniq10k/6116188135.jpg,/home/sergey/iqa-data/koniq10k/koniq10k/1024x768/6116188135.jpg,0.8104870639710448,2.604380203457014
15812,koniq10k,koniq10k/611785273.jpg,/home/sergey/iqa-data/koniq10k/koniq10k/1024x768/611785273.jpg,0.3452960887562305,6.142017397395461
15824,koniq10k,koniq10k/6122580003.jpg,/home/sergey/iqa-data/koniq10k/koniq10k/1024x768/6122580003.jpg,0.202032290352061,6.401107153765377
15833,koniq10k,koniq10k/6128176020.jpg,/home/sergey/iqa-data/koniq10k/koniq10k/1024x768/6128176020.jpg,0.3802384786109055,6.15213096775183
15837,koniq10k,koniq10k/6128851294.jpg,/home/sergey/iqa-data/koniq10k/koniq10k/1024x768/6128851294.jpg,0.6874634327961289,3.0536973912750316
15838,koniq10k,koniq10k/6129702417.jpg,/home/sergey/iqa-data/koniq10k/koniq10k/1024x768/6129702417.jpg,0.6540323527552224,3.790940801830758
15840,koniq10k,koniq10k/6131302144.jpg,/home/sergey/iqa-data/koniq10k/koniq10k/1024x768/6131302144.jpg,0.8236129836935291,5.703817917174228
15845,koniq10k,koniq10k/6133227550.jpg,/home/sergey/iqa-data/koniq10k/koniq10k/1024x768/6133227550.jpg,0.5772841560276427,5.713558202558169
15847,koniq10k,koniq10k/6135085548.jpg,/home/sergey/iqa-data/koniq10k/koniq10k/1024x768/6135085548.jpg,0.384952928035741,3.1287608750329743
15855,koniq10k,koniq10k/6142185721.jpg,/home/sergey/iqa-data/koniq10k/koniq10k/1024x768/6142185721.jpg,0.45268705854769,4.634475734408789
15860,koniq10k,koniq10k/6143020134.jpg,/home/sergey/iqa-data/koniq10k/koniq10k/1024x768/6143020134.jpg,0.7291077360488563,3.229570719301239
15861,koniq10k,koniq10k/6143211622.jpg,/home/sergey/iqa-data/koniq10k/koniq10k/1024x768/6143211622.jpg,0.7701907953224367,2.930707290152749
15863,koniq10k,koniq10k/6143698715.jpg,/home/sergey/iqa-data/koniq10k/koniq10k/1024x768/6143698715.jpg,0.3627995928743722,6.4099600578215155
15866,koniq10k,koniq10k/6144690260.jpg,/home/sergey/iqa-data/koniq10k/koniq10k/1024x768/6144690260.jpg,0.8008616562948777,5.972710543313428
15871,koniq10k,koniq10k/6147638271.jpg,/home/sergey/iqa-data/koniq10k/koniq10k/1024x768/6147638271.jpg,0.826494791310492,1.9139900256839175
15881,koniq10k,koniq10k/6153807982.jpg,/home/sergey/iqa-data/koniq10k/koniq10k/1024x768/6153807982.jpg,0.7524968977584863,2.6111707993537787
15883,koniq10k,koniq10k/6153984860.jpg,/home/sergey/iqa-data/koniq10k/koniq10k/1024x768/6153984860.jpg,0.5725880151442629,4.074226858605544
15894,koniq10k,koniq10k/6160448268.jpg,/home/sergey/iqa-data/koniq10k/koniq10k/1024x768/6160448268.jpg,0.4816898037338437,4.821094953644143
15900,koniq10k,koniq10k/6163563949.jpg,/home/sergey/iqa-data/koniq10k/koniq10k/1024x768/6163563949.jpg,0.771537780872392,6.864714983239354
15909,koniq10k,koniq10k/616692637.jpg,/home/sergey/iqa-data/koniq10k/koniq10k/1024x768/616692637.jpg,0.4304617969734549,4.612298830259748
15914,koniq10k,koniq10k/6169499538.jpg,/home/sergey/iqa-data/koniq10k/koniq10k/1024x768/6169499538.jpg,0.8570147143694398,3.005727914405817
15915,koniq10k,koniq10k/6169751513.jpg,/home/sergey/iqa-data/koniq10k/koniq10k/1024x768/6169751513.jpg,0.7601676381419011,2.449577062776864
15919,koniq10k,koniq10k/6171205916.jpg,/home/sergey/iqa-data/koniq10k/koniq10k/1024x768/6171205916.jpg,0.6110579224509332,7.9360660963794185
15922,koniq10k,koniq10k/6172964730.jpg,/home/sergey/iqa-data/koniq10k/koniq10k/1024x768/6172964730.jpg,0.2596699353994747,4.585475885217866
15932,koniq10k,koniq10k/6177663697.jpg,/home/sergey/iqa-data/koniq10k/koniq10k/1024x768/6177663697.jpg,0.771792615976437,4.67926374226693
15937,koniq10k,koniq10k/6180327231.jpg,/home/sergey/iqa-data/koniq10k/koniq10k/1024x768/6180327231.jpg,0.9035423647678316,2.1009258986426076
15951,koniq10k,koniq10k/6190639250.jpg,/home/sergey/iqa-data/koniq10k/koniq10k/1024x768/6190639250.jpg,0.7684679068283113,3.8739841552137713
15955,koniq10k,koniq10k/6192537618.jpg,/home/sergey/iqa-data/koniq10k/koniq10k/1024x768/6192537618.jpg,0.7597516573102983,2.3688859059026073
15962,koniq10k,koniq10k/6198870834.jpg,/home/sergey/iqa-data/koniq10k/koniq10k/1024x768/6198870834.jpg,0.6664729079760198,5.188083453455285
15964,koniq10k,koniq10k/6199370121.jpg,/home/sergey/iqa-data/koniq10k/koniq10k/1024x768/6199370121.jpg,0.8448341266472171,2.5543355384574307
15972,koniq10k,koniq10k/6204572206.jpg,/home/sergey/iqa-data/koniq10k/koniq10k/1024x768/6204572206.jpg,0.823688770085192,8.351925525529333
15975,koniq10k,koniq10k/6205974624.jpg,/home/sergey/iqa-data/koniq10k/koniq10k/1024x768/6205974624.jpg,0.5600991717622404,6.859822404049994
15983,koniq10k,koniq10k/6210021795.jpg,/home/sergey/iqa-data/koniq10k/koniq10k/1024x768/6210021795.jpg,0.6012788073582712,5.000517227630196
15984,koniq10k,koniq10k/6210436753.jpg,/home/sergey/iqa-data/koniq10k/koniq10k/1024x768/6210436753.jpg,0.4797807107524676,4.158576101199174
15987,koniq10k,koniq10k/6211562802.jpg,/home/sergey/iqa-data/koniq10k/koniq10k/1024x768/6211562802.jpg,0.6772487923756461,3.968176491055891
15993,koniq10k,koniq10k/6220511513.jpg,/home/sergey/iqa-data/koniq10k/koniq10k/1024x768/6220511513.jpg,0.6701771182383912,3.5291516785903716
15999,koniq10k,koniq10k/6224309834.jpg,/home/sergey/iqa-data/koniq10k/koniq10k/1024x768/6224309834.jpg,0.2694489171272306,7.532206028067087
16003,koniq10k,koniq10k/6225884368.jpg,/home/sergey/iqa-data/koniq10k/koniq10k/1024x768/6225884368.jpg,0.147011892358665,7.111175272616983
16004,koniq10k,koniq10k/6226065978.jpg,/home/sergey/iqa-data/koniq10k/koniq10k/1024x768/6226065978.jpg,0.7076307997801532,6.63344604856999
16012,koniq10k,koniq10k/6228278450.jpg,/home/sergey/iqa-data/koniq10k/koniq10k/1024x768/6228278450.jpg,0.6931432218650969,3.6927285990549747
16025,koniq10k,koniq10k/6237051127.jpg,/home/sergey/iqa-data/koniq10k/koniq10k/1024x768/6237051127.jpg,0.6416803719625196,3.523285837380143
16028,koniq10k,koniq10k/6237907286.jpg,/home/sergey/iqa-data/koniq10k/koniq10k/1024x768/6237907286.jpg,0.7464838496432575,4.560137177431095
16033,koniq10k,koniq10k/6238988012.jpg,/home/sergey/iqa-data/koniq10k/koniq10k/1024x768/6238988012.jpg,0.5597916524197052,5.6340046934011045
16039,koniq10k,koniq10k/6244943274.jpg,/home/sergey/iqa-data/koniq10k/koniq10k/1024x768/6244943274.jpg,0.45342687307998,5.453767773671001
16042,koniq10k,koniq10k/6245654215.jpg,/home/sergey/iqa-data/koniq10k/koniq10k/1024x768/6245654215.jpg,0.809894175222036,2.870238630500853
16044,koniq10k,koniq10k/62458506.jpg,/home/sergey/iqa-data/koniq10k/koniq10k/1024x768/62458506.jpg,0.7210387745332697,3.8229617593354264
16059,koniq10k,koniq10k/6252913864.jpg,/home/sergey/iqa-data/koniq10k/koniq10k/1024x768/6252913864.jpg,0.5205840114887503,3.7068079644082226
16064,koniq10k,koniq10k/6255399920.jpg,/home/sergey/iqa-data/koniq10k/koniq10k/1024x768/6255399920.jpg,0.7958353279080889,1.9371093705778584
16069,koniq10k,koniq10k/6256829619.jpg,/home/sergey/iqa-data/koniq10k/koniq10k/1024x768/6256829619.jpg,0.8384171796898466,4.243341426915759
16080,koniq10k,koniq10k/6261187277.jpg,/home/sergey/iqa-data/koniq10k/koniq10k/1024x768/6261187277.jpg,0.5646621387844857,3.9170896263113586
16084,koniq10k,koniq10k/6264868738.jpg,/home/sergey/iqa-data/koniq10k/koniq10k/1024x768/6264868738.jpg,0.4780873574896684,5.4517645794827265
16086,koniq10k,koniq10k/6266190688.jpg,/home/sergey/iqa-data/koniq10k/koniq10k/1024x768/6266190688.jpg,0.5895855165840799,6.178008795341222
16091,koniq10k,koniq10k/6269063819.jpg,/home/sergey/iqa-data/koniq10k/koniq10k/1024x768/6269063819.jpg,0.5710350200396102,7.882861332896913
16093,koniq10k,koniq10k/6272882973.jpg,/home/sergey/iqa-data/koniq10k/koniq10k/1024x768/6272882973.jpg,0.5798590250625674,5.056250317739725
16109,koniq10k,koniq10k/6283537466.jpg,/home/sergey/iqa-data/koniq10k/koniq10k/1024x768/6283537466.jpg,0.6262767253269127,9.323965525196956
16112,koniq10k,koniq10k/6285601097.jpg,/home/sergey/iqa-data/koniq10k/koniq10k/1024x768/6285601097.jpg,0.7773196528085119,2.931656189180752
16121,koniq10k,koniq10k/6290479072.jpg,/home/sergey/iqa-data/koniq10k/koniq10k/1024x768/6290479072.jpg,0.683341311632359,4.169555894891021
16122,koniq10k,koniq10k/6291431070.jpg,/home/sergey/iqa-data/koniq10k/koniq10k/1024x768/6291431070.jpg,0.8951328063343372,3.2669401150334147
16124,koniq10k,koniq10k/6293184375.jpg,/home/sergey/iqa-data/koniq10k/koniq10k/1024x768/6293184375.jpg,0.768132900732229,4.092182980653778
16125,koniq10k,koniq10k/6293629106.jpg,/home/sergey/iqa-data/koniq10k/koniq10k/1024x768/6293629106.jpg,0.4789472634434343,4.86920169020302
16129,koniq10k,koniq10k/6295098733.jpg,/home/sergey/iqa-data/koniq10k/koniq10k/1024x768/6295098733.jpg,0.7823851866286534,2.6530429689043493
16133,koniq10k,koniq10k/6299847089.jpg,/home/sergey/iqa-data/koniq10k/koniq10k/1024x768/6299847089.jpg,0.7465115446732554,4.46214274140866
16144,koniq10k,koniq10k/6305224063.jpg,/home/sergey/iqa-data/koniq10k/koniq10k/1024x768/6305224063.jpg,0.2664181996398352,5.9882934593717945
16149,koniq10k,koniq10k/6305935130.jpg,/home/sergey/iqa-data/koniq10k/koniq10k/1024x768/6305935130.jpg,0.7847382392619352,2.8505307620679354
16151,koniq10k,koniq10k/6307302399.jpg,/home/sergey/iqa-data/koniq10k/koniq10k/1024x768/6307302399.jpg,0.8437051220679758,2.302102893138579
16153,koniq10k,koniq10k/6308614891.jpg,/home/sergey/iqa-data/koniq10k/koniq10k/1024x768/6308614891.jpg,0.5822698844508792,4.280241046096495
16156,koniq10k,koniq10k/6309436752.jpg,/home/sergey/iqa-data/koniq10k/koniq10k/1024x768/6309436752.jpg,0.5682214280070829,7.64211504074101
16167,koniq10k,koniq10k/6319935355.jpg,/home/sergey/iqa-data/koniq10k/koniq10k/1024x768/6319935355.jpg,0.8683174218954636,2.1657627175275103
16172,koniq10k,koniq10k/6321717266.jpg,/home/sergey/iqa-data/koniq10k/koniq10k/1024x768/6321717266.jpg,0.6160956484077603,6.193381752394246
16174,koniq10k,koniq10k/632270898.jpg,/home/sergey/iqa-data/koniq10k/koniq10k/1024x768/632270898.jpg,0.7507436914449833,3.4356897081427444
16181,koniq10k,koniq10k/6326902733.jpg,/home/sergey/iqa-data/koniq10k/koniq10k/1024x768/6326902733.jpg,0.7098051789698064,4.28816569090823
16189,koniq10k,koniq10k/6332564856.jpg,/home/sergey/iqa-data/koniq10k/koniq10k/1024x768/6332564856.jpg,0.6608996007922661,3.7571050398042587
16209,koniq10k,koniq10k/6345193023.jpg,/home/sergey/iqa-data/koniq10k/koniq10k/1024x768/6345193023.jpg,0.7802550647145422,4.9104117072202715
16228,koniq10k,koniq10k/6366586615.jpg,/home/sergey/iqa-data/koniq10k/koniq10k/1024x768/6366586615.jpg,0.4250702240848293,3.746820295947619
16236,koniq10k,koniq10k/6379014005.jpg,/home/sergey/iqa-data/koniq10k/koniq10k/1024x768/6379014005.jpg,0.4966491144088067,6.505737179579628
16238,koniq10k,koniq10k/6383007575.jpg,/home/sergey/iqa-data/koniq10k/koniq10k/1024x768/6383007575.jpg,0.8516834210946216,3.7326104487434755
16242,koniq10k,koniq10k/63888840.jpg,/home/sergey/iqa-data/koniq10k/koniq10k/1024x768/63888840.jpg,0.4915518678084506,4.207821222800839
16243,koniq10k,koniq10k/6389008737.jpg,/home/sergey/iqa-data/koniq10k/koniq10k/1024x768/6389008737.jpg,0.7599329822881764,4.044507396078741
16245,koniq10k,koniq10k/6391919133.jpg,/home/sergey/iqa-data/koniq10k/koniq10k/1024x768/6391919133.jpg,0.7543156084837009,5.471974091462347
16248,koniq10k,koniq10k/6395582961.jpg,/home/sergey/iqa-data/koniq10k/koniq10k/1024x768/6395582961.jpg,0.8693154619435137,3.1066683921817484
16261,koniq10k,koniq10k/6411944553.jpg,/home/sergey/iqa-data/koniq10k/koniq10k/1024x768/6411944553.jpg,0.6073480134035409,2.0752584435040173
16273,koniq10k,koniq10k/6431960911.jpg,/home/sergey/iqa-data/koniq10k/koniq10k/1024x768/6431960911.jpg,0.6172809956917182,5.258396066565758
16277,koniq10k,koniq10k/6435747701.jpg,/home/sergey/iqa-data/koniq10k/koniq10k/1024x768/6435747701.jpg,0.8419277782254044,3.586750981248285
16279,koniq10k,koniq10k/6438830749.jpg,/home/sergey/iqa-data/koniq10k/koniq10k/1024x768/6438830749.jpg,0.8242286862088072,4.265757595738418
16281,koniq10k,koniq10k/6439499095.jpg,/home/sergey/iqa-data/koniq10k/koniq10k/1024x768/6439499095.jpg,0.7355193872666345,2.916824711864904
16292,koniq10k,koniq10k/6450302367.jpg,/home/sergey/iqa-data/koniq10k/koniq10k/1024x768/6450302367.jpg,0.6534562438764685,4.473548695792582
16296,koniq10k,koniq10k/6452613567.jpg,/home/sergey/iqa-data/koniq10k/koniq10k/1024x768/6452613567.jpg,0.871850788078649,3.7248198849399192
16318,koniq10k,koniq10k/6475916177.jpg,/home/sergey/iqa-data/koniq10k/koniq10k/1024x768/6475916177.jpg,0.6656013290907558,3.6009809666273886
16321,koniq10k,koniq10k/6476717611.jpg,/home/sergey/iqa-data/koniq10k/koniq10k/1024x768/6476717611.jpg,0.5248742288898723,6.385123259198575
16322,koniq10k,koniq10k/6479303397.jpg,/home/sergey/iqa-data/koniq10k/koniq10k/1024x768/6479303397.jpg,0.2997194166520523,10.222959248691703
16326,koniq10k,koniq10k/6483140329.jpg,/home/sergey/iqa-data/koniq10k/koniq10k/1024x768/6483140329.jpg,0.3551725445402367,5.085566509742711
16351,koniq10k,koniq10k/6513828853.jpg,/home/sergey/iqa-data/koniq10k/koniq10k/1024x768/6513828853.jpg,0.2034466251795108,5.93076552902179
16352,koniq10k,koniq10k/6515985695.jpg,/home/sergey/iqa-data/koniq10k/koniq10k/1024x768/6515985695.jpg,0.2963395873902594,7.566323431557174
16360,koniq10k,koniq10k/6526093429.jpg,/home/sergey/iqa-data/koniq10k/koniq10k/1024x768/6526093429.jpg,0.4914740015266591,5.099059651467945
16363,koniq10k,koniq10k/6530161213.jpg,/home/sergey/iqa-data/koniq10k/koniq10k/1024x768/6530161213.jpg,0.6204205641735557,2.840966971851762
16365,koniq10k,koniq10k/6533123895.jpg,/home/sergey/iqa-data/koniq10k/koniq10k/1024x768/6533123895.jpg,0.825753949258018,2.228459858316412
16366,koniq10k,koniq10k/6534182163.jpg,/home/sergey/iqa-data/koniq10k/koniq10k/1024x768/6534182163.jpg,0.2672191099668338,4.284397310413239
16370,koniq10k,koniq10k/6537249483.jpg,/home/sergey/iqa-data/koniq10k/koniq10k/1024x768/6537249483.jpg,0.856575774271339,6.6385929499459095
16371,koniq10k,koniq10k/6537543865.jpg,/home/sergey/iqa-data/koniq10k/koniq10k/1024x768/6537543865.jpg,0.3671727187763574,4.390416952172523
16373,koniq10k,koniq10k/6540737111.jpg,/home/sergey/iqa-data/koniq10k/koniq10k/1024x768/6540737111.jpg,0.5893968405935864,2.8215715975555953
16382,koniq10k,koniq10k/6560010177.jpg,/home/sergey/iqa-data/koniq10k/koniq10k/1024x768/6560010177.jpg,0.4928195308760167,5.471645836804473
16386,koniq10k,koniq10k/6564623827.jpg,/home/sergey/iqa-data/koniq10k/koniq10k/1024x768/6564623827.jpg,0.8150491214355668,4.634102078968249
16392,koniq10k,koniq10k/6569780821.jpg,/home/sergey/iqa-data/koniq10k/koniq10k/1024x768/6569780821.jpg,0.5320876054341499,5.950759071320839
16405,koniq10k,koniq10k/6585164875.jpg,/home/sergey/iqa-data/koniq10k/koniq10k/1024x768/6585164875.jpg,0.6657740003793442,4.0959008549616645
16410,koniq10k,koniq10k/6591706349.jpg,/home/sergey/iqa-data/koniq10k/koniq10k/1024x768/6591706349.jpg,0.7032949585049467,3.457831290748508
16416,koniq10k,koniq10k/6596093581.jpg,/home/sergey/iqa-data/koniq10k/koniq10k/1024x768/6596093581.jpg,0.794789628521101,2.923419278944885
16419,koniq10k,koniq10k/6598327095.jpg,/home/sergey/iqa-data/koniq10k/koniq10k/1024x768/6598327095.jpg,0.6722422974112172,4.288426023717774
16422,koniq10k,koniq10k/6599722517.jpg,/home/sergey/iqa-data/koniq10k/koniq10k/1024x768/6599722517.jpg,0.3921412964656929,2.947212497076512
16427,koniq10k,koniq10k/6604046527.jpg,/home/sergey/iqa-data/koniq10k/koniq10k/1024x768/6604046527.jpg,0.6043561512685497,4.669533906492855
16434,koniq10k,koniq10k/6613235741.jpg,/home/sergey/iqa-data/koniq10k/koniq10k/1024x768/6613235741.jpg,0.442795595978937,4.670738385484714
16438,koniq10k,koniq10k/6621488051.jpg,/home/sergey/iqa-data/koniq10k/koniq10k/1024x768/6621488051.jpg,0.7379743611139165,2.61945492950997
16439,koniq10k,koniq10k/6621968211.jpg,/home/sergey/iqa-data/koniq10k/koniq10k/1024x768/6621968211.jpg,0.619059016617658,4.915888585817087
16443,koniq10k,koniq10k/6622738777.jpg,/home/sergey/iqa-data/koniq10k/koniq10k/1024x768/6622738777.jpg,0.5569062675837502,3.4644423674729095
16448,koniq10k,koniq10k/6628327223.jpg,/home/sergey/iqa-data/koniq10k/koniq10k/1024x768/6628327223.jpg,0.7676014444594212,5.462467621555715
16451,koniq10k,koniq10k/6630214003.jpg,/home/sergey/iqa-data/koniq10k/koniq10k/1024x768/6630214003.jpg,0.8310405406033466,3.6977352793176452
16455,koniq10k,koniq10k/6635887941.jpg,/home/sergey/iqa-data/koniq10k/koniq10k/1024x768/6635887941.jpg,0.6854440035253648,2.568359267997747
16459,koniq10k,koniq10k/6640354399.jpg,/home/sergey/iqa-data/koniq10k/koniq10k/1024x768/6640354399.jpg,0.5117192347924748,4.7189984875177124
16464,koniq10k,koniq10k/6642932619.jpg,/home/sergey/iqa-data/koniq10k/koniq10k/1024x768/6642932619.jpg,0.7343714417173632,4.798865879158962
16467,koniq10k,koniq10k/6644227727.jpg,/home/sergey/iqa-data/koniq10k/koniq10k/1024x768/6644227727.jpg,0.1871653289100146,7.2623540930509805
16478,koniq10k,koniq10k/6654258389.jpg,/home/sergey/iqa-data/koniq10k/koniq10k/1024x768/6654258389.jpg,0.7465639406759573,3.5776511166826945
16482,koniq10k,koniq10k/6656519345.jpg,/home/sergey/iqa-data/koniq10k/koniq10k/1024x768/6656519345.jpg,0.2873360928861708,7.442328928784161
16484,koniq10k,koniq10k/6657341905.jpg,/home/sergey/iqa-data/koniq10k/koniq10k/1024x768/6657341905.jpg,0.5554199508031217,4.801415527183666
16492,koniq10k,koniq10k/6665024915.jpg,/home/sergey/iqa-data/koniq10k/koniq10k/1024x768/6665024915.jpg,0.595243323481233,3.5142273598700897
16494,koniq10k,koniq10k/6668846319.jpg,/home/sergey/iqa-data/koniq10k/koniq10k/1024x768/6668846319.jpg,0.6666088422975732,4.022836368466844
16496,koniq10k,koniq10k/6669862645.jpg,/home/sergey/iqa-data/koniq10k/koniq10k/1024x768/6669862645.jpg,0.6256187054706328,4.572097243692656
16498,koniq10k,koniq10k/6678741473.jpg,/home/sergey/iqa-data/koniq10k/koniq10k/1024x768/6678741473.jpg,0.8444231689803734,2.5503783929422394
16502,koniq10k,koniq10k/6681296959.jpg,/home/sergey/iqa-data/koniq10k/koniq10k/1024x768/6681296959.jpg,0.7705948909874224,6.31045404203626
16517,koniq10k,koniq10k/6696229175.jpg,/home/sergey/iqa-data/koniq10k/koniq10k/1024x768/6696229175.jpg,0.340502404887277,5.739211854338524
16521,koniq10k,koniq10k/6701756497.jpg,/home/sergey/iqa-data/koniq10k/koniq10k/1024x768/6701756497.jpg,0.7423081944383997,3.674998318563985
16523,koniq10k,koniq10k/6702441233.jpg,/home/sergey/iqa-data/koniq10k/koniq10k/1024x768/6702441233.jpg,0.8679819462490611,3.260803933587309
16527,koniq10k,koniq10k/6707835355.jpg,/home/sergey/iqa-data/koniq10k/koniq10k/1024x768/6707835355.jpg,0.8205680548906961,2.135949023988325
16530,koniq10k,koniq10k/6710396995.jpg,/home/sergey/iqa-data/koniq10k/koniq10k/1024x768/6710396995.jpg,0.9290003916619516,3.594715957810712
16539,koniq10k,koniq10k/6725311751.jpg,/home/sergey/iqa-data/koniq10k/koniq10k/1024x768/6725311751.jpg,0.6505482657265701,3.7771726245322603
16548,koniq10k,koniq10k/6731073163.jpg,/home/sergey/iqa-data/koniq10k/koniq10k/1024x768/6731073163.jpg,0.7359980852082328,5.683972395393717
16554,koniq10k,koniq10k/6738986329.jpg,/home/sergey/iqa-data/koniq10k/koniq10k/1024x768/6738986329.jpg,0.8008616562948777,3.613413520588072
16555,koniq10k,koniq10k/6739568529.jpg,/home/sergey/iqa-data/koniq10k/koniq10k/1024x768/6739568529.jpg,0.6478418306167623,8.897300347055054
16562,koniq10k,koniq10k/6748049411.jpg,/home/sergey/iqa-data/koniq10k/koniq10k/1024x768/6748049411.jpg,0.6364198813190369,3.407272438810328
16563,koniq10k,koniq10k/6748287295.jpg,/home/sergey/iqa-data/koniq10k/koniq10k/1024x768/6748287295.jpg,0.7049336443172427,5.568329214481031
16564,koniq10k,koniq10k/6748422197.jpg,/home/sergey/iqa-data/koniq10k/koniq10k/1024x768/6748422197.jpg,0.827279212307229,1.7978336887396904
16577,koniq10k,koniq10k/6766502563.jpg,/home/sergey/iqa-data/koniq10k/koniq10k/1024x768/6766502563.jpg,0.6961065900749948,3.9899990644996506
16589,koniq10k,koniq10k/677921002.jpg,/home/sergey/iqa-data/koniq10k/koniq10k/1024x768/677921002.jpg,0.7541886069889898,3.1829943175694972
16594,koniq10k,koniq10k/6782624408.jpg,/home/sergey/iqa-data/koniq10k/koniq10k/1024x768/6782624408.jpg,0.4262386890182974,16.113550590424108
16595,koniq10k,koniq10k/6782627736.jpg,/home/sergey/iqa-data/koniq10k/koniq10k/1024x768/6782627736.jpg,0.7541886069889898,5.312175184489666
16621,koniq10k,koniq10k/6796759928.jpg,/home/sergey/iqa-data/koniq10k/koniq10k/1024x768/6796759928.jpg,0.7920843365746663,2.357256011185722
16622,koniq10k,koniq10k/6797193823.jpg,/home/sergey/iqa-data/koniq10k/koniq10k/1024x768/6797193823.jpg,0.5094143928514425,4.658204198650922
16637,koniq10k,koniq10k/6803864259.jpg,/home/sergey/iqa-data/koniq10k/koniq10k/1024x768/6803864259.jpg,0.6796280472255645,4.520322787756427
16645,koniq10k,koniq10k/6810784384.jpg,/home/sergey/iqa-data/koniq10k/koniq10k/1024x768/6810784384.jpg,0.5242312339009315,6.94892850354897
16648,koniq10k,koniq10k/6811333589.jpg,/home/sergey/iqa-data/koniq10k/koniq10k/1024x768/6811333589.jpg,0.7983321337185867,5.690783296554264
16650,koniq10k,koniq10k/6812883252.jpg,/home/sergey/iqa-data/koniq10k/koniq10k/1024x768/6812883252.jpg,0.727962798331397,5.827223223085997
16651,koniq10k,koniq10k/6813135887.jpg,/home/sergey/iqa-data/koniq10k/koniq10k/1024x768/6813135887.jpg,0.7402637104304028,4.2217452306138785
16658,koniq10k,koniq10k/6817139940.jpg,/home/sergey/iqa-data/koniq10k/koniq10k/1024x768/6817139940.jpg,0.6510969408491921,7.184270257066719
16665,koniq10k,koniq10k/682337857.jpg,/home/sergey/iqa-data/koniq10k/koniq10k/1024x768/682337857.jpg,0.648692698716633,4.839867165246816
16669,koniq10k,koniq10k/6825556474.jpg,/home/sergey/iqa-data/koniq10k/koniq10k/1024x768/6825556474.jpg,0.657730971756821,3.4567277809449575
16671,koniq10k,koniq10k/6827213168.jpg,/home/sergey/iqa-data/koniq10k/koniq10k/1024x768/6827213168.jpg,0.5225972271309886,4.148249624700051
16678,koniq10k,koniq10k/6830281130.jpg,/home/sergey/iqa-data/koniq10k/koniq10k/1024x768/6830281130.jpg,0.8419277782254044,1.9811635155159395
16687,koniq10k,koniq10k/6835007518.jpg,/home/sergey/iqa-data/koniq10k/koniq10k/1024x768/6835007518.jpg,0.3878339804620306,5.20218035073072
16691,koniq10k,koniq10k/6837071286.jpg,/home/sergey/iqa-data/koniq10k/koniq10k/1024x768/6837071286.jpg,0.7479655337482046,3.145564658039056
16698,koniq10k,koniq10k/6840130023.jpg,/home/sergey/iqa-data/koniq10k/koniq10k/1024x768/6840130023.jpg,0.7831904766205726,3.8854057624365796
16700,koniq10k,koniq10k/6840900400.jpg,/home/sergey/iqa-data/koniq10k/koniq10k/1024x768/6840900400.jpg,0.8027878456313124,2.06399960927363
16701,koniq10k,koniq10k/6841095.jpg,/home/sergey/iqa-data/koniq10k/koniq10k/1024x768/6841095.jpg,0.2964876711814454,3.416605157740068
16712,koniq10k,koniq10k/6845848072.jpg,/home/sergey/iqa-data/koniq10k/koniq10k/1024x768/6845848072.jpg,0.8250531527218944,2.564729224477308
16715,koniq10k,koniq10k/6849285524.jpg,/home/sergey/iqa-data/koniq10k/koniq10k/1024x768/6849285524.jpg,0.2812350406893242,6.069562551277123
16720,koniq10k,koniq10k/6853001361.jpg,/home/sergey/iqa-data/koniq10k/koniq10k/1024x768/6853001361.jpg,0.7998244774214148,5.724635813411189
16726,koniq10k,koniq10k/6858600475.jpg,/home/sergey/iqa-data/koniq10k/koniq10k/1024x768/6858600475.jpg,0.6305490575069763,3.186068350037774
16734,koniq10k,koniq10k/6865288108.jpg,/home/sergey/iqa-data/koniq10k/koniq10k/1024x768/6865288108.jpg,0.7661862436874407,4.113007435747258
16740,koniq10k,koniq10k/6869450975.jpg,/home/sergey/iqa-data/koniq10k/koniq10k/1024x768/6869450975.jpg,0.5138994906826407,4.249160273442981
16742,koniq10k,koniq10k/6869855884.jpg,/home/sergey/iqa-data/koniq10k/koniq10k/1024x768/6869855884.jpg,0.3832934418381993,6.4640636620229595
16744,koniq10k,koniq10k/6870564661.jpg,/home/sergey/iqa-data/koniq10k/koniq10k/1024x768/6870564661.jpg,0.7222878043566159,6.55542250072057
16745,koniq10k,koniq10k/6870596537.jpg,/home/sergey/iqa-data/koniq10k/koniq10k/1024x768/6870596537.jpg,0.6137423854175457,5.409662903616755
16747,koniq10k,koniq10k/6873503299.jpg,/home/sergey/iqa-data/koniq10k/koniq10k/1024x768/6873503299.jpg,0.4868670260370045,7.307980695114343
16748,koniq10k,koniq10k/6873701210.jpg,/home/sergey/iqa-data/koniq10k/koniq10k/1024x768/6873701210.jpg,0.6786491238879758,7.971092235430841
16751,koniq10k,koniq10k/6875112664.jpg,/home/sergey/iqa-data/koniq10k/koniq10k/1024x768/6875112664.jpg,0.6571086644327426,2.980016894824691
16752,koniq10k,koniq10k/6875194504.jpg,/home/sergey/iqa-data/koniq10k/koniq10k/1024x768/6875194504.jpg,0.5815092040558751,3.903482514299963
16753,koniq10k,koniq10k/6875495692.jpg,/home/sergey/iqa-data/koniq10k/koniq10k/1024x768/6875495692.jpg,0.6101689119879647,8.566757095672816
16766,koniq10k,koniq10k/6886337587.jpg,/home/sergey/iqa-data/koniq10k/koniq10k/1024x768/6886337587.jpg,0.6842531172354067,4.4956214421149925
16770,koniq10k,koniq10k/6890379430.jpg,/home/sergey/iqa-data/koniq10k/koniq10k/1024x768/6890379430.jpg,0.6832565863329622,5.546892353195974
16776,koniq10k,koniq10k/6891623153.jpg,/home/sergey/iqa-data/koniq10k/koniq10k/1024x768/6891623153.jpg,0.6193154619435128,5.111445430502097
16778,koniq10k,koniq10k/6892058753.jpg,/home/sergey/iqa-data/koniq10k/koniq10k/1024x768/6892058753.jpg,0.7796571104373874,3.9981603126244742
16781,koniq10k,koniq10k/6893014325.jpg,/home/sergey/iqa-data/koniq10k/koniq10k/1024x768/6893014325.jpg,0.8294581595203896,3.534371976453098
16787,koniq10k,koniq10k/6897314758.jpg,/home/sergey/iqa-data/koniq10k/koniq10k/1024x768/6897314758.jpg,0.7736432631397935,2.1497599996643397
16788,koniq10k,koniq10k/6897446719.jpg,/home/sergey/iqa-data/koniq10k/koniq10k/1024x768/6897446719.jpg,0.4006958216508229,6.439555187927813
16807,koniq10k,koniq10k/6905574433.jpg,/home/sergey/iqa-data/koniq10k/koniq10k/1024x768/6905574433.jpg,0.473161598582695,4.662301841849293
16808,koniq10k,koniq10k/6905808386.jpg,/home/sergey/iqa-data/koniq10k/koniq10k/1024x768/6905808386.jpg,0.6670655816179988,6.526587953122187
16809,koniq10k,koniq10k/6905924906.jpg,/home/sergey/iqa-data/koniq10k/koniq10k/1024x768/6905924906.jpg,0.6920787109547455,4.819781177655199
16810,koniq10k,koniq10k/6906058795.jpg,/home/sergey/iqa-data/koniq10k/koniq10k/1024x768/6906058795.jpg,0.6687094122853745,3.2299214963052547
16822,koniq10k,koniq10k/6911586648.jpg,/home/sergey/iqa-data/koniq10k/koniq10k/1024x768/6911586648.jpg,0.3305267099232659,6.032828480314421
16824,koniq10k,koniq10k/6913622130.jpg,/home/sergey/iqa-data/koniq10k/koniq10k/1024x768/6913622130.jpg,0.7626425932783568,2.299829776979374
16833,koniq10k,koniq10k/6920118996.jpg,/home/sergey/iqa-data/koniq10k/koniq10k/1024x768/6920118996.jpg,0.7144097466655407,4.863863499420017
16848,koniq10k,koniq10k/6930075142.jpg,/home/sergey/iqa-data/koniq10k/koniq10k/1024x768/6930075142.jpg,0.5360847067405228,4.8965087553164635
16860,koniq10k,koniq10k/6936925429.jpg,/home/sergey/iqa-data/koniq10k/koniq10k/1024x768/6936925429.jpg,0.5684538056486342,7.363804865069593
16862,koniq10k,koniq10k/6937606166.jpg,/home/sergey/iqa-data/koniq10k/koniq10k/1024x768/6937606166.jpg,0.825753949258018,3.4364894855104433
16865,koniq10k,koniq10k/6938468092.jpg,/home/sergey/iqa-data/koniq10k/koniq10k/1024x768/6938468092.jpg,0.6873724521931931,2.473572988109966
16872,koniq10k,koniq10k/6941715715.jpg,/home/sergey/iqa-data/koniq10k/koniq10k/1024x768/6941715715.jpg,0.7037189120820708,3.009369934689345
16873,koniq10k,koniq10k/6942312836.jpg,/home/sergey/iqa-data/koniq10k/koniq10k/1024x768/6942312836.jpg,0.8242862433050014,5.206639401958054
16889,koniq10k,koniq10k/6951573031.jpg,/home/sergey/iqa-data/koniq10k/koniq10k/1024x768/6951573031.jpg,0.5101971693597174,4.278434550873357
16903,koniq10k,koniq10k/6959482720.jpg,/home/sergey/iqa-data/koniq10k/koniq10k/1024x768/6959482720.jpg,0.8321768459514883,2.1336893704980544
16905,koniq10k,koniq10k/6961079357.jpg,/home/sergey/iqa-data/koniq10k/koniq10k/1024x768/6961079357.jpg,0.6015402810238494,8.268105668610854
16908,koniq10k,koniq10k/6962153786.jpg,/home/sergey/iqa-data/koniq10k/koniq10k/1024x768/6962153786.jpg,0.8078027764480603,3.0286916715010825
16913,koniq10k,koniq10k/6965585396.jpg,/home/sergey/iqa-data/koniq10k/koniq10k/1024x768/6965585396.jpg,0.558832915645914,8.787125706846435
16920,koniq10k,koniq10k/6967399980.jpg,/home/sergey/iqa-data/koniq10k/koniq10k/1024x768/6967399980.jpg,0.8116779502610029,4.4817918507598185
16926,koniq10k,koniq10k/6974364233.jpg,/home/sergey/iqa-data/koniq10k/koniq10k/1024x768/6974364233.jpg,0.7697462900909525,4.865598116377104
16929,koniq10k,koniq10k/6974731766.jpg,/home/sergey/iqa-data/koniq10k/koniq10k/1024x768/6974731766.jpg,0.4081132329771746,6.096383067279942
16944,koniq10k,koniq10k/6979944704.jpg,/home/sergey/iqa-data/koniq10k/koniq10k/1024x768/6979944704.jpg,0.8199918444054388,2.037263259660118
16947,koniq10k,koniq10k/6981062336.jpg,/home/sergey/iqa-data/koniq10k/koniq10k/1024x768/6981062336.jpg,0.8378860874567953,2.060827420929619
16966,koniq10k,koniq10k/6994291070.jpg,/home/sergey/iqa-data/koniq10k/koniq10k/1024x768/6994291070.jpg,0.7237012573506473,2.468516696804298
16969,koniq10k,koniq10k/6995068299.jpg,/home/sergey/iqa-data/koniq10k/koniq10k/1024x768/6995068299.jpg,0.698518633966773,5.784845534670887
16975,koniq10k,koniq10k/6997268609.jpg,/home/sergey/iqa-data/koniq10k/koniq10k/1024x768/6997268609.jpg,0.3452105599871133,6.53538971016425
16976,koniq10k,koniq10k/6998687310.jpg,/home/sergey/iqa-data/koniq10k/koniq10k/1024x768/6998687310.jpg,0.6121893903128929,3.3892021925082414
16982,koniq10k,koniq10k/7001539761.jpg,/home/sergey/iqa-data/koniq10k/koniq10k/1024x768/7001539761.jpg,0.8599226925193382,2.8139547429921272
16988,koniq10k,koniq10k/7004025487.jpg,/home/sergey/iqa-data/koniq10k/koniq10k/1024x768/7004025487.jpg,0.2582639649683069,8.308900717621325
16995,koniq10k,koniq10k/7005672625.jpg,/home/sergey/iqa-data/koniq10k/koniq10k/1024x768/7005672625.jpg,0.7174602727639656,3.291168778127658
16997,koniq10k,koniq10k/7005951474.jpg,/home/sergey/iqa-data/koniq10k/koniq10k/1024x768/7005951474.jpg,0.488670815382161,3.164479598582098
16998,koniq10k,koniq10k/7005989775.jpg,/home/sergey/iqa-data/koniq10k/koniq10k/1024x768/7005989775.jpg,0.4051202950197684,4.9071324805979994
17004,koniq10k,koniq10k/7007091368.jpg,/home/sergey/iqa-data/koniq10k/koniq10k/1024x768/7007091368.jpg,0.7261556976239565,5.778695034828504
17005,koniq10k,koniq10k/701112732.jpg,/home/sergey/iqa-data/koniq10k/koniq10k/1024x768/701112732.jpg,0.5953805648635693,13.011126502334585
17015,koniq10k,koniq10k/7021084115.jpg,/home/sergey/iqa-data/koniq10k/koniq10k/1024x768/7021084115.jpg,0.8164193393968406,3.042506938221151
17024,koniq10k,koniq10k/70272233.jpg,/home/sergey/iqa-data/koniq10k/koniq10k/1024x768/70272233.jpg,0.1618023219267835,7.483400244732741
17035,koniq10k,koniq10k/7042014185.jpg,/home/sergey/iqa-data/koniq10k/koniq10k/1024x768/7042014185.jpg,0.6764842870635112,6.006296150174274
17045,koniq10k,koniq10k/7052391619.jpg,/home/sergey/iqa-data/koniq10k/koniq10k/1024x768/7052391619.jpg,0.8137865007180463,2.9808749447296417
17047,koniq10k,koniq10k/7054584681.jpg,/home/sergey/iqa-data/koniq10k/koniq10k/1024x768/7054584681.jpg,0.7316670085937684,2.8472688753794215
17057,koniq10k,koniq10k/7063436849.jpg,/home/sergey/iqa-data/koniq10k/koniq10k/1024x768/7063436849.jpg,0.6410064624222112,7.923116546054934
17077,koniq10k,koniq10k/7090447613.jpg,/home/sergey/iqa-data/koniq10k/koniq10k/1024x768/7090447613.jpg,0.5684538056486342,7.0223304988334245
17084,koniq10k,koniq10k/7100857351.jpg,/home/sergey/iqa-data/koniq10k/koniq10k/1024x768/7100857351.jpg,0.8111204849541909,1.6503868630188452
17092,koniq10k,koniq10k/7107776883.jpg,/home/sergey/iqa-data/koniq10k/koniq10k/1024x768/7107776883.jpg,0.6070657622587299,5.956230184207905
17093,koniq10k,koniq10k/7107867443.jpg,/home/sergey/iqa-data/koniq10k/koniq10k/1024x768/7107867443.jpg,0.5225972271309886,4.403184665910418
17112,koniq10k,koniq10k/7131604965.jpg,/home/sergey/iqa-data/koniq10k/koniq10k/1024x768/7131604965.jpg,0.6405052484047506,4.829465868761671
17113,koniq10k,koniq10k/7131772191.jpg,/home/sergey/iqa-data/koniq10k/koniq10k/1024x768/7131772191.jpg,0.8319770224988032,2.6380106759968416
17117,koniq10k,koniq10k/7135099747.jpg,/home/sergey/iqa-data/koniq10k/koniq10k/1024x768/7135099747.jpg,0.8155393088375383,5.701374438137263
17123,koniq10k,koniq10k/7144832397.jpg,/home/sergey/iqa-data/koniq10k/koniq10k/1024x768/7144832397.jpg,0.7377876102235568,3.2050902362850717
17133,koniq10k,koniq10k/7155826261.jpg,/home/sergey/iqa-data/koniq10k/koniq10k/1024x768/7155826261.jpg,0.7300143609382469,4.5115005468506375
17135,koniq10k,koniq10k/7158075991.jpg,/home/sergey/iqa-data/koniq10k/koniq10k/1024x768/7158075991.jpg,0.8129150845622236,2.235245969548719
17136,koniq10k,koniq10k/7158901982.jpg,/home/sergey/iqa-data/koniq10k/koniq10k/1024x768/7158901982.jpg,0.679995073593998,2.7103106392031977
17146,koniq10k,koniq10k/7165207702.jpg,/home/sergey/iqa-data/koniq10k/koniq10k/1024x768/7165207702.jpg,0.7325480099534668,5.399937268699351
17160,koniq10k,koniq10k/7170927811.jpg,/home/sergey/iqa-data/koniq10k/koniq10k/1024x768/7170927811.jpg,0.4456181074270423,11.212679921316944
17165,koniq10k,koniq10k/7173197243.jpg,/home/sergey/iqa-data/koniq10k/koniq10k/1024x768/7173197243.jpg,0.8293222251988364,2.061128743612202
17166,koniq10k,koniq10k/7173633933.jpg,/home/sergey/iqa-data/koniq10k/koniq10k/1024x768/7173633933.jpg,0.3701360869862551,4.976978847008142
17172,koniq10k,koniq10k/7178723916.jpg,/home/sergey/iqa-data/koniq10k/koniq10k/1024x768/7178723916.jpg,0.5381509084281589,5.7327033331118376
17175,koniq10k,koniq10k/7179446780.jpg,/home/sergey/iqa-data/koniq10k/koniq10k/1024x768/7179446780.jpg,0.7316670085937684,11.140181258514204
17186,koniq10k,koniq10k/7188153176.jpg,/home/sergey/iqa-data/koniq10k/koniq10k/1024x768/7188153176.jpg,0.5528771265966081,5.780681048443733
17199,koniq10k,koniq10k/7196416584.jpg,/home/sergey/iqa-data/koniq10k/koniq10k/1024x768/7196416584.jpg,0.6067939648600259,4.560338736096546
17201,koniq10k,koniq10k/7202630536.jpg,/home/sergey/iqa-data/koniq10k/koniq10k/1024x768/7202630536.jpg,0.761559625779046,3.784749926165411
17206,koniq10k,koniq10k/7212441932.jpg,/home/sergey/iqa-data/koniq10k/koniq10k/1024x768/7212441932.jpg,0.6812897490255088,3.4619961340991323
17213,koniq10k,koniq10k/7219282312.jpg,/home/sergey/iqa-data/koniq10k/koniq10k/1024x768/7219282312.jpg,0.6066618064918472,3.9335698265144665
17218,koniq10k,koniq10k/7224064916.jpg,/home/sergey/iqa-data/koniq10k/koniq10k/1024x768/7224064916.jpg,0.7723697425355973,2.3004486493336134
17221,koniq10k,koniq10k/7229767436.jpg,/home/sergey/iqa-data/koniq10k/koniq10k/1024x768/7229767436.jpg,0.7833939210100986,3.623924474711061
17225,koniq10k,koniq10k/7233783308.jpg,/home/sergey/iqa-data/koniq10k/koniq10k/1024x768/7233783308.jpg,0.7057998505746605,3.6357903344212237
17234,koniq10k,koniq10k/7247521810.jpg,/home/sergey/iqa-data/koniq10k/koniq10k/1024x768/7247521810.jpg,0.3729142446830337,7.731181128149906
17239,koniq10k,koniq10k/7253127574.jpg,/home/sergey/iqa-data/koniq10k/koniq10k/1024x768/7253127574.jpg,0.7726833480223515,7.491441372518463
17240,koniq10k,koniq10k/7253262358.jpg,/home/sergey/iqa-data/koniq10k/koniq10k/1024x768/7253262358.jpg,0.5188432917011169,5.858783648182186
17244,koniq10k,koniq10k/7259290306.jpg,/home/sergey/iqa-data/koniq10k/koniq10k/1024x768/7259290306.jpg,0.6483963618956436,3.5840623902204514
17246,koniq10k,koniq10k/7259602320.jpg,/home/sergey/iqa-data/koniq10k/koniq10k/1024x768/7259602320.jpg,0.6492340832934422,8.865976515149779
17249,koniq10k,koniq10k/7260432838.jpg,/home/sergey/iqa-data/koniq10k/koniq10k/1024x768/7260432838.jpg,0.7359980852082328,3.862245770096602
17254,koniq10k,koniq10k/7264008364.jpg,/home/sergey/iqa-data/koniq10k/koniq10k/1024x768/7264008364.jpg,0.8324215277302874,3.0747147004617497
17257,koniq10k,koniq10k/7265767786.jpg,/home/sergey/iqa-data/koniq10k/koniq10k/1024x768/7265767786.jpg,0.8029438123792012,2.941835222739076
17263,koniq10k,koniq10k/7268981578.jpg,/home/sergey/iqa-data/koniq10k/koniq10k/1024x768/7268981578.jpg,0.3898452812124584,6.786759049788893
17265,koniq10k,koniq10k/7269365920.jpg,/home/sergey/iqa-data/koniq10k/koniq10k/1024x768/7269365920.jpg,0.7292963140258496,2.3744133943917918
17266,koniq10k,koniq10k/7270304334.jpg,/home/sergey/iqa-data/koniq10k/koniq10k/1024x768/7270304334.jpg,0.2550632373402282,6.797824928338134
17268,koniq10k,koniq10k/7270896820.jpg,/home/sergey/iqa-data/koniq10k/koniq10k/1024x768/7270896820.jpg,0.7330062230732416,3.819377175602638
17276,koniq10k,koniq10k/7276523780.jpg,/home/sergey/iqa-data/koniq10k/koniq10k/1024x768/7276523780.jpg,0.8146413184709005,3.923410203742768
17280,koniq10k,koniq10k/7281146720.jpg,/home/sergey/iqa-data/koniq10k/koniq10k/1024x768/7281146720.jpg,0.827279212307229,5.434467829300505
17285,koniq10k,koniq10k/7287423330.jpg,/home/sergey/iqa-data/koniq10k/koniq10k/1024x768/7287423330.jpg,0.784081583806333,3.113347739505704
17290,koniq10k,koniq10k/7292757116.jpg,/home/sergey/iqa-data/koniq10k/koniq10k/1024x768/7292757116.jpg,0.8699865776851675,2.7465675740890103
17295,koniq10k,koniq10k/7297259404.jpg,/home/sergey/iqa-data/koniq10k/koniq10k/1024x768/7297259404.jpg,0.7008642913294189,5.439277135599513
17297,koniq10k,koniq10k/7300513490.jpg,/home/sergey/iqa-data/koniq10k/koniq10k/1024x768/7300513490.jpg,0.6467650708519433,5.35907721206974
17301,koniq10k,koniq10k/7303973886.jpg,/home/sergey/iqa-data/koniq10k/koniq10k/1024x768/7303973886.jpg,0.7079600629145859,4.511941061718294
17304,koniq10k,koniq10k/7310636810.jpg,/home/sergey/iqa-data/koniq10k/koniq10k/1024x768/7310636810.jpg,0.7988271900430831,3.8326154206824734
17306,koniq10k,koniq10k/7312752876.jpg,/home/sergey/iqa-data/koniq10k/koniq10k/1024x768/7312752876.jpg,0.5751023881708403,5.402413500098321
17308,koniq10k,koniq10k/7316218852.jpg,/home/sergey/iqa-data/koniq10k/koniq10k/1024x768/7316218852.jpg,0.5385351842987081,4.53309111206416
17313,koniq10k,koniq10k/7319806894.jpg,/home/sergey/iqa-data/koniq10k/koniq10k/1024x768/7319806894.jpg,0.7079600629145859,15.539991704689282
17320,koniq10k,koniq10k/7328195954.jpg,/home/sergey/iqa-data/koniq10k/koniq10k/1024x768/7328195954.jpg,0.7854192152899666,3.64689155701178
17331,koniq10k,koniq10k/7339227510.jpg,/home/sergey/iqa-data/koniq10k/koniq10k/1024x768/7339227510.jpg,0.4397472836149815,5.04446288138936
17338,koniq10k,koniq10k/7349520418.jpg,/home/sergey/iqa-data/koniq10k/koniq10k/1024x768/7349520418.jpg,0.6101689119879647,3.9671440428042497
17342,koniq10k,koniq10k/7354160932.jpg,/home/sergey/iqa-data/koniq10k/koniq10k/1024x768/7354160932.jpg,0.7230732407850643,2.5646749259372124
17352,koniq10k,koniq10k/7361922724.jpg,/home/sergey/iqa-data/koniq10k/koniq10k/1024x768/7361922724.jpg,0.900713695112929,3.8516658021518766
17361,koniq10k,koniq10k/7376214050.jpg,/home/sergey/iqa-data/koniq10k/koniq10k/1024x768/7376214050.jpg,0.4212541886069884,6.231643665947862
17373,koniq10k,koniq10k/7391334516.jpg,/home/sergey/iqa-data/koniq10k/koniq10k/1024x768/7391334516.jpg,0.7538363575602656,3.3984805684420696
17376,koniq10k,koniq10k/7393631040.jpg,/home/sergey/iqa-data/koniq10k/koniq10k/1024x768/7393631040.jpg,0.8396447377419143,2.7689423696907496
17379,koniq10k,koniq10k/7399670298.jpg,/home/sergey/iqa-data/koniq10k/koniq10k/1024x768/7399670298.jpg,0.4620005014930808,5.787523751420428
17389,koniq10k,koniq10k/7418763178.jpg,/home/sergey/iqa-data/koniq10k/koniq10k/1024x768/7418763178.jpg,0.5865727464287778,5.270197120876945
17392,koniq10k,koniq10k/7425462410.jpg,/home/sergey/iqa-data/koniq10k/koniq10k/1024x768/7425462410.jpg,0.7960529178815424,2.9429412065692873
17409,koniq10k,koniq10k/7445548804.jpg,/home/sergey/iqa-data/koniq10k/koniq10k/1024x768/7445548804.jpg,0.5803050653678303,5.223961065260369
17417,koniq10k,koniq10k/7455819414.jpg,/home/sergey/iqa-data/koniq10k/koniq10k/1024x768/7455819414.jpg,0.6950694112015315,4.949986912194787
17421,koniq10k,koniq10k/7460005346.jpg,/home/sergey/iqa-data/koniq10k/koniq10k/1024x768/7460005346.jpg,0.6744201227207436,4.651005756763393
17423,koniq10k,koniq10k/7461279878.jpg,/home/sergey/iqa-data/koniq10k/koniq10k/1024x768/7461279878.jpg,0.679511728099569,2.7090867177382356
17438,koniq10k,koniq10k/7480977716.jpg,/home/sergey/iqa-data/koniq10k/koniq10k/1024x768/7480977716.jpg,0.6044723400893255,6.249913840243621
17439,koniq10k,koniq10k/7483507340.jpg,/home/sergey/iqa-data/koniq10k/koniq10k/1024x768/7483507340.jpg,0.40514579105894,6.408661421701657
17443,koniq10k,koniq10k/7490518604.jpg,/home/sergey/iqa-data/koniq10k/koniq10k/1024x768/7490518604.jpg,0.7082437896580858,5.173243708102863
17445,koniq10k,koniq10k/7490674084.jpg,/home/sergey/iqa-data/koniq10k/koniq10k/1024x768/7490674084.jpg,0.7449150076497798,3.553719810398148
17453,koniq10k,koniq10k/7499578096.jpg,/home/sergey/iqa-data/koniq10k/koniq10k/1024x768/7499578096.jpg,0.5775718616790888,4.771039447871186
17454,koniq10k,koniq10k/7499781424.jpg,/home/sergey/iqa-data/koniq10k/koniq10k/1024x768/7499781424.jpg,0.7761175317422323,2.3971087603121397
17458,koniq10k,koniq10k/7505379000.jpg,/home/sergey/iqa-data/koniq10k/koniq10k/1024x768/7505379000.jpg,0.6220223848275559,7.582954897897093
17461,koniq10k,koniq10k/7506684932.jpg,/home/sergey/iqa-data/koniq10k/koniq10k/1024x768/7506684932.jpg,0.828019631263159,2.936624856200556
17477,koniq10k,koniq10k/7533737270.jpg,/home/sergey/iqa-data/koniq10k/koniq10k/1024x768/7533737270.jpg,0.9265907841781452,3.269975443744805
17488,koniq10k,koniq10k/7550549938.jpg,/home/sergey/iqa-data/koniq10k/koniq10k/1024x768/7550549938.jpg,0.7585387164388584,5.643689452272859
17495,koniq10k,koniq10k/7559495698.jpg,/home/sergey/iqa-data/koniq10k/koniq10k/1024x768/7559495698.jpg,0.1887298979208966,5.4569658395414935
17512,koniq10k,koniq10k/7581184960.jpg,/home/sergey/iqa-data/koniq10k/koniq10k/1024x768/7581184960.jpg,0.7109234311244839,2.8651296836958036
17516,koniq10k,koniq10k/7586560076.jpg,/home/sergey/iqa-data/koniq10k/koniq10k/1024x768/7586560076.jpg,0.7405571132234616,2.353244690824131
17517,koniq10k,koniq10k/7587404052.jpg,/home/sergey/iqa-data/koniq10k/koniq10k/1024x768/7587404052.jpg,0.2696031280897271,7.905789733867239
17520,koniq10k,koniq10k/7591145832.jpg,/home/sergey/iqa-data/koniq10k/koniq10k/1024x768/7591145832.jpg,0.8036306384249526,3.905914349004903
17525,koniq10k,koniq10k/7603371702.jpg,/home/sergey/iqa-data/koniq10k/koniq10k/1024x768/7603371702.jpg,0.8166435942884002,3.3605711918548242
17527,koniq10k,koniq10k/7607759408.jpg,/home/sergey/iqa-data/koniq10k/koniq10k/1024x768/7607759408.jpg,0.3701360869862551,6.259653440778545
17530,koniq10k,koniq10k/7613152858.jpg,/home/sergey/iqa-data/koniq10k/koniq10k/1024x768/7613152858.jpg,0.8395668454700425,6.453237245536195
17531,koniq10k,koniq10k/7614530994.jpg,/home/sergey/iqa-data/koniq10k/koniq10k/1024x768/7614530994.jpg,0.8854169087267089,3.4630205190926535
17533,koniq10k,koniq10k/7617788578.jpg,/home/sergey/iqa-data/koniq10k/koniq10k/1024x768/7617788578.jpg,0.663509539766122,5.762359174319994
17535,koniq10k,koniq10k/7618408824.jpg,/home/sergey/iqa-data/koniq10k/koniq10k/1024x768/7618408824.jpg,0.6990699582848924,3.4935075497892467
17537,koniq10k,koniq10k/7622984342.jpg,/home/sergey/iqa-data/koniq10k/koniq10k/1024x768/7622984342.jpg,0.7803131916829773,4.323506663514499
17544,koniq10k,koniq10k/7628564828.jpg,/home/sergey/iqa-data/koniq10k/koniq10k/1024x768/7628564828.jpg,0.7449736716132134,2.554908402021606
17553,koniq10k,koniq10k/7640299878.jpg,/home/sergey/iqa-data/koniq10k/koniq10k/1024x768/7640299878.jpg,0.7890613004326335,4.204362770679537
17554,koniq10k,koniq10k/7641363622.jpg,/home/sergey/iqa-data/koniq10k/koniq10k/1024x768/7641363622.jpg,0.6989876425012842,2.7038458140445303
17564,koniq10k,koniq10k/7660049550.jpg,/home/sergey/iqa-data/koniq10k/koniq10k/1024x768/7660049550.jpg,0.6998781496148669,5.227222747927029
17573,koniq10k,koniq10k/7670929454.jpg,/home/sergey/iqa-data/koniq10k/koniq10k/1024x768/7670929454.jpg,0.7909343727917213,5.506055340096299
17578,koniq10k,koniq10k/7673801638.jpg,/home/sergey/iqa-data/koniq10k/koniq10k/1024x768/7673801638.jpg,0.872735071496618,3.164512859844651
17582,koniq10k,koniq10k/7678256566.jpg,/home/sergey/iqa-data/koniq10k/koniq10k/1024x768/7678256566.jpg,0.8766156055528966,4.5169147923958
17589,koniq10k,koniq10k/7690007638.jpg,/home/sergey/iqa-data/koniq10k/koniq10k/1024x768/7690007638.jpg,0.6320455420080915,2.8169244172818773
17594,koniq10k,koniq10k/7697492926.jpg,/home/sergey/iqa-data/koniq10k/koniq10k/1024x768/7697492926.jpg,0.6936371165667492,3.8247029804115975
17599,koniq10k,koniq10k/7705365342.jpg,/home/sergey/iqa-data/koniq10k/koniq10k/1024x768/7705365342.jpg,0.6646769272427472,3.100874617647075
17604,koniq10k,koniq10k/7714653298.jpg,/home/sergey/iqa-data/koniq10k/koniq10k/1024x768/7714653298.jpg,0.4916341835920588,4.3683412300061955
17606,koniq10k,koniq10k/7717158358.jpg,/home/sergey/iqa-data/koniq10k/koniq10k/1024x768/7717158358.jpg,0.825753949258018,2.025711967634188
17608,koniq10k,koniq10k/7721291102.jpg,/home/sergey/iqa-data/koniq10k/koniq10k/1024x768/7721291102.jpg,0.7761175317422323,2.992956630992387
17618,koniq10k,koniq10k/7734376776.jpg,/home/sergey/iqa-data/koniq10k/koniq10k/1024x768/7734376776.jpg,0.8133950421209465,3.9212308527095394
17620,koniq10k,koniq10k/7736222330.jpg,/home/sergey/iqa-data/koniq10k/koniq10k/1024x768/7736222330.jpg,0.6246782336949154,4.566437608062129
17622,koniq10k,koniq10k/7736819994.jpg,/home/sergey/iqa-data/koniq10k/koniq10k/1024x768/7736819994.jpg,0.6502137195677308,5.438714511985423
17623,koniq10k,koniq10k/7737023436.jpg,/home/sergey/iqa-data/koniq10k/koniq10k/1024x768/7737023436.jpg,0.5496813373506425,5.390273204595781
17626,koniq10k,koniq10k/7739550292.jpg,/home/sergey/iqa-data/koniq10k/koniq10k/1024x768/7739550292.jpg,0.6167929115159705,5.807657007291318
17629,koniq10k,koniq10k/7743542184.jpg,/home/sergey/iqa-data/koniq10k/koniq10k/1024x768/7743542184.jpg,0.862446598083403,2.501718812537761
17631,koniq10k,koniq10k/7744113492.jpg,/home/sergey/iqa-data/koniq10k/koniq10k/1024x768/7744113492.jpg,0.5686817570493955,3.25073319826098
17635,koniq10k,koniq10k/7745091164.jpg,/home/sergey/iqa-data/koniq10k/koniq10k/1024x768/7745091164.jpg,0.8211781601103826,2.327368617809707
17638,koniq10k,koniq10k/7749694370.jpg,/home/sergey/iqa-data/koniq10k/koniq10k/1024x768/7749694370.jpg,0.7537276386007838,3.3744168071120453
17640,koniq10k,koniq10k/7751327300.jpg,/home/sergey/iqa-data/koniq10k/koniq10k/1024x768/7751327300.jpg,0.8333802645040788,3.4432927770969055
17644,koniq10k,koniq10k/7751952772.jpg,/home/sergey/iqa-data/koniq10k/koniq10k/1024x768/7751952772.jpg,0.7713708977069088,2.823302007505659
17646,koniq10k,koniq10k/7755707532.jpg,/home/sergey/iqa-data/koniq10k/koniq10k/1024x768/7755707532.jpg,0.7857269005005412,4.027295957428492
17653,koniq10k,koniq10k/7762883720.jpg,/home/sergey/iqa-data/koniq10k/koniq10k/1024x768/7762883720.jpg,0.7676014444594212,4.0501018907550295
17654,koniq10k,koniq10k/7763162224.jpg,/home/sergey/iqa-data/koniq10k/koniq10k/1024x768/7763162224.jpg,0.5801865983348816,6.443392450899271
17660,koniq10k,koniq10k/7769931466.jpg,/home/sergey/iqa-data/koniq10k/koniq10k/1024x768/7769931466.jpg,0.5101971693597174,3.4990762435758938
17661,koniq10k,koniq10k/7769932398.jpg,/home/sergey/iqa-data/koniq10k/koniq10k/1024x768/7769932398.jpg,0.7710139531585185,2.7242182507475503
17665,koniq10k,koniq10k/7780172596.jpg,/home/sergey/iqa-data/koniq10k/koniq10k/1024x768/7780172596.jpg,0.791270424856761,3.6710432205314594
17666,koniq10k,koniq10k/7783320848.jpg,/home/sergey/iqa-data/koniq10k/koniq10k/1024x768/7783320848.jpg,0.7821924365725227,5.860689234896374
17669,koniq10k,koniq10k/7786382886.jpg,/home/sergey/iqa-data/koniq10k/koniq10k/1024x768/7786382886.jpg,0.6639540449976062,3.8742735127249137
17672,koniq10k,koniq10k/7788745946.jpg,/home/sergey/iqa-data/koniq10k/koniq10k/1024x768/7788745946.jpg,0.8146413184709005,4.283738288450376
17674,koniq10k,koniq10k/7793934458.jpg,/home/sergey/iqa-data/koniq10k/koniq10k/1024x768/7793934458.jpg,0.6320455420080915,2.8543188319694055
17676,koniq10k,koniq10k/7795515978.jpg,/home/sergey/iqa-data/koniq10k/koniq10k/1024x768/7795515978.jpg,0.619924425032937,4.470478915799819
17691,koniq10k,koniq10k/7816938468.jpg,/home/sergey/iqa-data/koniq10k/koniq10k/1024x768/7816938468.jpg,0.6517907654815261,5.0402173591361406
17692,koniq10k,koniq10k/7819211312.jpg,/home/sergey/iqa-data/koniq10k/koniq10k/1024x768/7819211312.jpg,0.5466308112522177,7.1403619452372045
17694,koniq10k,koniq10k/7819666996.jpg,/home/sergey/iqa-data/koniq10k/koniq10k/1024x768/7819666996.jpg,0.823531423100594,3.9732530909690276
17696,koniq10k,koniq10k/7822391242.jpg,/home/sergey/iqa-data/koniq10k/koniq10k/1024x768/7822391242.jpg,0.6398025940869395,3.5199117180925774
17704,koniq10k,koniq10k/7839484666.jpg,/home/sergey/iqa-data/koniq10k/koniq10k/1024x768/7839484666.jpg,0.7587480863931277,2.7851970310812537
17705,koniq10k,koniq10k/7840986296.jpg,/home/sergey/iqa-data/koniq10k/koniq10k/1024x768/7840986296.jpg,0.7761175317422323,2.672512674804666
17711,koniq10k,koniq10k/7843258130.jpg,/home/sergey/iqa-data/koniq10k/koniq10k/1024x768/7843258130.jpg,0.7790808999521301,3.7681316306812396
17715,koniq10k,koniq10k/7845980046.jpg,/home/sergey/iqa-data/koniq10k/koniq10k/1024x768/7845980046.jpg,0.8406830391033365,2.7085237245711222
17726,koniq10k,koniq10k/7866480612.jpg,/home/sergey/iqa-data/koniq10k/koniq10k/1024x768/7866480612.jpg,0.7697462900909525,3.0266869679032906
17736,koniq10k,koniq10k/7875422248.jpg,/home/sergey/iqa-data/koniq10k/koniq10k/1024x768/7875422248.jpg,0.8319494867764994,2.931181785106486
17742,koniq10k,koniq10k/7887126684.jpg,/home/sergey/iqa-data/koniq10k/koniq10k/1024x768/7887126684.jpg,0.8407132599329812,2.494151805815497
17748,koniq10k,koniq10k/7897296676.jpg,/home/sergey/iqa-data/koniq10k/koniq10k/1024x768/7897296676.jpg,0.7102041669958684,4.908800129988575
17757,koniq10k,koniq10k/7904253618.jpg,/home/sergey/iqa-data/koniq10k/koniq10k/1024x768/7904253618.jpg,0.4697223551938718,7.635157330051204
17758,koniq10k,koniq10k/7904310752.jpg,/home/sergey/iqa-data/koniq10k/koniq10k/1024x768/7904310752.jpg,0.7348796320736581,3.3967956557067818
17763,koniq10k,koniq10k/7909059554.jpg,/home/sergey/iqa-data/koniq10k/koniq10k/1024x768/7909059554.jpg,0.7168501675442794,4.721675021493984
17766,koniq10k,koniq10k/7911673358.jpg,/home/sergey/iqa-data/koniq10k/koniq10k/1024x768/7911673358.jpg,0.8038523565416639,3.9061675952819477
17769,koniq10k,koniq10k/7914531096.jpg,/home/sergey/iqa-data/koniq10k/koniq10k/1024x768/7914531096.jpg,0.8437051220679758,3.2977953272458262
17774,koniq10k,koniq10k/7919265884.jpg,/home/sergey/iqa-data/koniq10k/koniq10k/1024x768/7919265884.jpg,0.2723449360596308,7.064363283492037
17775,koniq10k,koniq10k/7919270808.jpg,/home/sergey/iqa-data/koniq10k/koniq10k/1024x768/7919270808.jpg,0.4195255571512134,7.219742806018909
17782,koniq10k,koniq10k/7926649668.jpg,/home/sergey/iqa-data/koniq10k/koniq10k/1024x768/7926649668.jpg,0.5178414711983411,4.844087032739149
17786,koniq10k,koniq10k/7929526740.jpg,/home/sergey/iqa-data/koniq10k/koniq10k/1024x768/7929526740.jpg,0.8133950421209465,7.5030572295367
17787,koniq10k,koniq10k/7931367844.jpg,/home/sergey/iqa-data/koniq10k/koniq10k/1024x768/7931367844.jpg,0.8825993298228825,8.67184400331368
17790,koniq10k,koniq10k/7935628474.jpg,/home/sergey/iqa-data/koniq10k/koniq10k/1024x768/7935628474.jpg,0.8671009448893595,2.480280799507319
17791,koniq10k,koniq10k/7937116986.jpg,/home/sergey/iqa-data/koniq10k/koniq10k/1024x768/7937116986.jpg,0.7710710037016133,2.8105211657007545
17796,koniq10k,koniq10k/7946144914.jpg,/home/sergey/iqa-data/koniq10k/koniq10k/1024x768/7946144914.jpg,0.5841279860372708,7.712790452254316
17798,koniq10k,koniq10k/7946509460.jpg,/home/sergey/iqa-data/koniq10k/koniq10k/1024x768/7946509460.jpg,0.6217890487480355,3.8734199886820417
17800,koniq10k,koniq10k/7946918290.jpg,/home/sergey/iqa-data/koniq10k/koniq10k/1024x768/7946918290.jpg,0.3590234561991376,6.590939036685074
17802,koniq10k,koniq10k/7951947544.jpg,/home/sergey/iqa-data/koniq10k/koniq10k/1024x768/7951947544.jpg,0.5511132169478605,7.961551389484861
17809,koniq10k,koniq10k/7956634196.jpg,/home/sergey/iqa-data/koniq10k/koniq10k/1024x768/7956634196.jpg,0.549569391438773,5.867641093171596
17817,koniq10k,koniq10k/7967382050.jpg,/home/sergey/iqa-data/koniq10k/koniq10k/1024x768/7967382050.jpg,0.3642093505664596,7.754788190674929
17836,koniq10k,koniq10k/7980394491.jpg,/home/sergey/iqa-data/koniq10k/koniq10k/1024x768/7980394491.jpg,0.6361045064861607,2.5367454596629453
17845,koniq10k,koniq10k/7987564601.jpg,/home/sergey/iqa-data/koniq10k/koniq10k/1024x768/7987564601.jpg,0.6407232521715678,3.590613807187549
17846,koniq10k,koniq10k/7987926613.jpg,/home/sergey/iqa-data/koniq10k/koniq10k/1024x768/7987926613.jpg,0.7290636757738581,3.797627684885498
17851,koniq10k,koniq10k/7991449337.jpg,/home/sergey/iqa-data/koniq10k/koniq10k/1024x768/7991449337.jpg,0.8783986345020336,4.654743266612288
17855,koniq10k,koniq10k/7993457702.jpg,/home/sergey/iqa-data/koniq10k/koniq10k/1024x768/7993457702.jpg,0.5893968405935864,4.52616290847895
17856,koniq10k,koniq10k/7994018610.jpg,/home/sergey/iqa-data/koniq10k/koniq10k/1024x768/7994018610.jpg,0.8229757915612397,4.4378418517129194
17878,koniq10k,koniq10k/8008251007.jpg,/home/sergey/iqa-data/koniq10k/koniq10k/1024x768/8008251007.jpg,0.367298819551245,6.802460599058043
17881,koniq10k,koniq10k/8009623425.jpg,/home/sergey/iqa-data/koniq10k/koniq10k/1024x768/8009623425.jpg,0.7978675361507277,4.3013324546329965
17886,koniq10k,koniq10k/8015637389.jpg,/home/sergey/iqa-data/koniq10k/koniq10k/1024x768/8015637389.jpg,0.7587480863931277,2.2019344837538073
17890,koniq10k,koniq10k/8016871394.jpg,/home/sergey/iqa-data/koniq10k/koniq10k/1024x768/8016871394.jpg,0.8046711076712475,4.077884211486337
17892,koniq10k,koniq10k/8017805417.jpg,/home/sergey/iqa-data/koniq10k/koniq10k/1024x768/8017805417.jpg,0.8030656614009882,5.948435675948463
17894,koniq10k,koniq10k/8019221019.jpg,/home/sergey/iqa-data/koniq10k/koniq10k/1024x768/8019221019.jpg,0.479039868699994,8.432411193582887
17896,koniq10k,koniq10k/8020739978.jpg,/home/sergey/iqa-data/koniq10k/koniq10k/1024x768/8020739978.jpg,0.7761175317422323,2.4975453347918877
17898,koniq10k,koniq10k/8021300262.jpg,/home/sergey/iqa-data/koniq10k/koniq10k/1024x768/8021300262.jpg,0.807603318972396,2.8267517342448953
17902,koniq10k,koniq10k/8022493551.jpg,/home/sergey/iqa-data/koniq10k/koniq10k/1024x768/8022493551.jpg,0.6364198813190369,9.080278046897092
17905,koniq10k,koniq10k/8025466958.jpg,/home/sergey/iqa-data/koniq10k/koniq10k/1024x768/8025466958.jpg,0.6961065900749948,4.073366953240887
17906,koniq10k,koniq10k/8026326591.jpg,/home/sergey/iqa-data/koniq10k/koniq10k/1024x768/8026326591.jpg,0.807084729535663,3.6858135097740155
17913,koniq10k,koniq10k/8035433785.jpg,/home/sergey/iqa-data/koniq10k/koniq10k/1024x768/8035433785.jpg,0.8203626729355551,3.676035320040394
17915,koniq10k,koniq10k/8036033409.jpg,/home/sergey/iqa-data/koniq10k/koniq10k/1024x768/8036033409.jpg,0.7116158068744608,3.656710688441518
17925,koniq10k,koniq10k/8041921391.jpg,/home/sergey/iqa-data/koniq10k/koniq10k/1024x768/8041921391.jpg,0.7917687191809164,3.63399376826734
17934,koniq10k,koniq10k/8044678667.jpg,/home/sergey/iqa-data/koniq10k/koniq10k/1024x768/8044678667.jpg,0.8502818280223741,3.3377847657261395
17936,koniq10k,koniq10k/8044706176.jpg,/home/sergey/iqa-data/koniq10k/koniq10k/1024x768/8044706176.jpg,0.4211114575693557,5.155590055498888
17940,koniq10k,koniq10k/8048106336.jpg,/home/sergey/iqa-data/koniq10k/koniq10k/1024x768/8048106336.jpg,0.7773196528085119,3.441597201395456
17945,koniq10k,koniq10k/8050953362.jpg,/home/sergey/iqa-data/koniq10k/koniq10k/1024x768/8050953362.jpg,0.7825381628636768,7.177779391730328
17954,koniq10k,koniq10k/8059797614.jpg,/home/sergey/iqa-data/koniq10k/koniq10k/1024x768/8059797614.jpg,0.6761608425083772,4.138510503947595
17956,koniq10k,koniq10k/8060465172.jpg,/home/sergey/iqa-data/koniq10k/koniq10k/1024x768/8060465172.jpg,0.7032949585049467,3.549942721779818
17960,koniq10k,koniq10k/8064361291.jpg,/home/sergey/iqa-data/koniq10k/koniq10k/1024x768/8064361291.jpg,0.4141550516575498,5.374909046525939
17962,koniq10k,koniq10k/8066151099.jpg,/home/sergey/iqa-data/koniq10k/koniq10k/1024x768/8066151099.jpg,0.6201702796963671,5.399971372258052
17969,koniq10k,koniq10k/8072879274.jpg,/home/sergey/iqa-data/koniq10k/koniq10k/1024x768/8072879274.jpg,0.7510160598466296,2.9945594807298446
17992,koniq10k,koniq10k/8086991348.jpg,/home/sergey/iqa-data/koniq10k/koniq10k/1024x768/8086991348.jpg,0.8096091837748493,2.5826222970373034
17993,koniq10k,koniq10k/8087032429.jpg,/home/sergey/iqa-data/koniq10k/koniq10k/1024x768/8087032429.jpg,0.6398025940869395,4.522399614605167
18001,koniq10k,koniq10k/8091151386.jpg,/home/sergey/iqa-data/koniq10k/koniq10k/1024x768/8091151386.jpg,0.2812350406893242,4.468382670716548
18002,koniq10k,koniq10k/8093852043.jpg,/home/sergey/iqa-data/koniq10k/koniq10k/1024x768/8093852043.jpg,0.5479381795801139,4.060182039964876
18003,koniq10k,koniq10k/8094310910.jpg,/home/sergey/iqa-data/koniq10k/koniq10k/1024x768/8094310910.jpg,0.8176046866807984,2.858010944514033
18010,koniq10k,koniq10k/8100313754.jpg,/home/sergey/iqa-data/koniq10k/koniq10k/1024x768/8100313754.jpg,0.9475735433582906,5.0419141144968815
18011,koniq10k,koniq10k/81006585.jpg,/home/sergey/iqa-data/koniq10k/koniq10k/1024x768/81006585.jpg,0.241963219266894,4.102095489931594
18012,koniq10k,koniq10k/8100783568.jpg,/home/sergey/iqa-data/koniq10k/koniq10k/1024x768/8100783568.jpg,0.6679961346259675,2.518810059482271
18013,koniq10k,koniq10k/8101870815.jpg,/home/sergey/iqa-data/koniq10k/koniq10k/1024x768/8101870815.jpg,0.700339973231991,5.512151940835366
18025,koniq10k,koniq10k/8108582186.jpg,/home/sergey/iqa-data/koniq10k/koniq10k/1024x768/8108582186.jpg,0.7168501675442794,2.1456849699698024
18041,koniq10k,koniq10k/8114369605.jpg,/home/sergey/iqa-data/koniq10k/koniq10k/1024x768/8114369605.jpg,0.8616562948779335,3.895171772250592
18044,koniq10k,koniq10k/8116678978.jpg,/home/sergey/iqa-data/koniq10k/koniq10k/1024x768/8116678978.jpg,0.8521869059846539,2.846013930792133
18046,koniq10k,koniq10k/8118290739.jpg,/home/sergey/iqa-data/koniq10k/koniq10k/1024x768/8118290739.jpg,0.644247646401788,2.7125174740974947
18047,koniq10k,koniq10k/8120535413.jpg,/home/sergey/iqa-data/koniq10k/koniq10k/1024x768/8120535413.jpg,0.499333401931791,5.721040284192988
18048,koniq10k,koniq10k/8120735257.jpg,/home/sergey/iqa-data/koniq10k/koniq10k/1024x768/8120735257.jpg,0.7825381628636768,2.821191132935122
18066,koniq10k,koniq10k/8129206186.jpg,/home/sergey/iqa-data/koniq10k/koniq10k/1024x768/8129206186.jpg,0.7786094550096468,2.341464885711856
18077,koniq10k,koniq10k/8135725807.jpg,/home/sergey/iqa-data/koniq10k/koniq10k/1024x768/8135725807.jpg,0.7820442681620279,2.643839307759423
18078,koniq10k,koniq10k/8136167992.jpg,/home/sergey/iqa-data/koniq10k/koniq10k/1024x768/8136167992.jpg,0.6767200690756662,4.890390086590226
18079,koniq10k,koniq10k/8137649050.jpg,/home/sergey/iqa-data/koniq10k/koniq10k/1024x768/8137649050.jpg,0.7536228730580099,5.59908443487928
18081,koniq10k,koniq10k/8137767984.jpg,/home/sergey/iqa-data/koniq10k/koniq10k/1024x768/8137767984.jpg,0.147011892358665,7.986961605545528
18096,koniq10k,koniq10k/8152535252.jpg,/home/sergey/iqa-data/koniq10k/koniq10k/1024x768/8152535252.jpg,0.1974629009095249,7.563964979331557
18101,koniq10k,koniq10k/8154496951.jpg,/home/sergey/iqa-data/koniq10k/koniq10k/1024x768/8154496951.jpg,0.570163441154346,6.518339991193691
18108,koniq10k,koniq10k/8157886874.jpg,/home/sergey/iqa-data/koniq10k/koniq10k/1024x768/8157886874.jpg,0.7577766852539465,5.546732680679785
18109,koniq10k,koniq10k/8158011851.jpg,/home/sergey/iqa-data/koniq10k/koniq10k/1024x768/8158011851.jpg,0.7731541635323346,3.7706440139979662
18118,koniq10k,koniq10k/8163644568.jpg,/home/sergey/iqa-data/koniq10k/koniq10k/1024x768/8163644568.jpg,0.1919224154743523,5.856345354236554
18119,koniq10k,koniq10k/8164370728.jpg,/home/sergey/iqa-data/koniq10k/koniq10k/1024x768/8164370728.jpg,0.6133317376735269,6.285824793773325
18124,koniq10k,koniq10k/8167486220.jpg,/home/sergey/iqa-data/koniq10k/koniq10k/1024x768/8167486220.jpg,0.8057512138412104,3.698109180305158
18133,koniq10k,koniq10k/8175828572.jpg,/home/sergey/iqa-data/koniq10k/koniq10k/1024x768/8175828572.jpg,0.7950667761669904,2.3874782944743305
18138,koniq10k,koniq10k/8177168382.jpg,/home/sergey/iqa-data/koniq10k/koniq10k/1024x768/8177168382.jpg,0.4825697631853113,5.70744206676386
18139,koniq10k,koniq10k/8178464033.jpg,/home/sergey/iqa-data/koniq10k/koniq10k/1024x768/8178464033.jpg,0.8347295356629956,3.498948542457703
18142,koniq10k,koniq10k/8178834291.jpg,/home/sergey/iqa-data/koniq10k/koniq10k/1024x768/8178834291.jpg,0.5466308112522177,3.7363657489791664
18144,koniq10k,koniq10k/8179397976.jpg,/home/sergey/iqa-data/koniq10k/koniq10k/1024x768/8179397976.jpg,0.7815213208308686,3.4204540040798355
18151,koniq10k,koniq10k/8183741020.jpg,/home/sergey/iqa-data/koniq10k/koniq10k/1024x768/8183741020.jpg,0.749447217853152,3.882035715637562
18157,koniq10k,koniq10k/8185021640.jpg,/home/sergey/iqa-data/koniq10k/koniq10k/1024x768/8185021640.jpg,0.8396447377419143,2.7513967719662635
18163,koniq10k,koniq10k/8188022955.jpg,/home/sergey/iqa-data/koniq10k/koniq10k/1024x768/8188022955.jpg,0.6912599598251618,4.152327303478086
18167,koniq10k,koniq10k/8189726942.jpg,/home/sergey/iqa-data/koniq10k/koniq10k/1024x768/8189726942.jpg,0.6796280472255645,4.862716084480774
18169,koniq10k,koniq10k/8192678214.jpg,/home/sergey/iqa-data/koniq10k/koniq10k/1024x768/8192678214.jpg,0.805586582273994,2.984790327802296
18179,koniq10k,koniq10k/8197822329.jpg,/home/sergey/iqa-data/koniq10k/koniq10k/1024x768/8197822329.jpg,0.3990505049566146,3.9642809625156623
18189,koniq10k,koniq10k/8206370859.jpg,/home/sergey/iqa-data/koniq10k/koniq10k/1024x768/8206370859.jpg,0.8501119379530109,2.2297975901819993
18202,koniq10k,koniq10k/8212081020.jpg,/home/sergey/iqa-data/koniq10k/koniq10k/1024x768/8212081020.jpg,0.5175921493537559,5.929443522317929
18205,koniq10k,koniq10k/8213296844.jpg,/home/sergey/iqa-data/koniq10k/koniq10k/1024x768/8213296844.jpg,0.5181685631595826,5.953570150262612
18229,koniq10k,koniq10k/8228841274.jpg,/home/sergey/iqa-data/koniq10k/koniq10k/1024x768/8228841274.jpg,0.6808819460608424,5.77470120701675
18234,koniq10k,koniq10k/8230377264.jpg,/home/sergey/iqa-data/koniq10k/koniq10k/1024x768/8230377264.jpg,0.4176639540449974,8.130937778154134
18235,koniq10k,koniq10k/8230394579.jpg,/home/sergey/iqa-data/koniq10k/koniq10k/1024x768/8230394579.jpg,0.7265558781033022,4.308160067627892
18242,koniq10k,koniq10k/8232391054.jpg,/home/sergey/iqa-data/koniq10k/koniq10k/1024x768/8232391054.jpg,0.6575828033463266,3.053615294285208
18247,koniq10k,koniq10k/8236704145.jpg,/home/sergey/iqa-data/koniq10k/koniq10k/1024x768/8236704145.jpg,0.7647544004049979,3.284686177279807
18251,koniq10k,koniq10k/8239827069.jpg,/home/sergey/iqa-data/koniq10k/koniq10k/1024x768/8239827069.jpg,0.6243764623774741,3.100108687028142
18252,koniq10k,koniq10k/8240021404.jpg,/home/sergey/iqa-data/koniq10k/koniq10k/1024x768/8240021404.jpg,0.6461334261717209,3.1257801654110327
18262,koniq10k,koniq10k/8244040268.jpg,/home/sergey/iqa-data/koniq10k/koniq10k/1024x768/8244040268.jpg,0.8019411689999113,4.109243641761246
18265,koniq10k,koniq10k/8246184591.jpg,/home/sergey/iqa-data/koniq10k/koniq10k/1024x768/8246184591.jpg,0.5443429166783997,5.759545596597087
18268,koniq10k,koniq10k/8247215463.jpg,/home/sergey/iqa-data/koniq10k/koniq10k/1024x768/8247215463.jpg,0.78647465033722,1.5637235734825503
18270,koniq10k,koniq10k/8248519358.jpg,/home/sergey/iqa-data/koniq10k/koniq10k/1024x768/8248519358.jpg,0.825753949258018,2.9167783123052464
18275,koniq10k,koniq10k/8252742940.jpg,/home/sergey/iqa-data/koniq10k/koniq10k/1024x768/8252742940.jpg,0.9323528890307246,4.151874581928004
18279,koniq10k,koniq10k/8256076417.jpg,/home/sergey/iqa-data/koniq10k/koniq10k/1024x768/8256076417.jpg,0.6312829104834845,3.9779357943595173
18282,koniq10k,koniq10k/8257636356.jpg,/home/sergey/iqa-data/koniq10k/koniq10k/1024x768/8257636356.jpg,0.776540870057933,3.115274373981752
18284,koniq10k,koniq10k/8258234240.jpg,/home/sergey/iqa-data/koniq10k/koniq10k/1024x768/8258234240.jpg,0.7979723722902289,2.977621992078567
18286,koniq10k,koniq10k/8259557757.jpg,/home/sergey/iqa-data/koniq10k/koniq10k/1024x768/8259557757.jpg,0.6883829176130278,2.9485191657445142
18287,koniq10k,koniq10k/8260840073.jpg,/home/sergey/iqa-data/koniq10k/koniq10k/1024x768/8260840073.jpg,0.5487690304800845,3.2069196441797208
18288,koniq10k,koniq10k/8261560586.jpg,/home/sergey/iqa-data/koniq10k/koniq10k/1024x768/8261560586.jpg,0.7433444397575242,3.3526573330314138
18292,koniq10k,koniq10k/8263016549.jpg,/home/sergey/iqa-data/koniq10k/koniq10k/1024x768/8263016549.jpg,0.5863468840482026,4.155025168374529
18295,koniq10k,koniq10k/8266041849.jpg,/home/sergey/iqa-data/koniq10k/koniq10k/1024x768/8266041849.jpg,0.7766641724799811,2.7486180314388515
18298,koniq10k,koniq10k/8267105534.jpg,/home/sergey/iqa-data/koniq10k/koniq10k/1024x768/8267105534.jpg,0.8695983289090037,8.075464975797217
18299,koniq10k,koniq10k/8267153015.jpg,/home/sergey/iqa-data/koniq10k/koniq10k/1024x768/8267153015.jpg,0.7998244774214148,2.360883803192932
18301,koniq10k,koniq10k/8267353806.jpg,/home/sergey/iqa-data/koniq10k/koniq10k/1024x768/8267353806.jpg,0.7479655337482046,3.4261456273221556
18304,koniq10k,koniq10k/8268756631.jpg,/home/sergey/iqa-data/koniq10k/koniq10k/1024x768/8268756631.jpg,0.7998244774214148,2.4652635876678035
18321,koniq10k,koniq10k/8281818195.jpg,/home/sergey/iqa-data/koniq10k/koniq10k/1024x768/8281818195.jpg,0.399524862621603,5.982931252924618
18322,koniq10k,koniq10k/8282376526.jpg,/home/sergey/iqa-data/koniq10k/koniq10k/1024x768/8282376526.jpg,0.6546194351364286,3.8339406841175694
18328,koniq10k,koniq10k/8283511236.jpg,/home/sergey/iqa-data/koniq10k/koniq10k/1024x768/8283511236.jpg,0.8835600194992551,4.1162905716730895
18330,koniq10k,koniq10k/8285094496.jpg,/home/sergey/iqa-data/koniq10k/koniq10k/1024x768/8285094496.jpg,0.6796280472255645,2.936506877004599
18335,koniq10k,koniq10k/8288373596.jpg,/home/sergey/iqa-data/koniq10k/koniq10k/1024x768/8288373596.jpg,0.8791381559804389,6.182419104451431
18338,koniq10k,koniq10k/8292084929.jpg,/home/sergey/iqa-data/koniq10k/koniq10k/1024x768/8292084929.jpg,0.7978675361507277,3.3516703300581834
18343,koniq10k,koniq10k/8296218747.jpg,/home/sergey/iqa-data/koniq10k/koniq10k/1024x768/8296218747.jpg,0.6142666945907129,4.277693116031106
18345,koniq10k,koniq10k/8297923368.jpg,/home/sergey/iqa-data/koniq10k/koniq10k/1024x768/8297923368.jpg,0.7516405770006376,3.37200259756593
18355,koniq10k,koniq10k/8303933730.jpg,/home/sergey/iqa-data/koniq10k/koniq10k/1024x768/8303933730.jpg,0.6574481047913311,3.2518574342048594
18374,koniq10k,koniq10k/8310619532.jpg,/home/sergey/iqa-data/koniq10k/koniq10k/1024x768/8310619532.jpg,0.6503486985986344,7.887423814547131
18377,koniq10k,koniq10k/8314966745.jpg,/home/sergey/iqa-data/koniq10k/koniq10k/1024x768/8314966745.jpg,0.3212845219419019,5.594969524843296
18380,koniq10k,koniq10k/8318268016.jpg,/home/sergey/iqa-data/koniq10k/koniq10k/1024x768/8318268016.jpg,0.7364413240430462,3.463490403637118
18381,koniq10k,koniq10k/8319445883.jpg,/home/sergey/iqa-data/koniq10k/koniq10k/1024x768/8319445883.jpg,0.793224248226643,2.302509343987783
18384,koniq10k,koniq10k/8320423007.jpg,/home/sergey/iqa-data/koniq10k/koniq10k/1024x768/8320423007.jpg,0.395870600387997,5.483208449613609
18387,koniq10k,koniq10k/8321029602.jpg,/home/sergey/iqa-data/koniq10k/koniq10k/1024x768/8321029602.jpg,0.661201531833414,3.354271499587346
18400,koniq10k,koniq10k/8329144701.jpg,/home/sergey/iqa-data/koniq10k/koniq10k/1024x768/8329144701.jpg,0.629357454654034,6.614100624998343
18403,koniq10k,koniq10k/8329986781.jpg,/home/sergey/iqa-data/koniq10k/koniq10k/1024x768/8329986781.jpg,0.7090713259932979,2.248490270335744
18423,koniq10k,koniq10k/8341991106.jpg,/home/sergey/iqa-data/koniq10k/koniq10k/1024x768/8341991106.jpg,0.8472383687797765,3.333306169126132
18424,koniq10k,koniq10k/8342894979.jpg,/home/sergey/iqa-data/koniq10k/koniq10k/1024x768/8342894979.jpg,0.5248742288898723,4.079812440460964
18425,koniq10k,koniq10k/8343118972.jpg,/home/sergey/iqa-data/koniq10k/koniq10k/1024x768/8343118972.jpg,0.8590918416193677,2.2987307845247864
18426,koniq10k,koniq10k/8343579007.jpg,/home/sergey/iqa-data/koniq10k/koniq10k/1024x768/8343579007.jpg,0.6825360253754631,3.7484623453958004
18436,koniq10k,koniq10k/8350531104.jpg,/home/sergey/iqa-data/koniq10k/koniq10k/1024x768/8350531104.jpg,0.7405571132234616,4.177908327537858
18440,koniq10k,koniq10k/8351568109.jpg,/home/sergey/iqa-data/koniq10k/koniq10k/1024x768/8351568109.jpg,0.6641933939684054,5.0279780520432835
18448,koniq10k,koniq10k/8353276755.jpg,/home/sergey/iqa-data/koniq10k/koniq10k/1024x768/8353276755.jpg,0.7697753698724529,2.8297355278591545
18462,koniq10k,koniq10k/8358094625.jpg,/home/sergey/iqa-data/koniq10k/koniq10k/1024x768/8358094625.jpg,0.852680708472953,2.9521411206301775
18479,koniq10k,koniq10k/8375094776.jpg,/home/sergey/iqa-data/koniq10k/koniq10k/1024x768/8375094776.jpg,0.7868597415031113,9.356980631420619
18482,koniq10k,koniq10k/8376951271.jpg,/home/sergey/iqa-data/koniq10k/koniq10k/1024x768/8376951271.jpg,0.8222499665773962,3.595309157576848
18487,koniq10k,koniq10k/8377908446.jpg,/home/sergey/iqa-data/koniq10k/koniq10k/1024x768/8377908446.jpg,0.8242862433050014,6.0204040005339206
18490,koniq10k,koniq10k/8380369304.jpg,/home/sergey/iqa-data/koniq10k/koniq10k/1024x768/8380369304.jpg,0.4056965055050257,7.001121774752069
18502,koniq10k,koniq10k/8390342452.jpg,/home/sergey/iqa-data/koniq10k/koniq10k/1024x768/8390342452.jpg,0.6018176015782521,3.916913507974295
18508,koniq10k,koniq10k/8392513010.jpg,/home/sergey/iqa-data/koniq10k/koniq10k/1024x768/8392513010.jpg,0.2034466251795108,4.187925858670194
18512,koniq10k,koniq10k/8395711832.jpg,/home/sergey/iqa-data/koniq10k/koniq10k/1024x768/8395711832.jpg,0.4298039063477074,8.327857688650111
18513,koniq10k,koniq10k/8395743743.jpg,/home/sergey/iqa-data/koniq10k/koniq10k/1024x768/8395743743.jpg,0.8084676347002804,4.5160802460992455
18536,koniq10k,koniq10k/8403125101.jpg,/home/sergey/iqa-data/koniq10k/koniq10k/1024x768/8403125101.jpg,0.737593745013564,3.975268175010865
18544,koniq10k,koniq10k/8406491085.jpg,/home/sergey/iqa-data/koniq10k/koniq10k/1024x768/8406491085.jpg,0.7919967123386638,2.607184776190647
18545,koniq10k,koniq10k/8407650196.jpg,/home/sergey/iqa-data/koniq10k/koniq10k/1024x768/8407650196.jpg,0.6438899985143851,3.4876049205960986
18552,koniq10k,koniq10k/8413383096.jpg,/home/sergey/iqa-data/koniq10k/koniq10k/1024x768/8413383096.jpg,0.4876124695929111,6.431802956351836
18566,koniq10k,koniq10k/8423036726.jpg,/home/sergey/iqa-data/koniq10k/koniq10k/1024x768/8423036726.jpg,0.800802948056758,3.26071609177754
18575,koniq10k,koniq10k/8429377035.jpg,/home/sergey/iqa-data/koniq10k/koniq10k/1024x768/8429377035.jpg,0.5983724269985637,4.269976176987099
18579,koniq10k,koniq10k/8430377800.jpg,/home/sergey/iqa-data/koniq10k/koniq10k/1024x768/8430377800.jpg,0.5832371244333064,2.7461320302258425
18583,koniq10k,koniq10k/8432266484.jpg,/home/sergey/iqa-data/koniq10k/koniq10k/1024x768/8432266484.jpg,0.3474992464939792,6.0580601713832305
18589,koniq10k,koniq10k/8435700290.jpg,/home/sergey/iqa-data/koniq10k/koniq10k/1024x768/8435700290.jpg,0.7872232387718502,4.294135446539106
18590,koniq10k,koniq10k/8435902776.jpg,/home/sergey/iqa-data/koniq10k/koniq10k/1024x768/8435902776.jpg,0.7526799831730433,5.617710327046794
18591,koniq10k,koniq10k/8436817796.jpg,/home/sergey/iqa-data/koniq10k/koniq10k/1024x768/8436817796.jpg,0.7853039731929151,2.5642289976245936
18595,koniq10k,koniq10k/8437609150.jpg,/home/sergey/iqa-data/koniq10k/koniq10k/1024x768/8437609150.jpg,0.8766156055528966,3.8201724344215173
18597,koniq10k,koniq10k/8438205347.jpg,/home/sergey/iqa-data/koniq10k/koniq10k/1024x768/8438205347.jpg,0.7539492580181906,3.1317316933976995
18600,koniq10k,koniq10k/8438943296.jpg,/home/sergey/iqa-data/koniq10k/koniq10k/1024x768/8438943296.jpg,0.6160956484077603,6.723114061258114
18602,koniq10k,koniq10k/8439638054.jpg,/home/sergey/iqa-data/koniq10k/koniq10k/1024x768/8439638054.jpg,0.7319716539237567,2.757434888375388
18604,koniq10k,koniq10k/8441623412.jpg,/home/sergey/iqa-data/koniq10k/koniq10k/1024x768/8441623412.jpg,0.7962479985473983,3.0572000349917947
18613,koniq10k,koniq10k/8444344132.jpg,/home/sergey/iqa-data/koniq10k/koniq10k/1024x768/8444344132.jpg,0.5307741161861508,6.989422472653079
18617,koniq10k,koniq10k/8447352918.jpg,/home/sergey/iqa-data/koniq10k/koniq10k/1024x768/8447352918.jpg,0.4806150571416627,6.084253079933441
18629,koniq10k,koniq10k/8452461056.jpg,/home/sergey/iqa-data/koniq10k/koniq10k/1024x768/8452461056.jpg,0.8577844732914713,3.244699739639665
18632,koniq10k,koniq10k/8454542185.jpg,/home/sergey/iqa-data/koniq10k/koniq10k/1024x768/8454542185.jpg,0.7494195228231542,3.9073258011975494
18637,koniq10k,koniq10k/8456415044.jpg,/home/sergey/iqa-data/koniq10k/koniq10k/1024x768/8456415044.jpg,0.8461450873042786,3.8368304828615662
18639,koniq10k,koniq10k/8457028188.jpg,/home/sergey/iqa-data/koniq10k/koniq10k/1024x768/8457028188.jpg,0.8507573685290288,5.6351590512177285
18641,koniq10k,koniq10k/8458232440.jpg,/home/sergey/iqa-data/koniq10k/koniq10k/1024x768/8458232440.jpg,0.6788202755172602,2.9084177206484196
18661,koniq10k,koniq10k/8465866576.jpg,/home/sergey/iqa-data/koniq10k/koniq10k/1024x768/8465866576.jpg,0.810794638583055,4.361267870613529
18662,koniq10k,koniq10k/8466537488.jpg,/home/sergey/iqa-data/koniq10k/koniq10k/1024x768/8466537488.jpg,0.7987975676457055,3.543480379619362
18663,koniq10k,koniq10k/8466719811.jpg,/home/sergey/iqa-data/koniq10k/koniq10k/1024x768/8466719811.jpg,0.7689894298319389,3.228060344820136
18666,koniq10k,koniq10k/8468013032.jpg,/home/sergey/iqa-data/koniq10k/koniq10k/1024x768/8468013032.jpg,0.6165559774500728,5.312899475213901
18671,koniq10k,koniq10k/8471068172.jpg,/home/sergey/iqa-data/koniq10k/koniq10k/1024x768/8471068172.jpg,0.6777494418720896,4.6969436148728985
18672,koniq10k,koniq10k/8471534118.jpg,/home/sergey/iqa-data/koniq10k/koniq10k/1024x768/8471534118.jpg,0.6364198813190369,4.497765863176768
18673,koniq10k,koniq10k/8471619926.jpg,/home/sergey/iqa-data/koniq10k/koniq10k/1024x768/8471619926.jpg,0.5434108114816575,5.000565530599041
18674,koniq10k,koniq10k/8472852630.jpg,/home/sergey/iqa-data/koniq10k/koniq10k/1024x768/8472852630.jpg,0.7761175317422323,4.825132808463814
18679,koniq10k,koniq10k/8473611231.jpg,/home/sergey/iqa-data/koniq10k/koniq10k/1024x768/8473611231.jpg,0.1287087357681222,9.290979811566263
18682,koniq10k,koniq10k/8474312023.jpg,/home/sergey/iqa-data/koniq10k/koniq10k/1024x768/8474312023.jpg,0.7608113271351449,4.262999099437794
18683,koniq10k,koniq10k/8474594407.jpg,/home/sergey/iqa-data/koniq10k/koniq10k/1024x768/8474594407.jpg,0.6909720411964614,2.3160136517222423
18685,koniq10k,koniq10k/8477555984.jpg,/home/sergey/iqa-data/koniq10k/koniq10k/1024x768/8477555984.jpg,0.6913921406501591,5.374208966678124
18686,koniq10k,koniq10k/8481080192.jpg,/home/sergey/iqa-data/koniq10k/koniq10k/1024x768/8481080192.jpg,0.7138867993343815,2.910486484249693
18700,koniq10k,koniq10k/8486986414.jpg,/home/sergey/iqa-data/koniq10k/koniq10k/1024x768/8486986414.jpg,0.6671620633736699,2.7186179410247826
18712,koniq10k,koniq10k/8493065081.jpg,/home/sergey/iqa-data/koniq10k/koniq10k/1024x768/8493065081.jpg,0.8303297384056538,2.6626243550222726
18715,koniq10k,koniq10k/8496798280.jpg,/home/sergey/iqa-data/koniq10k/koniq10k/1024x768/8496798280.jpg,0.749447217853152,3.341406339246084
18719,koniq10k,koniq10k/8498158756.jpg,/home/sergey/iqa-data/koniq10k/koniq10k/1024x768/8498158756.jpg,0.8916888919282404,5.432645209405886
18722,koniq10k,koniq10k/8498296013.jpg,/home/sergey/iqa-data/koniq10k/koniq10k/1024x768/8498296013.jpg,0.4698130176828125,3.7404181864419503
18723,koniq10k,koniq10k/8499771607.jpg,/home/sergey/iqa-data/koniq10k/koniq10k/1024x768/8499771607.jpg,0.7220360619116014,5.74345346328208
18724,koniq10k,koniq10k/8501012764.jpg,/home/sergey/iqa-data/koniq10k/koniq10k/1024x768/8501012764.jpg,0.565461943513643,5.174129921425949
18725,koniq10k,koniq10k/8501628435.jpg,/home/sergey/iqa-data/koniq10k/koniq10k/1024x768/8501628435.jpg,0.7212503203407926,4.6018146198130445
18742,koniq10k,koniq10k/8507000235.jpg,/home/sergey/iqa-data/koniq10k/koniq10k/1024x768/8507000235.jpg,0.1864072579726008,5.718525401539028
18747,koniq10k,koniq10k/8510431014.jpg,/home/sergey/iqa-data/koniq10k/koniq10k/1024x768/8510431014.jpg,0.619059016617658,4.681152125998386
18748,koniq10k,koniq10k/8511131771.jpg,/home/sergey/iqa-data/koniq10k/koniq10k/1024x768/8511131771.jpg,0.5101971693597174,4.6990925980459
18751,koniq10k,koniq10k/85119046.jpg,/home/sergey/iqa-data/koniq10k/koniq10k/1024x768/85119046.jpg,0.384952928035741,6.073821493618588
18757,koniq10k,koniq10k/8515582085.jpg,/home/sergey/iqa-data/koniq10k/koniq10k/1024x768/8515582085.jpg,0.7322651196086095,5.65085120865196
18759,koniq10k,koniq10k/8516080909.jpg,/home/sergey/iqa-data/koniq10k/koniq10k/1024x768/8516080909.jpg,0.742094709936144,3.3930512581322914
18760,koniq10k,koniq10k/8517283347.jpg,/home/sergey/iqa-data/koniq10k/koniq10k/1024x768/8517283347.jpg,0.737593745013564,4.5602264807769295
18762,koniq10k,koniq10k/8517575081.jpg,/home/sergey/iqa-data/koniq10k/koniq10k/1024x768/8517575081.jpg,0.8488023686683319,3.1049495898953734
18765,koniq10k,koniq10k/8518610606.jpg,/home/sergey/iqa-data/koniq10k/koniq10k/1024x768/8518610606.jpg,0.6100011741647634,6.539061323999249
18768,koniq10k,koniq10k/8520990466.jpg,/home/sergey/iqa-data/koniq10k/koniq10k/1024x768/8520990466.jpg,0.6246782336949154,5.802971932610985
18782,koniq10k,koniq10k/8528201518.jpg,/home/sergey/iqa-data/koniq10k/koniq10k/1024x768/8528201518.jpg,0.8482907799197411,4.013945973613032
18796,koniq10k,koniq10k/8532727626.jpg,/home/sergey/iqa-data/koniq10k/koniq10k/1024x768/8532727626.jpg,0.7779390516510692,2.9961231439117286
18797,koniq10k,koniq10k/8533373653.jpg,/home/sergey/iqa-data/koniq10k/koniq10k/1024x768/8533373653.jpg,0.6701771182383912,2.194821721332926
18798,koniq10k,koniq10k/8533805271.jpg,/home/sergey/iqa-data/koniq10k/koniq10k/1024x768/8533805271.jpg,0.6432503590234563,5.73009579746598
18800,koniq10k,koniq10k/8535035859.jpg,/home/sergey/iqa-data/koniq10k/koniq10k/1024x768/8535035859.jpg,0.5271946021108294,5.668985035109144
18801,koniq10k,koniq10k/8535232822.jpg,/home/sergey/iqa-data/koniq10k/koniq10k/1024x768/8535232822.jpg,0.7736432631397935,2.5352156575289544
18802,koniq10k,koniq10k/8537113381.jpg,/home/sergey/iqa-data/koniq10k/koniq10k/1024x768/8537113381.jpg,0.4935174456319939,5.523411908257066
18804,koniq10k,koniq10k/8539488665.jpg,/home/sergey/iqa-data/koniq10k/koniq10k/1024x768/8539488665.jpg,0.7186986051405533,2.2769960199351456
18814,koniq10k,koniq10k/8546237134.jpg,/home/sergey/iqa-data/koniq10k/koniq10k/1024x768/8546237134.jpg,0.5538649159999096,5.542669478454554
18816,koniq10k,koniq10k/8546547724.jpg,/home/sergey/iqa-data/koniq10k/koniq10k/1024x768/8546547724.jpg,0.8892692610045623,4.309398152153335
18817,koniq10k,koniq10k/8546838188.jpg,/home/sergey/iqa-data/koniq10k/koniq10k/1024x768/8546838188.jpg,0.5131325812657477,4.56130302223374
18819,koniq10k,koniq10k/8547424731.jpg,/home/sergey/iqa-data/koniq10k/koniq10k/1024x768/8547424731.jpg,0.8027878456313124,3.5196879944381685
18826,koniq10k,koniq10k/8551620615.jpg,/home/sergey/iqa-data/koniq10k/koniq10k/1024x768/8551620615.jpg,0.7850076363719257,2.0722593046661486
18832,koniq10k,koniq10k/8553130419.jpg,/home/sergey/iqa-data/koniq10k/koniq10k/1024x768/8553130419.jpg,0.6605461715562242,6.097015758215333
18842,koniq10k,koniq10k/8558582535.jpg,/home/sergey/iqa-data/koniq10k/koniq10k/1024x768/8558582535.jpg,0.6510969408491921,7.268671308377429
18844,koniq10k,koniq10k/8560160557.jpg,/home/sergey/iqa-data/koniq10k/koniq10k/1024x768/8560160557.jpg,0.6298423842703398,2.238264866145523
18851,koniq10k,koniq10k/8565023764.jpg,/home/sergey/iqa-data/koniq10k/koniq10k/1024x768/8565023764.jpg,0.6282910483484933,3.4125162570991883
18856,koniq10k,koniq10k/8567636458.jpg,/home/sergey/iqa-data/koniq10k/koniq10k/1024x768/8567636458.jpg,0.6257265950899275,4.362742846410852
18858,koniq10k,koniq10k/8568057395.jpg,/home/sergey/iqa-data/koniq10k/koniq10k/1024x768/8568057395.jpg,0.6409172555236898,5.309165303411505
18862,koniq10k,koniq10k/8569001906.jpg,/home/sergey/iqa-data/koniq10k/koniq10k/1024x768/8569001906.jpg,0.8430402638157557,3.844511091680437
18863,koniq10k,koniq10k/8570186179.jpg,/home/sergey/iqa-data/koniq10k/koniq10k/1024x768/8570186179.jpg,0.6201152666726701,6.037936098104577
18883,koniq10k,koniq10k/8590498036.jpg,/home/sergey/iqa-data/koniq10k/koniq10k/1024x768/8590498036.jpg,0.8657386488191384,2.7480656990289525
18889,koniq10k,koniq10k/8595845896.jpg,/home/sergey/iqa-data/koniq10k/koniq10k/1024x768/8595845896.jpg,0.6276136456009458,4.151220474170157
18892,koniq10k,koniq10k/8596349698.jpg,/home/sergey/iqa-data/koniq10k/koniq10k/1024x768/8596349698.jpg,0.8608349993898963,3.920391834342548
18915,koniq10k,koniq10k/8606964079.jpg,/home/sergey/iqa-data/koniq10k/koniq10k/1024x768/8606964079.jpg,0.7639594135726528,5.29298043703704
18920,koniq10k,koniq10k/8608242752.jpg,/home/sergey/iqa-data/koniq10k/koniq10k/1024x768/8608242752.jpg,0.8350885591191958,3.409507145362158
18928,koniq10k,koniq10k/8611793668.jpg,/home/sergey/iqa-data/koniq10k/koniq10k/1024x768/8611793668.jpg,0.740957568386961,4.089757802038926
18930,koniq10k,koniq10k/8613516565.jpg,/home/sergey/iqa-data/koniq10k/koniq10k/1024x768/8613516565.jpg,0.8315160541105973,4.998727024020547
18932,koniq10k,koniq10k/8615148214.jpg,/home/sergey/iqa-data/koniq10k/koniq10k/1024x768/8615148214.jpg,0.7140214978893769,3.3946594836102255
18936,koniq10k,koniq10k/8616750908.jpg,/home/sergey/iqa-data/koniq10k/koniq10k/1024x768/8616750908.jpg,0.1794029331128403,6.766187890403003
18938,koniq10k,koniq10k/8617343673.jpg,/home/sergey/iqa-data/koniq10k/koniq10k/1024x768/8617343673.jpg,0.8308429110203438,5.7294161433712665
18940,koniq10k,koniq10k/8617517082.jpg,/home/sergey/iqa-data/koniq10k/koniq10k/1024x768/8617517082.jpg,0.8179037421882188,3.1200341656987134
18941,koniq10k,koniq10k/8617920561.jpg,/home/sergey/iqa-data/koniq10k/koniq10k/1024x768/8617920561.jpg,0.6670655816179988,4.691986525206279
18947,koniq10k,koniq10k/8620919369.jpg,/home/sergey/iqa-data/koniq10k/koniq10k/1024x768/8620919369.jpg,0.4523695548109137,8.877661844692351
18950,koniq10k,koniq10k/86243803.jpg,/home/sergey/iqa-data/koniq10k/koniq10k/1024x768/86243803.jpg,0.4478122537002392,6.503493278727668
18954,koniq10k,koniq10k/8627391076.jpg,/home/sergey/iqa-data/koniq10k/koniq10k/1024x768/8627391076.jpg,0.7838678793681201,4.06563466116807
18955,koniq10k,koniq10k/8627453045.jpg,/home/sergey/iqa-data/koniq10k/koniq10k/1024x768/8627453045.jpg,0.8480892368796471,2.74336219040827
18957,koniq10k,koniq10k/8628548669.jpg,/home/sergey/iqa-data/koniq10k/koniq10k/1024x768/8628548669.jpg,0.7406955883734554,5.26089108558626
18958,koniq10k,koniq10k/8629754639.jpg,/home/sergey/iqa-data/koniq10k/koniq10k/1024x768/8629754639.jpg,0.62696133184405,4.8812351008055685
18960,koniq10k,koniq10k/8630845484.jpg,/home/sergey/iqa-data/koniq10k/koniq10k/1024x768/8630845484.jpg,0.4718516985151724,3.892415838357485
18968,koniq10k,koniq10k/8634679976.jpg,/home/sergey/iqa-data/koniq10k/koniq10k/1024x768/8634679976.jpg,0.679995073593998,4.157689921935287
18970,koniq10k,koniq10k/8635239066.jpg,/home/sergey/iqa-data/koniq10k/koniq10k/1024x768/8635239066.jpg,0.7391592980301135,8.666439458802122
18979,koniq10k,koniq10k/8639669088.jpg,/home/sergey/iqa-data/koniq10k/koniq10k/1024x768/8639669088.jpg,0.7438351754025496,3.6018719244196182
18986,koniq10k,koniq10k/8641316746.jpg,/home/sergey/iqa-data/koniq10k/koniq10k/1024x768/8641316746.jpg,0.65032766048761,2.867573006116013
18993,koniq10k,koniq10k/8644207930.jpg,/home/sergey/iqa-data/koniq10k/koniq10k/1024x768/8644207930.jpg,0.2930885135289154,5.922989073792813
19003,koniq10k,koniq10k/8645927718.jpg,/home/sergey/iqa-data/koniq10k/koniq10k/1024x768/8645927718.jpg,0.8046711076712475,2.260408528191022
19008,koniq10k,koniq10k/8648111033.jpg,/home/sergey/iqa-data/koniq10k/koniq10k/1024x768/8648111033.jpg,0.570163441154346,3.038084583064059
19014,koniq10k,koniq10k/8651960690.jpg,/home/sergey/iqa-data/koniq10k/koniq10k/1024x768/8651960690.jpg,0.674752907386027,3.6446224574297315
19015,koniq10k,koniq10k/8652814108.jpg,/home/sergey/iqa-data/koniq10k/koniq10k/1024x768/8652814108.jpg,0.4475944243538742,3.503170969696463
19020,koniq10k,koniq10k/8654833683.jpg,/home/sergey/iqa-data/koniq10k/koniq10k/1024x768/8654833683.jpg,0.6812897490255088,9.167890039850016
19032,koniq10k,koniq10k/8665859306.jpg,/home/sergey/iqa-data/koniq10k/koniq10k/1024x768/8665859306.jpg,0.6633535730182334,8.585850934924515
19036,koniq10k,koniq10k/8667640386.jpg,/home/sergey/iqa-data/koniq10k/koniq10k/1024x768/8667640386.jpg,0.1831235256319004,4.598150849022619
19041,koniq10k,koniq10k/8668432915.jpg,/home/sergey/iqa-data/koniq10k/koniq10k/1024x768/8668432915.jpg,0.7849010403931511,2.49355630977045
19042,koniq10k,koniq10k/8668692139.jpg,/home/sergey/iqa-data/koniq10k/koniq10k/1024x768/8668692139.jpg,0.453755883008117,4.286239707979834
19046,koniq10k,koniq10k/8669807326.jpg,/home/sergey/iqa-data/koniq10k/koniq10k/1024x768/8669807326.jpg,0.6694887251807826,4.111676919636203
19051,koniq10k,koniq10k/8670524662.jpg,/home/sergey/iqa-data/koniq10k/koniq10k/1024x768/8670524662.jpg,0.6842531172354067,7.010946694146155
19054,koniq10k,koniq10k/8673060245.jpg,/home/sergey/iqa-data/koniq10k/koniq10k/1024x768/8673060245.jpg,0.8116779502610029,3.372419158669893
19055,koniq10k,koniq10k/8673410143.jpg,/home/sergey/iqa-data/koniq10k/koniq10k/1024x768/8673410143.jpg,0.9182194242979836,3.5285941796829707
19057,koniq10k,koniq10k/8675618794.jpg,/home/sergey/iqa-data/koniq10k/koniq10k/1024x768/8675618794.jpg,0.4806150571416627,4.2261750186573686
19065,koniq10k,koniq10k/8681619509.jpg,/home/sergey/iqa-data/koniq10k/koniq10k/1024x768/8681619509.jpg,0.6272844405273725,5.888485507343615
19074,koniq10k,koniq10k/8688672632.jpg,/home/sergey/iqa-data/koniq10k/koniq10k/1024x768/8688672632.jpg,0.8857621555084448,2.2550846164616534
19076,koniq10k,koniq10k/8691429186.jpg,/home/sergey/iqa-data/koniq10k/koniq10k/1024x768/8691429186.jpg,0.793224248226643,2.3004756016954326
19080,koniq10k,koniq10k/8693045087.jpg,/home/sergey/iqa-data/koniq10k/koniq10k/1024x768/8693045087.jpg,0.9257676263420636,2.343918391731151
19085,koniq10k,koniq10k/8695656651.jpg,/home/sergey/iqa-data/koniq10k/koniq10k/1024x768/8695656651.jpg,0.4181426519865958,3.4123025976807893
19090,koniq10k,koniq10k/8697765454.jpg,/home/sergey/iqa-data/koniq10k/koniq10k/1024x768/8697765454.jpg,0.4181426519865958,8.02406261292748
19092,koniq10k,koniq10k/8699039377.jpg,/home/sergey/iqa-data/koniq10k/koniq10k/1024x768/8699039377.jpg,0.8526263109795912,3.906840717445705
19100,koniq10k,koniq10k/8702541866.jpg,/home/sergey/iqa-data/koniq10k/koniq10k/1024x768/8702541866.jpg,0.7659167065581624,2.9567364931674756
19107,koniq10k,koniq10k/8704133333.jpg,/home/sergey/iqa-data/koniq10k/koniq10k/1024x768/8704133333.jpg,0.807084729535663,3.463477862296282
19109,koniq10k,koniq10k/8705536207.jpg,/home/sergey/iqa-data/koniq10k/koniq10k/1024x768/8705536207.jpg,0.4739850968198345,4.10025413341606
19122,koniq10k,koniq10k/8714823724.jpg,/home/sergey/iqa-data/koniq10k/koniq10k/1024x768/8714823724.jpg,0.7706223537996059,3.850505527863262
19133,koniq10k,koniq10k/8720193519.jpg,/home/sergey/iqa-data/koniq10k/koniq10k/1024x768/8720193519.jpg,0.4439484235905841,7.315504108038292
19137,koniq10k,koniq10k/8723579314.jpg,/home/sergey/iqa-data/koniq10k/koniq10k/1024x768/8723579314.jpg,0.7466797748141579,3.61993073658089
19138,koniq10k,koniq10k/8724425373.jpg,/home/sergey/iqa-data/koniq10k/koniq10k/1024x768/8724425373.jpg,0.6717023812876022,5.602855652020179
19143,koniq10k,koniq10k/8726378587.jpg,/home/sergey/iqa-data/koniq10k/koniq10k/1024x768/8726378587.jpg,0.8490102796681694,7.210837477446658
19150,koniq10k,koniq10k/8729158424.jpg,/home/sergey/iqa-data/koniq10k/koniq10k/1024x768/8729158424.jpg,0.769375189393107,3.436113958835716
19156,koniq10k,koniq10k/8731143356.jpg,/home/sergey/iqa-data/koniq10k/koniq10k/1024x768/8731143356.jpg,0.713225076336056,5.389096374178286
19160,koniq10k,koniq10k/8732282616.jpg,/home/sergey/iqa-data/koniq10k/koniq10k/1024x768/8732282616.jpg,0.7063756878320679,4.134535891347149
19161,koniq10k,koniq10k/8732397324.jpg,/home/sergey/iqa-data/koniq10k/koniq10k/1024x768/8732397324.jpg,0.3138320909981969,7.888775493651677
19163,koniq10k,koniq10k/8732953050.jpg,/home/sergey/iqa-data/koniq10k/koniq10k/1024x768/8732953050.jpg,0.813840408143902,2.74830208523102
19164,koniq10k,koniq10k/8733519611.jpg,/home/sergey/iqa-data/koniq10k/koniq10k/1024x768/8733519611.jpg,0.7754202686340221,2.427447348736317
19165,koniq10k,koniq10k/8733562507.jpg,/home/sergey/iqa-data/koniq10k/koniq10k/1024x768/8733562507.jpg,0.796943424995125,1.5686932228044013
19172,koniq10k,koniq10k/8736879292.jpg,/home/sergey/iqa-data/koniq10k/koniq10k/1024x768/8736879292.jpg,0.6592722001762688,5.910591629631666
19176,koniq10k,koniq10k/8743944148.jpg,/home/sergey/iqa-data/koniq10k/koniq10k/1024x768/8743944148.jpg,0.3949258018190529,5.941544760056575
19184,koniq10k,koniq10k/8748661037.jpg,/home/sergey/iqa-data/koniq10k/koniq10k/1024x768/8748661037.jpg,0.6129365860707938,4.228216281956354
19187,koniq10k,koniq10k/8750299747.jpg,/home/sergey/iqa-data/koniq10k/koniq10k/1024x768/8750299747.jpg,0.3887244875756133,6.891019679217066
19188,koniq10k,koniq10k/8750929874.jpg,/home/sergey/iqa-data/koniq10k/koniq10k/1024x768/8750929874.jpg,0.6961065900749948,2.7578202600812705
19193,koniq10k,koniq10k/8751458979.jpg,/home/sergey/iqa-data/koniq10k/koniq10k/1024x768/8751458979.jpg,0.7494759884182985,5.0068394443026785
19201,koniq10k,koniq10k/8756419280.jpg,/home/sergey/iqa-data/koniq10k/koniq10k/1024x768/8756419280.jpg,0.6731689803733828,6.1893108740760345
19203,koniq10k,koniq10k/8762864048.jpg,/home/sergey/iqa-data/koniq10k/koniq10k/1024x768/8762864048.jpg,0.6557208640286032,4.324828472761869
19210,koniq10k,koniq10k/8781313469.jpg,/home/sergey/iqa-data/koniq10k/koniq10k/1024x768/8781313469.jpg,0.8221189765706451,2.0898696418696856
19211,koniq10k,koniq10k/8781992421.jpg,/home/sergey/iqa-data/koniq10k/koniq10k/1024x768/8781992421.jpg,0.8008314472014763,3.5873968022091107
19217,koniq10k,koniq10k/8802725309.jpg,/home/sergey/iqa-data/koniq10k/koniq10k/1024x768/8802725309.jpg,0.4354350855937338,7.138296792087037
19219,koniq10k,koniq10k/8814635311.jpg,/home/sergey/iqa-data/koniq10k/koniq10k/1024x768/8814635311.jpg,0.6961065900749948,2.952215210766186
19226,koniq10k,koniq10k/8830329798.jpg,/home/sergey/iqa-data/koniq10k/koniq10k/1024x768/8830329798.jpg,0.488670815382161,3.315185553559157
19229,koniq10k,koniq10k/8840187174.jpg,/home/sergey/iqa-data/koniq10k/koniq10k/1024x768/8840187174.jpg,0.0776765701963531,7.224728905944218
19246,koniq10k,koniq10k/8864018641.jpg,/home/sergey/iqa-data/koniq10k/koniq10k/1024x768/8864018641.jpg,0.7168501675442794,5.796735714815764
19248,koniq10k,koniq10k/8867729088.jpg,/home/sergey/iqa-data/koniq10k/koniq10k/1024x768/8867729088.jpg,0.7303530623120191,5.128430433753324
19253,koniq10k,koniq10k/8878353214.jpg,/home/sergey/iqa-data/koniq10k/koniq10k/1024x768/8878353214.jpg,0.6969363331737671,4.780557322106867
19254,koniq10k,koniq10k/8880556755.jpg,/home/sergey/iqa-data/koniq10k/koniq10k/1024x768/8880556755.jpg,0.4582215273538534,5.958245497776476
19260,koniq10k,koniq10k/8885623781.jpg,/home/sergey/iqa-data/koniq10k/koniq10k/1024x768/8885623781.jpg,0.7915270464337003,4.457152652472264
19263,koniq10k,koniq10k/8891540889.jpg,/home/sergey/iqa-data/koniq10k/koniq10k/1024x768/8891540889.jpg,0.7613006906927432,3.5958586931434016
19265,koniq10k,koniq10k/8891882667.jpg,/home/sergey/iqa-data/koniq10k/koniq10k/1024x768/8891882667.jpg,0.8211781601103826,3.146677410625058
19268,koniq10k,koniq10k/8894308933.jpg,/home/sergey/iqa-data/koniq10k/koniq10k/1024x768/8894308933.jpg,0.8918007171437099,2.997626098395355
19272,koniq10k,koniq10k/8899231880.jpg,/home/sergey/iqa-data/koniq10k/koniq10k/1024x768/8899231880.jpg,0.4398037338439425,3.3136903269826954
19274,koniq10k,koniq10k/8902141836.jpg,/home/sergey/iqa-data/koniq10k/koniq10k/1024x768/8902141836.jpg,0.4586217078331992,5.60247819737258
19281,koniq10k,koniq10k/8906347187.jpg,/home/sergey/iqa-data/koniq10k/koniq10k/1024x768/8906347187.jpg,0.7769713835993213,3.8731659131806886
19289,koniq10k,koniq10k/8914830252.jpg,/home/sergey/iqa-data/koniq10k/koniq10k/1024x768/8914830252.jpg,0.7537276386007838,2.966299261949079
19290,koniq10k,koniq10k/8916793773.jpg,/home/sergey/iqa-data/koniq10k/koniq10k/1024x768/8916793773.jpg,0.838348264150083,4.673979582500707
19299,koniq10k,koniq10k/8925668401.jpg,/home/sergey/iqa-data/koniq10k/koniq10k/1024x768/8925668401.jpg,0.8493045704674125,3.9187561711171224
19306,koniq10k,koniq10k/8930562482.jpg,/home/sergey/iqa-data/koniq10k/koniq10k/1024x768/8930562482.jpg,0.7068697670637761,2.429898859674925
19315,koniq10k,koniq10k/8937929358.jpg,/home/sergey/iqa-data/koniq10k/koniq10k/1024x768/8937929358.jpg,0.4155224106220544,6.368843580046432
19325,koniq10k,koniq10k/8944011983.jpg,/home/sergey/iqa-data/koniq10k/koniq10k/1024x768/8944011983.jpg,0.3019786181586088,5.97822970841242
19334,koniq10k,koniq10k/8970878075.jpg,/home/sergey/iqa-data/koniq10k/koniq10k/1024x768/8970878075.jpg,0.6930560639765729,4.8233253547809785
19342,koniq10k,koniq10k/8975860650.jpg,/home/sergey/iqa-data/koniq10k/koniq10k/1024x768/8975860650.jpg,0.9346577309717568,3.2249795016874905
19343,koniq10k,koniq10k/8977825134.jpg,/home/sergey/iqa-data/koniq10k/koniq10k/1024x768/8977825134.jpg,0.5096047009016204,6.675309318715494
19348,koniq10k,koniq10k/8985407469.jpg,/home/sergey/iqa-data/koniq10k/koniq10k/1024x768/8985407469.jpg,0.7076307997801532,5.081691102193971
19349,koniq10k,koniq10k/8985551582.jpg,/home/sergey/iqa-data/koniq10k/koniq10k/1024x768/8985551582.jpg,0.4438198370701947,7.748916128856057
19356,koniq10k,koniq10k/8988227086.jpg,/home/sergey/iqa-data/koniq10k/koniq10k/1024x768/8988227086.jpg,0.6259444898112417,4.721267243140285
19357,koniq10k,koniq10k/8988404310.jpg,/home/sergey/iqa-data/koniq10k/koniq10k/1024x768/8988404310.jpg,0.499333401931791,6.38401280497459
19361,koniq10k,koniq10k/8995226934.jpg,/home/sergey/iqa-data/koniq10k/koniq10k/1024x768/8995226934.jpg,0.8758158008237392,3.547188878789175
19362,koniq10k,koniq10k/8997198808.jpg,/home/sergey/iqa-data/koniq10k/koniq10k/1024x768/8997198808.jpg,0.823531423100594,4.545487561232686
19364,koniq10k,koniq10k/8999325582.jpg,/home/sergey/iqa-data/koniq10k/koniq10k/1024x768/8999325582.jpg,0.8116779502610029,3.4601751227220965
19366,koniq10k,koniq10k/9002014430.jpg,/home/sergey/iqa-data/koniq10k/koniq10k/1024x768/9002014430.jpg,0.7450844813219152,3.8429060579100516
19368,koniq10k,koniq10k/9003236001.jpg,/home/sergey/iqa-data/koniq10k/koniq10k/1024x768/9003236001.jpg,0.7213352653754744,6.0508590064089125
19369,koniq10k,koniq10k/9004727133.jpg,/home/sergey/iqa-data/koniq10k/koniq10k/1024x768/9004727133.jpg,0.8502017369896742,1.3475443771210192
19374,koniq10k,koniq10k/9016868192.jpg,/home/sergey/iqa-data/koniq10k/koniq10k/1024x768/9016868192.jpg,0.7451368640933022,3.1431387818060696
19381,koniq10k,koniq10k/9028566654.jpg,/home/sergey/iqa-data/koniq10k/koniq10k/1024x768/9028566654.jpg,0.7759693633317374,3.0320949943937205
19383,koniq10k,koniq10k/9029712750.jpg,/home/sergey/iqa-data/koniq10k/koniq10k/1024x768/9029712750.jpg,0.7988271900430831,6.9186304902011875
19396,koniq10k,koniq10k/9041103039.jpg,/home/sergey/iqa-data/koniq10k/koniq10k/1024x768/9041103039.jpg,0.5982595265406386,5.447298932469676
19417,koniq10k,koniq10k/9062040259.jpg,/home/sergey/iqa-data/koniq10k/koniq10k/1024x768/9062040259.jpg,0.6694362761859176,2.7810106405475357
19420,koniq10k,koniq10k/9064490305.jpg,/home/sergey/iqa-data/koniq10k/koniq10k/1024x768/9064490305.jpg,0.7672274271125388,6.032246657677412
19425,koniq10k,koniq10k/9068148685.jpg,/home/sergey/iqa-data/koniq10k/koniq10k/1024x768/9068148685.jpg,0.6941120153183349,3.7942638205670267
19427,koniq10k,koniq10k/9069849690.jpg,/home/sergey/iqa-data/koniq10k/koniq10k/1024x768/9069849690.jpg,0.7009989432517122,4.126132307477308
19433,koniq10k,koniq10k/9074183822.jpg,/home/sergey/iqa-data/koniq10k/koniq10k/1024x768/9074183822.jpg,0.4283258627442433,6.426076349734576
19434,koniq10k,koniq10k/9076304306.jpg,/home/sergey/iqa-data/koniq10k/koniq10k/1024x768/9076304306.jpg,0.3839744574003976,4.927249094705802
19435,koniq10k,koniq10k/9076672562.jpg,/home/sergey/iqa-data/koniq10k/koniq10k/1024x768/9076672562.jpg,0.6505482657265701,4.390054939667787
19450,koniq10k,koniq10k/9106148302.jpg,/home/sergey/iqa-data/koniq10k/koniq10k/1024x768/9106148302.jpg,0.7805281262871973,4.211187003855763
19456,koniq10k,koniq10k/9111310939.jpg,/home/sergey/iqa-data/koniq10k/koniq10k/1024x768/9111310939.jpg,0.8163030202708448,2.5424738766332364
19462,koniq10k,koniq10k/9118228667.jpg,/home/sergey/iqa-data/koniq10k/koniq10k/1024x768/9118228667.jpg,0.7588832061004606,3.4772626062250622
19470,koniq10k,koniq10k/9122759800.jpg,/home/sergey/iqa-data/koniq10k/koniq10k/1024x768/9122759800.jpg,0.7957168383185842,4.492514210920385
19473,koniq10k,koniq10k/9130643186.jpg,/home/sergey/iqa-data/koniq10k/koniq10k/1024x768/9130643186.jpg,0.8333573282176227,2.660068225631866
19478,koniq10k,koniq10k/9132059359.jpg,/home/sergey/iqa-data/koniq10k/koniq10k/1024x768/9132059359.jpg,0.6039129124337363,2.41271146129936
19480,koniq10k,koniq10k/9135317445.jpg,/home/sergey/iqa-data/koniq10k/koniq10k/1024x768/9135317445.jpg,0.2841430188392227,4.944272543643484
19482,koniq10k,koniq10k/9136502604.jpg,/home/sergey/iqa-data/koniq10k/koniq10k/1024x768/9136502604.jpg,0.8075790858211461,2.7771771392256728
19488,koniq10k,koniq10k/9141403760.jpg,/home/sergey/iqa-data/koniq10k/koniq10k/1024x768/9141403760.jpg,0.6930560639765729,2.7562209723768514
19499,koniq10k,koniq10k/9154784652.jpg,/home/sergey/iqa-data/koniq10k/koniq10k/1024x768/9154784652.jpg,0.7825381628636768,3.260808168301811
19509,koniq10k,koniq10k/9166594378.jpg,/home/sergey/iqa-data/koniq10k/koniq10k/1024x768/9166594378.jpg,0.7098051789698064,3.25658471681644
19510,koniq10k,koniq10k/9166911645.jpg,/home/sergey/iqa-data/koniq10k/koniq10k/1024x768/9166911645.jpg,0.6757334336319486,3.787241493184637
19512,koniq10k,koniq10k/9175070760.jpg,/home/sergey/iqa-data/koniq10k/koniq10k/1024x768/9175070760.jpg,0.6384855415492088,3.287048237819645
19520,koniq10k,koniq10k/9186366283.jpg,/home/sergey/iqa-data/koniq10k/koniq10k/1024x768/9186366283.jpg,0.6717023812876022,8.505237483363329
19524,koniq10k,koniq10k/9194756449.jpg,/home/sergey/iqa-data/koniq10k/koniq10k/1024x768/9194756449.jpg,0.5153139424069275,3.8195641513820306
19525,koniq10k,koniq10k/9195069146.jpg,/home/sergey/iqa-data/koniq10k/koniq10k/1024x768/9195069146.jpg,0.836027890929126,3.5693439061751997
19533,koniq10k,koniq10k/9201324227.jpg,/home/sergey/iqa-data/koniq10k/koniq10k/1024x768/9201324227.jpg,0.761559625779046,3.0476640228172545
19542,koniq10k,koniq10k/9211639075.jpg,/home/sergey/iqa-data/koniq10k/koniq10k/1024x768/9211639075.jpg,0.8642705433454013,6.779999684055017
19544,koniq10k,koniq10k/9211913717.jpg,/home/sergey/iqa-data/koniq10k/koniq10k/1024x768/9211913717.jpg,0.1578948503314207,7.1939426515921445
19545,koniq10k,koniq10k/9211948856.jpg,/home/sergey/iqa-data/koniq10k/koniq10k/1024x768/9211948856.jpg,0.6172809956917182,4.210210851084585
19550,koniq10k,koniq10k/9214795039.jpg,/home/sergey/iqa-data/koniq10k/koniq10k/1024x768/9214795039.jpg,0.3459303565588726,9.10066960633041
19555,koniq10k,koniq10k/9217457237.jpg,/home/sergey/iqa-data/koniq10k/koniq10k/1024x768/9217457237.jpg,0.8089760557166861,3.2362348899560853
19556,koniq10k,koniq10k/9220351854.jpg,/home/sergey/iqa-data/koniq10k/koniq10k/1024x768/9220351854.jpg,0.6941679379750635,3.5418830426542054
19563,koniq10k,koniq10k/9225485643.jpg,/home/sergey/iqa-data/koniq10k/koniq10k/1024x768/9225485643.jpg,0.6767200690756662,7.36992690087591
19567,koniq10k,koniq10k/9226799273.jpg,/home/sergey/iqa-data/koniq10k/koniq10k/1024x768/9226799273.jpg,0.5301579703207271,5.896533533951005
19573,koniq10k,koniq10k/9232371989.jpg,/home/sergey/iqa-data/koniq10k/koniq10k/1024x768/9232371989.jpg,0.4043032801526107,7.4258953243537436
19578,koniq10k,koniq10k/9237243302.jpg,/home/sergey/iqa-data/koniq10k/koniq10k/1024x768/9237243302.jpg,0.2486379903804515,7.801422764247677
19581,koniq10k,koniq10k/9238616212.jpg,/home/sergey/iqa-data/koniq10k/koniq10k/1024x768/9238616212.jpg,0.7933994755503953,3.474029394858732
19589,koniq10k,koniq10k/9245144961.jpg,/home/sergey/iqa-data/koniq10k/koniq10k/1024x768/9245144961.jpg,0.6522259454284335,8.904995073499217
19599,koniq10k,koniq10k/9251645143.jpg,/home/sergey/iqa-data/koniq10k/koniq10k/1024x768/9251645143.jpg,0.7710139531585185,5.450792106104002
19601,koniq10k,koniq10k/9255279783.jpg,/home/sergey/iqa-data/koniq10k/koniq10k/1024x768/9255279783.jpg,0.7930391950716474,4.543079048010926
19607,koniq10k,koniq10k/9258059092.jpg,/home/sergey/iqa-data/koniq10k/koniq10k/1024x768/9258059092.jpg,0.7529841412004494,4.653644807632316
19608,koniq10k,koniq10k/9259054228.jpg,/home/sergey/iqa-data/koniq10k/koniq10k/1024x768/9259054228.jpg,0.7145237850243592,2.802049757600485
19616,koniq10k,koniq10k/9269067450.jpg,/home/sergey/iqa-data/koniq10k/koniq10k/1024x768/9269067450.jpg,0.4629980709894809,10.38645794378885
19617,koniq10k,koniq10k/9269195837.jpg,/home/sergey/iqa-data/koniq10k/koniq10k/1024x768/9269195837.jpg,0.7017129623639908,3.2639556440583863
19624,koniq10k,koniq10k/9283273348.jpg,/home/sergey/iqa-data/koniq10k/koniq10k/1024x768/9283273348.jpg,0.8163030202708448,1.6754944113581316
19625,koniq10k,koniq10k/9283322341.jpg,/home/sergey/iqa-data/koniq10k/koniq10k/1024x768/9283322341.jpg,0.8205680548906961,4.054164404527724
19627,koniq10k,koniq10k/9284861098.jpg,/home/sergey/iqa-data/koniq10k/koniq10k/1024x768/9284861098.jpg,0.7465382233718787,2.4054366826819686
19630,koniq10k,koniq10k/9287500291.jpg,/home/sergey/iqa-data/koniq10k/koniq10k/1024x768/9287500291.jpg,0.7493671268204523,2.4555089579836014
19633,koniq10k,koniq10k/9290321332.jpg,/home/sergey/iqa-data/koniq10k/koniq10k/1024x768/9290321332.jpg,0.7597071813723265,4.843244930282686
19640,koniq10k,koniq10k/9299238943.jpg,/home/sergey/iqa-data/koniq10k/koniq10k/1024x768/9299238943.jpg,0.549569391438773,4.229240197884949
19645,koniq10k,koniq10k/9304089120.jpg,/home/sergey/iqa-data/koniq10k/koniq10k/1024x768/9304089120.jpg,0.8455823688977749,3.5573426069189056
19650,koniq10k,koniq10k/9307347958.jpg,/home/sergey/iqa-data/koniq10k/koniq10k/1024x768/9307347958.jpg,0.2995381972798671,8.38045043732486
19657,koniq10k,koniq10k/9318914214.jpg,/home/sergey/iqa-data/koniq10k/koniq10k/1024x768/9318914214.jpg,0.5810740241089675,3.254222111257924
19658,koniq10k,koniq10k/9321343770.jpg,/home/sergey/iqa-data/koniq10k/koniq10k/1024x768/9321343770.jpg,0.8054308497104078,2.9374672510695983
19664,koniq10k,koniq10k/9326601195.jpg,/home/sergey/iqa-data/koniq10k/koniq10k/1024x768/9326601195.jpg,0.828019631263159,3.6265309155742256
19665,koniq10k,koniq10k/9327556810.jpg,/home/sergey/iqa-data/koniq10k/koniq10k/1024x768/9327556810.jpg,0.8146413184709005,2.705411658857517
19669,koniq10k,koniq10k/9329940580.jpg,/home/sergey/iqa-data/koniq10k/koniq10k/1024x768/9329940580.jpg,0.5801865983348816,5.101382972718072
19677,koniq10k,koniq10k/9335639356.jpg,/home/sergey/iqa-data/koniq10k/koniq10k/1024x768/9335639356.jpg,0.2376735280038287,6.804404545355099
19702,koniq10k,koniq10k/9352087961.jpg,/home/sergey/iqa-data/koniq10k/koniq10k/1024x768/9352087961.jpg,0.060598807606944,4.477407605340923
19704,koniq10k,koniq10k/9353536560.jpg,/home/sergey/iqa-data/koniq10k/koniq10k/1024x768/9353536560.jpg,0.6250096511681772,2.9825432479709133
19708,koniq10k,koniq10k/9363143543.jpg,/home/sergey/iqa-data/koniq10k/koniq10k/1024x768/9363143543.jpg,0.7364413240430462,6.776075104955878
19712,koniq10k,koniq10k/9369983914.jpg,/home/sergey/iqa-data/koniq10k/koniq10k/1024x768/9369983914.jpg,0.7762522302972275,3.7416638884673725
19713,koniq10k,koniq10k/9372136957.jpg,/home/sergey/iqa-data/koniq10k/koniq10k/1024x768/9372136957.jpg,0.740957568386961,4.932837878894955
19718,koniq10k,koniq10k/9376075949.jpg,/home/sergey/iqa-data/koniq10k/koniq10k/1024x768/9376075949.jpg,0.7821924365725227,6.131960793903027
19733,koniq10k,koniq10k/9401387705.jpg,/home/sergey/iqa-data/koniq10k/koniq10k/1024x768/9401387705.jpg,0.825753949258018,3.1948620861016175
19735,koniq10k,koniq10k/940371579.jpg,/home/sergey/iqa-data/koniq10k/koniq10k/1024x768/940371579.jpg,0.6479518566641594,4.720260919725332
19741,koniq10k,koniq10k/9407500995.jpg,/home/sergey/iqa-data/koniq10k/koniq10k/1024x768/9407500995.jpg,0.8407407082094506,3.394884290329292
19742,koniq10k,koniq10k/9408208696.jpg,/home/sergey/iqa-data/koniq10k/koniq10k/1024x768/9408208696.jpg,0.843124177964094,3.005605282860397
19751,koniq10k,koniq10k/9424457746.jpg,/home/sergey/iqa-data/koniq10k/koniq10k/1024x768/9424457746.jpg,0.8556725706079475,6.842858332056701
19754,koniq10k,koniq10k/9427704319.jpg,/home/sergey/iqa-data/koniq10k/koniq10k/1024x768/9427704319.jpg,0.8234434022626764,2.2062744839844473
19765,koniq10k,koniq10k/9438332547.jpg,/home/sergey/iqa-data/koniq10k/koniq10k/1024x768/9438332547.jpg,0.8616562948779335,1.818221268606539
19766,koniq10k,koniq10k/9438428165.jpg,/home/sergey/iqa-data/koniq10k/koniq10k/1024x768/9438428165.jpg,0.836027890929126,3.0482528599205305
19774,koniq10k,koniq10k/9445529272.jpg,/home/sergey/iqa-data/koniq10k/koniq10k/1024x768/9445529272.jpg,0.4806150571416627,4.599373766380838
19780,koniq10k,koniq10k/9458038705.jpg,/home/sergey/iqa-data/koniq10k/koniq10k/1024x768/9458038705.jpg,0.6305490575069763,4.955674201486903
19785,koniq10k,koniq10k/9460489511.jpg,/home/sergey/iqa-data/koniq10k/koniq10k/1024x768/9460489511.jpg,0.7537276386007838,4.6957034173051655
19786,koniq10k,koniq10k/9461924966.jpg,/home/sergey/iqa-data/koniq10k/koniq10k/1024x768/9461924966.jpg,0.6639540449976062,3.4428557854392308
19790,koniq10k,koniq10k/9467289840.jpg,/home/sergey/iqa-data/koniq10k/koniq10k/1024x768/9467289840.jpg,0.642395541270602,4.8444770090242875
19792,koniq10k,koniq10k/9468744508.jpg,/home/sergey/iqa-data/koniq10k/koniq10k/1024x768/9468744508.jpg,0.8724269985639063,7.116881642034036
19793,koniq10k,koniq10k/9469622762.jpg,/home/sergey/iqa-data/koniq10k/koniq10k/1024x768/9469622762.jpg,0.6262767253269127,3.922725135635776
19796,koniq10k,koniq10k/9472829997.jpg,/home/sergey/iqa-data/koniq10k/koniq10k/1024x768/9472829997.jpg,0.4338200095739596,6.221773585374883
19809,koniq10k,koniq10k/9482188665.jpg,/home/sergey/iqa-data/koniq10k/koniq10k/1024x768/9482188665.jpg,0.7621088820227176,3.539007681987358
19815,koniq10k,koniq10k/9484990711.jpg,/home/sergey/iqa-data/koniq10k/koniq10k/1024x768/9484990711.jpg,0.3375390366773793,5.277573141928088
19823,koniq10k,koniq10k/9488864072.jpg,/home/sergey/iqa-data/koniq10k/koniq10k/1024x768/9488864072.jpg,0.5534944949736712,4.632828393385321
19828,koniq10k,koniq10k/9494293866.jpg,/home/sergey/iqa-data/koniq10k/koniq10k/1024x768/9494293866.jpg,0.3634265740581848,8.228384852832855
19835,koniq10k,koniq10k/9497710012.jpg,/home/sergey/iqa-data/koniq10k/koniq10k/1024x768/9497710012.jpg,0.2812350406893242,5.228037094113198
19836,koniq10k,koniq10k/9497810800.jpg,/home/sergey/iqa-data/koniq10k/koniq10k/1024x768/9497810800.jpg,0.6788202755172602,3.3269315537244837
19837,koniq10k,koniq10k/9498977620.jpg,/home/sergey/iqa-data/koniq10k/koniq10k/1024x768/9498977620.jpg,0.6139538080184274,3.542320553691847
19839,koniq10k,koniq10k/95019293.jpg,/home/sergey/iqa-data/koniq10k/koniq10k/1024x768/95019293.jpg,0.4039013882240302,3.422328008103525
19841,koniq10k,koniq10k/950420073.jpg,/home/sergey/iqa-data/koniq10k/koniq10k/1024x768/950420073.jpg,0.7348796320736581,2.807752584186336
19848,koniq10k,koniq10k/9510794857.jpg,/home/sergey/iqa-data/koniq10k/koniq10k/1024x768/9510794857.jpg,0.2466624115738519,8.202386124861288
19853,koniq10k,koniq10k/9515243339.jpg,/home/sergey/iqa-data/koniq10k/koniq10k/1024x768/9515243339.jpg,0.808714582051108,2.7270207352310214
19854,koniq10k,koniq10k/9517140367.jpg,/home/sergey/iqa-data/koniq10k/koniq10k/1024x768/9517140367.jpg,0.6223073240785073,4.003970083996157
19859,koniq10k,koniq10k/9521784071.jpg,/home/sergey/iqa-data/koniq10k/koniq10k/1024x768/9521784071.jpg,0.6513193205390428,4.079302447791418
19867,koniq10k,koniq10k/9526789940.jpg,/home/sergey/iqa-data/koniq10k/koniq10k/1024x768/9526789940.jpg,0.6291614082423084,1.7608291132853746
19876,koniq10k,koniq10k/9530920367.jpg,/home/sergey/iqa-data/koniq10k/koniq10k/1024x768/9530920367.jpg,0.7556673570660064,3.5800656651918374
19877,koniq10k,koniq10k/9530922505.jpg,/home/sergey/iqa-data/koniq10k/koniq10k/1024x768/9530922505.jpg,0.7860659821611755,5.3474657488699195
19882,koniq10k,koniq10k/9536683213.jpg,/home/sergey/iqa-data/koniq10k/koniq10k/1024x768/9536683213.jpg,0.7102041669958684,4.334578952276525
19891,koniq10k,koniq10k/9543397077.jpg,/home/sergey/iqa-data/koniq10k/koniq10k/1024x768/9543397077.jpg,0.8321768459514883,2.7437024046291385
19895,koniq10k,koniq10k/9546481286.jpg,/home/sergey/iqa-data/koniq10k/koniq10k/1024x768/9546481286.jpg,0.8622668789871142,2.8436016541890323
19896,koniq10k,koniq10k/9547511197.jpg,/home/sergey/iqa-data/koniq10k/koniq10k/1024x768/9547511197.jpg,0.5470550566036537,6.2779525270111645
19900,koniq10k,koniq10k/9550673458.jpg,/home/sergey/iqa-data/koniq10k/koniq10k/1024x768/9550673458.jpg,0.5624700813786485,6.51820102155671
19903,koniq10k,koniq10k/9557331185.jpg,/home/sergey/iqa-data/koniq10k/koniq10k/1024x768/9557331185.jpg,0.5867823304395817,5.472992865175401
19907,koniq10k,koniq10k/9562837541.jpg,/home/sergey/iqa-data/koniq10k/koniq10k/1024x768/9562837541.jpg,0.8477695385532478,3.1719680428566637
19909,koniq10k,koniq10k/9566357532.jpg,/home/sergey/iqa-data/koniq10k/koniq10k/1024x768/9566357532.jpg,0.828019631263159,3.551032766493667
19910,koniq10k,koniq10k/9567386872.jpg,/home/sergey/iqa-data/koniq10k/koniq10k/1024x768/9567386872.jpg,0.6246782336949154,8.126132769089894
19914,koniq10k,koniq10k/95721252.jpg,/home/sergey/iqa-data/koniq10k/koniq10k/1024x768/95721252.jpg,0.4945975518019566,3.1573300528755386
19915,koniq10k,koniq10k/9572676975.jpg,/home/sergey/iqa-data/koniq10k/koniq10k/1024x768/9572676975.jpg,0.7553739542729476,3.3866814549691924
19918,koniq10k,koniq10k/9578088583.jpg,/home/sergey/iqa-data/koniq10k/koniq10k/1024x768/9578088583.jpg,0.4339308192826615,8.179686665166662
19927,koniq10k,koniq10k/9584563009.jpg,/home/sergey/iqa-data/koniq10k/koniq10k/1024x768/9584563009.jpg,0.6330780277644801,4.994575053525596
19932,koniq10k,koniq10k/9587630414.jpg,/home/sergey/iqa-data/koniq10k/koniq10k/1024x768/9587630414.jpg,0.8511987580696395,2.8204428629999336
19934,koniq10k,koniq10k/9589321595.jpg,/home/sergey/iqa-data/koniq10k/koniq10k/1024x768/9589321595.jpg,0.723561324960812,5.189433295044818
19966,koniq10k,koniq10k/9629455923.jpg,/home/sergey/iqa-data/koniq10k/koniq10k/1024x768/9629455923.jpg,0.5635781784656849,4.335441846506078
19967,koniq10k,koniq10k/9629668489.jpg,/home/sergey/iqa-data/koniq10k/koniq10k/1024x768/9629668489.jpg,0.8197702249880322,3.1186818765854647
19969,koniq10k,koniq10k/9630325643.jpg,/home/sergey/iqa-data/koniq10k/koniq10k/1024x768/9630325643.jpg,0.3410722833891799,7.279363595263642
19971,koniq10k,koniq10k/9633489441.jpg,/home/sergey/iqa-data/koniq10k/koniq10k/1024x768/9633489441.jpg,0.33976889790463,3.614572601859217
19980,koniq10k,koniq10k/9646156379.jpg,/home/sergey/iqa-data/koniq10k/koniq10k/1024x768/9646156379.jpg,0.7853039731929151,5.548493986590843
19982,koniq10k,koniq10k/9648319367.jpg,/home/sergey/iqa-data/koniq10k/koniq10k/1024x768/9648319367.jpg,0.7479655337482046,3.148379540846903
19983,koniq10k,koniq10k/9648549075.jpg,/home/sergey/iqa-data/koniq10k/koniq10k/1024x768/9648549075.jpg,0.7978675361507277,8.66976615135182
19986,koniq10k,koniq10k/9651547204.jpg,/home/sergey/iqa-data/koniq10k/koniq10k/1024x768/9651547204.jpg,0.5094143928514425,3.020850621968848
19999,koniq10k,koniq10k/9657756963.jpg,/home/sergey/iqa-data/koniq10k/koniq10k/1024x768/9657756963.jpg,0.7901312169217488,2.4852896249336918
20000,koniq10k,koniq10k/965852463.jpg,/home/sergey/iqa-data/koniq10k/koniq10k/1024x768/965852463.jpg,0.6070657622587299,4.812226006374358
20007,koniq10k,koniq10k/9668766101.jpg,/home/sergey/iqa-data/koniq10k/koniq10k/1024x768/9668766101.jpg,0.3208918799688379,4.0138948023764485
20013,koniq10k,koniq10k/9673401997.jpg,/home/sergey/iqa-data/koniq10k/koniq10k/1024x768/9673401997.jpg,0.4780873574896684,5.696977610688764
20014,koniq10k,koniq10k/9674243129.jpg,/home/sergey/iqa-data/koniq10k/koniq10k/1024x768/9674243129.jpg,0.679511728099569,2.91957613932393
20019,koniq10k,koniq10k/9678381010.jpg,/home/sergey/iqa-data/koniq10k/koniq10k/1024x768/9678381010.jpg,0.5426041168022973,5.298361977722575
20025,koniq10k,koniq10k/9685106937.jpg,/home/sergey/iqa-data/koniq10k/koniq10k/1024x768/9685106937.jpg,0.4528057515333991,3.984522124289149
20028,koniq10k,koniq10k/9687081006.jpg,/home/sergey/iqa-data/koniq10k/koniq10k/1024x768/9687081006.jpg,0.7341022517761602,4.299953660033714
20029,koniq10k,koniq10k/9687603044.jpg,/home/sergey/iqa-data/koniq10k/koniq10k/1024x768/9687603044.jpg,0.4020714142968024,4.096418172886852
20033,koniq10k,koniq10k/9690359369.jpg,/home/sergey/iqa-data/koniq10k/koniq10k/1024x768/9690359369.jpg,0.6871933341311629,2.586972148777156
20037,koniq10k,koniq10k/9694884270.jpg,/home/sergey/iqa-data/koniq10k/koniq10k/1024x768/9694884270.jpg,0.5775718616790888,13.031856245484116
20042,koniq10k,koniq10k/9700460977.jpg,/home/sergey/iqa-data/koniq10k/koniq10k/1024x768/9700460977.jpg,0.7362238861240831,3.819513698554479
20043,koniq10k,koniq10k/9701303901.jpg,/home/sergey/iqa-data/koniq10k/koniq10k/1024x768/9701303901.jpg,0.4439484235905841,7.498201981555891
20046,koniq10k,koniq10k/9702908989.jpg,/home/sergey/iqa-data/koniq10k/koniq10k/1024x768/9702908989.jpg,0.7928434657730973,3.715442144631801
20050,koniq10k,koniq10k/9707926050.jpg,/home/sergey/iqa-data/koniq10k/koniq10k/1024x768/9707926050.jpg,0.314145524174245,7.5227063674009385
20062,koniq10k,koniq10k/9719700871.jpg,/home/sergey/iqa-data/koniq10k/koniq10k/1024x768/9719700871.jpg,0.836027890929126,7.3289829093405245
20066,koniq10k,koniq10k/9723327327.jpg,/home/sergey/iqa-data/koniq10k/koniq10k/1024x768/9723327327.jpg,0.8614945726003634,2.6002764438827572
20075,koniq10k,koniq10k/9730872137.jpg,/home/sergey/iqa-data/koniq10k/koniq10k/1024x768/9730872137.jpg,0.5803050653678303,5.1600911835618914
20079,koniq10k,koniq10k/9737356732.jpg,/home/sergey/iqa-data/koniq10k/koniq10k/1024x768/9737356732.jpg,0.8129150845622236,3.844667743919564
20097,koniq10k,koniq10k/9767373513.jpg,/home/sergey/iqa-data/koniq10k/koniq10k/1024x768/9767373513.jpg,0.4032560846262871,2.695970001366121
20098,koniq10k,koniq10k/9767747482.jpg,/home/sergey/iqa-data/koniq10k/koniq10k/1024x768/9767747482.jpg,0.6043561512685497,5.5673447871114865
20099,koniq10k,koniq10k/9768426856.jpg,/home/sergey/iqa-data/koniq10k/koniq10k/1024x768/9768426856.jpg,0.6183181745651813,3.8617855357891666
20101,koniq10k,koniq10k/9768559232.jpg,/home/sergey/iqa-data/koniq10k/koniq10k/1024x768/9768559232.jpg,0.7583373224828456,2.5043361116369725
20102,koniq10k,koniq10k/9768629394.jpg,/home/sergey/iqa-data/koniq10k/koniq10k/1024x768/9768629394.jpg,0.7249171143378909,10.54599613782144
20105,koniq10k,koniq10k/9770742411.jpg,/home/sergey/iqa-data/koniq10k/koniq10k/1024x768/9770742411.jpg,0.7937234252245651,4.2175894015765865
20107,koniq10k,koniq10k/9774901765.jpg,/home/sergey/iqa-data/koniq10k/koniq10k/1024x768/9774901765.jpg,0.5326723433473076,4.134185407909295
20108,koniq10k,koniq10k/9777290841.jpg,/home/sergey/iqa-data/koniq10k/koniq10k/1024x768/9777290841.jpg,0.8312541402536622,3.2952486048193155
20110,koniq10k,koniq10k/9784161203.jpg,/home/sergey/iqa-data/koniq10k/koniq10k/1024x768/9784161203.jpg,0.2172595213915349,6.399518365568299
20114,koniq10k,koniq10k/9795395745.jpg,/home/sergey/iqa-data/koniq10k/koniq10k/1024x768/9795395745.jpg,0.6625508029923308,6.973941522720259
20121,koniq10k,koniq10k/9814999.jpg,/home/sergey/iqa-data/koniq10k/koniq10k/1024x768/9814999.jpg,0.5284131834307887,4.711882895931994
20128,koniq10k,koniq10k/9823108104.jpg,/home/sergey/iqa-data/koniq10k/koniq10k/1024x768/9823108104.jpg,0.7803131916829773,3.4150731104724485
20129,koniq10k,koniq10k/9823593036.jpg,/home/sergey/iqa-data/koniq10k/koniq10k/1024x768/9823593036.jpg,0.7493928441245307,5.315749152593282
20137,koniq10k,koniq10k/9843144115.jpg,/home/sergey/iqa-data/koniq10k/koniq10k/1024x768/9843144115.jpg,0.6772487923756461,3.3214885262507416
20157,koniq10k,koniq10k/9910043795.jpg,/home/sergey/iqa-data/koniq10k/koniq10k/1024x768/9910043795.jpg,0.8078027764480603,1.611922852600773
20159,koniq10k,koniq10k/9913105155.jpg,/home/sergey/iqa-data/koniq10k/koniq10k/1024x768/9913105155.jpg,0.8104870639710448,3.53590228244037
20160,koniq10k,koniq10k/9915601385.jpg,/home/sergey/iqa-data/koniq10k/koniq10k/1024x768/9915601385.jpg,0.7435204814333596,3.7130937501465033
20167,koniq10k,koniq10k/9927178013.jpg,/home/sergey/iqa-data/koniq10k/koniq10k/1024x768/9927178013.jpg,0.3781036335883367,5.918552889454466
20169,koniq10k,koniq10k/9932883805.jpg,/home/sergey/iqa-data/koniq10k/koniq10k/1024x768/9932883805.jpg,0.7755913261722501,3.4203401505872857
20170,koniq10k,koniq10k/9933953566.jpg,/home/sergey/iqa-data/koniq10k/koniq10k/1024x768/9933953566.jpg,0.7253087136968035,3.132632555881207
20173,koniq10k,koniq10k/99355212.jpg,/home/sergey/iqa-data/koniq10k/koniq10k/1024x768/99355212.jpg,0.6755683945608545,5.126292060653933
20176,koniq10k,koniq10k/9937341544.jpg,/home/sergey/iqa-data/koniq10k/koniq10k/1024x768/9937341544.jpg,0.8393869705329338,2.759795340491698
20177,koniq10k,koniq10k/9941134286.jpg,/home/sergey/iqa-data/koniq10k/koniq10k/1024x768/9941134286.jpg,0.7364413240430462,2.5371070193832246
20181,koniq10k,koniq10k/9945099433.jpg,/home/sergey/iqa-data/koniq10k/koniq10k/1024x768/9945099433.jpg,0.5301579703207271,5.118237659973782
20189,koniq10k,koniq10k/9975733946.jpg,/home/sergey/iqa-data/koniq10k/koniq10k/1024x768/9975733946.jpg,0.7563000068385405,3.856521969083672
20193,koniq10k,koniq10k/9984535544.jpg,/home/sergey/iqa-data/koniq10k/koniq10k/1024x768/9984535544.jpg,0.7748922929631396,3.8044883672720036
20201,spaq,spaq/00004,/home/sergey/iqa-data/spaq/SPAQ/TestImage/00004.jpg,0.6914893617021277,5.4604967544414995
20221,spaq,spaq/00024,/home/sergey/iqa-data/spaq/SPAQ/TestImage/00024.jpg,0.3696808510638298,6.097800925505755
20239,spaq,spaq/00042,/home/sergey/iqa-data/spaq/SPAQ/TestImage/00042.jpg,0.5137234042553191,5.327869063971169
20241,spaq,spaq/00044,/home/sergey/iqa-data/spaq/SPAQ/TestImage/00044.jpg,0.3422340425531915,5.361170051695696
20255,spaq,spaq/00058,/home/sergey/iqa-data/spaq/SPAQ/TestImage/00058.jpg,0.4648936170212766,4.268192426864473
20258,spaq,spaq/00061,/home/sergey/iqa-data/spaq/SPAQ/TestImage/00061.jpg,0.8085106382978723,4.114052692857679
20262,spaq,spaq/00065,/home/sergey/iqa-data/spaq/SPAQ/TestImage/00065.jpg,0.3274468085106383,6.950422044821958
20264,spaq,spaq/00067,/home/sergey/iqa-data/spaq/SPAQ/TestImage/00067.jpg,0.7006382978723404,5.389835546844191
20272,spaq,spaq/00075,/home/sergey/iqa-data/spaq/SPAQ/TestImage/00075.jpg,0.4029787234042553,5.003543384221646
20283,spaq,spaq/00086,/home/sergey/iqa-data/spaq/SPAQ/TestImage/00086.jpg,0.3282978723404255,5.374902517604641
20291,spaq,spaq/00094,/home/sergey/iqa-data/spaq/SPAQ/TestImage/00094.jpg,0.3404255319148936,8.220728949586476
20294,spaq,spaq/00097,/home/sergey/iqa-data/spaq/SPAQ/TestImage/00097.jpg,0.5997872340425532,3.9848142877296637
20295,spaq,spaq/00098,/home/sergey/iqa-data/spaq/SPAQ/TestImage/00098.jpg,0.5014893617021277,8.048948123766035
20302,spaq,spaq/00105,/home/sergey/iqa-data/spaq/SPAQ/TestImage/00105.jpg,0.4880851063829787,3.9384172694164508
20303,spaq,spaq/00106,/home/sergey/iqa-data/spaq/SPAQ/TestImage/00106.jpg,0.7112765957446808,3.8420049438295556
20307,spaq,spaq/00110,/home/sergey/iqa-data/spaq/SPAQ/TestImage/00110.jpg,0.3738297872340425,5.693947528147734
20308,spaq,spaq/00111,/home/sergey/iqa-data/spaq/SPAQ/TestImage/00111.jpg,0.4422340425531915,4.1796765059777545
20311,spaq,spaq/00114,/home/sergey/iqa-data/spaq/SPAQ/TestImage/00114.jpg,0.1337234042553191,5.238748883724817
20318,spaq,spaq/00121,/home/sergey/iqa-data/spaq/SPAQ/TestImage/00121.jpg,0.6656382978723403,6.185249660108083
20326,spaq,spaq/00129,/home/sergey/iqa-data/spaq/SPAQ/TestImage/00129.jpg,0.4468085106382978,5.090717380430015
20331,spaq,spaq/00134,/home/sergey/iqa-data/spaq/SPAQ/TestImage/00134.jpg,0.5425531914893617,5.473802272575317
20333,spaq,spaq/00136,/home/sergey/iqa-data/spaq/SPAQ/TestImage/00136.jpg,0.2101063829787234,5.7802837617862775
20336,spaq,spaq/00139,/home/sergey/iqa-data/spaq/SPAQ/TestImage/00139.jpg,0.5402127659574468,6.595258554621403
20337,spaq,spaq/00140,/home/sergey/iqa-data/spaq/SPAQ/TestImage/00140.jpg,0.2127659574468085,6.710250011828995
20348,spaq,spaq/00151,/home/sergey/iqa-data/spaq/SPAQ/TestImage/00151.jpg,0.4278723404255319,7.923890435502752
20351,spaq,spaq/00154,/home/sergey/iqa-data/spaq/SPAQ/TestImage/00154.jpg,0.9508510638297872,6.219386749604286
20353,spaq,spaq/00156,/home/sergey/iqa-data/spaq/SPAQ/TestImage/00156.jpg,0.3404255319148936,4.611202780652518
20362,spaq,spaq/00165,/home/sergey/iqa-data/spaq/SPAQ/TestImage/00165.jpg,0.8286170212765958,3.5712579476601416
20368,spaq,spaq/00171,/home/sergey/iqa-data/spaq/SPAQ/TestImage/00171.jpg,0.6436170212765957,3.450061082837249
20374,spaq,spaq/00177,/home/sergey/iqa-data/spaq/SPAQ/TestImage/00177.jpg,0.8212765957446809,3.8941857992039806
20378,spaq,spaq/00181,/home/sergey/iqa-data/spaq/SPAQ/TestImage/00181.jpg,0.4421276595744681,5.865973571500052
20381,spaq,spaq/00184,/home/sergey/iqa-data/spaq/SPAQ/TestImage/00184.jpg,0.5574468085106383,3.491977352070899
20384,spaq,spaq/00187,/home/sergey/iqa-data/spaq/SPAQ/TestImage/00187.jpg,0.2617021276595744,3.4070157711254576
20393,spaq,spaq/00196,/home/sergey/iqa-data/spaq/SPAQ/TestImage/00196.jpg,0.0944680851063829,9.396599474850893
20394,spaq,spaq/00197,/home/sergey/iqa-data/spaq/SPAQ/TestImage/00197.jpg,0.397127659574468,3.762461081921808
20400,spaq,spaq/00203,/home/sergey/iqa-data/spaq/SPAQ/TestImage/00203.jpg,0.7919148936170213,3.3038555670348733
20401,spaq,spaq/00204,/home/sergey/iqa-data/spaq/SPAQ/TestImage/00204.jpg,0.8125531914893617,3.9686240140429803
20402,spaq,spaq/00205,/home/sergey/iqa-data/spaq/SPAQ/TestImage/00205.jpg,0.3471276595744681,5.97760152559676
20403,spaq,spaq/00206,/home/sergey/iqa-data/spaq/SPAQ/TestImage/00206.jpg,0.1143617021276595,7.50846043442185
20410,spaq,spaq/00213,/home/sergey/iqa-data/spaq/SPAQ/TestImage/00213.jpg,0.1934042553191489,5.57107387287407
20421,spaq,spaq/00224,/home/sergey/iqa-data/spaq/SPAQ/TestImage/00224.jpg,0.1817021276595744,4.490901747269154
20426,spaq,spaq/00229,/home/sergey/iqa-data/spaq/SPAQ/TestImage/00229.jpg,0.1014893617021276,10.720096748992908
20439,spaq,spaq/00242,/home/sergey/iqa-data/spaq/SPAQ/TestImage/00242.jpg,0.2993617021276595,5.976886411651811
20447,spaq,spaq/00250,/home/sergey/iqa-data/spaq/SPAQ/TestImage/00250.jpg,0.076063829787234,6.918135381112162
20448,spaq,spaq/00251,/home/sergey/iqa-data/spaq/SPAQ/TestImage/00251.jpg,0.7530851063829788,5.066106757294744
20450,spaq,spaq/00253,/home/sergey/iqa-data/spaq/SPAQ/TestImage/00253.jpg,0.3273404255319149,6.543730574841428
20456,spaq,spaq/00259,/home/sergey/iqa-data/spaq/SPAQ/TestImage/00259.jpg,0.5354255319148936,4.885227112998436
20461,spaq,spaq/00264,/home/sergey/iqa-data/spaq/SPAQ/TestImage/00264.jpg,0.7272340425531915,3.541603069431537
20468,spaq,spaq/00271,/home/sergey/iqa-data/spaq/SPAQ/TestImage/00271.jpg,0.6906382978723404,4.510484108672334
20473,spaq,spaq/00276,/home/sergey/iqa-data/spaq/SPAQ/TestImage/00276.jpg,0.7561702127659574,4.529236923733925
20475,spaq,spaq/00278,/home/sergey/iqa-data/spaq/SPAQ/TestImage/00278.jpg,0.1994680851063829,7.254601695734077
20476,spaq,spaq/00279,/home/sergey/iqa-data/spaq/SPAQ/TestImage/00279.jpg,0.8838297872340425,5.209352804390946
20479,spaq,spaq/00282,/home/sergey/iqa-data/spaq/SPAQ/TestImage/00282.jpg,0.7779787234042552,5.106731120169328
20480,spaq,spaq/00283,/home/sergey/iqa-data/spaq/SPAQ/TestImage/00283.jpg,0.675531914893617,8.617405973292813
20482,spaq,spaq/00285,/home/sergey/iqa-data/spaq/SPAQ/TestImage/00285.jpg,0.6553191489361703,4.737798858752566
20484,spaq,spaq/00287,/home/sergey/iqa-data/spaq/SPAQ/TestImage/00287.jpg,0.4914893617021277,3.7020223624329787
20485,spaq,spaq/00288,/home/sergey/iqa-data/spaq/SPAQ/TestImage/00288.jpg,0.7680851063829788,10.096534624033326
20486,spaq,spaq/00289,/home/sergey/iqa-data/spaq/SPAQ/TestImage/00289.jpg,0.4606382978723404,4.651453287602167
20487,spaq,spaq/00290,/home/sergey/iqa-data/spaq/SPAQ/TestImage/00290.jpg,0.1986170212765957,5.6819580444089
20502,spaq,spaq/00305,/home/sergey/iqa-data/spaq/SPAQ/TestImage/00305.jpg,0.7095744680851064,5.409504587193265
20503,spaq,spaq/00306,/home/sergey/iqa-data/spaq/SPAQ/TestImage/00306.jpg,0.383936170212766,4.860516449028121
20508,spaq,spaq/00311,/home/sergey/iqa-data/spaq/SPAQ/TestImage/00311.jpg,0.5997872340425532,7.507322786874969
20511,spaq,spaq/00314,/home/sergey/iqa-data/spaq/SPAQ/TestImage/00314.jpg,0.2494680851063829,5.574871865202082
20528,spaq,spaq/00331,/home/sergey/iqa-data/spaq/SPAQ/TestImage/00331.jpg,0.7840425531914894,3.876690233708221
20531,spaq,spaq/00334,/home/sergey/iqa-data/spaq/SPAQ/TestImage/00334.jpg,0.7755319148936171,5.155830637356858
20537,spaq,spaq/00340,/home/sergey/iqa-data/spaq/SPAQ/TestImage/00340.jpg,0.2382978723404255,4.060211399983893
20542,spaq,spaq/00345,/home/sergey/iqa-data/spaq/SPAQ/TestImage/00345.jpg,0.2819148936170212,8.37545093660796
20543,spaq,spaq/00346,/home/sergey/iqa-data/spaq/SPAQ/TestImage/00346.jpg,0.8132978723404256,3.658350524484152
20561,spaq,spaq/00364,/home/sergey/iqa-data/spaq/SPAQ/TestImage/00364.jpg,0.3686170212765957,5.438071317114751
20565,spaq,spaq/00368,/home/sergey/iqa-data/spaq/SPAQ/TestImage/00368.jpg,0.2180851063829787,4.892003352546133
20567,spaq,spaq/00370,/home/sergey/iqa-data/spaq/SPAQ/TestImage/00370.jpg,0.7845744680851063,3.897071157551684
20572,spaq,spaq/00375,/home/sergey/iqa-data/spaq/SPAQ/TestImage/00375.jpg,0.7434042553191489,4.57147499257714
20579,spaq,spaq/00382,/home/sergey/iqa-data/spaq/SPAQ/TestImage/00382.jpg,0.7421276595744681,6.557047788570204
20584,spaq,spaq/00387,/home/sergey/iqa-data/spaq/SPAQ/TestImage/00387.jpg,0.6778723404255319,3.9291624783269006
20587,spaq,spaq/00390,/home/sergey/iqa-data/spaq/SPAQ/TestImage/00390.jpg,0.7434042553191489,4.360798342994991
20593,spaq,spaq/00396,/home/sergey/iqa-data/spaq/SPAQ/TestImage/00396.jpg,0.2689361702127659,5.815656283242492
20595,spaq,spaq/00398,/home/sergey/iqa-data/spaq/SPAQ/TestImage/00398.jpg,0.7719148936170213,4.229028447427095
20602,spaq,spaq/00405,/home/sergey/iqa-data/spaq/SPAQ/TestImage/00405.jpg,0.4369148936170213,5.881274471649712
20606,spaq,spaq/00409,/home/sergey/iqa-data/spaq/SPAQ/TestImage/00409.jpg,0.5771276595744681,3.873760166950244
20610,spaq,spaq/00413,/home/sergey/iqa-data/spaq/SPAQ/TestImage/00413.jpg,0.6745744680851063,6.775614097485066
20611,spaq,spaq/00414,/home/sergey/iqa-data/spaq/SPAQ/TestImage/00414.jpg,0.6090425531914894,4.8134681110148
20616,spaq,spaq/00419,/home/sergey/iqa-data/spaq/SPAQ/TestImage/00419.jpg,0.0392553191489361,5.7786562330549245
20618,spaq,spaq/00421,/home/sergey/iqa-data/spaq/SPAQ/TestImage/00421.jpg,0.3525531914893617,7.903282049113178
20628,spaq,spaq/00431,/home/sergey/iqa-data/spaq/SPAQ/TestImage/00431.jpg,0.8670212765957447,5.045994295705107
20635,spaq,spaq/00438,/home/sergey/iqa-data/spaq/SPAQ/TestImage/00438.jpg,0.769468085106383,4.237300508121634
20638,spaq,spaq/00441,/home/sergey/iqa-data/spaq/SPAQ/TestImage/00441.jpg,0.4597872340425532,7.348323043501799
20640,spaq,spaq/00443,/home/sergey/iqa-data/spaq/SPAQ/TestImage/00443.jpg,0.7978723404255319,3.7209682063571896
20653,spaq,spaq/00456,/home/sergey/iqa-data/spaq/SPAQ/TestImage/00456.jpg,0.5258510638297872,5.574001150131646
20657,spaq,spaq/00460,/home/sergey/iqa-data/spaq/SPAQ/TestImage/00460.jpg,0.8070212765957446,5.84790626577031
20662,spaq,spaq/00465,/home/sergey/iqa-data/spaq/SPAQ/TestImage/00465.jpg,0.758404255319149,6.03980866760139
20665,spaq,spaq/00468,/home/sergey/iqa-data/spaq/SPAQ/TestImage/00468.jpg,0.7712765957446809,4.5119646068634
20669,spaq,spaq/00472,/home/sergey/iqa-data/spaq/SPAQ/TestImage/00472.jpg,0.8297872340425532,3.298138697981943
20671,spaq,spaq/00474,/home/sergey/iqa-data/spaq/SPAQ/TestImage/00474.jpg,0.5319148936170213,6.3914481321278656
20674,spaq,spaq/00477,/home/sergey/iqa-data/spaq/SPAQ/TestImage/00477.jpg,0.3067021276595744,5.303990939744999
20680,spaq,spaq/00483,/home/sergey/iqa-data/spaq/SPAQ/TestImage/00483.jpg,0.805,5.049237808288903
20681,spaq,spaq/00484,/home/sergey/iqa-data/spaq/SPAQ/TestImage/00484.jpg,0.6702127659574468,4.790886049636516
20689,spaq,spaq/00492,/home/sergey/iqa-data/spaq/SPAQ/TestImage/00492.jpg,0.8820212765957447,6.755288642775747
20698,spaq,spaq/00501,/home/sergey/iqa-data/spaq/SPAQ/TestImage/00501.jpg,0.5452127659574468,6.295548353323463
20699,spaq,spaq/00502,/home/sergey/iqa-data/spaq/SPAQ/TestImage/00502.jpg,0.6587234042553192,7.692411384804587
20714,spaq,spaq/00517,/home/sergey/iqa-data/spaq/SPAQ/TestImage/00517.jpg,0.776595744680851,3.72011544160726
20722,spaq,spaq/00525,/home/sergey/iqa-data/spaq/SPAQ/TestImage/00525.jpg,0.3553191489361701,8.381288014221438
20725,spaq,spaq/00528,/home/sergey/iqa-data/spaq/SPAQ/TestImage/00528.jpg,0.795,3.996423257513084
20727,spaq,spaq/00530,/home/sergey/iqa-data/spaq/SPAQ/TestImage/00530.jpg,0.6648936170212766,4.132959474733743
20728,spaq,spaq/00531,/home/sergey/iqa-data/spaq/SPAQ/TestImage/00531.jpg,0.6861702127659575,5.475483694016225
20729,spaq,spaq/00532,/home/sergey/iqa-data/spaq/SPAQ/TestImage/00532.jpg,0.3627659574468085,4.854416621670787
20738,spaq,spaq/00541,/home/sergey/iqa-data/spaq/SPAQ/TestImage/00541.jpg,0.8452127659574469,4.503136020470536
20741,spaq,spaq/00544,/home/sergey/iqa-data/spaq/SPAQ/TestImage/00544.jpg,0.4941489361702127,6.646487089095382
20745,spaq,spaq/00548,/home/sergey/iqa-data/spaq/SPAQ/TestImage/00548.jpg,0.6372340425531915,5.652146712382617
20758,spaq,spaq/00561,/home/sergey/iqa-data/spaq/SPAQ/TestImage/00561.jpg,0.7613829787234042,5.536655628879064
20763,spaq,spaq/00566,/home/sergey/iqa-data/spaq/SPAQ/TestImage/00566.jpg,0.4492553191489361,5.520759581682289
20766,spaq,spaq/00569,/home/sergey/iqa-data/spaq/SPAQ/TestImage/00569.jpg,0.8635106382978723,4.049482317395988
20769,spaq,spaq/00572,/home/sergey/iqa-data/spaq/SPAQ/TestImage/00572.jpg,0.3882978723404255,6.345549402005408
20776,spaq,spaq/00579,/home/sergey/iqa-data/spaq/SPAQ/TestImage/00579.jpg,0.6338297872340425,6.601047310367573
20782,spaq,spaq/00585,/home/sergey/iqa-data/spaq/SPAQ/TestImage/00585.jpg,0.645,7.7762322454298225
20784,spaq,spaq/00587,/home/sergey/iqa-data/spaq/SPAQ/TestImage/00587.jpg,0.5080851063829787,3.6510433769652155
20786,spaq,spaq/00589,/home/sergey/iqa-data/spaq/SPAQ/TestImage/00589.jpg,0.4008510638297872,4.526475809622048
20798,spaq,spaq/00601,/home/sergey/iqa-data/spaq/SPAQ/TestImage/00601.jpg,0.5307446808510639,6.385127752898329
20802,spaq,spaq/00605,/home/sergey/iqa-data/spaq/SPAQ/TestImage/00605.jpg,0.6181914893617021,4.046634386901197
20806,spaq,spaq/00609,/home/sergey/iqa-data/spaq/SPAQ/TestImage/00609.jpg,0.3977659574468085,7.857656619987178
20823,spaq,spaq/00626,/home/sergey/iqa-data/spaq/SPAQ/TestImage/00626.jpg,0.3863829787234042,6.800125090234046
20834,spaq,spaq/00637,/home/sergey/iqa-data/spaq/SPAQ/TestImage/00637.jpg,0.5603191489361702,5.225341496329779
20835,spaq,spaq/00638,/home/sergey/iqa-data/spaq/SPAQ/TestImage/00638.jpg,0.2340425531914893,5.881140703145027
20840,spaq,spaq/00643,/home/sergey/iqa-data/spaq/SPAQ/TestImage/00643.jpg,0.2628723404255319,4.5701014741677275
20841,spaq,spaq/00644,/home/sergey/iqa-data/spaq/SPAQ/TestImage/00644.jpg,0.3418085106382979,5.029765478548992
20847,spaq,spaq/00650,/home/sergey/iqa-data/spaq/SPAQ/TestImage/00650.jpg,0.1732978723404255,4.869978349784805
20849,spaq,spaq/00652,/home/sergey/iqa-data/spaq/SPAQ/TestImage/00652.jpg,0.7141489361702127,3.709590446710053
20857,spaq,spaq/00660,/home/sergey/iqa-data/spaq/SPAQ/TestImage/00660.jpg,0.6109574468085106,3.4118314984907143
20860,spaq,spaq/00663,/home/sergey/iqa-data/spaq/SPAQ/TestImage/00663.jpg,0.4862765957446808,7.0807488640917615
20863,spaq,spaq/00666,/home/sergey/iqa-data/spaq/SPAQ/TestImage/00666.jpg,0.5896808510638298,4.267093039618192
20865,spaq,spaq/00668,/home/sergey/iqa-data/spaq/SPAQ/TestImage/00668.jpg,0.161063829787234,9.981432247588653
20866,spaq,spaq/00669,/home/sergey/iqa-data/spaq/SPAQ/TestImage/00669.jpg,0.6777659574468085,3.771158146988588
20876,spaq,spaq/00679,/home/sergey/iqa-data/spaq/SPAQ/TestImage/00679.jpg,0.568404255319149,7.948651354537481
20877,spaq,spaq/00680,/home/sergey/iqa-data/spaq/SPAQ/TestImage/00680.jpg,0.5273404255319148,5.74159699567992
20882,spaq,spaq/00685,/home/sergey/iqa-data/spaq/SPAQ/TestImage/00685.jpg,0.7872340425531915,3.2509490637031178
20886,spaq,spaq/00689,/home/sergey/iqa-data/spaq/SPAQ/TestImage/00689.jpg,0.2932978723404255,4.068648465022057
20892,spaq,spaq/00695,/home/sergey/iqa-data/spaq/SPAQ/TestImage/00695.jpg,0.7932978723404255,5.8079322224130046
20893,spaq,spaq/00696,/home/sergey/iqa-data/spaq/SPAQ/TestImage/00696.jpg,0.3890425531914893,9.845188199292755
20895,spaq,spaq/00698,/home/sergey/iqa-data/spaq/SPAQ/TestImage/00698.jpg,0.5,2.772481348345173
20902,spaq,spaq/00705,/home/sergey/iqa-data/spaq/SPAQ/TestImage/00705.jpg,0.7540425531914893,3.813790305474366
20904,spaq,spaq/00707,/home/sergey/iqa-data/spaq/SPAQ/TestImage/00707.jpg,0.7104255319148937,4.886402015546735
20912,spaq,spaq/00715,/home/sergey/iqa-data/spaq/SPAQ/TestImage/00715.jpg,0.5723404255319149,8.892567019581758
20913,spaq,spaq/00716,/home/sergey/iqa-data/spaq/SPAQ/TestImage/00716.jpg,0.7360638297872341,4.695624579902949
20914,spaq,spaq/00717,/home/sergey/iqa-data/spaq/SPAQ/TestImage/00717.jpg,0.8677659574468084,3.2813832213257883
20918,spaq,spaq/00721,/home/sergey/iqa-data/spaq/SPAQ/TestImage/00721.jpg,0.6778723404255319,3.4966276965112164
20921,spaq,spaq/00724,/home/sergey/iqa-data/spaq/SPAQ/TestImage/00724.jpg,0.376595744680851,5.842343943525596
20923,spaq,spaq/00726,/home/sergey/iqa-data/spaq/SPAQ/TestImage/00726.jpg,0.2074468085106383,5.8208092136988805
20925,spaq,spaq/00728,/home/sergey/iqa-data/spaq/SPAQ/TestImage/00728.jpg,0.466063829787234,5.9459612611546975
20933,spaq,spaq/00736,/home/sergey/iqa-data/spaq/SPAQ/TestImage/00736.jpg,0.8351063829787234,3.6202472533964163
20936,spaq,spaq/00739,/home/sergey/iqa-data/spaq/SPAQ/TestImage/00739.jpg,0.6290425531914894,6.487033129961443
20940,spaq,spaq/00743,/home/sergey/iqa-data/spaq/SPAQ/TestImage/00743.jpg,0.6982978723404255,6.587518562826556
20941,spaq,spaq/00744,/home/sergey/iqa-data/spaq/SPAQ/TestImage/00744.jpg,0.2440425531914893,7.207595235034165
20945,spaq,spaq/00748,/home/sergey/iqa-data/spaq/SPAQ/TestImage/00748.jpg,0.3754255319148936,7.012768484050743
20952,spaq,spaq/00755,/home/sergey/iqa-data/spaq/SPAQ/TestImage/00755.jpg,0.222127659574468,7.994508529581901
20956,spaq,spaq/00759,/home/sergey/iqa-data/spaq/SPAQ/TestImage/00759.jpg,0.5603191489361702,4.337478982263592
20965,spaq,spaq/00768,/home/sergey/iqa-data/spaq/SPAQ/TestImage/00768.jpg,0.565,5.910589760169852
20968,spaq,spaq/00771,/home/sergey/iqa-data/spaq/SPAQ/TestImage/00771.jpg,0.2624468085106383,6.880832507612477
20970,spaq,spaq/00773,/home/sergey/iqa-data/spaq/SPAQ/TestImage/00773.jpg,0.0904255319148936,5.338033280881329
21000,spaq,spaq/00803,/home/sergey/iqa-data/spaq/SPAQ/TestImage/00803.jpg,0.7358510638297873,3.477431775818575
21007,spaq,spaq/00810,/home/sergey/iqa-data/spaq/SPAQ/TestImage/00810.jpg,0.2279787234042553,6.105769092990308
21011,spaq,spaq/00814,/home/sergey/iqa-data/spaq/SPAQ/TestImage/00814.jpg,0.8031914893617021,4.474149023599133
21012,spaq,spaq/00815,/home/sergey/iqa-data/spaq/SPAQ/TestImage/00815.jpg,0.6542553191489362,4.960122671860963
21013,spaq,spaq/00816,/home/sergey/iqa-data/spaq/SPAQ/TestImage/00816.jpg,0.4326595744680851,7.711238474490286
21016,spaq,spaq/00819,/home/sergey/iqa-data/spaq/SPAQ/TestImage/00819.jpg,0.370531914893617,8.538435138732506
21021,spaq,spaq/00824,/home/sergey/iqa-data/spaq/SPAQ/TestImage/00824.jpg,0.2872340425531915,5.775216372077827
21025,spaq,spaq/00828,/home/sergey/iqa-data/spaq/SPAQ/TestImage/00828.jpg,0.4057446808510638,6.493873525435673
21027,spaq,spaq/00830,/home/sergey/iqa-data/spaq/SPAQ/TestImage/00830.jpg,0.2553191489361702,7.644287028968625
21031,spaq,spaq/00834,/home/sergey/iqa-data/spaq/SPAQ/TestImage/00834.jpg,0.4346808510638297,4.852629275382461
21032,spaq,spaq/00835,/home/sergey/iqa-data/spaq/SPAQ/TestImage/00835.jpg,0.1139361702127659,6.319771511313203
21036,spaq,spaq/00839,/home/sergey/iqa-data/spaq/SPAQ/TestImage/00839.jpg,0.1990425531914893,5.604064407581315
21037,spaq,spaq/00840,/home/sergey/iqa-data/spaq/SPAQ/TestImage/00840.jpg,0.4818085106382979,5.81616913912448
21040,spaq,spaq/00843,/home/sergey/iqa-data/spaq/SPAQ/TestImage/00843.jpg,0.2903191489361702,7.292442960945964
21042,spaq,spaq/00845,/home/sergey/iqa-data/spaq/SPAQ/TestImage/00845.jpg,0.7715957446808511,5.28009239154693
21046,spaq,spaq/00849,/home/sergey/iqa-data/spaq/SPAQ/TestImage/00849.jpg,0.7340425531914894,3.6472753706049654
21048,spaq,spaq/00851,/home/sergey/iqa-data/spaq/SPAQ/TestImage/00851.jpg,0.4035106382978723,6.590071966526993
21049,spaq,spaq/00852,/home/sergey/iqa-data/spaq/SPAQ/TestImage/00852.jpg,0.3411702127659574,6.887774905894137
21058,spaq,spaq/00861,/home/sergey/iqa-data/spaq/SPAQ/TestImage/00861.jpg,0.7504255319148937,5.153746903024134
21066,spaq,spaq/00869,/home/sergey/iqa-data/spaq/SPAQ/TestImage/00869.jpg,0.5,5.126249202851338
21069,spaq,spaq/00872,/home/sergey/iqa-data/spaq/SPAQ/TestImage/00872.jpg,0.1019148936170212,6.126708694808537
21074,spaq,spaq/00877,/home/sergey/iqa-data/spaq/SPAQ/TestImage/00877.jpg,0.6319148936170212,4.767004113283824
21083,spaq,spaq/00886,/home/sergey/iqa-data/spaq/SPAQ/TestImage/00886.jpg,0.4290425531914893,4.56657707955219
21085,spaq,spaq/00888,/home/sergey/iqa-data/spaq/SPAQ/TestImage/00888.jpg,0.2211702127659574,7.314857081869272
21086,spaq,spaq/00889,/home/sergey/iqa-data/spaq/SPAQ/TestImage/00889.jpg,0.2307446808510638,8.92010331175846
21088,spaq,spaq/00891,/home/sergey/iqa-data/spaq/SPAQ/TestImage/00891.jpg,0.3448936170212766,6.138849127809306
21090,spaq,spaq/00893,/home/sergey/iqa-data/spaq/SPAQ/TestImage/00893.jpg,0.6702127659574468,4.222141137220811
21104,spaq,spaq/00907,/home/sergey/iqa-data/spaq/SPAQ/TestImage/00907.jpg,0.7586170212765958,5.034030674980197
21106,spaq,spaq/00909,/home/sergey/iqa-data/spaq/SPAQ/TestImage/00909.jpg,0.2936170212765958,5.577317678778279
21107,spaq,spaq/00910,/home/sergey/iqa-data/spaq/SPAQ/TestImage/00910.jpg,0.2561702127659574,8.98432121250197
21109,spaq,spaq/00912,/home/sergey/iqa-data/spaq/SPAQ/TestImage/00912.jpg,0.5948936170212766,4.492080589234307
21114,spaq,spaq/00917,/home/sergey/iqa-data/spaq/SPAQ/TestImage/00917.jpg,0.5174468085106383,5.645632354264814
21116,spaq,spaq/00919,/home/sergey/iqa-data/spaq/SPAQ/TestImage/00919.jpg,0.7295744680851064,3.6736581810871316
21128,spaq,spaq/00931,/home/sergey/iqa-data/spaq/SPAQ/TestImage/00931.jpg,0.8085106382978723,4.355692003892589
21136,spaq,spaq/00939,/home/sergey/iqa-data/spaq/SPAQ/TestImage/00939.jpg,0.851063829787234,4.236546512927024
21139,spaq,spaq/00942,/home/sergey/iqa-data/spaq/SPAQ/TestImage/00942.jpg,0.8040425531914893,5.269878440726903
21142,spaq,spaq/00945,/home/sergey/iqa-data/spaq/SPAQ/TestImage/00945.jpg,0.4290425531914893,6.150597568239945
21153,spaq,spaq/00956,/home/sergey/iqa-data/spaq/SPAQ/TestImage/00956.jpg,0.4545744680851064,4.032630124731707
21155,spaq,spaq/00958,/home/sergey/iqa-data/spaq/SPAQ/TestImage/00958.jpg,0.4742553191489361,4.848073218078546
21164,spaq,spaq/00967,/home/sergey/iqa-data/spaq/SPAQ/TestImage/00967.jpg,0.4340425531914893,6.969659714193591
21165,spaq,spaq/00968,/home/sergey/iqa-data/spaq/SPAQ/TestImage/00968.jpg,0.652127659574468,5.090048085527495
21172,spaq,spaq/00975,/home/sergey/iqa-data/spaq/SPAQ/TestImage/00975.jpg,0.6436170212765957,3.769166751800587
21175,spaq,spaq/00978,/home/sergey/iqa-data/spaq/SPAQ/TestImage/00978.jpg,0.6861702127659575,4.066970490269972
21187,spaq,spaq/00990,/home/sergey/iqa-data/spaq/SPAQ/TestImage/00990.jpg,0.8251063829787234,4.200911274419268
21197,spaq,spaq/01000,/home/sergey/iqa-data/spaq/SPAQ/TestImage/01000.jpg,0.6143617021276596,4.789657192498105
21201,spaq,spaq/01004,/home/sergey/iqa-data/spaq/SPAQ/TestImage/01004.jpg,0.1702127659574468,5.7343561217269094
21203,spaq,spaq/01006,/home/sergey/iqa-data/spaq/SPAQ/TestImage/01006.jpg,0.4361702127659574,5.494909146080537
21213,spaq,spaq/01016,/home/sergey/iqa-data/spaq/SPAQ/TestImage/01016.jpg,0.384468085106383,6.839307545309494
21215,spaq,spaq/01018,/home/sergey/iqa-data/spaq/SPAQ/TestImage/01018.jpg,0.5292553191489362,6.16849869203848
21216,spaq,spaq/01019,/home/sergey/iqa-data/spaq/SPAQ/TestImage/01019.jpg,0.161063829787234,4.785931833535826
21217,spaq,spaq/01020,/home/sergey/iqa-data/spaq/SPAQ/TestImage/01020.jpg,0.3996808510638298,4.540386408475324
21218,spaq,spaq/01021,/home/sergey/iqa-data/spaq/SPAQ/TestImage/01021.jpg,0.3875531914893617,5.523078735494731
21221,spaq,spaq/01024,/home/sergey/iqa-data/spaq/SPAQ/TestImage/01024.jpg,0.3218085106382978,5.961231174250823
21230,spaq,spaq/01033,/home/sergey/iqa-data/spaq/SPAQ/TestImage/01033.jpg,0.3427659574468085,6.448540711224858
21234,spaq,spaq/01037,/home/sergey/iqa-data/spaq/SPAQ/TestImage/01037.jpg,0.7872340425531915,3.49679674785486
21244,spaq,spaq/01047,/home/sergey/iqa-data/spaq/SPAQ/TestImage/01047.jpg,0.6671276595744681,4.039426006298577
21248,spaq,spaq/01051,/home/sergey/iqa-data/spaq/SPAQ/TestImage/01051.jpg,0.7990425531914893,5.436300305794842
21250,spaq,spaq/01053,/home/sergey/iqa-data/spaq/SPAQ/TestImage/01053.jpg,0.8206382978723404,3.521767704639698
21257,spaq,spaq/01060,/home/sergey/iqa-data/spaq/SPAQ/TestImage/01060.jpg,0.4556382978723404,4.24968138709274
21260,spaq,spaq/01063,/home/sergey/iqa-data/spaq/SPAQ/TestImage/01063.jpg,0.5280851063829787,4.493842915035845
21261,spaq,spaq/01064,/home/sergey/iqa-data/spaq/SPAQ/TestImage/01064.jpg,0.5057446808510638,6.47519786410862
21262,spaq,spaq/01065,/home/sergey/iqa-data/spaq/SPAQ/TestImage/01065.jpg,0.7659574468085106,4.004931542817282
21266,spaq,spaq/01069,/home/sergey/iqa-data/spaq/SPAQ/TestImage/01069.jpg,0.2420212765957446,7.521568884849921
21267,spaq,spaq/01070,/home/sergey/iqa-data/spaq/SPAQ/TestImage/01070.jpg,0.8472340425531915,4.323185355472789
21268,spaq,spaq/01071,/home/sergey/iqa-data/spaq/SPAQ/TestImage/01071.jpg,0.501595744680851,4.831376968192961
21271,spaq,spaq/01074,/home/sergey/iqa-data/spaq/SPAQ/TestImage/01074.jpg,0.2291489361702127,5.145789457372276
21272,spaq,spaq/01075,/home/sergey/iqa-data/spaq/SPAQ/TestImage/01075.jpg,0.469468085106383,6.227643603880909
21277,spaq,spaq/01080,/home/sergey/iqa-data/spaq/SPAQ/TestImage/01080.jpg,0.4406382978723404,5.711387002185246
21280,spaq,spaq/01083,/home/sergey/iqa-data/spaq/SPAQ/TestImage/01083.jpg,0.8519148936170212,3.508725515614891
21283,spaq,spaq/01086,/home/sergey/iqa-data/spaq/SPAQ/TestImage/01086.jpg,0.3248936170212765,8.395304632738405
21285,spaq,spaq/01088,/home/sergey/iqa-data/spaq/SPAQ/TestImage/01088.jpg,0.852872340425532,3.494620692864597
21287,spaq,spaq/01090,/home/sergey/iqa-data/spaq/SPAQ/TestImage/01090.jpg,0.6968085106382979,4.193000975772879
21290,spaq,spaq/01093,/home/sergey/iqa-data/spaq/SPAQ/TestImage/01093.jpg,0.675531914893617,5.06500630649762
21292,spaq,spaq/01095,/home/sergey/iqa-data/spaq/SPAQ/TestImage/01095.jpg,0.4271276595744681,5.803000101983566
21295,spaq,spaq/01098,/home/sergey/iqa-data/spaq/SPAQ/TestImage/01098.jpg,0.8003191489361703,4.673255054066226
21307,spaq,spaq/01110,/home/sergey/iqa-data/spaq/SPAQ/TestImage/01110.jpg,0.3789361702127659,4.970798669370877
21320,spaq,spaq/01123,/home/sergey/iqa-data/spaq/SPAQ/TestImage/01123.jpg,0.3577659574468085,4.030351333264613
21322,spaq,spaq/01125,/home/sergey/iqa-data/spaq/SPAQ/TestImage/01125.jpg,0.7154255319148937,4.7334154005238265
21324,spaq,spaq/01127,/home/sergey/iqa-data/spaq/SPAQ/TestImage/01127.jpg,0.5279787234042553,5.692902305218362
21332,spaq,spaq/01135,/home/sergey/iqa-data/spaq/SPAQ/TestImage/01135.jpg,0.4375531914893617,4.182028089190956
21333,spaq,spaq/01136,/home/sergey/iqa-data/spaq/SPAQ/TestImage/01136.jpg,0.5191489361702127,7.221158499450395
21334,spaq,spaq/01137,/home/sergey/iqa-data/spaq/SPAQ/TestImage/01137.jpg,0.5468085106382978,2.8466689749421983
21341,spaq,spaq/01144,/home/sergey/iqa-data/spaq/SPAQ/TestImage/01144.jpg,0.2127659574468085,3.698747596031018
21345,spaq,spaq/01148,/home/sergey/iqa-data/spaq/SPAQ/TestImage/01148.jpg,0.3025531914893617,5.734319490705071
21346,spaq,spaq/01149,/home/sergey/iqa-data/spaq/SPAQ/TestImage/01149.jpg,0.7620212765957446,4.918555185267906
21347,spaq,spaq/01150,/home/sergey/iqa-data/spaq/SPAQ/TestImage/01150.jpg,0.6574468085106383,4.833988753203162
21349,spaq,spaq/01152,/home/sergey/iqa-data/spaq/SPAQ/TestImage/01152.jpg,0.776595744680851,7.587650377715031
21354,spaq,spaq/01157,/home/sergey/iqa-data/spaq/SPAQ/TestImage/01157.jpg,0.3251063829787234,8.302327012153674
21358,spaq,spaq/01161,/home/sergey/iqa-data/spaq/SPAQ/TestImage/01161.jpg,0.3125531914893616,6.419456725116558
21364,spaq,spaq/01167,/home/sergey/iqa-data/spaq/SPAQ/TestImage/01167.jpg,0.3684042553191489,5.365608414815308
21369,spaq,spaq/01172,/home/sergey/iqa-data/spaq/SPAQ/TestImage/01172.jpg,0.6359574468085106,4.624660421782642
21384,spaq,spaq/01187,/home/sergey/iqa-data/spaq/SPAQ/TestImage/01187.jpg,0.7393617021276596,5.617077745961224
21387,spaq,spaq/01190,/home/sergey/iqa-data/spaq/SPAQ/TestImage/01190.jpg,0.6968085106382979,6.723513482659036
21388,spaq,spaq/01191,/home/sergey/iqa-data/spaq/SPAQ/TestImage/01191.jpg,0.8364893617021276,4.304889258658116
21398,spaq,spaq/01201,/home/sergey/iqa-data/spaq/SPAQ/TestImage/01201.jpg,0.0412765957446808,10.521372510580003
21400,spaq,spaq/01203,/home/sergey/iqa-data/spaq/SPAQ/TestImage/01203.jpg,0.2067021276595744,6.9599271675902665
21401,spaq,spaq/01204,/home/sergey/iqa-data/spaq/SPAQ/TestImage/01204.jpg,0.4042553191489361,6.575907824589205
21405,spaq,spaq/01208,/home/sergey/iqa-data/spaq/SPAQ/TestImage/01208.jpg,0.4361702127659574,7.325705653842052
21410,spaq,spaq/01213,/home/sergey/iqa-data/spaq/SPAQ/TestImage/01213.jpg,0.7112765957446808,3.3509571981033948
21423,spaq,spaq/01226,/home/sergey/iqa-data/spaq/SPAQ/TestImage/01226.jpg,0.0797872340425532,4.506438624165498
21430,spaq,spaq/01233,/home/sergey/iqa-data/spaq/SPAQ/TestImage/01233.jpg,0.675531914893617,3.866564436684404
21458,spaq,spaq/01261,/home/sergey/iqa-data/spaq/SPAQ/TestImage/01261.jpg,0.3062765957446808,7.8374468366167145
21459,spaq,spaq/01262,/home/sergey/iqa-data/spaq/SPAQ/TestImage/01262.jpg,0.3559574468085106,6.80095458859725
21470,spaq,spaq/01273,/home/sergey/iqa-data/spaq/SPAQ/TestImage/01273.jpg,0.0822340425531915,9.527780057796155
21478,spaq,spaq/01281,/home/sergey/iqa-data/spaq/SPAQ/TestImage/01281.jpg,0.7597872340425532,3.8880207370213244
21480,spaq,spaq/01283,/home/sergey/iqa-data/spaq/SPAQ/TestImage/01283.jpg,0.3056382978723404,6.990243467647295
21486,spaq,spaq/01289,/home/sergey/iqa-data/spaq/SPAQ/TestImage/01289.jpg,0.4293617021276595,5.15540031689731
21488,spaq,spaq/01291,/home/sergey/iqa-data/spaq/SPAQ/TestImage/01291.jpg,0.8315957446808511,5.136878603044308
21496,spaq,spaq/01299,/home/sergey/iqa-data/spaq/SPAQ/TestImage/01299.jpg,0.4496808510638298,6.814839432423709
21501,spaq,spaq/01304,/home/sergey/iqa-data/spaq/SPAQ/TestImage/01304.jpg,0.7162765957446808,5.518971432823904
21510,spaq,spaq/01313,/home/sergey/iqa-data/spaq/SPAQ/TestImage/01313.jpg,0.6972340425531915,3.958425350969807
21521,spaq,spaq/01324,/home/sergey/iqa-data/spaq/SPAQ/TestImage/01324.jpg,0.7901063829787234,4.001356282147945
21525,spaq,spaq/01328,/home/sergey/iqa-data/spaq/SPAQ/TestImage/01328.jpg,0.7252127659574469,3.1250317003177885
21529,spaq,spaq/01332,/home/sergey/iqa-data/spaq/SPAQ/TestImage/01332.jpg,0.4758510638297872,5.067174492934743
21531,spaq,spaq/01334,/home/sergey/iqa-data/spaq/SPAQ/TestImage/01334.jpg,0.8741489361702128,4.756820939688862
21538,spaq,spaq/01341,/home/sergey/iqa-data/spaq/SPAQ/TestImage/01341.jpg,0.5061702127659574,3.929784190628896
21539,spaq,spaq/01342,/home/sergey/iqa-data/spaq/SPAQ/TestImage/01342.jpg,0.6151063829787234,7.980383843777341
21540,spaq,spaq/01343,/home/sergey/iqa-data/spaq/SPAQ/TestImage/01343.jpg,0.0522340425531914,8.047121643668085
21546,spaq,spaq/01349,/home/sergey/iqa-data/spaq/SPAQ/TestImage/01349.jpg,0.3058510638297872,7.866996760067618
21550,spaq,spaq/01353,/home/sergey/iqa-data/spaq/SPAQ/TestImage/01353.jpg,0.5948936170212766,3.2168169891017184
21552,spaq,spaq/01355,/home/sergey/iqa-data/spaq/SPAQ/TestImage/01355.jpg,0.6324468085106383,4.834128657042727
21554,spaq,spaq/01357,/home/sergey/iqa-data/spaq/SPAQ/TestImage/01357.jpg,0.8404255319148937,7.356403242290286
21564,spaq,spaq/01367,/home/sergey/iqa-data/spaq/SPAQ/TestImage/01367.jpg,0.6654255319148936,3.6641693482291653
21567,spaq,spaq/01370,/home/sergey/iqa-data/spaq/SPAQ/TestImage/01370.jpg,0.5869148936170213,5.7734794334034865
21568,spaq,spaq/01371,/home/sergey/iqa-data/spaq/SPAQ/TestImage/01371.jpg,0.6179787234042553,6.0927031408971
21569,spaq,spaq/01372,/home/sergey/iqa-data/spaq/SPAQ/TestImage/01372.jpg,0.495531914893617,6.264146942959329
21570,spaq,spaq/01373,/home/sergey/iqa-data/spaq/SPAQ/TestImage/01373.jpg,0.8111702127659575,3.647330942031975
21573,spaq,spaq/01376,/home/sergey/iqa-data/spaq/SPAQ/TestImage/01376.jpg,0.8847872340425532,3.9837943492343943
21586,spaq,spaq/01389,/home/sergey/iqa-data/spaq/SPAQ/TestImage/01389.jpg,0.5512765957446809,6.284179697943059
21587,spaq,spaq/01390,/home/sergey/iqa-data/spaq/SPAQ/TestImage/01390.jpg,0.4526595744680851,6.434159601445791
21594,spaq,spaq/01397,/home/sergey/iqa-data/spaq/SPAQ/TestImage/01397.jpg,0.7819148936170213,3.9146042155051854
21596,spaq,spaq/01399,/home/sergey/iqa-data/spaq/SPAQ/TestImage/01399.jpg,0.2127659574468085,6.7675045616542855
21604,spaq,spaq/01407,/home/sergey/iqa-data/spaq/SPAQ/TestImage/01407.jpg,0.8026595744680851,4.103377847424419
21609,spaq,spaq/01412,/home/sergey/iqa-data/spaq/SPAQ/TestImage/01412.jpg,0.4371276595744681,8.566486874301262
21610,spaq,spaq/01413,/home/sergey/iqa-data/spaq/SPAQ/TestImage/01413.jpg,0.3282978723404255,7.130186057378145
21611,spaq,spaq/01414,/home/sergey/iqa-data/spaq/SPAQ/TestImage/01414.jpg,0.5909574468085106,5.3701987457613765
21612,spaq,spaq/01415,/home/sergey/iqa-data/spaq/SPAQ/TestImage/01415.jpg,0.6319148936170212,5.17212721770652
21622,spaq,spaq/01425,/home/sergey/iqa-data/spaq/SPAQ/TestImage/01425.jpg,0.3994680851063829,7.313329127535396
21626,spaq,spaq/01429,/home/sergey/iqa-data/spaq/SPAQ/TestImage/01429.jpg,0.2930851063829787,7.131414347729247
21631,spaq,spaq/01434,/home/sergey/iqa-data/spaq/SPAQ/TestImage/01434.jpg,0.4936170212765957,5.087381516790965
21639,spaq,spaq/01442,/home/sergey/iqa-data/spaq/SPAQ/TestImage/01442.jpg,0.4106382978723404,4.297792243033385
21643,spaq,spaq/01446,/home/sergey/iqa-data/spaq/SPAQ/TestImage/01446.jpg,0.3404255319148936,7.246819349805801
21645,spaq,spaq/01448,/home/sergey/iqa-data/spaq/SPAQ/TestImage/01448.jpg,0.6531914893617021,6.579224205219727
21646,spaq,spaq/01449,/home/sergey/iqa-data/spaq/SPAQ/TestImage/01449.jpg,0.7707446808510638,3.423768299401063
21647,spaq,spaq/01450,/home/sergey/iqa-data/spaq/SPAQ/TestImage/01450.jpg,0.3202127659574468,4.049522611199541
21649,spaq,spaq/01452,/home/sergey/iqa-data/spaq/SPAQ/TestImage/01452.jpg,0.7085106382978723,5.190160539502804
21656,spaq,spaq/01459,/home/sergey/iqa-data/spaq/SPAQ/TestImage/01459.jpg,0.8042553191489361,4.3090690803830425
21666,spaq,spaq/01469,/home/sergey/iqa-data/spaq/SPAQ/TestImage/01469.jpg,0.773936170212766,3.4067159992813916
21668,spaq,spaq/01471,/home/sergey/iqa-data/spaq/SPAQ/TestImage/01471.jpg,0.8617021276595744,3.5705186147901173
21673,spaq,spaq/01476,/home/sergey/iqa-data/spaq/SPAQ/TestImage/01476.jpg,0.152127659574468,5.067396225049482
21674,spaq,spaq/01477,/home/sergey/iqa-data/spaq/SPAQ/TestImage/01477.jpg,0.6138297872340426,4.181977335180987
21683,spaq,spaq/01486,/home/sergey/iqa-data/spaq/SPAQ/TestImage/01486.jpg,0.8581914893617022,3.832327386944776
21687,spaq,spaq/01490,/home/sergey/iqa-data/spaq/SPAQ/TestImage/01490.jpg,0.7351063829787233,4.872025827827917
21710,spaq,spaq/01513,/home/sergey/iqa-data/spaq/SPAQ/TestImage/01513.jpg,0.820531914893617,2.5180232123675492
21711,spaq,spaq/01514,/home/sergey/iqa-data/spaq/SPAQ/TestImage/01514.jpg,0.2952127659574468,7.620616843791403
21725,spaq,spaq/01528,/home/sergey/iqa-data/spaq/SPAQ/TestImage/01528.jpg,0.3457446808510638,7.635552681579475
21733,spaq,spaq/01536,/home/sergey/iqa-data/spaq/SPAQ/TestImage/01536.jpg,0.5918085106382979,3.754711570139568
21734,spaq,spaq/01537,/home/sergey/iqa-data/spaq/SPAQ/TestImage/01537.jpg,0.4468085106382978,4.739702817341182
21739,spaq,spaq/01542,/home/sergey/iqa-data/spaq/SPAQ/TestImage/01542.jpg,0.2413829787234042,4.783960062866242
21740,spaq,spaq/01543,/home/sergey/iqa-data/spaq/SPAQ/TestImage/01543.jpg,0.5709574468085107,5.898395195609656
21748,spaq,spaq/01551,/home/sergey/iqa-data/spaq/SPAQ/TestImage/01551.jpg,0.8027659574468085,4.260171152721693
21751,spaq,spaq/01554,/home/sergey/iqa-data/spaq/SPAQ/TestImage/01554.jpg,0.3796808510638297,4.625882570611439
21754,spaq,spaq/01557,/home/sergey/iqa-data/spaq/SPAQ/TestImage/01557.jpg,0.8437234042553192,3.94301192838589
21762,spaq,spaq/01565,/home/sergey/iqa-data/spaq/SPAQ/TestImage/01565.jpg,0.7272340425531915,3.947212485563789
21766,spaq,spaq/01569,/home/sergey/iqa-data/spaq/SPAQ/TestImage/01569.jpg,0.6117021276595744,4.511765220162156
21780,spaq,spaq/01583,/home/sergey/iqa-data/spaq/SPAQ/TestImage/01583.jpg,0.6254255319148936,4.139539169298986
21787,spaq,spaq/01590,/home/sergey/iqa-data/spaq/SPAQ/TestImage/01590.jpg,0.7978723404255319,5.8010172685277475
21788,spaq,spaq/01591,/home/sergey/iqa-data/spaq/SPAQ/TestImage/01591.jpg,0.7375531914893617,4.70323691578973
21794,spaq,spaq/01597,/home/sergey/iqa-data/spaq/SPAQ/TestImage/01597.jpg,0.7340425531914894,5.116012475837694
21800,spaq,spaq/01603,/home/sergey/iqa-data/spaq/SPAQ/TestImage/01603.jpg,0.7852127659574468,5.003637156589973
21802,spaq,spaq/01605,/home/sergey/iqa-data/spaq/SPAQ/TestImage/01605.jpg,0.3247872340425532,7.20477996442605
21805,spaq,spaq/01608,/home/sergey/iqa-data/spaq/SPAQ/TestImage/01608.jpg,0.2295744680851063,6.75959761673409
21808,spaq,spaq/01611,/home/sergey/iqa-data/spaq/SPAQ/TestImage/01611.jpg,0.1890425531914893,5.9250221614466625
21809,spaq,spaq/01612,/home/sergey/iqa-data/spaq/SPAQ/TestImage/01612.jpg,0.2606382978723404,6.874793328165546
21813,spaq,spaq/01616,/home/sergey/iqa-data/spaq/SPAQ/TestImage/01616.jpg,0.5340425531914894,6.74398516779575
21824,spaq,spaq/01627,/home/sergey/iqa-data/spaq/SPAQ/TestImage/01627.jpg,0.7611702127659574,6.754364567075047
21841,spaq,spaq/01644,/home/sergey/iqa-data/spaq/SPAQ/TestImage/01644.jpg,0.1404255319148936,3.715433348510802
21847,spaq,spaq/01650,/home/sergey/iqa-data/spaq/SPAQ/TestImage/01650.jpg,0.3723404255319149,7.8323028718191905
21848,spaq,spaq/01651,/home/sergey/iqa-data/spaq/SPAQ/TestImage/01651.jpg,0.2529787234042553,7.561803404016257
21850,spaq,spaq/01653,/home/sergey/iqa-data/spaq/SPAQ/TestImage/01653.jpg,0.1797872340425531,6.012479771921575
21851,spaq,spaq/01654,/home/sergey/iqa-data/spaq/SPAQ/TestImage/01654.jpg,0.2521276595744681,7.549585759034897
21856,spaq,spaq/01659,/home/sergey/iqa-data/spaq/SPAQ/TestImage/01659.jpg,0.310531914893617,7.998626198668981
21857,spaq,spaq/01660,/home/sergey/iqa-data/spaq/SPAQ/TestImage/01660.jpg,0.4741489361702127,4.954054685043978
21863,spaq,spaq/01666,/home/sergey/iqa-data/spaq/SPAQ/TestImage/01666.jpg,0.3324468085106383,5.904721341780091
21874,spaq,spaq/01677,/home/sergey/iqa-data/spaq/SPAQ/TestImage/01677.jpg,0.2932978723404255,5.693272695487208
21880,spaq,spaq/01683,/home/sergey/iqa-data/spaq/SPAQ/TestImage/01683.jpg,0.6808510638297872,4.358877705901647
21887,spaq,spaq/01690,/home/sergey/iqa-data/spaq/SPAQ/TestImage/01690.jpg,0.195531914893617,4.822631056305879
21889,spaq,spaq/01692,/home/sergey/iqa-data/spaq/SPAQ/TestImage/01692.jpg,0.3763829787234042,6.0852467857398445
21900,spaq,spaq/01703,/home/sergey/iqa-data/spaq/SPAQ/TestImage/01703.jpg,0.5118085106382979,6.005114994329259
21902,spaq,spaq/01705,/home/sergey/iqa-data/spaq/SPAQ/TestImage/01705.jpg,0.4302127659574468,5.9488605480776835
21905,spaq,spaq/01708,/home/sergey/iqa-data/spaq/SPAQ/TestImage/01708.jpg,0.7624468085106383,3.640036238934338
21906,spaq,spaq/01709,/home/sergey/iqa-data/spaq/SPAQ/TestImage/01709.jpg,0.3073404255319149,6.194806738999553
21913,spaq,spaq/01716,/home/sergey/iqa-data/spaq/SPAQ/TestImage/01716.jpg,0.6329787234042553,4.873520350043832
21916,spaq,spaq/01719,/home/sergey/iqa-data/spaq/SPAQ/TestImage/01719.jpg,0.5712765957446809,7.202573409735994
21921,spaq,spaq/01724,/home/sergey/iqa-data/spaq/SPAQ/TestImage/01724.jpg,0.7327659574468085,3.548168511817299
21943,spaq,spaq/01746,/home/sergey/iqa-data/spaq/SPAQ/TestImage/01746.jpg,0.6875531914893617,4.055529180847929
21951,spaq,spaq/01754,/home/sergey/iqa-data/spaq/SPAQ/TestImage/01754.jpg,0.6337234042553191,3.808780788342092
21963,spaq,spaq/01766,/home/sergey/iqa-data/spaq/SPAQ/TestImage/01766.jpg,0.805,5.53375279143438
21967,spaq,spaq/01770,/home/sergey/iqa-data/spaq/SPAQ/TestImage/01770.jpg,0.2324468085106383,8.749679549351045
21974,spaq,spaq/01777,/home/sergey/iqa-data/spaq/SPAQ/TestImage/01777.jpg,0.3470212765957446,5.184435014611108
21988,spaq,spaq/01791,/home/sergey/iqa-data/spaq/SPAQ/TestImage/01791.jpg,0.7717021276595746,5.160642783514638
21999,spaq,spaq/01802,/home/sergey/iqa-data/spaq/SPAQ/TestImage/01802.jpg,0.5673404255319149,6.813320709973553
22003,spaq,spaq/01806,/home/sergey/iqa-data/spaq/SPAQ/TestImage/01806.jpg,0.1874468085106383,6.7292986429980495
22006,spaq,spaq/01809,/home/sergey/iqa-data/spaq/SPAQ/TestImage/01809.jpg,0.300531914893617,5.598193892365465
22007,spaq,spaq/01810,/home/sergey/iqa-data/spaq/SPAQ/TestImage/01810.jpg,0.2757446808510638,5.533717758626262
22010,spaq,spaq/01813,/home/sergey/iqa-data/spaq/SPAQ/TestImage/01813.jpg,0.6854255319148936,5.684744823616043
22024,spaq,spaq/01827,/home/sergey/iqa-data/spaq/SPAQ/TestImage/01827.jpg,0.25,8.534705592334799
22026,spaq,spaq/01829,/home/sergey/iqa-data/spaq/SPAQ/TestImage/01829.jpg,0.6861702127659575,4.284854023555097
22027,spaq,spaq/01830,/home/sergey/iqa-data/spaq/SPAQ/TestImage/01830.jpg,0.5,5.070546921634682
22031,spaq,spaq/01834,/home/sergey/iqa-data/spaq/SPAQ/TestImage/01834.jpg,0.4432978723404255,4.232505964602662
22034,spaq,spaq/01837,/home/sergey/iqa-data/spaq/SPAQ/TestImage/01837.jpg,0.5357446808510639,5.720301003771676
22037,spaq,spaq/01840,/home/sergey/iqa-data/spaq/SPAQ/TestImage/01840.jpg,0.3382978723404255,5.087797125490788
22045,spaq,spaq/01848,/home/sergey/iqa-data/spaq/SPAQ/TestImage/01848.jpg,0.2297872340425532,5.289233800974244
22046,spaq,spaq/01849,/home/sergey/iqa-data/spaq/SPAQ/TestImage/01849.jpg,0.3058510638297872,5.740034515830223
22054,spaq,spaq/01857,/home/sergey/iqa-data/spaq/SPAQ/TestImage/01857.jpg,0.15,5.512867951746681
22067,spaq,spaq/01870,/home/sergey/iqa-data/spaq/SPAQ/TestImage/01870.jpg,0.4129787234042553,6.759739398014837
22071,spaq,spaq/01874,/home/sergey/iqa-data/spaq/SPAQ/TestImage/01874.jpg,0.275531914893617,7.433564266064296
22073,spaq,spaq/01876,/home/sergey/iqa-data/spaq/SPAQ/TestImage/01876.jpg,0.2234042553191489,6.385265396653613
22078,spaq,spaq/01881,/home/sergey/iqa-data/spaq/SPAQ/TestImage/01881.jpg,0.7518085106382979,4.268606921491048
22079,spaq,spaq/01882,/home/sergey/iqa-data/spaq/SPAQ/TestImage/01882.jpg,0.82,5.539314233434805
22084,spaq,spaq/01887,/home/sergey/iqa-data/spaq/SPAQ/TestImage/01887.jpg,0.8356382978723403,3.3543003090069647
22087,spaq,spaq/01890,/home/sergey/iqa-data/spaq/SPAQ/TestImage/01890.jpg,0.6529787234042553,5.281727070890768
22090,spaq,spaq/01893,/home/sergey/iqa-data/spaq/SPAQ/TestImage/01893.jpg,0.4491489361702127,5.473609135832939
22097,spaq,spaq/01900,/home/sergey/iqa-data/spaq/SPAQ/TestImage/01900.jpg,0.5614893617021277,5.812637966129738
22103,spaq,spaq/01906,/home/sergey/iqa-data/spaq/SPAQ/TestImage/01906.jpg,0.8013829787234042,4.141275580900776
22111,spaq,spaq/01914,/home/sergey/iqa-data/spaq/SPAQ/TestImage/01914.jpg,0.7506382978723405,4.412715200334785
22112,spaq,spaq/01915,/home/sergey/iqa-data/spaq/SPAQ/TestImage/01915.jpg,0.2328723404255319,5.5728592520392075
22129,spaq,spaq/01932,/home/sergey/iqa-data/spaq/SPAQ/TestImage/01932.jpg,0.4622340425531915,5.363636701005999
22133,spaq,spaq/01936,/home/sergey/iqa-data/spaq/SPAQ/TestImage/01936.jpg,0.8557446808510638,4.21167582586672
22134,spaq,spaq/01937,/home/sergey/iqa-data/spaq/SPAQ/TestImage/01937.jpg,0.1808510638297872,9.809222448995998
22140,spaq,spaq/01943,/home/sergey/iqa-data/spaq/SPAQ/TestImage/01943.jpg,0.555531914893617,5.629400144973878
22141,spaq,spaq/01944,/home/sergey/iqa-data/spaq/SPAQ/TestImage/01944.jpg,0.7127659574468085,3.985281002082905
22147,spaq,spaq/01950,/home/sergey/iqa-data/spaq/SPAQ/TestImage/01950.jpg,0.3214893617021276,7.19748755067013
22159,spaq,spaq/01962,/home/sergey/iqa-data/spaq/SPAQ/TestImage/01962.jpg,0.3042553191489361,4.731281109956865
22160,spaq,spaq/01963,/home/sergey/iqa-data/spaq/SPAQ/TestImage/01963.jpg,0.7585106382978724,5.842194132237696
22161,spaq,spaq/01964,/home/sergey/iqa-data/spaq/SPAQ/TestImage/01964.jpg,0.7541489361702127,3.9671070512885325
22167,spaq,spaq/01970,/home/sergey/iqa-data/spaq/SPAQ/TestImage/01970.jpg,0.676595744680851,4.060322328285615
22175,spaq,spaq/01978,/home/sergey/iqa-data/spaq/SPAQ/TestImage/01978.jpg,0.2968085106382979,6.733950102432885
22177,spaq,spaq/01980,/home/sergey/iqa-data/spaq/SPAQ/TestImage/01980.jpg,0.7,4.014155750532302
22178,spaq,spaq/01981,/home/sergey/iqa-data/spaq/SPAQ/TestImage/01981.jpg,0.6914893617021277,4.56008447717532
22191,spaq,spaq/01994,/home/sergey/iqa-data/spaq/SPAQ/TestImage/01994.jpg,0.7265957446808511,4.070880558157081
22194,spaq,spaq/01997,/home/sergey/iqa-data/spaq/SPAQ/TestImage/01997.jpg,0.5520212765957447,4.7557356224799605
22199,spaq,spaq/02002,/home/sergey/iqa-data/spaq/SPAQ/TestImage/02002.jpg,0.3202127659574468,8.167957484722024
22201,spaq,spaq/02004,/home/sergey/iqa-data/spaq/SPAQ/TestImage/02004.jpg,0.7119148936170213,4.302429619612726
22202,spaq,spaq/02005,/home/sergey/iqa-data/spaq/SPAQ/TestImage/02005.jpg,0.7380851063829786,7.025084813262909
22209,spaq,spaq/02012,/home/sergey/iqa-data/spaq/SPAQ/TestImage/02012.jpg,0.3914893617021276,7.180004359802888
22214,spaq,spaq/02017,/home/sergey/iqa-data/spaq/SPAQ/TestImage/02017.jpg,0.6138297872340426,3.994895604689331
22215,spaq,spaq/02018,/home/sergey/iqa-data/spaq/SPAQ/TestImage/02018.jpg,0.1978723404255319,4.44986911353844
22222,spaq,spaq/02025,/home/sergey/iqa-data/spaq/SPAQ/TestImage/02025.jpg,0.7801063829787234,5.485739335079745
22225,spaq,spaq/02028,/home/sergey/iqa-data/spaq/SPAQ/TestImage/02028.jpg,0.2435106382978723,7.543429180608869
22227,spaq,spaq/02030,/home/sergey/iqa-data/spaq/SPAQ/TestImage/02030.jpg,0.6617021276595745,5.254401864522682
22230,spaq,spaq/02033,/home/sergey/iqa-data/spaq/SPAQ/TestImage/02033.jpg,0.2992553191489361,5.943550269221402
22233,spaq,spaq/02036,/home/sergey/iqa-data/spaq/SPAQ/TestImage/02036.jpg,0.5911702127659575,4.980127330343337
22239,spaq,spaq/02042,/home/sergey/iqa-data/spaq/SPAQ/TestImage/02042.jpg,0.4179787234042553,7.024860849849533
22246,spaq,spaq/02049,/home/sergey/iqa-data/spaq/SPAQ/TestImage/02049.jpg,0.6671276595744681,7.091907664122789
22250,spaq,spaq/02053,/home/sergey/iqa-data/spaq/SPAQ/TestImage/02053.jpg,0.7887234042553192,5.201676909423315
22257,spaq,spaq/02060,/home/sergey/iqa-data/spaq/SPAQ/TestImage/02060.jpg,0.5864893617021277,4.765135053520101
22258,spaq,spaq/02061,/home/sergey/iqa-data/spaq/SPAQ/TestImage/02061.jpg,0.5918085106382979,4.329264534919766
22271,spaq,spaq/02074,/home/sergey/iqa-data/spaq/SPAQ/TestImage/02074.jpg,0.6368085106382979,5.72560931852923
22275,spaq,spaq/02078,/home/sergey/iqa-data/spaq/SPAQ/TestImage/02078.jpg,0.3890425531914893,6.778218173118746
22291,spaq,spaq/02094,/home/sergey/iqa-data/spaq/SPAQ/TestImage/02094.jpg,0.6143617021276596,3.4999650235135658
22292,spaq,spaq/02095,/home/sergey/iqa-data/spaq/SPAQ/TestImage/02095.jpg,0.2340425531914893,4.356652538923416
22295,spaq,spaq/02098,/home/sergey/iqa-data/spaq/SPAQ/TestImage/02098.jpg,0.2340425531914893,3.9008540446119864
22297,spaq,spaq/02100,/home/sergey/iqa-data/spaq/SPAQ/TestImage/02100.jpg,0.1687234042553191,6.164265955834596
22301,spaq,spaq/02104,/home/sergey/iqa-data/spaq/SPAQ/TestImage/02104.jpg,0.4521276595744681,10.024572526843299
22304,spaq,spaq/02107,/home/sergey/iqa-data/spaq/SPAQ/TestImage/02107.jpg,0.8496808510638298,5.242122857637291
22307,spaq,spaq/02110,/home/sergey/iqa-data/spaq/SPAQ/TestImage/02110.jpg,0.7595744680851064,3.3542548261021703
22308,spaq,spaq/02111,/home/sergey/iqa-data/spaq/SPAQ/TestImage/02111.jpg,0.2938297872340425,5.529119912789568
22323,spaq,spaq/02126,/home/sergey/iqa-data/spaq/SPAQ/TestImage/02126.jpg,0.1303191489361702,5.081205045512981
22324,spaq,spaq/02127,/home/sergey/iqa-data/spaq/SPAQ/TestImage/02127.jpg,0.675531914893617,4.209490449574997
22327,spaq,spaq/02130,/home/sergey/iqa-data/spaq/SPAQ/TestImage/02130.jpg,0.216063829787234,7.812069220799803
22329,spaq,spaq/02132,/home/sergey/iqa-data/spaq/SPAQ/TestImage/02132.jpg,0.7504255319148937,4.916425490114289
22341,spaq,spaq/02144,/home/sergey/iqa-data/spaq/SPAQ/TestImage/02144.jpg,0.3388297872340425,4.965113682760918
22345,spaq,spaq/02148,/home/sergey/iqa-data/spaq/SPAQ/TestImage/02148.jpg,0.6522340425531915,5.096235344679978
22348,spaq,spaq/02151,/home/sergey/iqa-data/spaq/SPAQ/TestImage/02151.jpg,0.5630851063829787,4.765848600265997
22352,spaq,spaq/02155,/home/sergey/iqa-data/spaq/SPAQ/TestImage/02155.jpg,0.8647872340425533,4.153974172075385
22354,spaq,spaq/02157,/home/sergey/iqa-data/spaq/SPAQ/TestImage/02157.jpg,0.1693617021276595,5.48034378062866
22356,spaq,spaq/02159,/home/sergey/iqa-data/spaq/SPAQ/TestImage/02159.jpg,0.3548936170212766,5.480201559617105
22359,spaq,spaq/02162,/home/sergey/iqa-data/spaq/SPAQ/TestImage/02162.jpg,0.3773404255319149,6.473582398058036
22363,spaq,spaq/02166,/home/sergey/iqa-data/spaq/SPAQ/TestImage/02166.jpg,0.423936170212766,6.046424712602103
22376,spaq,spaq/02179,/home/sergey/iqa-data/spaq/SPAQ/TestImage/02179.jpg,0.8386170212765958,3.949457215216134
22378,spaq,spaq/02181,/home/sergey/iqa-data/spaq/SPAQ/TestImage/02181.jpg,0.6135106382978723,4.9264957260170315
22388,spaq,spaq/02191,/home/sergey/iqa-data/spaq/SPAQ/TestImage/02191.jpg,0.2765957446808511,5.683317184163129
22396,spaq,spaq/02199,/home/sergey/iqa-data/spaq/SPAQ/TestImage/02199.jpg,0.2340425531914893,8.600277572718431
22397,spaq,spaq/02200,/home/sergey/iqa-data/spaq/SPAQ/TestImage/02200.jpg,0.5577659574468085,3.755493818788495
22400,spaq,spaq/02203,/home/sergey/iqa-data/spaq/SPAQ/TestImage/02203.jpg,0.3351063829787234,5.951281280811901
22405,spaq,spaq/02208,/home/sergey/iqa-data/spaq/SPAQ/TestImage/02208.jpg,0.7712765957446809,4.294696595665854
22406,spaq,spaq/02209,/home/sergey/iqa-data/spaq/SPAQ/TestImage/02209.jpg,0.8343617021276597,3.4297257518209325
22415,spaq,spaq/02218,/home/sergey/iqa-data/spaq/SPAQ/TestImage/02218.jpg,0.7677659574468085,3.194066870142958
22419,spaq,spaq/02222,/home/sergey/iqa-data/spaq/SPAQ/TestImage/02222.jpg,0.4543617021276596,5.987350354811125
22420,spaq,spaq/02223,/home/sergey/iqa-data/spaq/SPAQ/TestImage/02223.jpg,0.3138297872340425,6.230401341735128
22434,spaq,spaq/02237,/home/sergey/iqa-data/spaq/SPAQ/TestImage/02237.jpg,0.6702127659574468,3.8161916455948157
22437,spaq,spaq/02240,/home/sergey/iqa-data/spaq/SPAQ/TestImage/02240.jpg,0.6117021276595744,3.881008007752984
22445,spaq,spaq/02248,/home/sergey/iqa-data/spaq/SPAQ/TestImage/02248.jpg,0.1548936170212765,6.8491136693255985
22454,spaq,spaq/02257,/home/sergey/iqa-data/spaq/SPAQ/TestImage/02257.jpg,0.7837234042553192,4.599310930348472
22458,spaq,spaq/02261,/home/sergey/iqa-data/spaq/SPAQ/TestImage/02261.jpg,0.6392553191489362,7.070862486918464
22460,spaq,spaq/02263,/home/sergey/iqa-data/spaq/SPAQ/TestImage/02263.jpg,0.3002127659574468,6.713762857185893
22466,spaq,spaq/02269,/home/sergey/iqa-data/spaq/SPAQ/TestImage/02269.jpg,0.6382978723404256,3.7257547756626086
22470,spaq,spaq/02273,/home/sergey/iqa-data/spaq/SPAQ/TestImage/02273.jpg,0.7931914893617021,3.8628548973520114
22471,spaq,spaq/02274,/home/sergey/iqa-data/spaq/SPAQ/TestImage/02274.jpg,0.7747872340425531,3.1011038542284806
22480,spaq,spaq/02283,/home/sergey/iqa-data/spaq/SPAQ/TestImage/02283.jpg,0.2851063829787234,7.782009366453819
22481,spaq,spaq/02284,/home/sergey/iqa-data/spaq/SPAQ/TestImage/02284.jpg,0.6323404255319148,4.211004187030316
22483,spaq,spaq/02286,/home/sergey/iqa-data/spaq/SPAQ/TestImage/02286.jpg,0.3853191489361702,7.536628268858806
22484,spaq,spaq/02287,/home/sergey/iqa-data/spaq/SPAQ/TestImage/02287.jpg,0.2328723404255319,5.515445646252285
22485,spaq,spaq/02288,/home/sergey/iqa-data/spaq/SPAQ/TestImage/02288.jpg,0.1371276595744681,7.557242751869742
22488,spaq,spaq/02291,/home/sergey/iqa-data/spaq/SPAQ/TestImage/02291.jpg,0.2789361702127659,6.71139145983869
22489,spaq,spaq/02292,/home/sergey/iqa-data/spaq/SPAQ/TestImage/02292.jpg,0.6429787234042553,3.6524468298253914
22494,spaq,spaq/02297,/home/sergey/iqa-data/spaq/SPAQ/TestImage/02297.jpg,0.75,5.06276575355576
22514,spaq,spaq/02317,/home/sergey/iqa-data/spaq/SPAQ/TestImage/02317.jpg,0.3148936170212766,5.860695521755424
22519,spaq,spaq/02322,/home/sergey/iqa-data/spaq/SPAQ/TestImage/02322.jpg,0.7959574468085105,2.8921680589912278
22520,spaq,spaq/02323,/home/sergey/iqa-data/spaq/SPAQ/TestImage/02323.jpg,0.7997872340425533,4.864563564795608
22526,spaq,spaq/02329,/home/sergey/iqa-data/spaq/SPAQ/TestImage/02329.jpg,0.8430851063829787,3.9833369330897646
22529,spaq,spaq/02332,/home/sergey/iqa-data/spaq/SPAQ/TestImage/02332.jpg,0.3287234042553191,4.7095337393183305
22532,spaq,spaq/02335,/home/sergey/iqa-data/spaq/SPAQ/TestImage/02335.jpg,0.4574468085106383,4.769889381893063
22536,spaq,spaq/02339,/home/sergey/iqa-data/spaq/SPAQ/TestImage/02339.jpg,0.6895744680851064,5.118294936562648
22545,spaq,spaq/02348,/home/sergey/iqa-data/spaq/SPAQ/TestImage/02348.jpg,0.6925531914893617,5.295125488544377
22550,spaq,spaq/02353,/home/sergey/iqa-data/spaq/SPAQ/TestImage/02353.jpg,0.874468085106383,3.9655948817078244
22551,spaq,spaq/02354,/home/sergey/iqa-data/spaq/SPAQ/TestImage/02354.jpg,0.5297872340425531,5.060665806142018
22552,spaq,spaq/02355,/home/sergey/iqa-data/spaq/SPAQ/TestImage/02355.jpg,0.7808510638297873,4.747245223257479
22557,spaq,spaq/02360,/home/sergey/iqa-data/spaq/SPAQ/TestImage/02360.jpg,0.151063829787234,7.639193574100988
22563,spaq,spaq/02366,/home/sergey/iqa-data/spaq/SPAQ/TestImage/02366.jpg,0.6770212765957447,7.080476180110557
22573,spaq,spaq/02376,/home/sergey/iqa-data/spaq/SPAQ/TestImage/02376.jpg,0.6872340425531914,7.151634749273963
22576,spaq,spaq/02379,/home/sergey/iqa-data/spaq/SPAQ/TestImage/02379.jpg,0.8713829787234042,3.3730807947614077
22583,spaq,spaq/02386,/home/sergey/iqa-data/spaq/SPAQ/TestImage/02386.jpg,0.5186170212765957,6.8933570723720665
22594,spaq,spaq/02397,/home/sergey/iqa-data/spaq/SPAQ/TestImage/02397.jpg,0.1429787234042553,10.746287772507213
22600,spaq,spaq/02403,/home/sergey/iqa-data/spaq/SPAQ/TestImage/02403.jpg,0.2861702127659574,5.847038905921429
22604,spaq,spaq/02407,/home/sergey/iqa-data/spaq/SPAQ/TestImage/02407.jpg,0.7939361702127659,5.985760668793312
22620,spaq,spaq/02423,/home/sergey/iqa-data/spaq/SPAQ/TestImage/02423.jpg,0.7154255319148937,4.573852581665374
22624,spaq,spaq/02427,/home/sergey/iqa-data/spaq/SPAQ/TestImage/02427.jpg,0.796595744680851,5.14146530028367
22638,spaq,spaq/02441,/home/sergey/iqa-data/spaq/SPAQ/TestImage/02441.jpg,0.6264893617021277,4.348615899654634
22642,spaq,spaq/02445,/home/sergey/iqa-data/spaq/SPAQ/TestImage/02445.jpg,0.3131914893617021,8.52085731398038
22643,spaq,spaq/02446,/home/sergey/iqa-data/spaq/SPAQ/TestImage/02446.jpg,0.5287234042553192,3.6418604168154216
22647,spaq,spaq/02450,/home/sergey/iqa-data/spaq/SPAQ/TestImage/02450.jpg,0.5957446808510638,3.5045642680806814
22654,spaq,spaq/02457,/home/sergey/iqa-data/spaq/SPAQ/TestImage/02457.jpg,0.2670212765957447,5.0618283265040525
22662,spaq,spaq/02465,/home/sergey/iqa-data/spaq/SPAQ/TestImage/02465.jpg,0.1141489361702127,5.585523957276679
22667,spaq,spaq/02470,/home/sergey/iqa-data/spaq/SPAQ/TestImage/02470.jpg,0.5117021276595745,3.726026359215804
22668,spaq,spaq/02471,/home/sergey/iqa-data/spaq/SPAQ/TestImage/02471.jpg,0.3042553191489361,4.415873622183585
22678,spaq,spaq/02481,/home/sergey/iqa-data/spaq/SPAQ/TestImage/02481.jpg,0.1797872340425531,7.4557797943199215
22679,spaq,spaq/02482,/home/sergey/iqa-data/spaq/SPAQ/TestImage/02482.jpg,0.7244680851063829,4.0401633530732175
22689,spaq,spaq/02492,/home/sergey/iqa-data/spaq/SPAQ/TestImage/02492.jpg,0.7329787234042554,4.049494101336854
22698,spaq,spaq/02501,/home/sergey/iqa-data/spaq/SPAQ/TestImage/02501.jpg,0.5117021276595745,5.896646065030833
22704,spaq,spaq/02507,/home/sergey/iqa-data/spaq/SPAQ/TestImage/02507.jpg,0.1904255319148936,6.711248681852227
22709,spaq,spaq/02512,/home/sergey/iqa-data/spaq/SPAQ/TestImage/02512.jpg,0.35,5.580190517251469
22718,spaq,spaq/02521,/home/sergey/iqa-data/spaq/SPAQ/TestImage/02521.jpg,0.6827659574468086,4.043931531964702
22722,spaq,spaq/02525,/home/sergey/iqa-data/spaq/SPAQ/TestImage/02525.jpg,0.4527659574468085,6.722250528220281
22726,spaq,spaq/02529,/home/sergey/iqa-data/spaq/SPAQ/TestImage/02529.jpg,0.5024468085106383,5.1973059710171094
22728,spaq,spaq/02531,/home/sergey/iqa-data/spaq/SPAQ/TestImage/02531.jpg,0.6527659574468085,5.314171559121003
22732,spaq,spaq/02535,/home/sergey/iqa-data/spaq/SPAQ/TestImage/02535.jpg,0.6141489361702127,6.927057238560792
22773,spaq,spaq/02576,/home/sergey/iqa-data/spaq/SPAQ/TestImage/02576.jpg,0.3357446808510638,6.745441269494418
22774,spaq,spaq/02577,/home/sergey/iqa-data/spaq/SPAQ/TestImage/02577.jpg,0.5712765957446809,7.784265238424726
22782,spaq,spaq/02585,/home/sergey/iqa-data/spaq/SPAQ/TestImage/02585.jpg,0.7934042553191489,4.287938046316708
22791,spaq,spaq/02594,/home/sergey/iqa-data/spaq/SPAQ/TestImage/02594.jpg,0.2680851063829787,6.668126200637608
22794,spaq,spaq/02597,/home/sergey/iqa-data/spaq/SPAQ/TestImage/02597.jpg,0.3752127659574468,5.175252358502369
22800,spaq,spaq/02603,/home/sergey/iqa-data/spaq/SPAQ/TestImage/02603.jpg,0.0851063829787234,8.2086838684104
22802,spaq,spaq/02605,/home/sergey/iqa-data/spaq/SPAQ/TestImage/02605.jpg,0.7191489361702127,4.463439090520944
22804,spaq,spaq/02607,/home/sergey/iqa-data/spaq/SPAQ/TestImage/02607.jpg,0.425531914893617,3.6707387047087656
22809,spaq,spaq/02612,/home/sergey/iqa-data/spaq/SPAQ/TestImage/02612.jpg,0.6354255319148936,4.5564929979838285
22817,spaq,spaq/02620,/home/sergey/iqa-data/spaq/SPAQ/TestImage/02620.jpg,0.3463829787234043,5.811308146281752
22818,spaq,spaq/02621,/home/sergey/iqa-data/spaq/SPAQ/TestImage/02621.jpg,0.7506382978723405,4.0035685947038635
22821,spaq,spaq/02624,/home/sergey/iqa-data/spaq/SPAQ/TestImage/02624.jpg,0.65,5.893898133349897
22830,spaq,spaq/02633,/home/sergey/iqa-data/spaq/SPAQ/TestImage/02633.jpg,0.7191489361702127,3.6169312080587193
22835,spaq,spaq/02638,/home/sergey/iqa-data/spaq/SPAQ/TestImage/02638.jpg,0.6606382978723404,4.4980150902955085
22843,spaq,spaq/02646,/home/sergey/iqa-data/spaq/SPAQ/TestImage/02646.jpg,0.7617021276595745,4.990378514297929
22858,spaq,spaq/02661,/home/sergey/iqa-data/spaq/SPAQ/TestImage/02661.jpg,0.7970212765957447,2.834903254283885
22860,spaq,spaq/02663,/home/sergey/iqa-data/spaq/SPAQ/TestImage/02663.jpg,0.4696808510638298,6.711467177574046
22862,spaq,spaq/02665,/home/sergey/iqa-data/spaq/SPAQ/TestImage/02665.jpg,0.6261702127659574,4.637298897170005
22865,spaq,spaq/02668,/home/sergey/iqa-data/spaq/SPAQ/TestImage/02668.jpg,0.2811702127659574,5.954350458284838
22869,spaq,spaq/02672,/home/sergey/iqa-data/spaq/SPAQ/TestImage/02672.jpg,0.3092553191489361,6.464755910279989
22874,spaq,spaq/02677,/home/sergey/iqa-data/spaq/SPAQ/TestImage/02677.jpg,0.723404255319149,2.686930684105778
22880,spaq,spaq/02683,/home/sergey/iqa-data/spaq/SPAQ/TestImage/02683.jpg,0.3845744680851063,5.168468437344167
22882,spaq,spaq/02685,/home/sergey/iqa-data/spaq/SPAQ/TestImage/02685.jpg,0.7411702127659575,3.9595614483081194
22885,spaq,spaq/02688,/home/sergey/iqa-data/spaq/SPAQ/TestImage/02688.jpg,0.541063829787234,4.751401675801643
22890,spaq,spaq/02693,/home/sergey/iqa-data/spaq/SPAQ/TestImage/02693.jpg,0.669468085106383,5.216684828092958
22893,spaq,spaq/02696,/home/sergey/iqa-data/spaq/SPAQ/TestImage/02696.jpg,0.6892553191489362,3.903745036123284
22896,spaq,spaq/02699,/home/sergey/iqa-data/spaq/SPAQ/TestImage/02699.jpg,0.5711702127659575,6.042889565874117
22897,spaq,spaq/02700,/home/sergey/iqa-data/spaq/SPAQ/TestImage/02700.jpg,0.6775531914893617,5.0027580996428584
22899,spaq,spaq/02702,/home/sergey/iqa-data/spaq/SPAQ/TestImage/02702.jpg,0.693936170212766,4.726423241529952
22903,spaq,spaq/02706,/home/sergey/iqa-data/spaq/SPAQ/TestImage/02706.jpg,0.634468085106383,3.5441832531605453
22907,spaq,spaq/02710,/home/sergey/iqa-data/spaq/SPAQ/TestImage/02710.jpg,0.2264893617021276,7.949944872869085
22910,spaq,spaq/02713,/home/sergey/iqa-data/spaq/SPAQ/TestImage/02713.jpg,0.8109574468085107,4.102307819989666
22937,spaq,spaq/02740,/home/sergey/iqa-data/spaq/SPAQ/TestImage/02740.jpg,0.5747872340425532,4.961233127240946
22947,spaq,spaq/02750,/home/sergey/iqa-data/spaq/SPAQ/TestImage/02750.jpg,0.4006382978723404,5.354198991302883
22960,spaq,spaq/02763,/home/sergey/iqa-data/spaq/SPAQ/TestImage/02763.jpg,0.7446808510638298,3.071738309107538
22962,spaq,spaq/02765,/home/sergey/iqa-data/spaq/SPAQ/TestImage/02765.jpg,0.6246808510638298,5.2616437400346605
22965,spaq,spaq/02768,/home/sergey/iqa-data/spaq/SPAQ/TestImage/02768.jpg,0.3931914893617021,5.119060794701709
22966,spaq,spaq/02769,/home/sergey/iqa-data/spaq/SPAQ/TestImage/02769.jpg,0.4931914893617021,4.561508280325238
22967,spaq,spaq/02770,/home/sergey/iqa-data/spaq/SPAQ/TestImage/02770.jpg,0.4057446808510638,4.1035049485427395
22968,spaq,spaq/02771,/home/sergey/iqa-data/spaq/SPAQ/TestImage/02771.jpg,0.3718085106382979,9.003896161259755
22972,spaq,spaq/02775,/home/sergey/iqa-data/spaq/SPAQ/TestImage/02775.jpg,0.4361702127659574,6.121993966602224
22979,spaq,spaq/02782,/home/sergey/iqa-data/spaq/SPAQ/TestImage/02782.jpg,0.4118085106382979,6.042489630504296
22993,spaq,spaq/02796,/home/sergey/iqa-data/spaq/SPAQ/TestImage/02796.jpg,0.485531914893617,6.714425613729289
22994,spaq,spaq/02797,/home/sergey/iqa-data/spaq/SPAQ/TestImage/02797.jpg,0.6317021276595745,3.81595720820403
22996,spaq,spaq/02799,/home/sergey/iqa-data/spaq/SPAQ/TestImage/02799.jpg,0.344468085106383,6.811139863489512
22999,spaq,spaq/02802,/home/sergey/iqa-data/spaq/SPAQ/TestImage/02802.jpg,0.4543617021276596,5.1832481581002945
23001,spaq,spaq/02804,/home/sergey/iqa-data/spaq/SPAQ/TestImage/02804.jpg,0.7175531914893617,4.121349570498227
23006,spaq,spaq/02809,/home/sergey/iqa-data/spaq/SPAQ/TestImage/02809.jpg,0.7563829787234042,3.4211310313323797
23009,spaq,spaq/02812,/home/sergey/iqa-data/spaq/SPAQ/TestImage/02812.jpg,0.0543617021276595,6.763999781767616
23010,spaq,spaq/02813,/home/sergey/iqa-data/spaq/SPAQ/TestImage/02813.jpg,0.7712765957446809,3.719459191037159
23014,spaq,spaq/02817,/home/sergey/iqa-data/spaq/SPAQ/TestImage/02817.jpg,0.7686170212765957,5.557747218787006
23025,spaq,spaq/02828,/home/sergey/iqa-data/spaq/SPAQ/TestImage/02828.jpg,0.6447872340425532,5.374326459594783
23030,spaq,spaq/02833,/home/sergey/iqa-data/spaq/SPAQ/TestImage/02833.jpg,0.7261702127659575,3.8490570562780224
23044,spaq,spaq/02847,/home/sergey/iqa-data/spaq/SPAQ/TestImage/02847.jpg,0.6484042553191489,5.035162887390821
23045,spaq,spaq/02848,/home/sergey/iqa-data/spaq/SPAQ/TestImage/02848.jpg,0.51,3.8285513168141496
23047,spaq,spaq/02850,/home/sergey/iqa-data/spaq/SPAQ/TestImage/02850.jpg,0.805,4.726283606014961
23050,spaq,spaq/02853,/home/sergey/iqa-data/spaq/SPAQ/TestImage/02853.jpg,0.6795744680851064,4.174039583258924
23057,spaq,spaq/02860,/home/sergey/iqa-data/spaq/SPAQ/TestImage/02860.jpg,0.6935106382978723,8.358587161753594
23059,spaq,spaq/02862,/home/sergey/iqa-data/spaq/SPAQ/TestImage/02862.jpg,0.4479787234042553,6.037836936299527
23068,spaq,spaq/02871,/home/sergey/iqa-data/spaq/SPAQ/TestImage/02871.jpg,0.3606382978723404,7.046666284276916
23069,spaq,spaq/02872,/home/sergey/iqa-data/spaq/SPAQ/TestImage/02872.jpg,0.4859574468085106,2.4990646107009025
23072,spaq,spaq/02875,/home/sergey/iqa-data/spaq/SPAQ/TestImage/02875.jpg,0.2412765957446808,9.404045231155045
23078,spaq,spaq/02881,/home/sergey/iqa-data/spaq/SPAQ/TestImage/02881.jpg,0.6130851063829788,3.6041367035974763
23079,spaq,spaq/02882,/home/sergey/iqa-data/spaq/SPAQ/TestImage/02882.jpg,0.7428723404255319,6.274313121221067
23082,spaq,spaq/02885,/home/sergey/iqa-data/spaq/SPAQ/TestImage/02885.jpg,0.2146808510638297,6.341137178754816
23083,spaq,spaq/02886,/home/sergey/iqa-data/spaq/SPAQ/TestImage/02886.jpg,0.2168085106382978,6.894277695560614
23085,spaq,spaq/02888,/home/sergey/iqa-data/spaq/SPAQ/TestImage/02888.jpg,0.6140425531914894,6.389691289757465
23095,spaq,spaq/02898,/home/sergey/iqa-data/spaq/SPAQ/TestImage/02898.jpg,0.5979787234042553,5.368225435382016
23098,spaq,spaq/02901,/home/sergey/iqa-data/spaq/SPAQ/TestImage/02901.jpg,0.2928723404255319,7.654972970166349
23104,spaq,spaq/02907,/home/sergey/iqa-data/spaq/SPAQ/TestImage/02907.jpg,0.6873404255319149,9.713858580524624
23107,spaq,spaq/02910,/home/sergey/iqa-data/spaq/SPAQ/TestImage/02910.jpg,0.7841489361702128,4.5040929433846175
23108,spaq,spaq/02911,/home/sergey/iqa-data/spaq/SPAQ/TestImage/02911.jpg,0.8537234042553191,5.477340232637313
23110,spaq,spaq/02913,/home/sergey/iqa-data/spaq/SPAQ/TestImage/02913.jpg,0.4240425531914893,6.465352362587399
23118,spaq,spaq/02921,/home/sergey/iqa-data/spaq/SPAQ/TestImage/02921.jpg,0.4118085106382979,5.295093926307963
23122,spaq,spaq/02925,/home/sergey/iqa-data/spaq/SPAQ/TestImage/02925.jpg,0.695531914893617,5.415821693159567
23123,spaq,spaq/02926,/home/sergey/iqa-data/spaq/SPAQ/TestImage/02926.jpg,0.2553191489361702,6.01549976885772
23125,spaq,spaq/02928,/home/sergey/iqa-data/spaq/SPAQ/TestImage/02928.jpg,0.4680851063829787,5.709743348728545
23132,spaq,spaq/02935,/home/sergey/iqa-data/spaq/SPAQ/TestImage/02935.jpg,0.2528723404255319,6.7775774361557435
23136,spaq,spaq/02939,/home/sergey/iqa-data/spaq/SPAQ/TestImage/02939.jpg,0.2457446808510638,4.983247505796907
23140,spaq,spaq/02943,/home/sergey/iqa-data/spaq/SPAQ/TestImage/02943.jpg,0.8776595744680851,4.089328184248618
23144,spaq,spaq/02947,/home/sergey/iqa-data/spaq/SPAQ/TestImage/02947.jpg,0.800531914893617,6.354578374267164
23148,spaq,spaq/02951,/home/sergey/iqa-data/spaq/SPAQ/TestImage/02951.jpg,0.6675531914893617,6.424238868078528
23152,spaq,spaq/02955,/home/sergey/iqa-data/spaq/SPAQ/TestImage/02955.jpg,0.5159574468085106,5.543461599700379
23156,spaq,spaq/02959,/home/sergey/iqa-data/spaq/SPAQ/TestImage/02959.jpg,0.111063829787234,7.207166458022534
23159,spaq,spaq/02962,/home/sergey/iqa-data/spaq/SPAQ/TestImage/02962.jpg,0.0551063829787234,4.717770392721002
23161,spaq,spaq/02964,/home/sergey/iqa-data/spaq/SPAQ/TestImage/02964.jpg,0.2606382978723404,4.8218638301473415
23162,spaq,spaq/02965,/home/sergey/iqa-data/spaq/SPAQ/TestImage/02965.jpg,0.7819148936170213,3.9809637246638148
23172,spaq,spaq/02975,/home/sergey/iqa-data/spaq/SPAQ/TestImage/02975.jpg,0.2407446808510638,6.858206401805128
23173,spaq,spaq/02976,/home/sergey/iqa-data/spaq/SPAQ/TestImage/02976.jpg,0.202127659574468,5.686791886763894
23181,spaq,spaq/02984,/home/sergey/iqa-data/spaq/SPAQ/TestImage/02984.jpg,0.8843617021276595,4.6368943502844004
23183,spaq,spaq/02986,/home/sergey/iqa-data/spaq/SPAQ/TestImage/02986.jpg,0.3430851063829787,4.817401525807495
23193,spaq,spaq/02996,/home/sergey/iqa-data/spaq/SPAQ/TestImage/02996.jpg,0.449468085106383,5.631671596374842
23198,spaq,spaq/03001,/home/sergey/iqa-data/spaq/SPAQ/TestImage/03001.jpg,0.8138297872340425,3.7100350039751415
23199,spaq,spaq/03002,/home/sergey/iqa-data/spaq/SPAQ/TestImage/03002.jpg,0.8214893617021276,4.0776624649230255
23208,spaq,spaq/03011,/home/sergey/iqa-data/spaq/SPAQ/TestImage/03011.jpg,0.19,6.2054901973811125
23215,spaq,spaq/03018,/home/sergey/iqa-data/spaq/SPAQ/TestImage/03018.jpg,0.2522340425531915,6.200670658429838
23218,spaq,spaq/03021,/home/sergey/iqa-data/spaq/SPAQ/TestImage/03021.jpg,0.1223404255319148,6.12387992194589
23219,spaq,spaq/03022,/home/sergey/iqa-data/spaq/SPAQ/TestImage/03022.jpg,0.5243617021276595,5.099186672708135
23234,spaq,spaq/03037,/home/sergey/iqa-data/spaq/SPAQ/TestImage/03037.jpg,0.2978723404255319,6.5276379466289525
23242,spaq,spaq/03045,/home/sergey/iqa-data/spaq/SPAQ/TestImage/03045.jpg,0.6109574468085106,5.185468401789102
23246,spaq,spaq/03049,/home/sergey/iqa-data/spaq/SPAQ/TestImage/03049.jpg,0.2919148936170213,4.156147839205208
23261,spaq,spaq/03064,/home/sergey/iqa-data/spaq/SPAQ/TestImage/03064.jpg,0.2162765957446808,6.583196079930453
23262,spaq,spaq/03065,/home/sergey/iqa-data/spaq/SPAQ/TestImage/03065.jpg,0.6914893617021277,6.232338345023965
23266,spaq,spaq/03069,/home/sergey/iqa-data/spaq/SPAQ/TestImage/03069.jpg,0.6382978723404256,5.318202251542311
23271,spaq,spaq/03074,/home/sergey/iqa-data/spaq/SPAQ/TestImage/03074.jpg,0.4042553191489361,6.707095955592284
23275,spaq,spaq/03078,/home/sergey/iqa-data/spaq/SPAQ/TestImage/03078.jpg,0.6524468085106383,6.690922744681449
23278,spaq,spaq/03081,/home/sergey/iqa-data/spaq/SPAQ/TestImage/03081.jpg,0.1307446808510638,6.607928166065143
23289,spaq,spaq/03092,/home/sergey/iqa-data/spaq/SPAQ/TestImage/03092.jpg,0.8231914893617021,5.148781223874742
23293,spaq,spaq/03096,/home/sergey/iqa-data/spaq/SPAQ/TestImage/03096.jpg,0.6667021276595745,9.537856778702192
23295,spaq,spaq/03098,/home/sergey/iqa-data/spaq/SPAQ/TestImage/03098.jpg,0.7780851063829787,5.59347061400494
23296,spaq,spaq/03099,/home/sergey/iqa-data/spaq/SPAQ/TestImage/03099.jpg,0.1839361702127659,6.4093959344953255
23299,spaq,spaq/03102,/home/sergey/iqa-data/spaq/SPAQ/TestImage/03102.jpg,0.8630851063829786,4.276828464221534
23300,spaq,spaq/03103,/home/sergey/iqa-data/spaq/SPAQ/TestImage/03103.jpg,0.121063829787234,7.462133998114933
23306,spaq,spaq/03109,/home/sergey/iqa-data/spaq/SPAQ/TestImage/03109.jpg,0.2207446808510638,4.765558398045835
23307,spaq,spaq/03110,/home/sergey/iqa-data/spaq/SPAQ/TestImage/03110.jpg,0.1303191489361702,7.364926471291916
23310,spaq,spaq/03113,/home/sergey/iqa-data/spaq/SPAQ/TestImage/03113.jpg,0.8541489361702128,2.9226094378805527
23312,spaq,spaq/03115,/home/sergey/iqa-data/spaq/SPAQ/TestImage/03115.jpg,0.9102127659574468,4.984828229702987
23314,spaq,spaq/03117,/home/sergey/iqa-data/spaq/SPAQ/TestImage/03117.jpg,0.3358510638297872,7.405767104020445
23317,spaq,spaq/03120,/home/sergey/iqa-data/spaq/SPAQ/TestImage/03120.jpg,0.6564893617021277,5.2985463373865125
23323,spaq,spaq/03126,/home/sergey/iqa-data/spaq/SPAQ/TestImage/03126.jpg,0.857127659574468,3.7474292279303145
23328,spaq,spaq/03131,/home/sergey/iqa-data/spaq/SPAQ/TestImage/03131.jpg,0.6835106382978723,8.769538228962945
23337,spaq,spaq/03140,/home/sergey/iqa-data/spaq/SPAQ/TestImage/03140.jpg,0.9077659574468084,6.778223400660513
23341,spaq,spaq/03144,/home/sergey/iqa-data/spaq/SPAQ/TestImage/03144.jpg,0.3586170212765957,6.305660611529328
23347,spaq,spaq/03150,/home/sergey/iqa-data/spaq/SPAQ/TestImage/03150.jpg,0.5272340425531915,7.861024565443853
23355,spaq,spaq/03158,/home/sergey/iqa-data/spaq/SPAQ/TestImage/03158.jpg,0.7571276595744681,4.307252758350302
23361,spaq,spaq/03164,/home/sergey/iqa-data/spaq/SPAQ/TestImage/03164.jpg,0.2234042553191489,5.528583622759408
23366,spaq,spaq/03169,/home/sergey/iqa-data/spaq/SPAQ/TestImage/03169.jpg,0.7487234042553191,4.425240302534494
23369,spaq,spaq/03172,/home/sergey/iqa-data/spaq/SPAQ/TestImage/03172.jpg,0.3031914893617021,6.121366312260059
23374,spaq,spaq/03177,/home/sergey/iqa-data/spaq/SPAQ/TestImage/03177.jpg,0.2518085106382979,7.215547196335464
23376,spaq,spaq/03179,/home/sergey/iqa-data/spaq/SPAQ/TestImage/03179.jpg,0.8479787234042553,4.044899179461834
23377,spaq,spaq/03180,/home/sergey/iqa-data/spaq/SPAQ/TestImage/03180.jpg,0.7784042553191489,4.248303562888859
23384,spaq,spaq/03187,/home/sergey/iqa-data/spaq/SPAQ/TestImage/03187.jpg,0.555,7.600478926761833
23389,spaq,spaq/03192,/home/sergey/iqa-data/spaq/SPAQ/TestImage/03192.jpg,0.4802127659574468,4.74692950230273
23391,spaq,spaq/03194,/home/sergey/iqa-data/spaq/SPAQ/TestImage/03194.jpg,0.805,4.5811424352963845
23395,spaq,spaq/03198,/home/sergey/iqa-data/spaq/SPAQ/TestImage/03198.jpg,0.4503191489361702,5.703720914658765
23402,spaq,spaq/03205,/home/sergey/iqa-data/spaq/SPAQ/TestImage/03205.jpg,0.5546808510638298,7.371850469187634
23409,spaq,spaq/03212,/home/sergey/iqa-data/spaq/SPAQ/TestImage/03212.jpg,0.6671276595744681,4.149666574089658
23410,spaq,spaq/03213,/home/sergey/iqa-data/spaq/SPAQ/TestImage/03213.jpg,0.4113829787234043,7.3420940297127135
23413,spaq,spaq/03216,/home/sergey/iqa-data/spaq/SPAQ/TestImage/03216.jpg,0.8145744680851064,4.460459686237937
23415,spaq,spaq/03218,/home/sergey/iqa-data/spaq/SPAQ/TestImage/03218.jpg,0.6401063829787235,4.379890961233645
23420,spaq,spaq/03223,/home/sergey/iqa-data/spaq/SPAQ/TestImage/03223.jpg,0.648936170212766,5.56364496041857
23424,spaq,spaq/03227,/home/sergey/iqa-data/spaq/SPAQ/TestImage/03227.jpg,0.4745744680851064,4.205743243119328
23426,spaq,spaq/03229,/home/sergey/iqa-data/spaq/SPAQ/TestImage/03229.jpg,0.2096808510638298,7.497143591435387
23427,spaq,spaq/03230,/home/sergey/iqa-data/spaq/SPAQ/TestImage/03230.jpg,0.2080851063829787,8.023135493045753
23433,spaq,spaq/03236,/home/sergey/iqa-data/spaq/SPAQ/TestImage/03236.jpg,0.3595744680851063,6.426402791375449
23446,spaq,spaq/03249,/home/sergey/iqa-data/spaq/SPAQ/TestImage/03249.jpg,0.2906382978723404,4.933642465888773
23449,spaq,spaq/03252,/home/sergey/iqa-data/spaq/SPAQ/TestImage/03252.jpg,0.7188297872340424,7.458400731381376
23452,spaq,spaq/03255,/home/sergey/iqa-data/spaq/SPAQ/TestImage/03255.jpg,0.2525531914893617,5.388505540968154
23460,spaq,spaq/03263,/home/sergey/iqa-data/spaq/SPAQ/TestImage/03263.jpg,0.3851063829787234,6.176964357835347
23463,spaq,spaq/03266,/home/sergey/iqa-data/spaq/SPAQ/TestImage/03266.jpg,0.8146808510638298,3.7270426378348356
23466,spaq,spaq/03269,/home/sergey/iqa-data/spaq/SPAQ/TestImage/03269.jpg,0.4348936170212766,5.938477203519374
23473,spaq,spaq/03276,/home/sergey/iqa-data/spaq/SPAQ/TestImage/03276.jpg,0.4876595744680851,7.194991481303221
23480,spaq,spaq/03283,/home/sergey/iqa-data/spaq/SPAQ/TestImage/03283.jpg,0.3404255319148936,5.2795263029479536
23481,spaq,spaq/03284,/home/sergey/iqa-data/spaq/SPAQ/TestImage/03284.jpg,0.2778723404255319,4.9551797424230895
23482,spaq,spaq/03285,/home/sergey/iqa-data/spaq/SPAQ/TestImage/03285.jpg,0.620531914893617,4.005502893261107
23486,spaq,spaq/03289,/home/sergey/iqa-data/spaq/SPAQ/TestImage/03289.jpg,0.6921276595744681,3.9116475621213285
23489,spaq,spaq/03292,/home/sergey/iqa-data/spaq/SPAQ/TestImage/03292.jpg,0.7056382978723404,3.8878805026559755
23498,spaq,spaq/03301,/home/sergey/iqa-data/spaq/SPAQ/TestImage/03301.jpg,0.8031914893617021,5.580773388807016
23499,spaq,spaq/03302,/home/sergey/iqa-data/spaq/SPAQ/TestImage/03302.jpg,0.7872340425531915,4.658532454703456
23501,spaq,spaq/03304,/home/sergey/iqa-data/spaq/SPAQ/TestImage/03304.jpg,0.5167021276595745,6.221604988338251
23502,spaq,spaq/03305,/home/sergey/iqa-data/spaq/SPAQ/TestImage/03305.jpg,0.3237234042553191,5.834041182527981
23504,spaq,spaq/03307,/home/sergey/iqa-data/spaq/SPAQ/TestImage/03307.jpg,0.1808510638297872,6.277245383247246
23508,spaq,spaq/03311,/home/sergey/iqa-data/spaq/SPAQ/TestImage/03311.jpg,0.5862765957446808,5.487555932599341
23512,spaq,spaq/03315,/home/sergey/iqa-data/spaq/SPAQ/TestImage/03315.jpg,0.4376595744680851,4.585610031930616
23513,spaq,spaq/03316,/home/sergey/iqa-data/spaq/SPAQ/TestImage/03316.jpg,0.6675531914893617,4.479399313403158
23514,spaq,spaq/03317,/home/sergey/iqa-data/spaq/SPAQ/TestImage/03317.jpg,0.5607446808510639,6.601850378620774
23516,spaq,spaq/03319,/home/sergey/iqa-data/spaq/SPAQ/TestImage/03319.jpg,0.2203191489361702,8.224650287165668
23523,spaq,spaq/03326,/home/sergey/iqa-data/spaq/SPAQ/TestImage/03326.jpg,0.5040425531914894,3.8065117831717776
23540,spaq,spaq/03343,/home/sergey/iqa-data/spaq/SPAQ/TestImage/03343.jpg,0.7056382978723404,4.933417069769533
23546,spaq,spaq/03349,/home/sergey/iqa-data/spaq/SPAQ/TestImage/03349.jpg,0.5626595744680851,6.515545774983703
23560,spaq,spaq/03363,/home/sergey/iqa-data/spaq/SPAQ/TestImage/03363.jpg,0.7056382978723404,5.109884672729608
23563,spaq,spaq/03366,/home/sergey/iqa-data/spaq/SPAQ/TestImage/03366.jpg,0.4521276595744681,5.294590615284988
23564,spaq,spaq/03367,/home/sergey/iqa-data/spaq/SPAQ/TestImage/03367.jpg,0.6143617021276596,6.153429100839309
23573,spaq,spaq/03376,/home/sergey/iqa-data/spaq/SPAQ/TestImage/03376.jpg,0.37,7.694922701605341
23577,spaq,spaq/03380,/home/sergey/iqa-data/spaq/SPAQ/TestImage/03380.jpg,0.5295744680851064,5.763763575293948
23579,spaq,spaq/03382,/home/sergey/iqa-data/spaq/SPAQ/TestImage/03382.jpg,0.7387234042553191,4.977123581530212
23583,spaq,spaq/03386,/home/sergey/iqa-data/spaq/SPAQ/TestImage/03386.jpg,0.7647872340425532,7.033601767446913
23588,spaq,spaq/03391,/home/sergey/iqa-data/spaq/SPAQ/TestImage/03391.jpg,0.2801063829787233,6.672018072049632
23591,spaq,spaq/03394,/home/sergey/iqa-data/spaq/SPAQ/TestImage/03394.jpg,0.4113829787234043,5.844754781224576
23599,spaq,spaq/03402,/home/sergey/iqa-data/spaq/SPAQ/TestImage/03402.jpg,0.5413829787234042,4.027545764288003
23602,spaq,spaq/03405,/home/sergey/iqa-data/spaq/SPAQ/TestImage/03405.jpg,0.1702127659574468,6.855630978898081
23606,spaq,spaq/03409,/home/sergey/iqa-data/spaq/SPAQ/TestImage/03409.jpg,0.2435106382978723,4.322451491917634
23610,spaq,spaq/03413,/home/sergey/iqa-data/spaq/SPAQ/TestImage/03413.jpg,0.9503191489361702,3.882405635745781
23613,spaq,spaq/03416,/home/sergey/iqa-data/spaq/SPAQ/TestImage/03416.jpg,0.6347872340425532,5.660722894448817
23614,spaq,spaq/03417,/home/sergey/iqa-data/spaq/SPAQ/TestImage/03417.jpg,0.6287234042553191,3.4738296039333285
23621,spaq,spaq/03424,/home/sergey/iqa-data/spaq/SPAQ/TestImage/03424.jpg,0.4220212765957447,8.650812177729044
23627,spaq,spaq/03430,/home/sergey/iqa-data/spaq/SPAQ/TestImage/03430.jpg,0.3389361702127659,3.281976125697025
23629,spaq,spaq/03432,/home/sergey/iqa-data/spaq/SPAQ/TestImage/03432.jpg,0.5204255319148936,4.484424378301161
23634,spaq,spaq/03437,/home/sergey/iqa-data/spaq/SPAQ/TestImage/03437.jpg,0.3608510638297872,5.997926817824642
23640,spaq,spaq/03443,/home/sergey/iqa-data/spaq/SPAQ/TestImage/03443.jpg,0.7514893617021277,3.816127368975175
23643,spaq,spaq/03446,/home/sergey/iqa-data/spaq/SPAQ/TestImage/03446.jpg,0.7857446808510639,3.9235500726028905
23644,spaq,spaq/03447,/home/sergey/iqa-data/spaq/SPAQ/TestImage/03447.jpg,0.6418085106382978,8.221714889064806
23646,spaq,spaq/03449,/home/sergey/iqa-data/spaq/SPAQ/TestImage/03449.jpg,0.6959574468085107,3.6177572658913393
23648,spaq,spaq/03451,/home/sergey/iqa-data/spaq/SPAQ/TestImage/03451.jpg,0.5172340425531915,6.022853203342982
23649,spaq,spaq/03452,/home/sergey/iqa-data/spaq/SPAQ/TestImage/03452.jpg,0.480531914893617,6.342536287028775
23665,spaq,spaq/03468,/home/sergey/iqa-data/spaq/SPAQ/TestImage/03468.jpg,0.5061702127659574,4.146860797461271
23673,spaq,spaq/03476,/home/sergey/iqa-data/spaq/SPAQ/TestImage/03476.jpg,0.7804255319148936,3.9027238582597885
23675,spaq,spaq/03478,/home/sergey/iqa-data/spaq/SPAQ/TestImage/03478.jpg,0.1569148936170212,4.671510779220883
23679,spaq,spaq/03482,/home/sergey/iqa-data/spaq/SPAQ/TestImage/03482.jpg,0.6914893617021277,3.892320034375601
23682,spaq,spaq/03485,/home/sergey/iqa-data/spaq/SPAQ/TestImage/03485.jpg,0.1682978723404255,6.361302894068327
23688,spaq,spaq/03491,/home/sergey/iqa-data/spaq/SPAQ/TestImage/03491.jpg,0.4536170212765957,6.526867519845604
23693,spaq,spaq/03496,/home/sergey/iqa-data/spaq/SPAQ/TestImage/03496.jpg,0.7117021276595745,5.594650180890381
23696,spaq,spaq/03499,/home/sergey/iqa-data/spaq/SPAQ/TestImage/03499.jpg,0.6789361702127659,4.866303815226568
23702,spaq,spaq/03505,/home/sergey/iqa-data/spaq/SPAQ/TestImage/03505.jpg,0.4122340425531915,7.221916712036875
23704,spaq,spaq/03507,/home/sergey/iqa-data/spaq/SPAQ/TestImage/03507.jpg,0.7854255319148936,3.162582366701023
23705,spaq,spaq/03508,/home/sergey/iqa-data/spaq/SPAQ/TestImage/03508.jpg,0.5695744680851064,3.833954263557151
23717,spaq,spaq/03520,/home/sergey/iqa-data/spaq/SPAQ/TestImage/03520.jpg,0.7890425531914894,6.0188963159969955
23723,spaq,spaq/03526,/home/sergey/iqa-data/spaq/SPAQ/TestImage/03526.jpg,0.2291489361702127,6.434913581457944
23731,spaq,spaq/03534,/home/sergey/iqa-data/spaq/SPAQ/TestImage/03534.jpg,0.2234042553191489,7.000505873423705
23732,spaq,spaq/03535,/home/sergey/iqa-data/spaq/SPAQ/TestImage/03535.jpg,0.7917021276595745,5.012683046931135
23740,spaq,spaq/03543,/home/sergey/iqa-data/spaq/SPAQ/TestImage/03543.jpg,0.1527659574468085,5.224285159658703
23742,spaq,spaq/03545,/home/sergey/iqa-data/spaq/SPAQ/TestImage/03545.jpg,0.4619148936170213,5.762962850148568
23746,spaq,spaq/03549,/home/sergey/iqa-data/spaq/SPAQ/TestImage/03549.jpg,0.8003191489361703,4.161436936101823
23747,spaq,spaq/03550,/home/sergey/iqa-data/spaq/SPAQ/TestImage/03550.jpg,0.8444680851063829,4.432719459409276
23749,spaq,spaq/03552,/home/sergey/iqa-data/spaq/SPAQ/TestImage/03552.jpg,0.5879787234042554,3.422992866493901
23758,spaq,spaq/03561,/home/sergey/iqa-data/spaq/SPAQ/TestImage/03561.jpg,0.4468085106382978,6.018205111617812
23779,spaq,spaq/03582,/home/sergey/iqa-data/spaq/SPAQ/TestImage/03582.jpg,0.2987234042553191,6.94658309157594
23780,spaq,spaq/03583,/home/sergey/iqa-data/spaq/SPAQ/TestImage/03583.jpg,0.6797872340425533,6.355764331433863
23800,spaq,spaq/03603,/home/sergey/iqa-data/spaq/SPAQ/TestImage/03603.jpg,0.708936170212766,4.484354641676348
23802,spaq,spaq/03605,/home/sergey/iqa-data/spaq/SPAQ/TestImage/03605.jpg,0.7207446808510638,6.424513671408709
23804,spaq,spaq/03607,/home/sergey/iqa-data/spaq/SPAQ/TestImage/03607.jpg,0.7224468085106382,3.934211849245727
23810,spaq,spaq/03613,/home/sergey/iqa-data/spaq/SPAQ/TestImage/03613.jpg,0.5345744680851063,4.821712380712775
23830,spaq,spaq/03633,/home/sergey/iqa-data/spaq/SPAQ/TestImage/03633.jpg,0.6454255319148936,6.055151897882731
23835,spaq,spaq/03638,/home/sergey/iqa-data/spaq/SPAQ/TestImage/03638.jpg,0.6082978723404255,4.249768686190025
23840,spaq,spaq/03643,/home/sergey/iqa-data/spaq/SPAQ/TestImage/03643.jpg,0.4274468085106383,8.781832545514924
23846,spaq,spaq/03649,/home/sergey/iqa-data/spaq/SPAQ/TestImage/03649.jpg,0.6740425531914893,5.274820402057994
23849,spaq,spaq/03652,/home/sergey/iqa-data/spaq/SPAQ/TestImage/03652.jpg,0.8645744680851063,3.681640502835778
23862,spaq,spaq/03665,/home/sergey/iqa-data/spaq/SPAQ/TestImage/03665.jpg,0.3297872340425531,7.8296836103104575
23864,spaq,spaq/03667,/home/sergey/iqa-data/spaq/SPAQ/TestImage/03667.jpg,0.7021276595744681,4.894474408215815
23869,spaq,spaq/03672,/home/sergey/iqa-data/spaq/SPAQ/TestImage/03672.jpg,0.3307446808510638,7.282006660754891
23883,spaq,spaq/03686,/home/sergey/iqa-data/spaq/SPAQ/TestImage/03686.jpg,0.2819148936170212,5.1394395868325535
23888,spaq,spaq/03691,/home/sergey/iqa-data/spaq/SPAQ/TestImage/03691.jpg,0.4820212765957447,6.291745765167132
23889,spaq,spaq/03692,/home/sergey/iqa-data/spaq/SPAQ/TestImage/03692.jpg,0.675531914893617,3.3486710344648642
23890,spaq,spaq/03693,/home/sergey/iqa-data/spaq/SPAQ/TestImage/03693.jpg,0.7356382978723405,5.544575090324606
23891,spaq,spaq/03694,/home/sergey/iqa-data/spaq/SPAQ/TestImage/03694.jpg,0.3713829787234042,6.166850114447679
23894,spaq,spaq/03697,/home/sergey/iqa-data/spaq/SPAQ/TestImage/03697.jpg,0.4698936170212766,3.703067611536624
23902,spaq,spaq/03705,/home/sergey/iqa-data/spaq/SPAQ/TestImage/03705.jpg,0.4662765957446808,6.697249628419539
23905,spaq,spaq/03708,/home/sergey/iqa-data/spaq/SPAQ/TestImage/03708.jpg,0.7127659574468085,5.050643160969436
23906,spaq,spaq/03709,/home/sergey/iqa-data/spaq/SPAQ/TestImage/03709.jpg,0.395,7.785696517022554
23915,spaq,spaq/03718,/home/sergey/iqa-data/spaq/SPAQ/TestImage/03718.jpg,0.7717021276595746,2.7266917918866516
23917,spaq,spaq/03720,/home/sergey/iqa-data/spaq/SPAQ/TestImage/03720.jpg,0.2602127659574468,9.056010856839233
23918,spaq,spaq/03721,/home/sergey/iqa-data/spaq/SPAQ/TestImage/03721.jpg,0.7162765957446808,5.255751836972908
23919,spaq,spaq/03722,/home/sergey/iqa-data/spaq/SPAQ/TestImage/03722.jpg,0.6448936170212766,5.164478671412738
23921,spaq,spaq/03724,/home/sergey/iqa-data/spaq/SPAQ/TestImage/03724.jpg,0.3877659574468085,6.074846015210275
23922,spaq,spaq/03725,/home/sergey/iqa-data/spaq/SPAQ/TestImage/03725.jpg,0.6243617021276595,7.507852944831208
23928,spaq,spaq/03731,/home/sergey/iqa-data/spaq/SPAQ/TestImage/03731.jpg,0.7819148936170213,5.069475355259012
23929,spaq,spaq/03732,/home/sergey/iqa-data/spaq/SPAQ/TestImage/03732.jpg,0.4353191489361702,7.5858515678429725
23935,spaq,spaq/03738,/home/sergey/iqa-data/spaq/SPAQ/TestImage/03738.jpg,0.635,6.263061897147205
23937,spaq,spaq/03740,/home/sergey/iqa-data/spaq/SPAQ/TestImage/03740.jpg,0.5713829787234043,4.1234104501806295
23940,spaq,spaq/03743,/home/sergey/iqa-data/spaq/SPAQ/TestImage/03743.jpg,0.7127659574468085,6.011399573126226
23947,spaq,spaq/03750,/home/sergey/iqa-data/spaq/SPAQ/TestImage/03750.jpg,0.2677659574468085,6.943813825047091
23952,spaq,spaq/03755,/home/sergey/iqa-data/spaq/SPAQ/TestImage/03755.jpg,0.8395744680851064,3.144121873038409
23955,spaq,spaq/03758,/home/sergey/iqa-data/spaq/SPAQ/TestImage/03758.jpg,0.5392553191489361,3.9278706667810477
23966,spaq,spaq/03769,/home/sergey/iqa-data/spaq/SPAQ/TestImage/03769.jpg,0.3207446808510638,4.4823883170236725
23969,spaq,spaq/03772,/home/sergey/iqa-data/spaq/SPAQ/TestImage/03772.jpg,0.4858510638297872,5.778544854584884
23972,spaq,spaq/03775,/home/sergey/iqa-data/spaq/SPAQ/TestImage/03775.jpg,0.5452127659574468,6.049165523351349
23976,spaq,spaq/03779,/home/sergey/iqa-data/spaq/SPAQ/TestImage/03779.jpg,0.3123404255319149,6.336909508117791
23979,spaq,spaq/03782,/home/sergey/iqa-data/spaq/SPAQ/TestImage/03782.jpg,0.7203191489361701,5.471491323165361
23980,spaq,spaq/03783,/home/sergey/iqa-data/spaq/SPAQ/TestImage/03783.jpg,0.2918085106382979,5.274332575327942
23981,spaq,spaq/03784,/home/sergey/iqa-data/spaq/SPAQ/TestImage/03784.jpg,0.647127659574468,7.45016610677474
23986,spaq,spaq/03789,/home/sergey/iqa-data/spaq/SPAQ/TestImage/03789.jpg,0.2162765957446808,8.308004681780718
23987,spaq,spaq/03790,/home/sergey/iqa-data/spaq/SPAQ/TestImage/03790.jpg,0.5319148936170213,4.296198877591944
23992,spaq,spaq/03795,/home/sergey/iqa-data/spaq/SPAQ/TestImage/03795.jpg,0.449468085106383,4.282624315567128
23996,spaq,spaq/03799,/home/sergey/iqa-data/spaq/SPAQ/TestImage/03799.jpg,0.202127659574468,8.709680879121178
24000,spaq,spaq/03803,/home/sergey/iqa-data/spaq/SPAQ/TestImage/03803.jpg,0.6276595744680851,3.47135764459036
24006,spaq,spaq/03809,/home/sergey/iqa-data/spaq/SPAQ/TestImage/03809.jpg,0.5440425531914894,4.2277995376206
24014,spaq,spaq/03817,/home/sergey/iqa-data/spaq/SPAQ/TestImage/03817.jpg,0.3882978723404255,5.727691653325238
24015,spaq,spaq/03818,/home/sergey/iqa-data/spaq/SPAQ/TestImage/03818.jpg,0.3156382978723404,6.5980010857589955
24022,spaq,spaq/03825,/home/sergey/iqa-data/spaq/SPAQ/TestImage/03825.jpg,0.7801063829787234,9.048883736243063
24024,spaq,spaq/03827,/home/sergey/iqa-data/spaq/SPAQ/TestImage/03827.jpg,0.7202127659574469,4.582481561344705
24030,spaq,spaq/03833,/home/sergey/iqa-data/spaq/SPAQ/TestImage/03833.jpg,0.6932978723404255,2.963550479434354
24040,spaq,spaq/03843,/home/sergey/iqa-data/spaq/SPAQ/TestImage/03843.jpg,0.4802127659574468,5.198213147162263
24043,spaq,spaq/03846,/home/sergey/iqa-data/spaq/SPAQ/TestImage/03846.jpg,0.3692553191489361,4.839302393006897
24046,spaq,spaq/03849,/home/sergey/iqa-data/spaq/SPAQ/TestImage/03849.jpg,0.2461702127659574,5.00872403997181
24059,spaq,spaq/03862,/home/sergey/iqa-data/spaq/SPAQ/TestImage/03862.jpg,0.7727659574468085,6.078943762587722
24062,spaq,spaq/03865,/home/sergey/iqa-data/spaq/SPAQ/TestImage/03865.jpg,0.7774468085106383,6.913192914315497
24070,spaq,spaq/03873,/home/sergey/iqa-data/spaq/SPAQ/TestImage/03873.jpg,0.7986170212765956,3.33785766708883
24071,spaq,spaq/03874,/home/sergey/iqa-data/spaq/SPAQ/TestImage/03874.jpg,0.1823404255319149,6.597128587961851
24074,spaq,spaq/03877,/home/sergey/iqa-data/spaq/SPAQ/TestImage/03877.jpg,0.7811702127659576,5.084644142921377
24076,spaq,spaq/03879,/home/sergey/iqa-data/spaq/SPAQ/TestImage/03879.jpg,0.635,4.322139459269674
24084,spaq,spaq/03887,/home/sergey/iqa-data/spaq/SPAQ/TestImage/03887.jpg,0.8412765957446808,3.5026016423900597
24086,spaq,spaq/03889,/home/sergey/iqa-data/spaq/SPAQ/TestImage/03889.jpg,0.8338297872340426,4.232015606743797
24087,spaq,spaq/03890,/home/sergey/iqa-data/spaq/SPAQ/TestImage/03890.jpg,0.8442553191489361,3.5258243560514773
24092,spaq,spaq/03895,/home/sergey/iqa-data/spaq/SPAQ/TestImage/03895.jpg,0.8267021276595744,4.259784459136396
24095,spaq,spaq/03898,/home/sergey/iqa-data/spaq/SPAQ/TestImage/03898.jpg,0.8592553191489362,4.226177125530926
24096,spaq,spaq/03899,/home/sergey/iqa-data/spaq/SPAQ/TestImage/03899.jpg,0.264468085106383,5.371856734250681
24102,spaq,spaq/03905,/home/sergey/iqa-data/spaq/SPAQ/TestImage/03905.jpg,0.2971276595744681,7.852022344251812
24103,spaq,spaq/03906,/home/sergey/iqa-data/spaq/SPAQ/TestImage/03906.jpg,0.1185106382978723,7.818521701716461
24104,spaq,spaq/03907,/home/sergey/iqa-data/spaq/SPAQ/TestImage/03907.jpg,0.7471276595744681,5.172582724730036
24105,spaq,spaq/03908,/home/sergey/iqa-data/spaq/SPAQ/TestImage/03908.jpg,0.8257446808510639,4.579684519669984
24107,spaq,spaq/03910,/home/sergey/iqa-data/spaq/SPAQ/TestImage/03910.jpg,0.0990425531914893,7.754818464380829
24109,spaq,spaq/03912,/home/sergey/iqa-data/spaq/SPAQ/TestImage/03912.jpg,0.8118085106382978,3.5965809010788035
24111,spaq,spaq/03914,/home/sergey/iqa-data/spaq/SPAQ/TestImage/03914.jpg,0.3257446808510638,8.208674992687152
24115,spaq,spaq/03918,/home/sergey/iqa-data/spaq/SPAQ/TestImage/03918.jpg,0.2996808510638298,5.235500683825407
24116,spaq,spaq/03919,/home/sergey/iqa-data/spaq/SPAQ/TestImage/03919.jpg,0.7970212765957447,4.134542813961596
24117,spaq,spaq/03920,/home/sergey/iqa-data/spaq/SPAQ/TestImage/03920.jpg,0.5079787234042553,5.211829747926153
24123,spaq,spaq/03926,/home/sergey/iqa-data/spaq/SPAQ/TestImage/03926.jpg,0.8636170212765958,3.481119897317045
24125,spaq,spaq/03928,/home/sergey/iqa-data/spaq/SPAQ/TestImage/03928.jpg,0.1973404255319149,5.214733743898082
24129,spaq,spaq/03932,/home/sergey/iqa-data/spaq/SPAQ/TestImage/03932.jpg,0.7843617021276597,5.006314310952902
24130,spaq,spaq/03933,/home/sergey/iqa-data/spaq/SPAQ/TestImage/03933.jpg,0.4058510638297872,5.311634295156916
24138,spaq,spaq/03941,/home/sergey/iqa-data/spaq/SPAQ/TestImage/03941.jpg,0.3226595744680851,9.049531581368212
24141,spaq,spaq/03944,/home/sergey/iqa-data/spaq/SPAQ/TestImage/03944.jpg,0.4476595744680851,5.754898839462498
24145,spaq,spaq/03948,/home/sergey/iqa-data/spaq/SPAQ/TestImage/03948.jpg,0.620531914893617,5.559954846370452
24154,spaq,spaq/03957,/home/sergey/iqa-data/spaq/SPAQ/TestImage/03957.jpg,0.7561702127659574,3.8219451206114616
24155,spaq,spaq/03958,/home/sergey/iqa-data/spaq/SPAQ/TestImage/03958.jpg,0.3806382978723404,6.91249483904949
24164,spaq,spaq/03967,/home/sergey/iqa-data/spaq/SPAQ/TestImage/03967.jpg,0.7891489361702129,7.396931470463312
24167,spaq,spaq/03970,/home/sergey/iqa-data/spaq/SPAQ/TestImage/03970.jpg,0.3707446808510638,11.21915708756387
24177,spaq,spaq/03980,/home/sergey/iqa-data/spaq/SPAQ/TestImage/03980.jpg,0.7719148936170213,4.3464383803138915
24192,spaq,spaq/03995,/home/sergey/iqa-data/spaq/SPAQ/TestImage/03995.jpg,0.2347872340425532,5.554872833201722
24194,spaq,spaq/03997,/home/sergey/iqa-data/spaq/SPAQ/TestImage/03997.jpg,0.2619148936170213,5.102199536947058
24200,spaq,spaq/04003,/home/sergey/iqa-data/spaq/SPAQ/TestImage/04003.jpg,0.4756382978723404,6.599974107460653
24224,spaq,spaq/04027,/home/sergey/iqa-data/spaq/SPAQ/TestImage/04027.jpg,0.4992553191489361,6.097298876633107
24228,spaq,spaq/04031,/home/sergey/iqa-data/spaq/SPAQ/TestImage/04031.jpg,0.2757446808510638,4.204631658719325
24238,spaq,spaq/04041,/home/sergey/iqa-data/spaq/SPAQ/TestImage/04041.jpg,0.3696808510638298,7.255503511922713
24240,spaq,spaq/04043,/home/sergey/iqa-data/spaq/SPAQ/TestImage/04043.jpg,0.5736170212765958,3.2675205868445665
24245,spaq,spaq/04048,/home/sergey/iqa-data/spaq/SPAQ/TestImage/04048.jpg,0.7880851063829787,3.7105331871246783
24247,spaq,spaq/04050,/home/sergey/iqa-data/spaq/SPAQ/TestImage/04050.jpg,0.346595744680851,7.250150084115687
24252,spaq,spaq/04055,/home/sergey/iqa-data/spaq/SPAQ/TestImage/04055.jpg,0.265,3.924255152610879
24253,spaq,spaq/04056,/home/sergey/iqa-data/spaq/SPAQ/TestImage/04056.jpg,0.2602127659574468,4.535447017643756
24254,spaq,spaq/04057,/home/sergey/iqa-data/spaq/SPAQ/TestImage/04057.jpg,0.5736170212765958,4.023558804323342
24262,spaq,spaq/04065,/home/sergey/iqa-data/spaq/SPAQ/TestImage/04065.jpg,0.5691489361702128,8.641146089510244
24263,spaq,spaq/04066,/home/sergey/iqa-data/spaq/SPAQ/TestImage/04066.jpg,0.8317021276595745,3.0148767659887303
24275,spaq,spaq/04078,/home/sergey/iqa-data/spaq/SPAQ/TestImage/04078.jpg,0.2678723404255319,6.585534265212351
24281,spaq,spaq/04084,/home/sergey/iqa-data/spaq/SPAQ/TestImage/04084.jpg,0.6907446808510639,3.562808786321248
24290,spaq,spaq/04093,/home/sergey/iqa-data/spaq/SPAQ/TestImage/04093.jpg,0.2840425531914893,7.634230522334069
24291,spaq,spaq/04094,/home/sergey/iqa-data/spaq/SPAQ/TestImage/04094.jpg,0.8691489361702128,4.155645444413904
24292,spaq,spaq/04095,/home/sergey/iqa-data/spaq/SPAQ/TestImage/04095.jpg,0.2968085106382979,5.22990126850058
24298,spaq,spaq/04101,/home/sergey/iqa-data/spaq/SPAQ/TestImage/04101.jpg,0.2727659574468085,8.517382798735218
24300,spaq,spaq/04103,/home/sergey/iqa-data/spaq/SPAQ/TestImage/04103.jpg,0.3240425531914894,3.868864229730222
24303,spaq,spaq/04106,/home/sergey/iqa-data/spaq/SPAQ/TestImage/04106.jpg,0.6617021276595745,6.159901084759065
24307,spaq,spaq/04110,/home/sergey/iqa-data/spaq/SPAQ/TestImage/04110.jpg,0.814468085106383,5.04963483101374
24321,spaq,spaq/04124,/home/sergey/iqa-data/spaq/SPAQ/TestImage/04124.jpg,0.5435106382978724,4.3975320159678395
24330,spaq,spaq/04133,/home/sergey/iqa-data/spaq/SPAQ/TestImage/04133.jpg,0.4308510638297872,7.68822433592985
24346,spaq,spaq/04149,/home/sergey/iqa-data/spaq/SPAQ/TestImage/04149.jpg,0.7993617021276596,4.188996897945168
24348,spaq,spaq/04151,/home/sergey/iqa-data/spaq/SPAQ/TestImage/04151.jpg,0.4769148936170213,3.7974895234765356
24349,spaq,spaq/04152,/home/sergey/iqa-data/spaq/SPAQ/TestImage/04152.jpg,0.5372340425531915,4.511973893053987
24353,spaq,spaq/04156,/home/sergey/iqa-data/spaq/SPAQ/TestImage/04156.jpg,0.7492553191489363,8.105822778639638
24355,spaq,spaq/04158,/home/sergey/iqa-data/spaq/SPAQ/TestImage/04158.jpg,0.8206382978723404,5.13259610399828
24358,spaq,spaq/04161,/home/sergey/iqa-data/spaq/SPAQ/TestImage/04161.jpg,0.8218085106382979,5.049850431666675
24359,spaq,spaq/04162,/home/sergey/iqa-data/spaq/SPAQ/TestImage/04162.jpg,0.357127659574468,6.576848897537926
24360,spaq,spaq/04163,/home/sergey/iqa-data/spaq/SPAQ/TestImage/04163.jpg,0.6152127659574468,4.657048637407216
24367,spaq,spaq/04170,/home/sergey/iqa-data/spaq/SPAQ/TestImage/04170.jpg,0.1777659574468085,5.28144988534296
24371,spaq,spaq/04174,/home/sergey/iqa-data/spaq/SPAQ/TestImage/04174.jpg,0.6241489361702128,7.071174771650335
24372,spaq,spaq/04175,/home/sergey/iqa-data/spaq/SPAQ/TestImage/04175.jpg,0.1352127659574468,5.55877134460381
24375,spaq,spaq/04178,/home/sergey/iqa-data/spaq/SPAQ/TestImage/04178.jpg,0.8439361702127659,5.946098212281944
24392,spaq,spaq/04195,/home/sergey/iqa-data/spaq/SPAQ/TestImage/04195.jpg,0.3282978723404255,4.606312178442689
24393,spaq,spaq/04196,/home/sergey/iqa-data/spaq/SPAQ/TestImage/04196.jpg,0.6454255319148936,6.52455103783936
24394,spaq,spaq/04197,/home/sergey/iqa-data/spaq/SPAQ/TestImage/04197.jpg,0.7180851063829787,4.691960712816984
24399,spaq,spaq/04202,/home/sergey/iqa-data/spaq/SPAQ/TestImage/04202.jpg,0.4326595744680851,3.949891631247968
24416,spaq,spaq/04219,/home/sergey/iqa-data/spaq/SPAQ/TestImage/04219.jpg,0.2872340425531915,5.137486179272295
24417,spaq,spaq/04220,/home/sergey/iqa-data/spaq/SPAQ/TestImage/04220.jpg,0.4853191489361702,5.962835896935478
24422,spaq,spaq/04225,/home/sergey/iqa-data/spaq/SPAQ/TestImage/04225.jpg,0.6104255319148937,6.7984498191854765
24423,spaq,spaq/04226,/home/sergey/iqa-data/spaq/SPAQ/TestImage/04226.jpg,0.2978723404255319,5.994638357440402
24429,spaq,spaq/04232,/home/sergey/iqa-data/spaq/SPAQ/TestImage/04232.jpg,0.7398936170212765,8.356071619630914
24433,spaq,spaq/04236,/home/sergey/iqa-data/spaq/SPAQ/TestImage/04236.jpg,0.4163829787234042,7.139622582005582
24435,spaq,spaq/04238,/home/sergey/iqa-data/spaq/SPAQ/TestImage/04238.jpg,0.1906382978723404,5.471548476821183
24436,spaq,spaq/04239,/home/sergey/iqa-data/spaq/SPAQ/TestImage/04239.jpg,0.8209574468085107,6.446179708088955
24438,spaq,spaq/04241,/home/sergey/iqa-data/spaq/SPAQ/TestImage/04241.jpg,0.7854255319148936,4.197020699904217
24442,spaq,spaq/04245,/home/sergey/iqa-data/spaq/SPAQ/TestImage/04245.jpg,0.1959574468085106,9.599479185854843
24452,spaq,spaq/04255,/home/sergey/iqa-data/spaq/SPAQ/TestImage/04255.jpg,0.671063829787234,3.820516259567858
24454,spaq,spaq/04257,/home/sergey/iqa-data/spaq/SPAQ/TestImage/04257.jpg,0.5736170212765958,7.922857735618923
24455,spaq,spaq/04258,/home/sergey/iqa-data/spaq/SPAQ/TestImage/04258.jpg,0.2704255319148936,4.6362668355094785
24456,spaq,spaq/04259,/home/sergey/iqa-data/spaq/SPAQ/TestImage/04259.jpg,0.4361702127659574,6.923297493346712
24458,spaq,spaq/04261,/home/sergey/iqa-data/spaq/SPAQ/TestImage/04261.jpg,0.6773404255319149,5.4079151460887696
24459,spaq,spaq/04262,/home/sergey/iqa-data/spaq/SPAQ/TestImage/04262.jpg,0.1622340425531915,6.041109608321317
24467,spaq,spaq/04270,/home/sergey/iqa-data/spaq/SPAQ/TestImage/04270.jpg,0.4445744680851063,6.916713212108897
24473,spaq,spaq/04276,/home/sergey/iqa-data/spaq/SPAQ/TestImage/04276.jpg,0.2957446808510638,6.1761209891941515
24474,spaq,spaq/04277,/home/sergey/iqa-data/spaq/SPAQ/TestImage/04277.jpg,0.6196808510638298,4.080618872307826
24479,spaq,spaq/04282,/home/sergey/iqa-data/spaq/SPAQ/TestImage/04282.jpg,0.2224468085106383,9.66702050706985
24504,spaq,spaq/04307,/home/sergey/iqa-data/spaq/SPAQ/TestImage/04307.jpg,0.3768085106382979,4.396625808683354
24509,spaq,spaq/04312,/home/sergey/iqa-data/spaq/SPAQ/TestImage/04312.jpg,0.7269148936170212,4.545210480976102
24513,spaq,spaq/04316,/home/sergey/iqa-data/spaq/SPAQ/TestImage/04316.jpg,0.2863829787234043,4.437966932130003
24520,spaq,spaq/04323,/home/sergey/iqa-data/spaq/SPAQ/TestImage/04323.jpg,0.2243617021276595,5.955957541021095
24521,spaq,spaq/04324,/home/sergey/iqa-data/spaq/SPAQ/TestImage/04324.jpg,0.7881914893617021,6.576258913709449
24531,spaq,spaq/04334,/home/sergey/iqa-data/spaq/SPAQ/TestImage/04334.jpg,0.705,5.226713772421698
24535,spaq,spaq/04338,/home/sergey/iqa-data/spaq/SPAQ/TestImage/04338.jpg,0.175531914893617,5.865909200604388
24561,spaq,spaq/04364,/home/sergey/iqa-data/spaq/SPAQ/TestImage/04364.jpg,0.7617021276595745,5.333871451582505
24565,spaq,spaq/04368,/home/sergey/iqa-data/spaq/SPAQ/TestImage/04368.jpg,0.7699999999999999,3.0860606205770775
24566,spaq,spaq/04369,/home/sergey/iqa-data/spaq/SPAQ/TestImage/04369.jpg,0.512127659574468,6.670339517518724
24569,spaq,spaq/04372,/home/sergey/iqa-data/spaq/SPAQ/TestImage/04372.jpg,0.3897872340425532,5.660859901073947
24571,spaq,spaq/04374,/home/sergey/iqa-data/spaq/SPAQ/TestImage/04374.jpg,0.4425531914893617,7.745728644571592
24572,spaq,spaq/04375,/home/sergey/iqa-data/spaq/SPAQ/TestImage/04375.jpg,0.2928723404255319,5.445800899380271
24573,spaq,spaq/04376,/home/sergey/iqa-data/spaq/SPAQ/TestImage/04376.jpg,0.8737234042553191,4.38361706410454
24575,spaq,spaq/04378,/home/sergey/iqa-data/spaq/SPAQ/TestImage/04378.jpg,0.5673404255319149,6.107340553623243
24578,spaq,spaq/04381,/home/sergey/iqa-data/spaq/SPAQ/TestImage/04381.jpg,0.672340425531915,4.3738180034558605
24594,spaq,spaq/04397,/home/sergey/iqa-data/spaq/SPAQ/TestImage/04397.jpg,0.6921276595744681,5.147878454053853
24595,spaq,spaq/04398,/home/sergey/iqa-data/spaq/SPAQ/TestImage/04398.jpg,0.6630851063829787,4.5096396199193665
24600,spaq,spaq/04403,/home/sergey/iqa-data/spaq/SPAQ/TestImage/04403.jpg,0.3773404255319149,3.1973786684744216
24604,spaq,spaq/04407,/home/sergey/iqa-data/spaq/SPAQ/TestImage/04407.jpg,0.7027659574468086,4.85070158732657
24607,spaq,spaq/04410,/home/sergey/iqa-data/spaq/SPAQ/TestImage/04410.jpg,0.5325531914893618,5.742624700862746
24613,spaq,spaq/04416,/home/sergey/iqa-data/spaq/SPAQ/TestImage/04416.jpg,0.3723404255319149,5.9441996579324385
24617,spaq,spaq/04420,/home/sergey/iqa-data/spaq/SPAQ/TestImage/04420.jpg,0.6769148936170212,3.4769065261387904
24623,spaq,spaq/04426,/home/sergey/iqa-data/spaq/SPAQ/TestImage/04426.jpg,0.2673404255319149,5.82113721473855
24624,spaq,spaq/04427,/home/sergey/iqa-data/spaq/SPAQ/TestImage/04427.jpg,0.3361702127659575,7.66024284915805
24625,spaq,spaq/04428,/home/sergey/iqa-data/spaq/SPAQ/TestImage/04428.jpg,0.2765957446808511,5.156104895418499
24632,spaq,spaq/04435,/home/sergey/iqa-data/spaq/SPAQ/TestImage/04435.jpg,0.6582978723404256,4.686829662631661
24637,spaq,spaq/04440,/home/sergey/iqa-data/spaq/SPAQ/TestImage/04440.jpg,0.4508510638297872,4.613464038709028
24639,spaq,spaq/04442,/home/sergey/iqa-data/spaq/SPAQ/TestImage/04442.jpg,0.375,4.101216631802974
24641,spaq,spaq/04444,/home/sergey/iqa-data/spaq/SPAQ/TestImage/04444.jpg,0.4634042553191489,7.159634667256144
24645,spaq,spaq/04448,/home/sergey/iqa-data/spaq/SPAQ/TestImage/04448.jpg,0.5904255319148937,4.125586849825825
24653,spaq,spaq/04456,/home/sergey/iqa-data/spaq/SPAQ/TestImage/04456.jpg,0.6314893617021277,6.489577261148229
24660,spaq,spaq/04463,/home/sergey/iqa-data/spaq/SPAQ/TestImage/04463.jpg,0.4481914893617021,7.549639597912235
24663,spaq,spaq/04466,/home/sergey/iqa-data/spaq/SPAQ/TestImage/04466.jpg,0.5292553191489362,4.747515470371727
24664,spaq,spaq/04467,/home/sergey/iqa-data/spaq/SPAQ/TestImage/04467.jpg,0.300531914893617,5.024373392694817
24668,spaq,spaq/04471,/home/sergey/iqa-data/spaq/SPAQ/TestImage/04471.jpg,0.7925531914893617,4.763420993312495
24672,spaq,spaq/04475,/home/sergey/iqa-data/spaq/SPAQ/TestImage/04475.jpg,0.3829787234042553,4.729134710097219
24683,spaq,spaq/04486,/home/sergey/iqa-data/spaq/SPAQ/TestImage/04486.jpg,0.7446808510638298,3.308538743392999
24684,spaq,spaq/04487,/home/sergey/iqa-data/spaq/SPAQ/TestImage/04487.jpg,0.8173404255319149,5.389708252004952
24690,spaq,spaq/04493,/home/sergey/iqa-data/spaq/SPAQ/TestImage/04493.jpg,0.4134042553191489,9.181295553755762
24700,spaq,spaq/04503,/home/sergey/iqa-data/spaq/SPAQ/TestImage/04503.jpg,0.3677659574468085,7.613645145191735
24701,spaq,spaq/04504,/home/sergey/iqa-data/spaq/SPAQ/TestImage/04504.jpg,0.594468085106383,3.8409295886500217
24703,spaq,spaq/04506,/home/sergey/iqa-data/spaq/SPAQ/TestImage/04506.jpg,0.3338297872340426,6.459336443503048
24709,spaq,spaq/04512,/home/sergey/iqa-data/spaq/SPAQ/TestImage/04512.jpg,0.8070212765957446,6.573646144212507
24710,spaq,spaq/04513,/home/sergey/iqa-data/spaq/SPAQ/TestImage/04513.jpg,0.5896808510638298,5.0477268642109925
24714,spaq,spaq/04517,/home/sergey/iqa-data/spaq/SPAQ/TestImage/04517.jpg,0.0638297872340425,10.405265354050128
24722,spaq,spaq/04525,/home/sergey/iqa-data/spaq/SPAQ/TestImage/04525.jpg,0.5980851063829787,5.305159624734691
24723,spaq,spaq/04526,/home/sergey/iqa-data/spaq/SPAQ/TestImage/04526.jpg,0.5243617021276595,4.963998935300316
24727,spaq,spaq/04530,/home/sergey/iqa-data/spaq/SPAQ/TestImage/04530.jpg,0.8297872340425532,4.3219017514014295
24728,spaq,spaq/04531,/home/sergey/iqa-data/spaq/SPAQ/TestImage/04531.jpg,0.6762765957446808,3.9566215383971164
24731,spaq,spaq/04534,/home/sergey/iqa-data/spaq/SPAQ/TestImage/04534.jpg,0.5152127659574468,5.172037197602182
24735,spaq,spaq/04538,/home/sergey/iqa-data/spaq/SPAQ/TestImage/04538.jpg,0.3222340425531915,4.344550304633139
24739,spaq,spaq/04542,/home/sergey/iqa-data/spaq/SPAQ/TestImage/04542.jpg,0.6504255319148936,5.6592789000416674
24750,spaq,spaq/04553,/home/sergey/iqa-data/spaq/SPAQ/TestImage/04553.jpg,0.5622340425531915,4.292713292915385
24768,spaq,spaq/04571,/home/sergey/iqa-data/spaq/SPAQ/TestImage/04571.jpg,0.824468085106383,3.8563447731508216
24773,spaq,spaq/04576,/home/sergey/iqa-data/spaq/SPAQ/TestImage/04576.jpg,0.2765957446808511,5.73160257735432
24775,spaq,spaq/04578,/home/sergey/iqa-data/spaq/SPAQ/TestImage/04578.jpg,0.4574468085106383,5.574371532757171
24779,spaq,spaq/04582,/home/sergey/iqa-data/spaq/SPAQ/TestImage/04582.jpg,0.3306382978723404,8.311972293963846
24780,spaq,spaq/04583,/home/sergey/iqa-data/spaq/SPAQ/TestImage/04583.jpg,0.2481914893617021,6.855565375963305
24802,spaq,spaq/04605,/home/sergey/iqa-data/spaq/SPAQ/TestImage/04605.jpg,0.379468085106383,11.026585324700944
24808,spaq,spaq/04611,/home/sergey/iqa-data/spaq/SPAQ/TestImage/04611.jpg,0.6196808510638298,6.7189769271771445
24814,spaq,spaq/04617,/home/sergey/iqa-data/spaq/SPAQ/TestImage/04617.jpg,0.3927659574468085,6.97344161875604
24815,spaq,spaq/04618,/home/sergey/iqa-data/spaq/SPAQ/TestImage/04618.jpg,0.5354255319148936,8.829276442654752
24827,spaq,spaq/04630,/home/sergey/iqa-data/spaq/SPAQ/TestImage/04630.jpg,0.3545744680851063,10.328993515242583
24834,spaq,spaq/04637,/home/sergey/iqa-data/spaq/SPAQ/TestImage/04637.jpg,0.6276595744680851,3.7183217873181134
24838,spaq,spaq/04641,/home/sergey/iqa-data/spaq/SPAQ/TestImage/04641.jpg,0.2477659574468085,5.675892196922038
24843,spaq,spaq/04646,/home/sergey/iqa-data/spaq/SPAQ/TestImage/04646.jpg,0.8085106382978723,6.113912676927231
24846,spaq,spaq/04649,/home/sergey/iqa-data/spaq/SPAQ/TestImage/04649.jpg,0.1413829787234042,7.665311231985696
24852,spaq,spaq/04655,/home/sergey/iqa-data/spaq/SPAQ/TestImage/04655.jpg,0.6932978723404255,6.515480303516033
24857,spaq,spaq/04660,/home/sergey/iqa-data/spaq/SPAQ/TestImage/04660.jpg,0.278404255319149,5.607181721963936
24875,spaq,spaq/04678,/home/sergey/iqa-data/spaq/SPAQ/TestImage/04678.jpg,0.7340425531914894,5.251165140147007
24878,spaq,spaq/04681,/home/sergey/iqa-data/spaq/SPAQ/TestImage/04681.jpg,0.3602127659574468,7.825191237070017
24879,spaq,spaq/04682,/home/sergey/iqa-data/spaq/SPAQ/TestImage/04682.jpg,0.8860638297872341,3.131511079718979
24883,spaq,spaq/04686,/home/sergey/iqa-data/spaq/SPAQ/TestImage/04686.jpg,0.4872340425531914,4.442712208833751
24892,spaq,spaq/04695,/home/sergey/iqa-data/spaq/SPAQ/TestImage/04695.jpg,0.0972340425531915,8.384366544915881
24895,spaq,spaq/04698,/home/sergey/iqa-data/spaq/SPAQ/TestImage/04698.jpg,0.151595744680851,7.851085682578654
24898,spaq,spaq/04701,/home/sergey/iqa-data/spaq/SPAQ/TestImage/04701.jpg,0.1854255319148936,6.600855689621917
24903,spaq,spaq/04706,/home/sergey/iqa-data/spaq/SPAQ/TestImage/04706.jpg,0.1848936170212765,5.815849926492112
24904,spaq,spaq/04707,/home/sergey/iqa-data/spaq/SPAQ/TestImage/04707.jpg,0.4348936170212766,4.132552955121451
24907,spaq,spaq/04710,/home/sergey/iqa-data/spaq/SPAQ/TestImage/04710.jpg,0.6678723404255319,7.681059481137158
24915,spaq,spaq/04718,/home/sergey/iqa-data/spaq/SPAQ/TestImage/04718.jpg,0.8351063829787234,6.7896699900927215
24917,spaq,spaq/04720,/home/sergey/iqa-data/spaq/SPAQ/TestImage/04720.jpg,0.3176595744680851,6.423614725690863
24921,spaq,spaq/04724,/home/sergey/iqa-data/spaq/SPAQ/TestImage/04724.jpg,0.4752127659574468,9.829537391481013
24928,spaq,spaq/04731,/home/sergey/iqa-data/spaq/SPAQ/TestImage/04731.jpg,0.469468085106383,4.8593366551611075
24930,spaq,spaq/04733,/home/sergey/iqa-data/spaq/SPAQ/TestImage/04733.jpg,0.5762765957446808,4.513186132958502
24935,spaq,spaq/04738,/home/sergey/iqa-data/spaq/SPAQ/TestImage/04738.jpg,0.6717021276595745,6.304217399823587
24936,spaq,spaq/04739,/home/sergey/iqa-data/spaq/SPAQ/TestImage/04739.jpg,0.3901063829787234,5.699852708856668
24938,spaq,spaq/04741,/home/sergey/iqa-data/spaq/SPAQ/TestImage/04741.jpg,0.7322340425531915,3.0022163995888764
24940,spaq,spaq/04743,/home/sergey/iqa-data/spaq/SPAQ/TestImage/04743.jpg,0.7606382978723404,4.057847933318505
24952,spaq,spaq/04755,/home/sergey/iqa-data/spaq/SPAQ/TestImage/04755.jpg,0.7628723404255319,4.404257109485215
24963,spaq,spaq/04766,/home/sergey/iqa-data/spaq/SPAQ/TestImage/04766.jpg,0.87,4.110432653847692
24965,spaq,spaq/04768,/home/sergey/iqa-data/spaq/SPAQ/TestImage/04768.jpg,0.7506382978723405,4.041218948202477
24968,spaq,spaq/04771,/home/sergey/iqa-data/spaq/SPAQ/TestImage/04771.jpg,0.8357446808510639,4.912568366645241
24969,spaq,spaq/04772,/home/sergey/iqa-data/spaq/SPAQ/TestImage/04772.jpg,0.6992553191489362,5.456425343040973
24970,spaq,spaq/04773,/home/sergey/iqa-data/spaq/SPAQ/TestImage/04773.jpg,0.8570212765957447,4.616061823821801
24972,spaq,spaq/04775,/home/sergey/iqa-data/spaq/SPAQ/TestImage/04775.jpg,0.4432978723404255,6.1494245013023985
24973,spaq,spaq/04776,/home/sergey/iqa-data/spaq/SPAQ/TestImage/04776.jpg,0.3439361702127659,4.513818855284204
24975,spaq,spaq/04778,/home/sergey/iqa-data/spaq/SPAQ/TestImage/04778.jpg,0.3131914893617021,6.1198543746923795
24977,spaq,spaq/04780,/home/sergey/iqa-data/spaq/SPAQ/TestImage/04780.jpg,0.7734042553191489,4.060510782005153
24987,spaq,spaq/04790,/home/sergey/iqa-data/spaq/SPAQ/TestImage/04790.jpg,0.801063829787234,5.777154947296318
24999,spaq,spaq/04802,/home/sergey/iqa-data/spaq/SPAQ/TestImage/04802.jpg,0.5448936170212766,7.53689253008156
25000,spaq,spaq/04803,/home/sergey/iqa-data/spaq/SPAQ/TestImage/04803.jpg,0.7387234042553191,5.08801456774521
25002,spaq,spaq/04805,/home/sergey/iqa-data/spaq/SPAQ/TestImage/04805.jpg,0.3901063829787234,7.940215311391211
25003,spaq,spaq/04806,/home/sergey/iqa-data/spaq/SPAQ/TestImage/04806.jpg,0.3723404255319149,5.8332588779965295
25009,spaq,spaq/04812,/home/sergey/iqa-data/spaq/SPAQ/TestImage/04812.jpg,0.7174468085106382,4.101331125148373
25011,spaq,spaq/04814,/home/sergey/iqa-data/spaq/SPAQ/TestImage/04814.jpg,0.3995744680851064,6.735586428284613
25013,spaq,spaq/04816,/home/sergey/iqa-data/spaq/SPAQ/TestImage/04816.jpg,0.1643617021276595,6.784555720296802
25020,spaq,spaq/04823,/home/sergey/iqa-data/spaq/SPAQ/TestImage/04823.jpg,0.860531914893617,3.8927647694983243
25028,spaq,spaq/04831,/home/sergey/iqa-data/spaq/SPAQ/TestImage/04831.jpg,0.4612765957446808,11.568370366602238
25031,spaq,spaq/04834,/home/sergey/iqa-data/spaq/SPAQ/TestImage/04834.jpg,0.4148936170212766,4.813171400985967
25041,spaq,spaq/04844,/home/sergey/iqa-data/spaq/SPAQ/TestImage/04844.jpg,0.5,7.058354765150659
25042,spaq,spaq/04845,/home/sergey/iqa-data/spaq/SPAQ/TestImage/04845.jpg,0.4536170212765957,8.362765195320993
25050,spaq,spaq/04853,/home/sergey/iqa-data/spaq/SPAQ/TestImage/04853.jpg,0.4023404255319149,4.6388543459568945
25055,spaq,spaq/04858,/home/sergey/iqa-data/spaq/SPAQ/TestImage/04858.jpg,0.3164893617021276,5.813769889542821
25056,spaq,spaq/04859,/home/sergey/iqa-data/spaq/SPAQ/TestImage/04859.jpg,0.3422340425531915,5.939189893816554
25057,spaq,spaq/04860,/home/sergey/iqa-data/spaq/SPAQ/TestImage/04860.jpg,0.4042553191489361,7.119215763042764
25062,spaq,spaq/04865,/home/sergey/iqa-data/spaq/SPAQ/TestImage/04865.jpg,0.2997872340425532,6.302528550771339
25078,spaq,spaq/04881,/home/sergey/iqa-data/spaq/SPAQ/TestImage/04881.jpg,0.6846808510638298,5.16495247375713
25079,spaq,spaq/04882,/home/sergey/iqa-data/spaq/SPAQ/TestImage/04882.jpg,0.774468085106383,8.42941848781554
25090,spaq,spaq/04893,/home/sergey/iqa-data/spaq/SPAQ/TestImage/04893.jpg,0.3829787234042553,4.269121504822607
25093,spaq,spaq/04896,/home/sergey/iqa-data/spaq/SPAQ/TestImage/04896.jpg,0.6557446808510639,5.263885784082571
25098,spaq,spaq/04901,/home/sergey/iqa-data/spaq/SPAQ/TestImage/04901.jpg,0.3072340425531915,5.7856847600059025
25099,spaq,spaq/04902,/home/sergey/iqa-data/spaq/SPAQ/TestImage/04902.jpg,0.390531914893617,7.218219936114273
25101,spaq,spaq/04904,/home/sergey/iqa-data/spaq/SPAQ/TestImage/04904.jpg,0.6914893617021277,4.639009258391987
25107,spaq,spaq/04910,/home/sergey/iqa-data/spaq/SPAQ/TestImage/04910.jpg,0.6820212765957446,5.9075437820905465
25112,spaq,spaq/04915,/home/sergey/iqa-data/spaq/SPAQ/TestImage/04915.jpg,0.7659574468085106,3.1070126383557786
25115,spaq,spaq/04918,/home/sergey/iqa-data/spaq/SPAQ/TestImage/04918.jpg,0.2993617021276595,7.136673526065189
25122,spaq,spaq/04925,/home/sergey/iqa-data/spaq/SPAQ/TestImage/04925.jpg,0.6914893617021277,3.5107183790413994
25127,spaq,spaq/04930,/home/sergey/iqa-data/spaq/SPAQ/TestImage/04930.jpg,0.6512765957446809,5.387876714262275
25132,spaq,spaq/04935,/home/sergey/iqa-data/spaq/SPAQ/TestImage/04935.jpg,0.4822340425531914,3.435474193429937
25134,spaq,spaq/04937,/home/sergey/iqa-data/spaq/SPAQ/TestImage/04937.jpg,0.2925531914893617,7.832818162646333
25136,spaq,spaq/04939,/home/sergey/iqa-data/spaq/SPAQ/TestImage/04939.jpg,0.683936170212766,6.505468064417589
25139,spaq,spaq/04942,/home/sergey/iqa-data/spaq/SPAQ/TestImage/04942.jpg,0.5592553191489362,2.967849780906756
25147,spaq,spaq/04950,/home/sergey/iqa-data/spaq/SPAQ/TestImage/04950.jpg,0.3085106382978723,6.503360177425655
25151,spaq,spaq/04954,/home/sergey/iqa-data/spaq/SPAQ/TestImage/04954.jpg,0.6109574468085106,4.532337379126786
25154,spaq,spaq/04957,/home/sergey/iqa-data/spaq/SPAQ/TestImage/04957.jpg,0.086595744680851,5.456764721633106
25156,spaq,spaq/04959,/home/sergey/iqa-data/spaq/SPAQ/TestImage/04959.jpg,0.6914893617021277,4.321874772645858
25171,spaq,spaq/04974,/home/sergey/iqa-data/spaq/SPAQ/TestImage/04974.jpg,0.5787234042553191,8.036930991470868
25180,spaq,spaq/04983,/home/sergey/iqa-data/spaq/SPAQ/TestImage/04983.jpg,0.4223404255319149,6.390274307049793
25182,spaq,spaq/04985,/home/sergey/iqa-data/spaq/SPAQ/TestImage/04985.jpg,0.7606382978723404,4.183194634502051
25184,spaq,spaq/04987,/home/sergey/iqa-data/spaq/SPAQ/TestImage/04987.jpg,0.3061702127659574,7.075554564805508
25188,spaq,spaq/04991,/home/sergey/iqa-data/spaq/SPAQ/TestImage/04991.jpg,0.7393617021276596,5.9731044319600475
25191,spaq,spaq/04994,/home/sergey/iqa-data/spaq/SPAQ/TestImage/04994.jpg,0.7407446808510638,4.28047400290024
25201,spaq,spaq/05004,/home/sergey/iqa-data/spaq/SPAQ/TestImage/05004.jpg,0.7526595744680851,5.441426195470953
25208,spaq,spaq/05011,/home/sergey/iqa-data/spaq/SPAQ/TestImage/05011.jpg,0.4680851063829787,5.551893118833358
25215,spaq,spaq/05018,/home/sergey/iqa-data/spaq/SPAQ/TestImage/05018.jpg,0.1413829787234042,5.669769746635918
25217,spaq,spaq/05020,/home/sergey/iqa-data/spaq/SPAQ/TestImage/05020.jpg,0.8324468085106383,4.474636749915157
25218,spaq,spaq/05021,/home/sergey/iqa-data/spaq/SPAQ/TestImage/05021.jpg,0.6678723404255319,5.638747677184999
25220,spaq,spaq/05023,/home/sergey/iqa-data/spaq/SPAQ/TestImage/05023.jpg,0.3962765957446808,7.285827789456427
25221,spaq,spaq/05024,/home/sergey/iqa-data/spaq/SPAQ/TestImage/05024.jpg,0.6670212765957447,5.191950911872269
25225,spaq,spaq/05028,/home/sergey/iqa-data/spaq/SPAQ/TestImage/05028.jpg,0.6728723404255319,7.190950398245573
25233,spaq,spaq/05036,/home/sergey/iqa-data/spaq/SPAQ/TestImage/05036.jpg,0.8026595744680851,5.205250777899273
25239,spaq,spaq/05042,/home/sergey/iqa-data/spaq/SPAQ/TestImage/05042.jpg,0.3617021276595745,8.741111409464898
25244,spaq,spaq/05047,/home/sergey/iqa-data/spaq/SPAQ/TestImage/05047.jpg,0.8404255319148937,4.426745091360095
25247,spaq,spaq/05050,/home/sergey/iqa-data/spaq/SPAQ/TestImage/05050.jpg,0.5377659574468084,5.792319889274788
25251,spaq,spaq/05054,/home/sergey/iqa-data/spaq/SPAQ/TestImage/05054.jpg,0.7978723404255319,3.8759791538668584
25253,spaq,spaq/05056,/home/sergey/iqa-data/spaq/SPAQ/TestImage/05056.jpg,0.75,5.124840137828054
25266,spaq,spaq/05069,/home/sergey/iqa-data/spaq/SPAQ/TestImage/05069.jpg,0.527127659574468,5.612605491231913
25268,spaq,spaq/05071,/home/sergey/iqa-data/spaq/SPAQ/TestImage/05071.jpg,0.6335106382978724,4.8915939017393395
25269,spaq,spaq/05072,/home/sergey/iqa-data/spaq/SPAQ/TestImage/05072.jpg,0.3395744680851064,5.678921695260108
25270,spaq,spaq/05073,/home/sergey/iqa-data/spaq/SPAQ/TestImage/05073.jpg,0.5541489361702128,7.9114319380174924
25274,spaq,spaq/05077,/home/sergey/iqa-data/spaq/SPAQ/TestImage/05077.jpg,0.8209574468085107,3.540440750804578
25285,spaq,spaq/05088,/home/sergey/iqa-data/spaq/SPAQ/TestImage/05088.jpg,0.3173404255319149,4.884772393082895
25286,spaq,spaq/05089,/home/sergey/iqa-data/spaq/SPAQ/TestImage/05089.jpg,0.7398936170212765,3.9531610823692103
25293,spaq,spaq/05096,/home/sergey/iqa-data/spaq/SPAQ/TestImage/05096.jpg,0.445,4.915997921252102
25295,spaq,spaq/05098,/home/sergey/iqa-data/spaq/SPAQ/TestImage/05098.jpg,0.7732978723404255,4.162403910113184
25315,spaq,spaq/05118,/home/sergey/iqa-data/spaq/SPAQ/TestImage/05118.jpg,0.7,7.9939106808061995
25317,spaq,spaq/05120,/home/sergey/iqa-data/spaq/SPAQ/TestImage/05120.jpg,0.2632978723404255,7.639675620507393
25318,spaq,spaq/05121,/home/sergey/iqa-data/spaq/SPAQ/TestImage/05121.jpg,0.0702127659574468,7.952030095157522
25326,spaq,spaq/05129,/home/sergey/iqa-data/spaq/SPAQ/TestImage/05129.jpg,0.1553191489361702,5.759945337581582
25329,spaq,spaq/05132,/home/sergey/iqa-data/spaq/SPAQ/TestImage/05132.jpg,0.0904255319148936,8.105081173259089
25332,spaq,spaq/05135,/home/sergey/iqa-data/spaq/SPAQ/TestImage/05135.jpg,0.8489361702127659,3.612130124213497
25347,spaq,spaq/05150,/home/sergey/iqa-data/spaq/SPAQ/TestImage/05150.jpg,0.5021276595744681,5.034801733439311
25350,spaq,spaq/05153,/home/sergey/iqa-data/spaq/SPAQ/TestImage/05153.jpg,0.8214893617021276,4.715933932295965
25353,spaq,spaq/05156,/home/sergey/iqa-data/spaq/SPAQ/TestImage/05156.jpg,0.7195744680851064,4.108519438798283
25361,spaq,spaq/05164,/home/sergey/iqa-data/spaq/SPAQ/TestImage/05164.jpg,0.1373404255319149,5.501231440802214
25364,spaq,spaq/05167,/home/sergey/iqa-data/spaq/SPAQ/TestImage/05167.jpg,0.5404255319148936,5.621541652316502
25365,spaq,spaq/05168,/home/sergey/iqa-data/spaq/SPAQ/TestImage/05168.jpg,0.1102127659574468,6.87512847389774
25370,spaq,spaq/05173,/home/sergey/iqa-data/spaq/SPAQ/TestImage/05173.jpg,0.5496808510638298,5.182307865451787
25371,spaq,spaq/05174,/home/sergey/iqa-data/spaq/SPAQ/TestImage/05174.jpg,0.0893617021276595,9.884870779751143
25378,spaq,spaq/05181,/home/sergey/iqa-data/spaq/SPAQ/TestImage/05181.jpg,0.8847872340425532,5.2563227459240975
25384,spaq,spaq/05187,/home/sergey/iqa-data/spaq/SPAQ/TestImage/05187.jpg,0.7851063829787234,4.270945030617061
25393,spaq,spaq/05196,/home/sergey/iqa-data/spaq/SPAQ/TestImage/05196.jpg,0.2468085106382978,3.808141397461114
25395,spaq,spaq/05198,/home/sergey/iqa-data/spaq/SPAQ/TestImage/05198.jpg,0.8586170212765957,3.646631504118637
25399,spaq,spaq/05202,/home/sergey/iqa-data/spaq/SPAQ/TestImage/05202.jpg,0.9680851063829788,4.914382619688688
25406,spaq,spaq/05209,/home/sergey/iqa-data/spaq/SPAQ/TestImage/05209.jpg,0.6098936170212765,4.803071076984732
25409,spaq,spaq/05212,/home/sergey/iqa-data/spaq/SPAQ/TestImage/05212.jpg,0.7893617021276597,4.8489252474730655
25413,spaq,spaq/05216,/home/sergey/iqa-data/spaq/SPAQ/TestImage/05216.jpg,0.2571276595744681,4.569220495148356
25414,spaq,spaq/05217,/home/sergey/iqa-data/spaq/SPAQ/TestImage/05217.jpg,0.425531914893617,6.348582554737219
25422,spaq,spaq/05225,/home/sergey/iqa-data/spaq/SPAQ/TestImage/05225.jpg,0.1978723404255319,4.412964799080985
25423,spaq,spaq/05226,/home/sergey/iqa-data/spaq/SPAQ/TestImage/05226.jpg,0.5,4.082865345895093
25435,spaq,spaq/05238,/home/sergey/iqa-data/spaq/SPAQ/TestImage/05238.jpg,0.4127659574468085,4.667833624947114
25438,spaq,spaq/05241,/home/sergey/iqa-data/spaq/SPAQ/TestImage/05241.jpg,0.674468085106383,3.604200333165646
25442,spaq,spaq/05245,/home/sergey/iqa-data/spaq/SPAQ/TestImage/05245.jpg,0.5345744680851063,6.7579652154333845
25443,spaq,spaq/05246,/home/sergey/iqa-data/spaq/SPAQ/TestImage/05246.jpg,0.7446808510638298,4.916202120794945
25444,spaq,spaq/05247,/home/sergey/iqa-data/spaq/SPAQ/TestImage/05247.jpg,0.2446808510638297,6.210079328757743
25446,spaq,spaq/05249,/home/sergey/iqa-data/spaq/SPAQ/TestImage/05249.jpg,0.3563829787234042,6.889400778891982
25449,spaq,spaq/05252,/home/sergey/iqa-data/spaq/SPAQ/TestImage/05252.jpg,0.8829787234042553,4.704616526744305
25453,spaq,spaq/05256,/home/sergey/iqa-data/spaq/SPAQ/TestImage/05256.jpg,0.4392553191489362,6.4260245547796035
25461,spaq,spaq/05264,/home/sergey/iqa-data/spaq/SPAQ/TestImage/05264.jpg,0.1742553191489361,4.5263149021215225
25468,spaq,spaq/05271,/home/sergey/iqa-data/spaq/SPAQ/TestImage/05271.jpg,0.081595744680851,6.00980134680741
25469,spaq,spaq/05272,/home/sergey/iqa-data/spaq/SPAQ/TestImage/05272.jpg,0.1311702127659574,10.627107976387663
25475,spaq,spaq/05278,/home/sergey/iqa-data/spaq/SPAQ/TestImage/05278.jpg,0.6075531914893617,3.4178264250041
25477,spaq,spaq/05280,/home/sergey/iqa-data/spaq/SPAQ/TestImage/05280.jpg,0.7939361702127659,4.149287622206523
25478,spaq,spaq/05281,/home/sergey/iqa-data/spaq/SPAQ/TestImage/05281.jpg,0.7553191489361702,5.46984522539757
25483,spaq,spaq/05286,/home/sergey/iqa-data/spaq/SPAQ/TestImage/05286.jpg,0.384468085106383,4.997921726950658
25487,spaq,spaq/05290,/home/sergey/iqa-data/spaq/SPAQ/TestImage/05290.jpg,0.6868085106382978,2.6419313420016968
25493,spaq,spaq/05296,/home/sergey/iqa-data/spaq/SPAQ/TestImage/05296.jpg,0.2887234042553191,4.028851117792352
25494,spaq,spaq/05297,/home/sergey/iqa-data/spaq/SPAQ/TestImage/05297.jpg,0.6869148936170212,4.208108581435263
25500,spaq,spaq/05303,/home/sergey/iqa-data/spaq/SPAQ/TestImage/05303.jpg,0.4122340425531915,5.369352517724024
25501,spaq,spaq/05304,/home/sergey/iqa-data/spaq/SPAQ/TestImage/05304.jpg,0.2584042553191489,5.980232027557991
25507,spaq,spaq/05310,/home/sergey/iqa-data/spaq/SPAQ/TestImage/05310.jpg,0.5106382978723404,4.46070750254614
25534,spaq,spaq/05337,/home/sergey/iqa-data/spaq/SPAQ/TestImage/05337.jpg,0.4551063829787234,5.610551126889914
25539,spaq,spaq/05342,/home/sergey/iqa-data/spaq/SPAQ/TestImage/05342.jpg,0.625,4.8957430753177285
25579,spaq,spaq/05382,/home/sergey/iqa-data/spaq/SPAQ/TestImage/05382.jpg,0.723404255319149,3.2186645937754137
25581,spaq,spaq/05384,/home/sergey/iqa-data/spaq/SPAQ/TestImage/05384.jpg,0.1675531914893617,6.031190243123057
25594,spaq,spaq/05397,/home/sergey/iqa-data/spaq/SPAQ/TestImage/05397.jpg,0.9163829787234042,4.329326146693563
25595,spaq,spaq/05398,/home/sergey/iqa-data/spaq/SPAQ/TestImage/05398.jpg,0.1843617021276595,6.864372542642917
25601,spaq,spaq/05404,/home/sergey/iqa-data/spaq/SPAQ/TestImage/05404.jpg,0.3692553191489361,5.809165339776345
25604,spaq,spaq/05407,/home/sergey/iqa-data/spaq/SPAQ/TestImage/05407.jpg,0.1474468085106383,7.882607367826539
25609,spaq,spaq/05412,/home/sergey/iqa-data/spaq/SPAQ/TestImage/05412.jpg,0.8176595744680851,5.2089605425904715
25611,spaq,spaq/05414,/home/sergey/iqa-data/spaq/SPAQ/TestImage/05414.jpg,0.8279787234042553,3.4905018201969726
25612,spaq,spaq/05415,/home/sergey/iqa-data/spaq/SPAQ/TestImage/05415.jpg,0.4042553191489361,5.351627462590553
25613,spaq,spaq/05416,/home/sergey/iqa-data/spaq/SPAQ/TestImage/05416.jpg,0.723404255319149,4.528169726522763
25620,spaq,spaq/05423,/home/sergey/iqa-data/spaq/SPAQ/TestImage/05423.jpg,0.2535106382978723,5.786028763838274
25621,spaq,spaq/05424,/home/sergey/iqa-data/spaq/SPAQ/TestImage/05424.jpg,0.75,3.771736028499516
25622,spaq,spaq/05425,/home/sergey/iqa-data/spaq/SPAQ/TestImage/05425.jpg,0.6542553191489362,3.7884659521837984
25629,spaq,spaq/05432,/home/sergey/iqa-data/spaq/SPAQ/TestImage/05432.jpg,0.7677659574468085,4.214284917456224
25641,spaq,spaq/05444,/home/sergey/iqa-data/spaq/SPAQ/TestImage/05444.jpg,0.4148936170212766,5.171978550347492
25642,spaq,spaq/05445,/home/sergey/iqa-data/spaq/SPAQ/TestImage/05445.jpg,0.270531914893617,4.902418034509821
25645,spaq,spaq/05448,/home/sergey/iqa-data/spaq/SPAQ/TestImage/05448.jpg,0.3389361702127659,5.975877300126872
25646,spaq,spaq/05449,/home/sergey/iqa-data/spaq/SPAQ/TestImage/05449.jpg,0.8173404255319149,5.553298266017186
25656,spaq,spaq/05459,/home/sergey/iqa-data/spaq/SPAQ/TestImage/05459.jpg,0.7393617021276596,3.9118974717899784
25660,spaq,spaq/05463,/home/sergey/iqa-data/spaq/SPAQ/TestImage/05463.jpg,0.8252127659574467,5.727127811821998
25662,spaq,spaq/05465,/home/sergey/iqa-data/spaq/SPAQ/TestImage/05465.jpg,0.5771276595744681,4.237373787042685
25663,spaq,spaq/05466,/home/sergey/iqa-data/spaq/SPAQ/TestImage/05466.jpg,0.5664893617021277,10.63575714115875
25664,spaq,spaq/05467,/home/sergey/iqa-data/spaq/SPAQ/TestImage/05467.jpg,0.3045744680851063,6.783905750216477
25668,spaq,spaq/05471,/home/sergey/iqa-data/spaq/SPAQ/TestImage/05471.jpg,0.7806382978723404,3.693469793657939
25670,spaq,spaq/05473,/home/sergey/iqa-data/spaq/SPAQ/TestImage/05473.jpg,0.4388297872340425,3.8220949658174566
25672,spaq,spaq/05475,/home/sergey/iqa-data/spaq/SPAQ/TestImage/05475.jpg,0.4787234042553192,6.935190945681698
25689,spaq,spaq/05492,/home/sergey/iqa-data/spaq/SPAQ/TestImage/05492.jpg,0.7779787234042552,3.611120210971941
25697,spaq,spaq/05500,/home/sergey/iqa-data/spaq/SPAQ/TestImage/05500.jpg,0.2792553191489361,8.400423760895139
25699,spaq,spaq/05502,/home/sergey/iqa-data/spaq/SPAQ/TestImage/05502.jpg,0.4361702127659574,4.4638364462674565
25709,spaq,spaq/05512,/home/sergey/iqa-data/spaq/SPAQ/TestImage/05512.jpg,0.9295744680851064,3.7399943512863434
25711,spaq,spaq/05514,/home/sergey/iqa-data/spaq/SPAQ/TestImage/05514.jpg,0.3617021276595745,4.730630420003376
25723,spaq,spaq/05526,/home/sergey/iqa-data/spaq/SPAQ/TestImage/05526.jpg,0.25,4.2995017369566835
25733,spaq,spaq/05536,/home/sergey/iqa-data/spaq/SPAQ/TestImage/05536.jpg,0.1932978723404255,6.313238860226765
25738,spaq,spaq/05541,/home/sergey/iqa-data/spaq/SPAQ/TestImage/05541.jpg,0.1667021276595744,6.732467220104402
25740,spaq,spaq/05543,/home/sergey/iqa-data/spaq/SPAQ/TestImage/05543.jpg,0.6595744680851063,3.462038405621375
25742,spaq,spaq/05545,/home/sergey/iqa-data/spaq/SPAQ/TestImage/05545.jpg,0.19,6.875972490493688
25747,spaq,spaq/05550,/home/sergey/iqa-data/spaq/SPAQ/TestImage/05550.jpg,0.374468085106383,7.6322195150062395
25749,spaq,spaq/05552,/home/sergey/iqa-data/spaq/SPAQ/TestImage/05552.jpg,0.6648936170212766,4.503549298297035
25756,spaq,spaq/05559,/home/sergey/iqa-data/spaq/SPAQ/TestImage/05559.jpg,0.2170212765957446,5.679222162381548
25758,spaq,spaq/05561,/home/sergey/iqa-data/spaq/SPAQ/TestImage/05561.jpg,0.6613829787234042,5.462135626613707
25761,spaq,spaq/05564,/home/sergey/iqa-data/spaq/SPAQ/TestImage/05564.jpg,0.676595744680851,6.097965034118196
25762,spaq,spaq/05565,/home/sergey/iqa-data/spaq/SPAQ/TestImage/05565.jpg,0.2322340425531914,6.290671222599509
25765,spaq,spaq/05568,/home/sergey/iqa-data/spaq/SPAQ/TestImage/05568.jpg,0.3914893617021276,6.698331824080611
25769,spaq,spaq/05572,/home/sergey/iqa-data/spaq/SPAQ/TestImage/05572.jpg,0.6626595744680852,6.094107106651924
25784,spaq,spaq/05587,/home/sergey/iqa-data/spaq/SPAQ/TestImage/05587.jpg,0.6737234042553192,8.443046070080591
25789,spaq,spaq/05592,/home/sergey/iqa-data/spaq/SPAQ/TestImage/05592.jpg,0.8332978723404255,3.7414486714420985
25790,spaq,spaq/05593,/home/sergey/iqa-data/spaq/SPAQ/TestImage/05593.jpg,0.2914893617021276,8.414254816532349
25803,spaq,spaq/05606,/home/sergey/iqa-data/spaq/SPAQ/TestImage/05606.jpg,0.6085106382978723,4.186094400314502
25807,spaq,spaq/05610,/home/sergey/iqa-data/spaq/SPAQ/TestImage/05610.jpg,0.3285106382978723,5.553345938294075
25811,spaq,spaq/05614,/home/sergey/iqa-data/spaq/SPAQ/TestImage/05614.jpg,0.1504255319148936,6.106802964946103
25813,spaq,spaq/05616,/home/sergey/iqa-data/spaq/SPAQ/TestImage/05616.jpg,0.3297872340425531,6.322056545375904
25815,spaq,spaq/05618,/home/sergey/iqa-data/spaq/SPAQ/TestImage/05618.jpg,0.87,5.502303821376492
25830,spaq,spaq/05633,/home/sergey/iqa-data/spaq/SPAQ/TestImage/05633.jpg,0.574468085106383,4.362713167034386
25832,spaq,spaq/05635,/home/sergey/iqa-data/spaq/SPAQ/TestImage/05635.jpg,0.526595744680851,7.832113512000454
25835,spaq,spaq/05638,/home/sergey/iqa-data/spaq/SPAQ/TestImage/05638.jpg,0.4654255319148936,5.558414695351066
25836,spaq,spaq/05639,/home/sergey/iqa-data/spaq/SPAQ/TestImage/05639.jpg,0.5874468085106382,4.225635438767861
25837,spaq,spaq/05640,/home/sergey/iqa-data/spaq/SPAQ/TestImage/05640.jpg,0.1891489361702127,7.5432591323017455
25841,spaq,spaq/05644,/home/sergey/iqa-data/spaq/SPAQ/TestImage/05644.jpg,0.5292553191489362,6.100711725124913
25846,spaq,spaq/05649,/home/sergey/iqa-data/spaq/SPAQ/TestImage/05649.jpg,0.651595744680851,3.2525830877571797
25855,spaq,spaq/05658,/home/sergey/iqa-data/spaq/SPAQ/TestImage/05658.jpg,0.5718085106382979,4.672657121388579
25859,spaq,spaq/05662,/home/sergey/iqa-data/spaq/SPAQ/TestImage/05662.jpg,0.5864893617021277,8.532372048833606
25861,spaq,spaq/05664,/home/sergey/iqa-data/spaq/SPAQ/TestImage/05664.jpg,0.6891489361702128,5.647567030112639
25867,spaq,spaq/05670,/home/sergey/iqa-data/spaq/SPAQ/TestImage/05670.jpg,0.4042553191489361,5.109009542424822
25871,spaq,spaq/05674,/home/sergey/iqa-data/spaq/SPAQ/TestImage/05674.jpg,0.2446808510638297,6.890045367197706
25887,spaq,spaq/05690,/home/sergey/iqa-data/spaq/SPAQ/TestImage/05690.jpg,0.3754255319148936,5.368621774253896
25890,spaq,spaq/05693,/home/sergey/iqa-data/spaq/SPAQ/TestImage/05693.jpg,0.5379787234042553,5.452547477323817
25891,spaq,spaq/05694,/home/sergey/iqa-data/spaq/SPAQ/TestImage/05694.jpg,0.5471276595744681,3.516071891135745
25893,spaq,spaq/05696,/home/sergey/iqa-data/spaq/SPAQ/TestImage/05696.jpg,0.722127659574468,3.903886881050488
25894,spaq,spaq/05697,/home/sergey/iqa-data/spaq/SPAQ/TestImage/05697.jpg,0.741595744680851,4.9691523251147895
25895,spaq,spaq/05698,/home/sergey/iqa-data/spaq/SPAQ/TestImage/05698.jpg,0.3817021276595745,7.0050810900896945
25898,spaq,spaq/05701,/home/sergey/iqa-data/spaq/SPAQ/TestImage/05701.jpg,0.2401063829787234,6.055625073759716
25899,spaq,spaq/05702,/home/sergey/iqa-data/spaq/SPAQ/TestImage/05702.jpg,0.1888297872340425,5.059145786711201
25913,spaq,spaq/05716,/home/sergey/iqa-data/spaq/SPAQ/TestImage/05716.jpg,0.4559574468085106,6.451627616861403
25914,spaq,spaq/05717,/home/sergey/iqa-data/spaq/SPAQ/TestImage/05717.jpg,0.651595744680851,6.121725977988157
25916,spaq,spaq/05719,/home/sergey/iqa-data/spaq/SPAQ/TestImage/05719.jpg,0.568404255319149,5.620052415779605
25920,spaq,spaq/05723,/home/sergey/iqa-data/spaq/SPAQ/TestImage/05723.jpg,0.5,4.721181443089827
25921,spaq,spaq/05724,/home/sergey/iqa-data/spaq/SPAQ/TestImage/05724.jpg,0.6442553191489362,4.495740866568689
25924,spaq,spaq/05727,/home/sergey/iqa-data/spaq/SPAQ/TestImage/05727.jpg,0.5279787234042553,3.8452447540087307
25925,spaq,spaq/05728,/home/sergey/iqa-data/spaq/SPAQ/TestImage/05728.jpg,0.8415957446808511,4.627975978978048
25926,spaq,spaq/05729,/home/sergey/iqa-data/spaq/SPAQ/TestImage/05729.jpg,0.2857446808510638,5.093102551174149
25928,spaq,spaq/05731,/home/sergey/iqa-data/spaq/SPAQ/TestImage/05731.jpg,0.2279787234042553,5.384113207083166
25936,spaq,spaq/05739,/home/sergey/iqa-data/spaq/SPAQ/TestImage/05739.jpg,0.6732978723404256,5.368370045968621
25942,spaq,spaq/05745,/home/sergey/iqa-data/spaq/SPAQ/TestImage/05745.jpg,0.7352127659574468,6.498850634420221
25944,spaq,spaq/05747,/home/sergey/iqa-data/spaq/SPAQ/TestImage/05747.jpg,0.2435106382978723,5.340833089077054
25949,spaq,spaq/05752,/home/sergey/iqa-data/spaq/SPAQ/TestImage/05752.jpg,0.344468085106383,5.461331937950115
25951,spaq,spaq/05754,/home/sergey/iqa-data/spaq/SPAQ/TestImage/05754.jpg,0.6630851063829787,5.45449722220028
25957,spaq,spaq/05760,/home/sergey/iqa-data/spaq/SPAQ/TestImage/05760.jpg,0.2180851063829787,8.267887289180424
25959,spaq,spaq/05762,/home/sergey/iqa-data/spaq/SPAQ/TestImage/05762.jpg,0.2845744680851064,4.368049551792246
25963,spaq,spaq/05766,/home/sergey/iqa-data/spaq/SPAQ/TestImage/05766.jpg,0.6542553191489362,4.6416009147594215
25964,spaq,spaq/05767,/home/sergey/iqa-data/spaq/SPAQ/TestImage/05767.jpg,0.2659574468085106,5.815523012702974
25965,spaq,spaq/05768,/home/sergey/iqa-data/spaq/SPAQ/TestImage/05768.jpg,0.5572340425531915,3.574465659580202
25988,spaq,spaq/05791,/home/sergey/iqa-data/spaq/SPAQ/TestImage/05791.jpg,0.4801063829787234,6.1259684108959
25989,spaq,spaq/05792,/home/sergey/iqa-data/spaq/SPAQ/TestImage/05792.jpg,0.7293617021276596,5.216982385829774
25997,spaq,spaq/05800,/home/sergey/iqa-data/spaq/SPAQ/TestImage/05800.jpg,0.820531914893617,4.223259431294433
26003,spaq,spaq/05806,/home/sergey/iqa-data/spaq/SPAQ/TestImage/05806.jpg,0.3981914893617021,5.541036468379473
26005,spaq,spaq/05808,/home/sergey/iqa-data/spaq/SPAQ/TestImage/05808.jpg,0.3176595744680851,7.341504307301473
26007,spaq,spaq/05810,/home/sergey/iqa-data/spaq/SPAQ/TestImage/05810.jpg,0.3471276595744681,5.294064206409084
26010,spaq,spaq/05813,/home/sergey/iqa-data/spaq/SPAQ/TestImage/05813.jpg,0.7287234042553191,3.474615160851479
26013,spaq,spaq/05816,/home/sergey/iqa-data/spaq/SPAQ/TestImage/05816.jpg,0.1170212765957446,7.214317528733973
26015,spaq,spaq/05818,/home/sergey/iqa-data/spaq/SPAQ/TestImage/05818.jpg,0.7978723404255319,5.902139417165415
26016,spaq,spaq/05819,/home/sergey/iqa-data/spaq/SPAQ/TestImage/05819.jpg,0.7,4.212631080038715
26028,spaq,spaq/05831,/home/sergey/iqa-data/spaq/SPAQ/TestImage/05831.jpg,0.4297872340425532,6.101075269052819
26033,spaq,spaq/05836,/home/sergey/iqa-data/spaq/SPAQ/TestImage/05836.jpg,0.7628723404255319,4.962757249459912
26035,spaq,spaq/05838,/home/sergey/iqa-data/spaq/SPAQ/TestImage/05838.jpg,0.3890425531914893,6.728612726645473
26037,spaq,spaq/05840,/home/sergey/iqa-data/spaq/SPAQ/TestImage/05840.jpg,0.3957446808510638,7.097952576482447
26038,spaq,spaq/05841,/home/sergey/iqa-data/spaq/SPAQ/TestImage/05841.jpg,0.5574468085106383,5.337220236874346
26043,spaq,spaq/05846,/home/sergey/iqa-data/spaq/SPAQ/TestImage/05846.jpg,0.5297872340425531,6.9807006640298175
26048,spaq,spaq/05851,/home/sergey/iqa-data/spaq/SPAQ/TestImage/05851.jpg,0.4148936170212766,5.270990955851655
26056,spaq,spaq/05859,/home/sergey/iqa-data/spaq/SPAQ/TestImage/05859.jpg,0.4911702127659574,8.263277519708494
26059,spaq,spaq/05862,/home/sergey/iqa-data/spaq/SPAQ/TestImage/05862.jpg,0.3738297872340425,5.542521958630421
26073,spaq,spaq/05876,/home/sergey/iqa-data/spaq/SPAQ/TestImage/05876.jpg,0.7978723404255319,4.1214335171087315
26083,spaq,spaq/05886,/home/sergey/iqa-data/spaq/SPAQ/TestImage/05886.jpg,0.4514893617021276,4.193783056091242
26085,spaq,spaq/05888,/home/sergey/iqa-data/spaq/SPAQ/TestImage/05888.jpg,0.2691489361702128,6.986455151905849
26093,spaq,spaq/05896,/home/sergey/iqa-data/spaq/SPAQ/TestImage/05896.jpg,0.2670212765957447,8.161424735575348
26094,spaq,spaq/05897,/home/sergey/iqa-data/spaq/SPAQ/TestImage/05897.jpg,0.3253191489361702,5.007037185246604
26098,spaq,spaq/05901,/home/sergey/iqa-data/spaq/SPAQ/TestImage/05901.jpg,0.7106382978723403,4.877134068504438
26100,spaq,spaq/05903,/home/sergey/iqa-data/spaq/SPAQ/TestImage/05903.jpg,0.0617021276595744,5.673542280057772
26109,spaq,spaq/05912,/home/sergey/iqa-data/spaq/SPAQ/TestImage/05912.jpg,0.2930851063829787,7.334831375285888
26119,spaq,spaq/05922,/home/sergey/iqa-data/spaq/SPAQ/TestImage/05922.jpg,0.2907446808510638,5.158449489919848
26124,spaq,spaq/05927,/home/sergey/iqa-data/spaq/SPAQ/TestImage/05927.jpg,0.6208510638297873,5.859423635839509
26130,spaq,spaq/05933,/home/sergey/iqa-data/spaq/SPAQ/TestImage/05933.jpg,0.1092553191489361,6.65276039818236
26132,spaq,spaq/05935,/home/sergey/iqa-data/spaq/SPAQ/TestImage/05935.jpg,0.4032978723404255,6.856516776779473
26138,spaq,spaq/05941,/home/sergey/iqa-data/spaq/SPAQ/TestImage/05941.jpg,0.3691489361702127,5.966748990500303
26141,spaq,spaq/05944,/home/sergey/iqa-data/spaq/SPAQ/TestImage/05944.jpg,0.3372340425531915,7.0346053680092
26143,spaq,spaq/05946,/home/sergey/iqa-data/spaq/SPAQ/TestImage/05946.jpg,0.6189361702127659,3.7769216912230843
26165,spaq,spaq/05968,/home/sergey/iqa-data/spaq/SPAQ/TestImage/05968.jpg,0.7269148936170212,3.6504892038956642
26168,spaq,spaq/05971,/home/sergey/iqa-data/spaq/SPAQ/TestImage/05971.jpg,0.3829787234042553,5.332530441454697
26172,spaq,spaq/05975,/home/sergey/iqa-data/spaq/SPAQ/TestImage/05975.jpg,0.8688297872340426,4.931451224712931
26175,spaq,spaq/05978,/home/sergey/iqa-data/spaq/SPAQ/TestImage/05978.jpg,0.4396808510638297,5.298656993813991
26187,spaq,spaq/05990,/home/sergey/iqa-data/spaq/SPAQ/TestImage/05990.jpg,0.4468085106382978,6.215232775255052
26189,spaq,spaq/05992,/home/sergey/iqa-data/spaq/SPAQ/TestImage/05992.jpg,0.3361702127659575,4.933585182679611
26196,spaq,spaq/05999,/home/sergey/iqa-data/spaq/SPAQ/TestImage/05999.jpg,0.5452127659574468,8.428434880181229
26201,spaq,spaq/06004,/home/sergey/iqa-data/spaq/SPAQ/TestImage/06004.jpg,0.6303191489361702,4.116313557628478
26210,spaq,spaq/06013,/home/sergey/iqa-data/spaq/SPAQ/TestImage/06013.jpg,0.4007446808510638,4.540142242648625
26211,spaq,spaq/06014,/home/sergey/iqa-data/spaq/SPAQ/TestImage/06014.jpg,0.6941489361702128,3.8221843253353587
26212,spaq,spaq/06015,/home/sergey/iqa-data/spaq/SPAQ/TestImage/06015.jpg,0.8324468085106383,3.7669890075438643
26217,spaq,spaq/06020,/home/sergey/iqa-data/spaq/SPAQ/TestImage/06020.jpg,0.6968085106382979,5.420823492239781
26230,spaq,spaq/06033,/home/sergey/iqa-data/spaq/SPAQ/TestImage/06033.jpg,0.6702127659574468,6.056847916279312
26231,spaq,spaq/06034,/home/sergey/iqa-data/spaq/SPAQ/TestImage/06034.jpg,0.7861702127659576,8.431312755014009
26248,spaq,spaq/06051,/home/sergey/iqa-data/spaq/SPAQ/TestImage/06051.jpg,0.7541489361702127,4.622906826666595
26253,spaq,spaq/06056,/home/sergey/iqa-data/spaq/SPAQ/TestImage/06056.jpg,0.4432978723404255,4.962153501622163
26254,spaq,spaq/06057,/home/sergey/iqa-data/spaq/SPAQ/TestImage/06057.jpg,0.594468085106383,5.2804007174765575
26262,spaq,spaq/06065,/home/sergey/iqa-data/spaq/SPAQ/TestImage/06065.jpg,0.4634042553191489,5.874381377827988
26273,spaq,spaq/06076,/home/sergey/iqa-data/spaq/SPAQ/TestImage/06076.jpg,0.5578723404255319,6.551057979834439
26288,spaq,spaq/06091,/home/sergey/iqa-data/spaq/SPAQ/TestImage/06091.jpg,0.8497872340425532,3.6674615822480283
26291,spaq,spaq/06094,/home/sergey/iqa-data/spaq/SPAQ/TestImage/06094.jpg,0.6063829787234043,5.837859717885861
26292,spaq,spaq/06095,/home/sergey/iqa-data/spaq/SPAQ/TestImage/06095.jpg,0.6368085106382979,6.261688070411857
26296,spaq,spaq/06099,/home/sergey/iqa-data/spaq/SPAQ/TestImage/06099.jpg,0.7481914893617021,3.5428251765451884
26297,spaq,spaq/06100,/home/sergey/iqa-data/spaq/SPAQ/TestImage/06100.jpg,0.7747872340425531,5.246125607957344
26300,spaq,spaq/06103,/home/sergey/iqa-data/spaq/SPAQ/TestImage/06103.jpg,0.6458510638297873,6.675265603860589
26301,spaq,spaq/06104,/home/sergey/iqa-data/spaq/SPAQ/TestImage/06104.jpg,0.7796808510638299,10.12747084513261
26304,spaq,spaq/06107,/home/sergey/iqa-data/spaq/SPAQ/TestImage/06107.jpg,0.1720212765957447,4.392125191919194
26308,spaq,spaq/06111,/home/sergey/iqa-data/spaq/SPAQ/TestImage/06111.jpg,0.8541489361702128,4.702472434321223
26309,spaq,spaq/06112,/home/sergey/iqa-data/spaq/SPAQ/TestImage/06112.jpg,0.647127659574468,5.441474451124102
26311,spaq,spaq/06114,/home/sergey/iqa-data/spaq/SPAQ/TestImage/06114.jpg,0.526595744680851,5.681209647333903
26314,spaq,spaq/06117,/home/sergey/iqa-data/spaq/SPAQ/TestImage/06117.jpg,0.8738297872340426,5.5074481942302915
26324,spaq,spaq/06127,/home/sergey/iqa-data/spaq/SPAQ/TestImage/06127.jpg,0.6063829787234043,5.61004110612027
26325,spaq,spaq/06128,/home/sergey/iqa-data/spaq/SPAQ/TestImage/06128.jpg,0.4486170212765957,6.3103154760782045
26330,spaq,spaq/06133,/home/sergey/iqa-data/spaq/SPAQ/TestImage/06133.jpg,0.7507446808510637,3.529892856643776
26338,spaq,spaq/06141,/home/sergey/iqa-data/spaq/SPAQ/TestImage/06141.jpg,0.5546808510638298,5.775320179149718
26339,spaq,spaq/06142,/home/sergey/iqa-data/spaq/SPAQ/TestImage/06142.jpg,0.5926595744680851,6.701793939473684
26345,spaq,spaq/06148,/home/sergey/iqa-data/spaq/SPAQ/TestImage/06148.jpg,0.7854255319148936,5.524026152738577
26363,spaq,spaq/06166,/home/sergey/iqa-data/spaq/SPAQ/TestImage/06166.jpg,0.2753191489361702,5.960765005547491
26366,spaq,spaq/06169,/home/sergey/iqa-data/spaq/SPAQ/TestImage/06169.jpg,0.607872340425532,4.315278539047842
26369,spaq,spaq/06172,/home/sergey/iqa-data/spaq/SPAQ/TestImage/06172.jpg,0.6854255319148936,3.8982424327297642
26372,spaq,spaq/06175,/home/sergey/iqa-data/spaq/SPAQ/TestImage/06175.jpg,0.2386170212765957,8.013890654231517
26382,spaq,spaq/06185,/home/sergey/iqa-data/spaq/SPAQ/TestImage/06185.jpg,0.8125531914893617,4.628048933047442
26389,spaq,spaq/06192,/home/sergey/iqa-data/spaq/SPAQ/TestImage/06192.jpg,0.2369148936170212,6.8482885432428
26391,spaq,spaq/06194,/home/sergey/iqa-data/spaq/SPAQ/TestImage/06194.jpg,0.8063829787234043,5.337187138695712
26405,spaq,spaq/06208,/home/sergey/iqa-data/spaq/SPAQ/TestImage/06208.jpg,0.7914893617021277,6.530934543418096
26410,spaq,spaq/06213,/home/sergey/iqa-data/spaq/SPAQ/TestImage/06213.jpg,0.7101063829787234,8.448106767974508
26416,spaq,spaq/06219,/home/sergey/iqa-data/spaq/SPAQ/TestImage/06219.jpg,0.6018085106382979,4.879243270885962
26421,spaq,spaq/06224,/home/sergey/iqa-data/spaq/SPAQ/TestImage/06224.jpg,0.7796808510638299,5.195344249752319
26424,spaq,spaq/06227,/home/sergey/iqa-data/spaq/SPAQ/TestImage/06227.jpg,0.2887234042553191,7.587507648415467
26431,spaq,spaq/06234,/home/sergey/iqa-data/spaq/SPAQ/TestImage/06234.jpg,0.5071276595744681,10.472915057044133
26443,spaq,spaq/06246,/home/sergey/iqa-data/spaq/SPAQ/TestImage/06246.jpg,0.5638297872340425,7.026861683155002
26447,spaq,spaq/06250,/home/sergey/iqa-data/spaq/SPAQ/TestImage/06250.jpg,0.6737234042553192,5.615387939665192
26449,spaq,spaq/06252,/home/sergey/iqa-data/spaq/SPAQ/TestImage/06252.jpg,0.4574468085106383,5.751612668359197
26451,spaq,spaq/06254,/home/sergey/iqa-data/spaq/SPAQ/TestImage/06254.jpg,0.3864893617021276,6.8717879662960275
26460,spaq,spaq/06263,/home/sergey/iqa-data/spaq/SPAQ/TestImage/06263.jpg,0.2162765957446808,6.192475483089234
26462,spaq,spaq/06265,/home/sergey/iqa-data/spaq/SPAQ/TestImage/06265.jpg,0.6196808510638298,3.938486974368726
26465,spaq,spaq/06268,/home/sergey/iqa-data/spaq/SPAQ/TestImage/06268.jpg,0.3617021276595745,4.943933781896717
26474,spaq,spaq/06277,/home/sergey/iqa-data/spaq/SPAQ/TestImage/06277.jpg,0.2730851063829787,6.05432684371316
26479,spaq,spaq/06282,/home/sergey/iqa-data/spaq/SPAQ/TestImage/06282.jpg,0.6560638297872341,5.319477313149311
26484,spaq,spaq/06287,/home/sergey/iqa-data/spaq/SPAQ/TestImage/06287.jpg,0.3332978723404255,5.04825724023696
26494,spaq,spaq/06297,/home/sergey/iqa-data/spaq/SPAQ/TestImage/06297.jpg,0.4920212765957447,5.84615494253441
26498,spaq,spaq/06301,/home/sergey/iqa-data/spaq/SPAQ/TestImage/06301.jpg,0.8598936170212765,4.400395096468348
26503,spaq,spaq/06306,/home/sergey/iqa-data/spaq/SPAQ/TestImage/06306.jpg,0.8351063829787234,8.372633445835103
26506,spaq,spaq/06309,/home/sergey/iqa-data/spaq/SPAQ/TestImage/06309.jpg,0.6884042553191488,4.513819804179434
26512,spaq,spaq/06315,/home/sergey/iqa-data/spaq/SPAQ/TestImage/06315.jpg,0.5709574468085107,5.094029421368156
26524,spaq,spaq/06327,/home/sergey/iqa-data/spaq/SPAQ/TestImage/06327.jpg,0.6045744680851064,6.379210233792467
26526,spaq,spaq/06329,/home/sergey/iqa-data/spaq/SPAQ/TestImage/06329.jpg,0.3067021276595744,6.292247461933228
26527,spaq,spaq/06330,/home/sergey/iqa-data/spaq/SPAQ/TestImage/06330.jpg,0.4609574468085106,4.561564134234852
26529,spaq,spaq/06332,/home/sergey/iqa-data/spaq/SPAQ/TestImage/06332.jpg,0.2907446808510638,6.262060374598444
26532,spaq,spaq/06335,/home/sergey/iqa-data/spaq/SPAQ/TestImage/06335.jpg,0.1507446808510638,5.426387797483209
26535,spaq,spaq/06338,/home/sergey/iqa-data/spaq/SPAQ/TestImage/06338.jpg,0.4928723404255319,3.590872389844915
26537,spaq,spaq/06340,/home/sergey/iqa-data/spaq/SPAQ/TestImage/06340.jpg,0.3351063829787234,6.024577267926392
26547,spaq,spaq/06350,/home/sergey/iqa-data/spaq/SPAQ/TestImage/06350.jpg,0.5212765957446809,6.011973071670158
26550,spaq,spaq/06353,/home/sergey/iqa-data/spaq/SPAQ/TestImage/06353.jpg,0.8738297872340426,6.086739791838906
26560,spaq,spaq/06363,/home/sergey/iqa-data/spaq/SPAQ/TestImage/06363.jpg,0.379468085106383,7.801771826949698
26562,spaq,spaq/06365,/home/sergey/iqa-data/spaq/SPAQ/TestImage/06365.jpg,0.703936170212766,3.5449293520812746
26563,spaq,spaq/06366,/home/sergey/iqa-data/spaq/SPAQ/TestImage/06366.jpg,0.6401063829787235,4.570467478012226
26565,spaq,spaq/06368,/home/sergey/iqa-data/spaq/SPAQ/TestImage/06368.jpg,0.4698936170212766,6.223710770405362
26569,spaq,spaq/06372,/home/sergey/iqa-data/spaq/SPAQ/TestImage/06372.jpg,0.5452127659574468,7.178192090410511
26578,spaq,spaq/06381,/home/sergey/iqa-data/spaq/SPAQ/TestImage/06381.jpg,0.6662765957446808,2.907014270147511
26580,spaq,spaq/06383,/home/sergey/iqa-data/spaq/SPAQ/TestImage/06383.jpg,0.5413829787234042,3.7778977426779847
26586,spaq,spaq/06389,/home/sergey/iqa-data/spaq/SPAQ/TestImage/06389.jpg,0.637127659574468,7.809442330912486
26587,spaq,spaq/06390,/home/sergey/iqa-data/spaq/SPAQ/TestImage/06390.jpg,0.800531914893617,4.051298124169174
26588,spaq,spaq/06391,/home/sergey/iqa-data/spaq/SPAQ/TestImage/06391.jpg,0.8574468085106383,4.071458569737685
26593,spaq,spaq/06396,/home/sergey/iqa-data/spaq/SPAQ/TestImage/06396.jpg,0.2162765957446808,6.648568307103125
26594,spaq,spaq/06397,/home/sergey/iqa-data/spaq/SPAQ/TestImage/06397.jpg,0.1981914893617021,7.234731305530821
26595,spaq,spaq/06398,/home/sergey/iqa-data/spaq/SPAQ/TestImage/06398.jpg,0.7080851063829787,6.019830680724327
26598,spaq,spaq/06401,/home/sergey/iqa-data/spaq/SPAQ/TestImage/06401.jpg,0.7387234042553191,3.4161229531374504
26599,spaq,spaq/06402,/home/sergey/iqa-data/spaq/SPAQ/TestImage/06402.jpg,0.5718085106382979,4.959844900603907
26606,spaq,spaq/06409,/home/sergey/iqa-data/spaq/SPAQ/TestImage/06409.jpg,0.2168085106382978,7.332958902699785
26607,spaq,spaq/06410,/home/sergey/iqa-data/spaq/SPAQ/TestImage/06410.jpg,0.1542553191489361,5.283003736194617
26613,spaq,spaq/06416,/home/sergey/iqa-data/spaq/SPAQ/TestImage/06416.jpg,0.7151063829787234,4.196198003653679
26615,spaq,spaq/06418,/home/sergey/iqa-data/spaq/SPAQ/TestImage/06418.jpg,0.7174468085106382,5.572532425899948
26623,spaq,spaq/06426,/home/sergey/iqa-data/spaq/SPAQ/TestImage/06426.jpg,0.6158510638297873,3.9711549139821356
26630,spaq,spaq/06433,/home/sergey/iqa-data/spaq/SPAQ/TestImage/06433.jpg,0.543936170212766,6.250105733511601
26632,spaq,spaq/06435,/home/sergey/iqa-data/spaq/SPAQ/TestImage/06435.jpg,0.2540425531914893,6.997343098265579
26640,spaq,spaq/06443,/home/sergey/iqa-data/spaq/SPAQ/TestImage/06443.jpg,0.3989361702127659,8.622983374635584
26641,spaq,spaq/06444,/home/sergey/iqa-data/spaq/SPAQ/TestImage/06444.jpg,0.6436170212765957,4.901361123766048
26645,spaq,spaq/06448,/home/sergey/iqa-data/spaq/SPAQ/TestImage/06448.jpg,0.3312765957446809,6.62948225620169
26653,spaq,spaq/06456,/home/sergey/iqa-data/spaq/SPAQ/TestImage/06456.jpg,0.5653191489361702,6.866631739331513
26667,spaq,spaq/06470,/home/sergey/iqa-data/spaq/SPAQ/TestImage/06470.jpg,0.2588297872340425,5.455518527384423
26673,spaq,spaq/06476,/home/sergey/iqa-data/spaq/SPAQ/TestImage/06476.jpg,0.3631914893617021,7.927840666599245
26681,spaq,spaq/06484,/home/sergey/iqa-data/spaq/SPAQ/TestImage/06484.jpg,0.7735106382978723,3.5639182339930056
26684,spaq,spaq/06487,/home/sergey/iqa-data/spaq/SPAQ/TestImage/06487.jpg,0.7593617021276595,3.4118318978447006
26687,spaq,spaq/06490,/home/sergey/iqa-data/spaq/SPAQ/TestImage/06490.jpg,0.8404255319148937,4.358775373513525
26690,spaq,spaq/06493,/home/sergey/iqa-data/spaq/SPAQ/TestImage/06493.jpg,0.3723404255319149,6.105251648298053
26691,spaq,spaq/06494,/home/sergey/iqa-data/spaq/SPAQ/TestImage/06494.jpg,0.717340425531915,6.052922431445984
26696,spaq,spaq/06499,/home/sergey/iqa-data/spaq/SPAQ/TestImage/06499.jpg,0.7992553191489361,4.4334459387179495
26700,spaq,spaq/06503,/home/sergey/iqa-data/spaq/SPAQ/TestImage/06503.jpg,0.6428723404255319,5.171253603411357
26703,spaq,spaq/06506,/home/sergey/iqa-data/spaq/SPAQ/TestImage/06506.jpg,0.8237234042553192,4.898451560024576
26705,spaq,spaq/06508,/home/sergey/iqa-data/spaq/SPAQ/TestImage/06508.jpg,0.8708510638297873,2.5245416041747095
26708,spaq,spaq/06511,/home/sergey/iqa-data/spaq/SPAQ/TestImage/06511.jpg,0.6109574468085106,4.291586936679766
26715,spaq,spaq/06518,/home/sergey/iqa-data/spaq/SPAQ/TestImage/06518.jpg,0.2735106382978723,5.605695138847642
26719,spaq,spaq/06522,/home/sergey/iqa-data/spaq/SPAQ/TestImage/06522.jpg,0.3271276595744681,7.498806887433501
26727,spaq,spaq/06530,/home/sergey/iqa-data/spaq/SPAQ/TestImage/06530.jpg,0.6702127659574468,4.332721921659552
26729,spaq,spaq/06532,/home/sergey/iqa-data/spaq/SPAQ/TestImage/06532.jpg,0.7309574468085106,3.6569511335850273
26730,spaq,spaq/06533,/home/sergey/iqa-data/spaq/SPAQ/TestImage/06533.jpg,0.4772340425531914,4.9111094939340605
26731,spaq,spaq/06534,/home/sergey/iqa-data/spaq/SPAQ/TestImage/06534.jpg,0.2154255319148936,8.27308992377233
26734,spaq,spaq/06537,/home/sergey/iqa-data/spaq/SPAQ/TestImage/06537.jpg,0.3541489361702127,5.644879529384545
26738,spaq,spaq/06541,/home/sergey/iqa-data/spaq/SPAQ/TestImage/06541.jpg,0.7371276595744681,5.432389677638694
26740,spaq,spaq/06543,/home/sergey/iqa-data/spaq/SPAQ/TestImage/06543.jpg,0.8419148936170213,4.861966532159132
26747,spaq,spaq/06550,/home/sergey/iqa-data/spaq/SPAQ/TestImage/06550.jpg,0.5075531914893617,4.388357461339377
26751,spaq,spaq/06554,/home/sergey/iqa-data/spaq/SPAQ/TestImage/06554.jpg,0.2686170212765957,6.452100007919911
26755,spaq,spaq/06558,/home/sergey/iqa-data/spaq/SPAQ/TestImage/06558.jpg,0.7690425531914894,4.189286919647969
26760,spaq,spaq/06563,/home/sergey/iqa-data/spaq/SPAQ/TestImage/06563.jpg,0.6210638297872341,3.8538207267236575
26780,spaq,spaq/06583,/home/sergey/iqa-data/spaq/SPAQ/TestImage/06583.jpg,0.3404255319148936,3.3301044810440925
26781,spaq,spaq/06584,/home/sergey/iqa-data/spaq/SPAQ/TestImage/06584.jpg,0.6364893617021277,3.706009405697248
26800,spaq,spaq/06603,/home/sergey/iqa-data/spaq/SPAQ/TestImage/06603.jpg,0.2943617021276596,6.316509276770217
26804,spaq,spaq/06607,/home/sergey/iqa-data/spaq/SPAQ/TestImage/06607.jpg,0.2297872340425532,8.370794375069174
26806,spaq,spaq/06609,/home/sergey/iqa-data/spaq/SPAQ/TestImage/06609.jpg,0.3425531914893617,4.410581498780861
26810,spaq,spaq/06613,/home/sergey/iqa-data/spaq/SPAQ/TestImage/06613.jpg,0.3847872340425532,5.055065557228703
26811,spaq,spaq/06614,/home/sergey/iqa-data/spaq/SPAQ/TestImage/06614.jpg,0.2085106382978723,4.785387468019636
26813,spaq,spaq/06616,/home/sergey/iqa-data/spaq/SPAQ/TestImage/06616.jpg,0.2464893617021276,8.016064067577599
26817,spaq,spaq/06620,/home/sergey/iqa-data/spaq/SPAQ/TestImage/06620.jpg,0.2638297872340425,5.311136238529053
26820,spaq,spaq/06623,/home/sergey/iqa-data/spaq/SPAQ/TestImage/06623.jpg,0.4875531914893616,3.088549448185303
26824,spaq,spaq/06627,/home/sergey/iqa-data/spaq/SPAQ/TestImage/06627.jpg,0.3893617021276596,6.37773449851772
26842,spaq,spaq/06645,/home/sergey/iqa-data/spaq/SPAQ/TestImage/06645.jpg,0.5877659574468085,4.414838616317976
26844,spaq,spaq/06647,/home/sergey/iqa-data/spaq/SPAQ/TestImage/06647.jpg,0.2739361702127659,7.659669842621708
26845,spaq,spaq/06648,/home/sergey/iqa-data/spaq/SPAQ/TestImage/06648.jpg,0.3430851063829787,7.9164750672279345
26846,spaq,spaq/06649,/home/sergey/iqa-data/spaq/SPAQ/TestImage/06649.jpg,0.6196808510638298,3.4426915283733397
26863,spaq,spaq/06666,/home/sergey/iqa-data/spaq/SPAQ/TestImage/06666.jpg,0.7857446808510639,3.7076316720158693
26874,spaq,spaq/06677,/home/sergey/iqa-data/spaq/SPAQ/TestImage/06677.jpg,0.5141489361702127,6.264161642029104
26886,spaq,spaq/06689,/home/sergey/iqa-data/spaq/SPAQ/TestImage/06689.jpg,0.4503191489361702,6.525403670718718
26888,spaq,spaq/06691,/home/sergey/iqa-data/spaq/SPAQ/TestImage/06691.jpg,0.5284042553191489,4.602273611140068
26890,spaq,spaq/06693,/home/sergey/iqa-data/spaq/SPAQ/TestImage/06693.jpg,0.351063829787234,6.2282213804926005
26901,spaq,spaq/06704,/home/sergey/iqa-data/spaq/SPAQ/TestImage/06704.jpg,0.5496808510638298,3.3214102973963286
26902,spaq,spaq/06705,/home/sergey/iqa-data/spaq/SPAQ/TestImage/06705.jpg,0.7641489361702127,5.467318245298694
26908,spaq,spaq/06711,/home/sergey/iqa-data/spaq/SPAQ/TestImage/06711.jpg,0.5851063829787234,3.317938559786152
26909,spaq,spaq/06712,/home/sergey/iqa-data/spaq/SPAQ/TestImage/06712.jpg,0.3617021276595745,5.654304833774903
26914,spaq,spaq/06717,/home/sergey/iqa-data/spaq/SPAQ/TestImage/06717.jpg,0.3176595744680851,4.587562836132884
26921,spaq,spaq/06724,/home/sergey/iqa-data/spaq/SPAQ/TestImage/06724.jpg,0.4273404255319149,5.032509599197556
26924,spaq,spaq/06727,/home/sergey/iqa-data/spaq/SPAQ/TestImage/06727.jpg,0.7468085106382979,6.709497759711694
26931,spaq,spaq/06734,/home/sergey/iqa-data/spaq/SPAQ/TestImage/06734.jpg,0.0808510638297872,6.110350909664261
26934,spaq,spaq/06737,/home/sergey/iqa-data/spaq/SPAQ/TestImage/06737.jpg,0.1613829787234042,4.838040153516642
26936,spaq,spaq/06739,/home/sergey/iqa-data/spaq/SPAQ/TestImage/06739.jpg,0.0106382978723404,5.817221897649932
26939,spaq,spaq/06742,/home/sergey/iqa-data/spaq/SPAQ/TestImage/06742.jpg,0.748936170212766,4.1050809915404995
26948,spaq,spaq/06751,/home/sergey/iqa-data/spaq/SPAQ/TestImage/06751.jpg,0.723404255319149,3.6975201525941173
26949,spaq,spaq/06752,/home/sergey/iqa-data/spaq/SPAQ/TestImage/06752.jpg,0.7,2.7705935820723795
26954,spaq,spaq/06757,/home/sergey/iqa-data/spaq/SPAQ/TestImage/06757.jpg,0.7106382978723403,4.962964947691019
26957,spaq,spaq/06760,/home/sergey/iqa-data/spaq/SPAQ/TestImage/06760.jpg,0.2801063829787233,6.627904984795311
26959,spaq,spaq/06762,/home/sergey/iqa-data/spaq/SPAQ/TestImage/06762.jpg,0.672340425531915,7.236017488720448
26962,spaq,spaq/06765,/home/sergey/iqa-data/spaq/SPAQ/TestImage/06765.jpg,0.723404255319149,3.8809386007548157
26966,spaq,spaq/06769,/home/sergey/iqa-data/spaq/SPAQ/TestImage/06769.jpg,0.1893617021276595,6.722671177084655
26970,spaq,spaq/06773,/home/sergey/iqa-data/spaq/SPAQ/TestImage/06773.jpg,0.3808510638297872,6.304183543289136
26972,spaq,spaq/06775,/home/sergey/iqa-data/spaq/SPAQ/TestImage/06775.jpg,0.4179787234042553,4.875389158821861
26978,spaq,spaq/06781,/home/sergey/iqa-data/spaq/SPAQ/TestImage/06781.jpg,0.2659574468085106,7.030033644219294
26981,spaq,spaq/06784,/home/sergey/iqa-data/spaq/SPAQ/TestImage/06784.jpg,0.448936170212766,5.5461757298653
26986,spaq,spaq/06789,/home/sergey/iqa-data/spaq/SPAQ/TestImage/06789.jpg,0.2957446808510638,6.271543909017625
26988,spaq,spaq/06791,/home/sergey/iqa-data/spaq/SPAQ/TestImage/06791.jpg,0.8138297872340425,5.603033726723381
26992,spaq,spaq/06795,/home/sergey/iqa-data/spaq/SPAQ/TestImage/06795.jpg,0.6595744680851063,5.144310051311798
26999,spaq,spaq/06802,/home/sergey/iqa-data/spaq/SPAQ/TestImage/06802.jpg,0.7712765957446809,4.834117346036164
27006,spaq,spaq/06809,/home/sergey/iqa-data/spaq/SPAQ/TestImage/06809.jpg,0.2925531914893617,5.623728879584701
27007,spaq,spaq/06810,/home/sergey/iqa-data/spaq/SPAQ/TestImage/06810.jpg,0.2287234042553191,6.211229097462904
27020,spaq,spaq/06823,/home/sergey/iqa-data/spaq/SPAQ/TestImage/06823.jpg,0.2801063829787233,5.1766987124307455
27023,spaq,spaq/06826,/home/sergey/iqa-data/spaq/SPAQ/TestImage/06826.jpg,0.4680851063829787,6.264034696183865
27024,spaq,spaq/06827,/home/sergey/iqa-data/spaq/SPAQ/TestImage/06827.jpg,0.202127659574468,8.126538100869997
27038,spaq,spaq/06841,/home/sergey/iqa-data/spaq/SPAQ/TestImage/06841.jpg,0.2659574468085106,5.607414993366481
27048,spaq,spaq/06851,/home/sergey/iqa-data/spaq/SPAQ/TestImage/06851.jpg,0.5106382978723404,7.036692253499914
27050,spaq,spaq/06853,/home/sergey/iqa-data/spaq/SPAQ/TestImage/06853.jpg,0.175531914893617,5.324649735805258
27051,spaq,spaq/06854,/home/sergey/iqa-data/spaq/SPAQ/TestImage/06854.jpg,0.8882978723404256,5.38385273259679
27057,spaq,spaq/06860,/home/sergey/iqa-data/spaq/SPAQ/TestImage/06860.jpg,0.2872340425531915,8.908293828924778
27063,spaq,spaq/06866,/home/sergey/iqa-data/spaq/SPAQ/TestImage/06866.jpg,0.6212765957446809,4.678190712909923
27065,spaq,spaq/06868,/home/sergey/iqa-data/spaq/SPAQ/TestImage/06868.jpg,0.1968085106382978,5.177929105076823
27070,spaq,spaq/06873,/home/sergey/iqa-data/spaq/SPAQ/TestImage/06873.jpg,0.351063829787234,7.1560756138675155
27071,spaq,spaq/06874,/home/sergey/iqa-data/spaq/SPAQ/TestImage/06874.jpg,0.4095744680851064,6.322568337607041
27073,spaq,spaq/06876,/home/sergey/iqa-data/spaq/SPAQ/TestImage/06876.jpg,0.4308510638297872,3.3007376529548265
27075,spaq,spaq/06878,/home/sergey/iqa-data/spaq/SPAQ/TestImage/06878.jpg,0.4654255319148936,5.15577459098913
27084,spaq,spaq/06887,/home/sergey/iqa-data/spaq/SPAQ/TestImage/06887.jpg,0.3111702127659574,5.207407213273457
27101,spaq,spaq/06904,/home/sergey/iqa-data/spaq/SPAQ/TestImage/06904.jpg,0.3856382978723404,6.290034151739879
27102,spaq,spaq/06905,/home/sergey/iqa-data/spaq/SPAQ/TestImage/06905.jpg,0.7420212765957447,3.808976058199233
27103,spaq,spaq/06906,/home/sergey/iqa-data/spaq/SPAQ/TestImage/06906.jpg,0.3457446808510638,7.308656125825067
27107,spaq,spaq/06910,/home/sergey/iqa-data/spaq/SPAQ/TestImage/06910.jpg,0.4946808510638298,6.872756998946354
27111,spaq,spaq/06914,/home/sergey/iqa-data/spaq/SPAQ/TestImage/06914.jpg,0.2957446808510638,6.054792982243008
27112,spaq,spaq/06915,/home/sergey/iqa-data/spaq/SPAQ/TestImage/06915.jpg,0.2632978723404255,6.34482628588834
27115,spaq,spaq/06918,/home/sergey/iqa-data/spaq/SPAQ/TestImage/06918.jpg,0.5659574468085107,4.903824681909073
27120,spaq,spaq/06923,/home/sergey/iqa-data/spaq/SPAQ/TestImage/06923.jpg,0.5877659574468085,5.3488745857840705
27123,spaq,spaq/06926,/home/sergey/iqa-data/spaq/SPAQ/TestImage/06926.jpg,0.5771276595744681,6.085345717360988
27129,spaq,spaq/06932,/home/sergey/iqa-data/spaq/SPAQ/TestImage/06932.jpg,0.7372340425531915,4.21119952714385
27132,spaq,spaq/06935,/home/sergey/iqa-data/spaq/SPAQ/TestImage/06935.jpg,0.3288297872340425,5.350710222577012
27140,spaq,spaq/06943,/home/sergey/iqa-data/spaq/SPAQ/TestImage/06943.jpg,0.0437234042553191,5.347228993084331
27145,spaq,spaq/06948,/home/sergey/iqa-data/spaq/SPAQ/TestImage/06948.jpg,0.4340425531914893,5.087599061040527
27153,spaq,spaq/06956,/home/sergey/iqa-data/spaq/SPAQ/TestImage/06956.jpg,0.7563829787234042,3.773787554529775
27155,spaq,spaq/06958,/home/sergey/iqa-data/spaq/SPAQ/TestImage/06958.jpg,0.4692553191489361,5.475755958355042
27156,spaq,spaq/06959,/home/sergey/iqa-data/spaq/SPAQ/TestImage/06959.jpg,0.7636170212765958,3.3938602735595724
27168,spaq,spaq/06971,/home/sergey/iqa-data/spaq/SPAQ/TestImage/06971.jpg,0.3053191489361702,6.973293169684771
27169,spaq,spaq/06972,/home/sergey/iqa-data/spaq/SPAQ/TestImage/06972.jpg,0.4542553191489362,4.572574184390763
27170,spaq,spaq/06973,/home/sergey/iqa-data/spaq/SPAQ/TestImage/06973.jpg,0.8442553191489361,4.672626991383445
27182,spaq,spaq/06985,/home/sergey/iqa-data/spaq/SPAQ/TestImage/06985.jpg,0.2606382978723404,7.57821894462214
27185,spaq,spaq/06988,/home/sergey/iqa-data/spaq/SPAQ/TestImage/06988.jpg,0.623404255319149,5.138052889726804
27189,spaq,spaq/06992,/home/sergey/iqa-data/spaq/SPAQ/TestImage/06992.jpg,0.7423404255319149,4.318597232586727
27190,spaq,spaq/06993,/home/sergey/iqa-data/spaq/SPAQ/TestImage/06993.jpg,0.8214893617021276,3.3989252358741253
27195,spaq,spaq/06998,/home/sergey/iqa-data/spaq/SPAQ/TestImage/06998.jpg,0.8013829787234042,3.1387960876918224
27208,spaq,spaq/07011,/home/sergey/iqa-data/spaq/SPAQ/TestImage/07011.jpg,0.4521276595744681,7.235933088015192
27214,spaq,spaq/07017,/home/sergey/iqa-data/spaq/SPAQ/TestImage/07017.jpg,0.351063829787234,7.349662866354849
27218,spaq,spaq/07021,/home/sergey/iqa-data/spaq/SPAQ/TestImage/07021.jpg,0.7925531914893617,4.792314806616477
27221,spaq,spaq/07024,/home/sergey/iqa-data/spaq/SPAQ/TestImage/07024.jpg,0.7309574468085106,3.6241939871561537
27236,spaq,spaq/07039,/home/sergey/iqa-data/spaq/SPAQ/TestImage/07039.jpg,0.3098936170212766,8.309835816205133
27237,spaq,spaq/07040,/home/sergey/iqa-data/spaq/SPAQ/TestImage/07040.jpg,0.7553191489361702,4.958670839910951
27240,spaq,spaq/07043,/home/sergey/iqa-data/spaq/SPAQ/TestImage/07043.jpg,0.2487234042553191,7.663002137498585
27243,spaq,spaq/07046,/home/sergey/iqa-data/spaq/SPAQ/TestImage/07046.jpg,0.7978723404255319,3.7904778012738007
27247,spaq,spaq/07050,/home/sergey/iqa-data/spaq/SPAQ/TestImage/07050.jpg,0.6063829787234043,5.221913675839411
27249,spaq,spaq/07052,/home/sergey/iqa-data/spaq/SPAQ/TestImage/07052.jpg,0.7674468085106383,4.861075836870896
27256,spaq,spaq/07059,/home/sergey/iqa-data/spaq/SPAQ/TestImage/07059.jpg,0.2903191489361702,8.261723721684401
27258,spaq,spaq/07061,/home/sergey/iqa-data/spaq/SPAQ/TestImage/07061.jpg,0.4774468085106383,5.746640040196315
27259,spaq,spaq/07062,/home/sergey/iqa-data/spaq/SPAQ/TestImage/07062.jpg,0.0562765957446808,7.930229663119312
27263,spaq,spaq/07066,/home/sergey/iqa-data/spaq/SPAQ/TestImage/07066.jpg,0.7646808510638298,4.717287656840209
27272,spaq,spaq/07075,/home/sergey/iqa-data/spaq/SPAQ/TestImage/07075.jpg,0.3776595744680851,6.394733186857587
27274,spaq,spaq/07077,/home/sergey/iqa-data/spaq/SPAQ/TestImage/07077.jpg,0.3776595744680851,3.479361901883716
27277,spaq,spaq/07080,/home/sergey/iqa-data/spaq/SPAQ/TestImage/07080.jpg,0.2473404255319149,7.325386286024972
27278,spaq,spaq/07081,/home/sergey/iqa-data/spaq/SPAQ/TestImage/07081.jpg,0.4936170212765957,5.883813813756654
27290,spaq,spaq/07093,/home/sergey/iqa-data/spaq/SPAQ/TestImage/07093.jpg,0.5159574468085106,7.053844466220477
27293,spaq,spaq/07096,/home/sergey/iqa-data/spaq/SPAQ/TestImage/07096.jpg,0.480531914893617,6.492624032700146
27302,spaq,spaq/07105,/home/sergey/iqa-data/spaq/SPAQ/TestImage/07105.jpg,0.4601063829787234,8.162696016491624
27306,spaq,spaq/07109,/home/sergey/iqa-data/spaq/SPAQ/TestImage/07109.jpg,0.1595744680851064,4.8347122612503135
27318,spaq,spaq/07121,/home/sergey/iqa-data/spaq/SPAQ/TestImage/07121.jpg,0.3643617021276595,6.907362977465138
27327,spaq,spaq/07130,/home/sergey/iqa-data/spaq/SPAQ/TestImage/07130.jpg,0.8404255319148937,3.6521996798187235
27333,spaq,spaq/07136,/home/sergey/iqa-data/spaq/SPAQ/TestImage/07136.jpg,0.4893617021276595,4.442737414798583
27336,spaq,spaq/07139,/home/sergey/iqa-data/spaq/SPAQ/TestImage/07139.jpg,0.5398936170212766,7.140743230306594
27344,spaq,spaq/07147,/home/sergey/iqa-data/spaq/SPAQ/TestImage/07147.jpg,0.776595744680851,7.730895337140053
27346,spaq,spaq/07149,/home/sergey/iqa-data/spaq/SPAQ/TestImage/07149.jpg,0.7319148936170212,3.390253010663169
27364,spaq,spaq/07167,/home/sergey/iqa-data/spaq/SPAQ/TestImage/07167.jpg,0.7978723404255319,3.3311901426595587
27372,spaq,spaq/07175,/home/sergey/iqa-data/spaq/SPAQ/TestImage/07175.jpg,0.7085106382978723,4.7550387706366735
27379,spaq,spaq/07182,/home/sergey/iqa-data/spaq/SPAQ/TestImage/07182.jpg,0.7322340425531915,5.099667475633224
27383,spaq,spaq/07186,/home/sergey/iqa-data/spaq/SPAQ/TestImage/07186.jpg,0.7052127659574469,3.749940937688372
27392,spaq,spaq/07195,/home/sergey/iqa-data/spaq/SPAQ/TestImage/07195.jpg,0.4130851063829787,7.033328614946444
27397,spaq,spaq/07200,/home/sergey/iqa-data/spaq/SPAQ/TestImage/07200.jpg,0.4113829787234043,10.449553013224646
27398,spaq,spaq/07201,/home/sergey/iqa-data/spaq/SPAQ/TestImage/07201.jpg,0.648936170212766,6.117034940836608
27400,spaq,spaq/07203,/home/sergey/iqa-data/spaq/SPAQ/TestImage/07203.jpg,0.8212765957446809,5.9703069131366036
27401,spaq,spaq/07204,/home/sergey/iqa-data/spaq/SPAQ/TestImage/07204.jpg,0.7893617021276597,5.421217757240714
27403,spaq,spaq/07206,/home/sergey/iqa-data/spaq/SPAQ/TestImage/07206.jpg,0.7574468085106383,3.4728150961193704
27405,spaq,spaq/07208,/home/sergey/iqa-data/spaq/SPAQ/TestImage/07208.jpg,0.3872340425531915,5.760169056599151
27412,spaq,spaq/07215,/home/sergey/iqa-data/spaq/SPAQ/TestImage/07215.jpg,0.952127659574468,3.8822502694782197
27425,spaq,spaq/07228,/home/sergey/iqa-data/spaq/SPAQ/TestImage/07228.jpg,0.8776595744680851,3.3712173022921816
27428,spaq,spaq/07231,/home/sergey/iqa-data/spaq/SPAQ/TestImage/07231.jpg,0.6861702127659575,5.545600566578542
27432,spaq,spaq/07235,/home/sergey/iqa-data/spaq/SPAQ/TestImage/07235.jpg,0.6276595744680851,3.79002965046195
27446,spaq,spaq/07249,/home/sergey/iqa-data/spaq/SPAQ/TestImage/07249.jpg,0.4077659574468085,8.79326470810422
27454,spaq,spaq/07257,/home/sergey/iqa-data/spaq/SPAQ/TestImage/07257.jpg,0.7659574468085106,4.244076510804339
27460,spaq,spaq/07263,/home/sergey/iqa-data/spaq/SPAQ/TestImage/07263.jpg,0.3989361702127659,7.294560990118171
27463,spaq,spaq/07266,/home/sergey/iqa-data/spaq/SPAQ/TestImage/07266.jpg,0.8563829787234043,6.202442182859721
27467,spaq,spaq/07270,/home/sergey/iqa-data/spaq/SPAQ/TestImage/07270.jpg,0.8563829787234043,4.860119794325298
27476,spaq,spaq/07279,/home/sergey/iqa-data/spaq/SPAQ/TestImage/07279.jpg,0.8829787234042553,4.935727582248985
27484,spaq,spaq/07287,/home/sergey/iqa-data/spaq/SPAQ/TestImage/07287.jpg,0.4432978723404255,7.7289656275839915
27497,spaq,spaq/07300,/home/sergey/iqa-data/spaq/SPAQ/TestImage/07300.jpg,0.723404255319149,7.121983692203066
27507,spaq,spaq/07310,/home/sergey/iqa-data/spaq/SPAQ/TestImage/07310.jpg,0.9077659574468084,3.9923690766994095
27509,spaq,spaq/07312,/home/sergey/iqa-data/spaq/SPAQ/TestImage/07312.jpg,0.2553191489361702,9.613200088338662
27516,spaq,spaq/07319,/home/sergey/iqa-data/spaq/SPAQ/TestImage/07319.jpg,0.6667021276595745,3.784577502700329
27517,spaq,spaq/07320,/home/sergey/iqa-data/spaq/SPAQ/TestImage/07320.jpg,0.6382978723404256,3.866433700263357
27520,spaq,spaq/07323,/home/sergey/iqa-data/spaq/SPAQ/TestImage/07323.jpg,0.879468085106383,4.891515600725616
27533,spaq,spaq/07336,/home/sergey/iqa-data/spaq/SPAQ/TestImage/07336.jpg,0.8297872340425532,3.6588611309127153
27535,spaq,spaq/07338,/home/sergey/iqa-data/spaq/SPAQ/TestImage/07338.jpg,0.0,7.46567859053843
27540,spaq,spaq/07343,/home/sergey/iqa-data/spaq/SPAQ/TestImage/07343.jpg,0.3439361702127659,5.496912240490581
27542,spaq,spaq/07345,/home/sergey/iqa-data/spaq/SPAQ/TestImage/07345.jpg,0.5922340425531915,5.056818505502018
27543,spaq,spaq/07346,/home/sergey/iqa-data/spaq/SPAQ/TestImage/07346.jpg,0.6630851063829787,5.8389385978428585
27544,spaq,spaq/07347,/home/sergey/iqa-data/spaq/SPAQ/TestImage/07347.jpg,0.9396808510638298,5.325658088858739
27545,spaq,spaq/07348,/home/sergey/iqa-data/spaq/SPAQ/TestImage/07348.jpg,0.8617021276595744,4.184737113883296
27547,spaq,spaq/07350,/home/sergey/iqa-data/spaq/SPAQ/TestImage/07350.jpg,0.5531914893617021,5.128168651926418
27549,spaq,spaq/07352,/home/sergey/iqa-data/spaq/SPAQ/TestImage/07352.jpg,0.1361702127659574,4.106307952237675
27552,spaq,spaq/07355,/home/sergey/iqa-data/spaq/SPAQ/TestImage/07355.jpg,0.0726595744680851,5.248407703003755
27559,spaq,spaq/07362,/home/sergey/iqa-data/spaq/SPAQ/TestImage/07362.jpg,0.519468085106383,6.753930131751891
27568,spaq,spaq/07371,/home/sergey/iqa-data/spaq/SPAQ/TestImage/07371.jpg,0.2,8.612222694661167
27573,spaq,spaq/07376,/home/sergey/iqa-data/spaq/SPAQ/TestImage/07376.jpg,0.1297872340425531,7.291303627726809
27578,spaq,spaq/07381,/home/sergey/iqa-data/spaq/SPAQ/TestImage/07381.jpg,0.1829787234042553,4.634703475388708
27579,spaq,spaq/07382,/home/sergey/iqa-data/spaq/SPAQ/TestImage/07382.jpg,0.2148936170212766,6.611973447661131
27584,spaq,spaq/07387,/home/sergey/iqa-data/spaq/SPAQ/TestImage/07387.jpg,0.1404255319148936,4.375370675598149
27591,spaq,spaq/07394,/home/sergey/iqa-data/spaq/SPAQ/TestImage/07394.jpg,0.2361702127659574,8.203389811963504
27594,spaq,spaq/07397,/home/sergey/iqa-data/spaq/SPAQ/TestImage/07397.jpg,0.1808510638297872,4.624888290057737
27598,spaq,spaq/07401,/home/sergey/iqa-data/spaq/SPAQ/TestImage/07401.jpg,0.3148936170212766,7.193469230950763
27606,spaq,spaq/07409,/home/sergey/iqa-data/spaq/SPAQ/TestImage/07409.jpg,0.5382978723404256,3.556368391118772
27609,spaq,spaq/07412,/home/sergey/iqa-data/spaq/SPAQ/TestImage/07412.jpg,0.0691489361702127,5.102946895784991
27610,spaq,spaq/07413,/home/sergey/iqa-data/spaq/SPAQ/TestImage/07413.jpg,0.3978723404255319,5.097720624701247
27618,spaq,spaq/07421,/home/sergey/iqa-data/spaq/SPAQ/TestImage/07421.jpg,0.3692553191489361,4.992678501120686
27621,spaq,spaq/07424,/home/sergey/iqa-data/spaq/SPAQ/TestImage/07424.jpg,0.5808510638297872,4.621775081456142
27624,spaq,spaq/07427,/home/sergey/iqa-data/spaq/SPAQ/TestImage/07427.jpg,0.0957446808510638,9.420844917621778
27637,spaq,spaq/07440,/home/sergey/iqa-data/spaq/SPAQ/TestImage/07440.jpg,0.3191489361702128,8.612482252763982
27642,spaq,spaq/07445,/home/sergey/iqa-data/spaq/SPAQ/TestImage/07445.jpg,0.7044680851063829,3.4496837576373816
27647,spaq,spaq/07450,/home/sergey/iqa-data/spaq/SPAQ/TestImage/07450.jpg,0.6356382978723404,5.035900823093362
27650,spaq,spaq/07453,/home/sergey/iqa-data/spaq/SPAQ/TestImage/07453.jpg,0.8024468085106383,3.6488111046319522
27658,spaq,spaq/07461,/home/sergey/iqa-data/spaq/SPAQ/TestImage/07461.jpg,0.851063829787234,4.023633451151127
27665,spaq,spaq/07468,/home/sergey/iqa-data/spaq/SPAQ/TestImage/07468.jpg,0.4109574468085106,5.992762817444672
27667,spaq,spaq/07470,/home/sergey/iqa-data/spaq/SPAQ/TestImage/07470.jpg,0.4162765957446809,7.1338720358008425
27668,spaq,spaq/07471,/home/sergey/iqa-data/spaq/SPAQ/TestImage/07471.jpg,0.3962765957446808,5.394705434200619
27670,spaq,spaq/07473,/home/sergey/iqa-data/spaq/SPAQ/TestImage/07473.jpg,0.8617021276595744,3.739301458779905
27671,spaq,spaq/07474,/home/sergey/iqa-data/spaq/SPAQ/TestImage/07474.jpg,0.7327659574468085,3.8950554077781128
27674,spaq,spaq/07477,/home/sergey/iqa-data/spaq/SPAQ/TestImage/07477.jpg,0.8072340425531914,5.02334432872994
27676,spaq,spaq/07479,/home/sergey/iqa-data/spaq/SPAQ/TestImage/07479.jpg,0.2224468085106383,6.572893363574437
27677,spaq,spaq/07480,/home/sergey/iqa-data/spaq/SPAQ/TestImage/07480.jpg,0.4375531914893617,6.261869134928069
27680,spaq,spaq/07483,/home/sergey/iqa-data/spaq/SPAQ/TestImage/07483.jpg,0.5011702127659574,5.649975563633099
27698,spaq,spaq/07501,/home/sergey/iqa-data/spaq/SPAQ/TestImage/07501.jpg,0.7811702127659576,3.9373899667476095
27701,spaq,spaq/07504,/home/sergey/iqa-data/spaq/SPAQ/TestImage/07504.jpg,0.6720212765957447,4.144372528595992
27703,spaq,spaq/07506,/home/sergey/iqa-data/spaq/SPAQ/TestImage/07506.jpg,0.7978723404255319,3.505169595784271
27712,spaq,spaq/07515,/home/sergey/iqa-data/spaq/SPAQ/TestImage/07515.jpg,0.2765957446808511,6.307117359398143
27716,spaq,spaq/07519,/home/sergey/iqa-data/spaq/SPAQ/TestImage/07519.jpg,0.5212765957446809,5.8973759876286955
27719,spaq,spaq/07522,/home/sergey/iqa-data/spaq/SPAQ/TestImage/07522.jpg,0.2819148936170212,7.715112153220797
27721,spaq,spaq/07524,/home/sergey/iqa-data/spaq/SPAQ/TestImage/07524.jpg,0.8670212765957447,4.778180987440575
27723,spaq,spaq/07526,/home/sergey/iqa-data/spaq/SPAQ/TestImage/07526.jpg,0.81,3.5141274666952174
27724,spaq,spaq/07527,/home/sergey/iqa-data/spaq/SPAQ/TestImage/07527.jpg,0.397127659574468,4.942359767783616
27734,spaq,spaq/07537,/home/sergey/iqa-data/spaq/SPAQ/TestImage/07537.jpg,0.8315957446808511,4.454419534385742
27742,spaq,spaq/07545,/home/sergey/iqa-data/spaq/SPAQ/TestImage/07545.jpg,0.3262765957446809,7.361526721960435
27746,spaq,spaq/07549,/home/sergey/iqa-data/spaq/SPAQ/TestImage/07549.jpg,0.324468085106383,7.030708317016073
27749,spaq,spaq/07552,/home/sergey/iqa-data/spaq/SPAQ/TestImage/07552.jpg,0.7003191489361702,4.60520633834987
27755,spaq,spaq/07558,/home/sergey/iqa-data/spaq/SPAQ/TestImage/07558.jpg,0.6829787234042554,4.535528527474516
27767,spaq,spaq/07570,/home/sergey/iqa-data/spaq/SPAQ/TestImage/07570.jpg,0.3170212765957447,5.073492659429841
27772,spaq,spaq/07575,/home/sergey/iqa-data/spaq/SPAQ/TestImage/07575.jpg,0.445,3.8664493300032468
27774,spaq,spaq/07577,/home/sergey/iqa-data/spaq/SPAQ/TestImage/07577.jpg,0.3528723404255319,7.094702015030041
27775,spaq,spaq/07578,/home/sergey/iqa-data/spaq/SPAQ/TestImage/07578.jpg,0.102127659574468,5.697507058949776
27782,spaq,spaq/07585,/home/sergey/iqa-data/spaq/SPAQ/TestImage/07585.jpg,0.3212765957446808,5.824940356438301
27787,spaq,spaq/07590,/home/sergey/iqa-data/spaq/SPAQ/TestImage/07590.jpg,0.3652127659574468,4.240316563494708
27790,spaq,spaq/07593,/home/sergey/iqa-data/spaq/SPAQ/TestImage/07593.jpg,0.4680851063829787,9.062611701857858
27804,spaq,spaq/07607,/home/sergey/iqa-data/spaq/SPAQ/TestImage/07607.jpg,0.8106382978723404,4.656643214997452
27805,spaq,spaq/07608,/home/sergey/iqa-data/spaq/SPAQ/TestImage/07608.jpg,0.776595744680851,6.1162893655047785
27826,spaq,spaq/07629,/home/sergey/iqa-data/spaq/SPAQ/TestImage/07629.jpg,0.2957446808510638,9.195877864793156
27836,spaq,spaq/07639,/home/sergey/iqa-data/spaq/SPAQ/TestImage/07639.jpg,0.4875531914893616,2.6728762237006123
27837,spaq,spaq/07640,/home/sergey/iqa-data/spaq/SPAQ/TestImage/07640.jpg,0.6117021276595744,4.25450175346933
27849,spaq,spaq/07652,/home/sergey/iqa-data/spaq/SPAQ/TestImage/07652.jpg,0.3981914893617021,4.336025751767203
27851,spaq,spaq/07654,/home/sergey/iqa-data/spaq/SPAQ/TestImage/07654.jpg,0.1454255319148936,6.157851373581596
27861,spaq,spaq/07664,/home/sergey/iqa-data/spaq/SPAQ/TestImage/07664.jpg,0.1879787234042553,7.128457484879421
27870,spaq,spaq/07673,/home/sergey/iqa-data/spaq/SPAQ/TestImage/07673.jpg,0.3404255319148936,3.7562488338562443
27871,spaq,spaq/07674,/home/sergey/iqa-data/spaq/SPAQ/TestImage/07674.jpg,0.4893617021276595,4.693840446895585
27882,spaq,spaq/07685,/home/sergey/iqa-data/spaq/SPAQ/TestImage/07685.jpg,0.7477659574468086,4.686953244855667
27883,spaq,spaq/07686,/home/sergey/iqa-data/spaq/SPAQ/TestImage/07686.jpg,0.4396808510638297,5.244202448344913
27892,spaq,spaq/07695,/home/sergey/iqa-data/spaq/SPAQ/TestImage/07695.jpg,0.2309574468085106,5.833602017509499
27897,spaq,spaq/07700,/home/sergey/iqa-data/spaq/SPAQ/TestImage/07700.jpg,0.2148936170212766,5.702693475782627
27899,spaq,spaq/07702,/home/sergey/iqa-data/spaq/SPAQ/TestImage/07702.jpg,0.1361702127659574,4.861897055148168
27908,spaq,spaq/07711,/home/sergey/iqa-data/spaq/SPAQ/TestImage/07711.jpg,0.0361702127659574,5.37942101581399
27912,spaq,spaq/07715,/home/sergey/iqa-data/spaq/SPAQ/TestImage/07715.jpg,0.374468085106383,5.538302087643607
27923,spaq,spaq/07726,/home/sergey/iqa-data/spaq/SPAQ/TestImage/07726.jpg,0.2801063829787233,7.383463251766449
27937,spaq,spaq/07740,/home/sergey/iqa-data/spaq/SPAQ/TestImage/07740.jpg,0.4148936170212766,6.088926797701274
27945,spaq,spaq/07748,/home/sergey/iqa-data/spaq/SPAQ/TestImage/07748.jpg,0.4148936170212766,5.359787384238397
27950,spaq,spaq/07753,/home/sergey/iqa-data/spaq/SPAQ/TestImage/07753.jpg,0.3914893617021276,3.2947625628340047
27953,spaq,spaq/07756,/home/sergey/iqa-data/spaq/SPAQ/TestImage/07756.jpg,0.648936170212766,7.573432744898946
27954,spaq,spaq/07757,/home/sergey/iqa-data/spaq/SPAQ/TestImage/07757.jpg,0.8173404255319149,4.288929387604236
27963,spaq,spaq/07766,/home/sergey/iqa-data/spaq/SPAQ/TestImage/07766.jpg,0.7535106382978723,5.467565513034129
27968,spaq,spaq/07771,/home/sergey/iqa-data/spaq/SPAQ/TestImage/07771.jpg,0.8297872340425532,3.163731461260451
27981,spaq,spaq/07784,/home/sergey/iqa-data/spaq/SPAQ/TestImage/07784.jpg,0.375,6.36049551521973
27986,spaq,spaq/07789,/home/sergey/iqa-data/spaq/SPAQ/TestImage/07789.jpg,0.6641489361702129,4.886684249729129
27988,spaq,spaq/07791,/home/sergey/iqa-data/spaq/SPAQ/TestImage/07791.jpg,0.4498936170212765,5.928888928853874
27990,spaq,spaq/07793,/home/sergey/iqa-data/spaq/SPAQ/TestImage/07793.jpg,0.2796808510638298,7.1866365555771585
27993,spaq,spaq/07796,/home/sergey/iqa-data/spaq/SPAQ/TestImage/07796.jpg,0.7446808510638298,3.85508708634036
27995,spaq,spaq/07798,/home/sergey/iqa-data/spaq/SPAQ/TestImage/07798.jpg,0.5035106382978723,7.329797912113337
28003,spaq,spaq/07806,/home/sergey/iqa-data/spaq/SPAQ/TestImage/07806.jpg,0.526595744680851,4.203593989121777
28012,spaq,spaq/07815,/home/sergey/iqa-data/spaq/SPAQ/TestImage/07815.jpg,0.2837234042553191,5.607124220342204
28014,spaq,spaq/07817,/home/sergey/iqa-data/spaq/SPAQ/TestImage/07817.jpg,0.3989361702127659,4.202777300516349
28023,spaq,spaq/07826,/home/sergey/iqa-data/spaq/SPAQ/TestImage/07826.jpg,0.4088297872340425,3.2385489745797327
28028,spaq,spaq/07831,/home/sergey/iqa-data/spaq/SPAQ/TestImage/07831.jpg,0.7198936170212766,5.2964936982286455
28035,spaq,spaq/07838,/home/sergey/iqa-data/spaq/SPAQ/TestImage/07838.jpg,0.5762765957446808,4.624739136842436
28046,spaq,spaq/07849,/home/sergey/iqa-data/spaq/SPAQ/TestImage/07849.jpg,0.331595744680851,7.379077147029281
28050,spaq,spaq/07853,/home/sergey/iqa-data/spaq/SPAQ/TestImage/07853.jpg,0.6902127659574467,7.440587235537964
28057,spaq,spaq/07860,/home/sergey/iqa-data/spaq/SPAQ/TestImage/07860.jpg,0.3662765957446808,10.47760452518136
28063,spaq,spaq/07866,/home/sergey/iqa-data/spaq/SPAQ/TestImage/07866.jpg,0.4220212765957447,6.935942265362662
28066,spaq,spaq/07869,/home/sergey/iqa-data/spaq/SPAQ/TestImage/07869.jpg,0.2207446808510638,7.246900541361015
28074,spaq,spaq/07877,/home/sergey/iqa-data/spaq/SPAQ/TestImage/07877.jpg,0.2446808510638297,4.5340196616750985
28075,spaq,spaq/07878,/home/sergey/iqa-data/spaq/SPAQ/TestImage/07878.jpg,0.6879787234042554,3.939135396583272
28076,spaq,spaq/07879,/home/sergey/iqa-data/spaq/SPAQ/TestImage/07879.jpg,0.539468085106383,5.922372516413348
28077,spaq,spaq/07880,/home/sergey/iqa-data/spaq/SPAQ/TestImage/07880.jpg,0.6048936170212766,5.042997516074821
28078,spaq,spaq/07881,/home/sergey/iqa-data/spaq/SPAQ/TestImage/07881.jpg,0.3439361702127659,4.561470627044566
28081,spaq,spaq/07884,/home/sergey/iqa-data/spaq/SPAQ/TestImage/07884.jpg,0.2401063829787234,5.3892628298535605
28084,spaq,spaq/07887,/home/sergey/iqa-data/spaq/SPAQ/TestImage/07887.jpg,0.425531914893617,6.0416623186110545
28093,spaq,spaq/07896,/home/sergey/iqa-data/spaq/SPAQ/TestImage/07896.jpg,0.3811702127659574,4.355485612593323
28094,spaq,spaq/07897,/home/sergey/iqa-data/spaq/SPAQ/TestImage/07897.jpg,0.2907446808510638,6.344310898074059
28095,spaq,spaq/07898,/home/sergey/iqa-data/spaq/SPAQ/TestImage/07898.jpg,0.4237234042553191,6.568977225344208
28101,spaq,spaq/07904,/home/sergey/iqa-data/spaq/SPAQ/TestImage/07904.jpg,0.402127659574468,6.989492829889952
28103,spaq,spaq/07906,/home/sergey/iqa-data/spaq/SPAQ/TestImage/07906.jpg,0.6680851063829787,4.002904125033662
28109,spaq,spaq/07912,/home/sergey/iqa-data/spaq/SPAQ/TestImage/07912.jpg,0.2947872340425532,4.589863954778213
28112,spaq,spaq/07915,/home/sergey/iqa-data/spaq/SPAQ/TestImage/07915.jpg,0.2393617021276596,5.650930918773504
28113,spaq,spaq/07916,/home/sergey/iqa-data/spaq/SPAQ/TestImage/07916.jpg,0.8343617021276597,3.6499499737342243
28127,spaq,spaq/07930,/home/sergey/iqa-data/spaq/SPAQ/TestImage/07930.jpg,0.3723404255319149,6.5670291221817045
28130,spaq,spaq/07933,/home/sergey/iqa-data/spaq/SPAQ/TestImage/07933.jpg,0.8045744680851064,4.341720816067249
28131,spaq,spaq/07934,/home/sergey/iqa-data/spaq/SPAQ/TestImage/07934.jpg,0.7996808510638298,5.274406865801545
28140,spaq,spaq/07943,/home/sergey/iqa-data/spaq/SPAQ/TestImage/07943.jpg,0.5106382978723404,5.3043464530309885
28142,spaq,spaq/07945,/home/sergey/iqa-data/spaq/SPAQ/TestImage/07945.jpg,0.3191489361702128,8.096806044125008
28144,spaq,spaq/07947,/home/sergey/iqa-data/spaq/SPAQ/TestImage/07947.jpg,0.5106382978723404,7.058980967789653
28145,spaq,spaq/07948,/home/sergey/iqa-data/spaq/SPAQ/TestImage/07948.jpg,0.3324468085106383,5.670820812334841
28161,spaq,spaq/07964,/home/sergey/iqa-data/spaq/SPAQ/TestImage/07964.jpg,0.3847872340425532,7.0279008834645325
28164,spaq,spaq/07967,/home/sergey/iqa-data/spaq/SPAQ/TestImage/07967.jpg,0.471595744680851,5.280268833201776
28167,spaq,spaq/07970,/home/sergey/iqa-data/spaq/SPAQ/TestImage/07970.jpg,0.2584042553191489,5.922632617146538
28168,spaq,spaq/07971,/home/sergey/iqa-data/spaq/SPAQ/TestImage/07971.jpg,0.6170212765957447,6.951755037471283
28172,spaq,spaq/07975,/home/sergey/iqa-data/spaq/SPAQ/TestImage/07975.jpg,0.568404255319149,5.92705416122246
28173,spaq,spaq/07976,/home/sergey/iqa-data/spaq/SPAQ/TestImage/07976.jpg,0.6879787234042554,5.616738806192594
28177,spaq,spaq/07980,/home/sergey/iqa-data/spaq/SPAQ/TestImage/07980.jpg,0.852872340425532,4.325707843828139
28181,spaq,spaq/07984,/home/sergey/iqa-data/spaq/SPAQ/TestImage/07984.jpg,0.5063829787234043,5.58426709991014
28185,spaq,spaq/07988,/home/sergey/iqa-data/spaq/SPAQ/TestImage/07988.jpg,0.3468085106382979,6.914584212208253
28195,spaq,spaq/07998,/home/sergey/iqa-data/spaq/SPAQ/TestImage/07998.jpg,0.7680851063829788,4.671247255770884
28199,spaq,spaq/08002,/home/sergey/iqa-data/spaq/SPAQ/TestImage/08002.jpg,0.4981914893617021,4.881502192331635
28210,spaq,spaq/08013,/home/sergey/iqa-data/spaq/SPAQ/TestImage/08013.jpg,0.8191489361702128,5.081987444642238
28213,spaq,spaq/08016,/home/sergey/iqa-data/spaq/SPAQ/TestImage/08016.jpg,0.2127659574468085,4.686801206245144
28218,spaq,spaq/08021,/home/sergey/iqa-data/spaq/SPAQ/TestImage/08021.jpg,0.6808510638297872,6.0573543558268526
28219,spaq,spaq/08022,/home/sergey/iqa-data/spaq/SPAQ/TestImage/08022.jpg,0.425531914893617,4.912416445195026
28241,spaq,spaq/08044,/home/sergey/iqa-data/spaq/SPAQ/TestImage/08044.jpg,0.3957446808510638,5.099122340057953
28248,spaq,spaq/08051,/home/sergey/iqa-data/spaq/SPAQ/TestImage/08051.jpg,0.3380851063829787,6.1363780552567695
28251,spaq,spaq/08054,/home/sergey/iqa-data/spaq/SPAQ/TestImage/08054.jpg,0.7796808510638299,4.073956883304011
28252,spaq,spaq/08055,/home/sergey/iqa-data/spaq/SPAQ/TestImage/08055.jpg,0.6003191489361702,5.093638409741012
28253,spaq,spaq/08056,/home/sergey/iqa-data/spaq/SPAQ/TestImage/08056.jpg,0.4437234042553191,3.5279773111743835
28256,spaq,spaq/08059,/home/sergey/iqa-data/spaq/SPAQ/TestImage/08059.jpg,0.5379787234042553,4.84926303413606
28261,spaq,spaq/08064,/home/sergey/iqa-data/spaq/SPAQ/TestImage/08064.jpg,0.7380851063829786,4.558703816402714
28264,spaq,spaq/08067,/home/sergey/iqa-data/spaq/SPAQ/TestImage/08067.jpg,0.4695744680851064,4.7566296464348445
28268,spaq,spaq/08071,/home/sergey/iqa-data/spaq/SPAQ/TestImage/08071.jpg,0.6413829787234042,4.131552016105371
28274,spaq,spaq/08077,/home/sergey/iqa-data/spaq/SPAQ/TestImage/08077.jpg,0.6474468085106383,3.562088378660398
28283,spaq,spaq/08086,/home/sergey/iqa-data/spaq/SPAQ/TestImage/08086.jpg,0.6929787234042554,7.380481311711941
28287,spaq,spaq/08090,/home/sergey/iqa-data/spaq/SPAQ/TestImage/08090.jpg,0.7593617021276595,4.051211625140643
28308,spaq,spaq/08111,/home/sergey/iqa-data/spaq/SPAQ/TestImage/08111.jpg,0.4122340425531915,6.50822860489081
28313,spaq,spaq/08116,/home/sergey/iqa-data/spaq/SPAQ/TestImage/08116.jpg,0.3864893617021276,7.019607700008696
28320,spaq,spaq/08123,/home/sergey/iqa-data/spaq/SPAQ/TestImage/08123.jpg,0.6968085106382979,4.997442201155061
28322,spaq,spaq/08125,/home/sergey/iqa-data/spaq/SPAQ/TestImage/08125.jpg,0.3176595744680851,8.229314316709521
28336,spaq,spaq/08139,/home/sergey/iqa-data/spaq/SPAQ/TestImage/08139.jpg,0.8475531914893617,6.033122275733
28337,spaq,spaq/08140,/home/sergey/iqa-data/spaq/SPAQ/TestImage/08140.jpg,0.5035106382978723,5.726763871752892
28338,spaq,spaq/08141,/home/sergey/iqa-data/spaq/SPAQ/TestImage/08141.jpg,0.8954255319148936,2.9307224619818824
28341,spaq,spaq/08144,/home/sergey/iqa-data/spaq/SPAQ/TestImage/08144.jpg,0.4822340425531914,6.951337517210145
28351,spaq,spaq/08154,/home/sergey/iqa-data/spaq/SPAQ/TestImage/08154.jpg,0.6258510638297872,3.8462791583871323
28374,spaq,spaq/08177,/home/sergey/iqa-data/spaq/SPAQ/TestImage/08177.jpg,0.6638297872340426,5.413248632940734
28380,spaq,spaq/08183,/home/sergey/iqa-data/spaq/SPAQ/TestImage/08183.jpg,0.3901063829787234,6.1467951778452825
28381,spaq,spaq/08184,/home/sergey/iqa-data/spaq/SPAQ/TestImage/08184.jpg,0.2893617021276595,5.826205589959133
28383,spaq,spaq/08186,/home/sergey/iqa-data/spaq/SPAQ/TestImage/08186.jpg,0.8688297872340426,3.5116942741396477
28387,spaq,spaq/08190,/home/sergey/iqa-data/spaq/SPAQ/TestImage/08190.jpg,0.8319148936170213,4.570855107690514
28405,spaq,spaq/08208,/home/sergey/iqa-data/spaq/SPAQ/TestImage/08208.jpg,0.3382978723404255,7.31146360159322
28408,spaq,spaq/08211,/home/sergey/iqa-data/spaq/SPAQ/TestImage/08211.jpg,0.2659574468085106,5.912859808645797
28409,spaq,spaq/08212,/home/sergey/iqa-data/spaq/SPAQ/TestImage/08212.jpg,0.2898936170212766,8.5352237394741
28411,spaq,spaq/08214,/home/sergey/iqa-data/spaq/SPAQ/TestImage/08214.jpg,0.4122340425531915,6.2300853425857525
28418,spaq,spaq/08221,/home/sergey/iqa-data/spaq/SPAQ/TestImage/08221.jpg,0.7446808510638298,6.629174363776105
28423,spaq,spaq/08226,/home/sergey/iqa-data/spaq/SPAQ/TestImage/08226.jpg,0.3954255319148936,6.282487272020984
28424,spaq,spaq/08227,/home/sergey/iqa-data/spaq/SPAQ/TestImage/08227.jpg,0.2952127659574468,6.137884019984315
28431,spaq,spaq/08234,/home/sergey/iqa-data/spaq/SPAQ/TestImage/08234.jpg,0.4601063829787234,5.88218949569443
28443,spaq,spaq/08246,/home/sergey/iqa-data/spaq/SPAQ/TestImage/08246.jpg,0.6861702127659575,6.017045420424996
28445,spaq,spaq/08248,/home/sergey/iqa-data/spaq/SPAQ/TestImage/08248.jpg,0.3170212765957447,5.865694344446541
28446,spaq,spaq/08249,/home/sergey/iqa-data/spaq/SPAQ/TestImage/08249.jpg,0.7042553191489362,3.8734003215348127
28447,spaq,spaq/08250,/home/sergey/iqa-data/spaq/SPAQ/TestImage/08250.jpg,0.2632978723404255,7.577954748011376
28449,spaq,spaq/08252,/home/sergey/iqa-data/spaq/SPAQ/TestImage/08252.jpg,0.4015957446808511,4.804402588458359
28450,spaq,spaq/08253,/home/sergey/iqa-data/spaq/SPAQ/TestImage/08253.jpg,0.7101063829787234,4.599837157370176
28454,spaq,spaq/08257,/home/sergey/iqa-data/spaq/SPAQ/TestImage/08257.jpg,0.730531914893617,4.911628228879005
28464,spaq,spaq/08267,/home/sergey/iqa-data/spaq/SPAQ/TestImage/08267.jpg,0.7777659574468085,5.532843029949591
28467,spaq,spaq/08270,/home/sergey/iqa-data/spaq/SPAQ/TestImage/08270.jpg,0.7280851063829787,4.025760523522888
28470,spaq,spaq/08273,/home/sergey/iqa-data/spaq/SPAQ/TestImage/08273.jpg,0.1961702127659574,7.511612663170007
28472,spaq,spaq/08275,/home/sergey/iqa-data/spaq/SPAQ/TestImage/08275.jpg,0.7648936170212767,3.42433114616741
28478,spaq,spaq/08281,/home/sergey/iqa-data/spaq/SPAQ/TestImage/08281.jpg,0.698936170212766,4.523448191630444
28486,spaq,spaq/08289,/home/sergey/iqa-data/spaq/SPAQ/TestImage/08289.jpg,0.2080851063829787,7.275798903321404
28491,spaq,spaq/08294,/home/sergey/iqa-data/spaq/SPAQ/TestImage/08294.jpg,0.8191489361702128,3.185166626101166
28494,spaq,spaq/08297,/home/sergey/iqa-data/spaq/SPAQ/TestImage/08297.jpg,0.5542553191489362,5.023369994825889
28496,spaq,spaq/08299,/home/sergey/iqa-data/spaq/SPAQ/TestImage/08299.jpg,0.7354255319148936,6.0366355174588096
28499,spaq,spaq/08302,/home/sergey/iqa-data/spaq/SPAQ/TestImage/08302.jpg,0.4019148936170212,5.563127760496676
28507,spaq,spaq/08310,/home/sergey/iqa-data/spaq/SPAQ/TestImage/08310.jpg,0.2706382978723404,6.084660784954444
28512,spaq,spaq/08315,/home/sergey/iqa-data/spaq/SPAQ/TestImage/08315.jpg,0.7636170212765958,3.6508501042313646
28515,spaq,spaq/08318,/home/sergey/iqa-data/spaq/SPAQ/TestImage/08318.jpg,0.7967021276595745,4.559964257461172
28523,spaq,spaq/08326,/home/sergey/iqa-data/spaq/SPAQ/TestImage/08326.jpg,0.6737234042553192,4.554468090989551
28532,spaq,spaq/08335,/home/sergey/iqa-data/spaq/SPAQ/TestImage/08335.jpg,0.351063829787234,5.614501469645579
28533,spaq,spaq/08336,/home/sergey/iqa-data/spaq/SPAQ/TestImage/08336.jpg,0.3042553191489361,6.4529180237062045
28539,spaq,spaq/08342,/home/sergey/iqa-data/spaq/SPAQ/TestImage/08342.jpg,0.4787234042553192,5.080005888660247
28548,spaq,spaq/08351,/home/sergey/iqa-data/spaq/SPAQ/TestImage/08351.jpg,0.4946808510638298,5.274518858073504
28550,spaq,spaq/08353,/home/sergey/iqa-data/spaq/SPAQ/TestImage/08353.jpg,0.6872340425531914,5.375594409652253
28555,spaq,spaq/08358,/home/sergey/iqa-data/spaq/SPAQ/TestImage/08358.jpg,0.1127659574468085,3.0100799884675573
28559,spaq,spaq/08362,/home/sergey/iqa-data/spaq/SPAQ/TestImage/08362.jpg,0.7702127659574469,3.844479152201287
28564,spaq,spaq/08367,/home/sergey/iqa-data/spaq/SPAQ/TestImage/08367.jpg,0.4609574468085106,5.893832024154234
28567,spaq,spaq/08370,/home/sergey/iqa-data/spaq/SPAQ/TestImage/08370.jpg,0.5585106382978723,3.765278413077194
28568,spaq,spaq/08371,/home/sergey/iqa-data/spaq/SPAQ/TestImage/08371.jpg,0.6680851063829787,4.4943537346485245
28572,spaq,spaq/08375,/home/sergey/iqa-data/spaq/SPAQ/TestImage/08375.jpg,0.4638297872340425,6.813876637680499
28573,spaq,spaq/08376,/home/sergey/iqa-data/spaq/SPAQ/TestImage/08376.jpg,0.451063829787234,7.711726649828385
28575,spaq,spaq/08378,/home/sergey/iqa-data/spaq/SPAQ/TestImage/08378.jpg,0.3276595744680851,7.791318154040749
28576,spaq,spaq/08379,/home/sergey/iqa-data/spaq/SPAQ/TestImage/08379.jpg,0.5297872340425531,5.924843475065923
28577,spaq,spaq/08380,/home/sergey/iqa-data/spaq/SPAQ/TestImage/08380.jpg,0.6364893617021277,6.2236458105377235
28584,spaq,spaq/08387,/home/sergey/iqa-data/spaq/SPAQ/TestImage/08387.jpg,0.7787234042553192,4.870708793062284
28585,spaq,spaq/08388,/home/sergey/iqa-data/spaq/SPAQ/TestImage/08388.jpg,0.6630851063829787,4.509948181452873
28605,spaq,spaq/08408,/home/sergey/iqa-data/spaq/SPAQ/TestImage/08408.jpg,0.8670212765957447,3.597836931425555
28607,spaq,spaq/08410,/home/sergey/iqa-data/spaq/SPAQ/TestImage/08410.jpg,0.3457446808510638,8.169355775128258
28609,spaq,spaq/08412,/home/sergey/iqa-data/spaq/SPAQ/TestImage/08412.jpg,0.7845744680851063,6.142962793071425
28611,spaq,spaq/08414,/home/sergey/iqa-data/spaq/SPAQ/TestImage/08414.jpg,0.3085106382978723,3.315336285921142
28623,spaq,spaq/08426,/home/sergey/iqa-data/spaq/SPAQ/TestImage/08426.jpg,0.602872340425532,5.592956973743925
28630,spaq,spaq/08433,/home/sergey/iqa-data/spaq/SPAQ/TestImage/08433.jpg,0.3688297872340426,4.628158843593884
28640,spaq,spaq/08443,/home/sergey/iqa-data/spaq/SPAQ/TestImage/08443.jpg,0.4574468085106383,7.820654513324714
28641,spaq,spaq/08444,/home/sergey/iqa-data/spaq/SPAQ/TestImage/08444.jpg,0.7978723404255319,3.2021316230132544
28651,spaq,spaq/08454,/home/sergey/iqa-data/spaq/SPAQ/TestImage/08454.jpg,0.7092553191489361,4.304580746401621
28652,spaq,spaq/08455,/home/sergey/iqa-data/spaq/SPAQ/TestImage/08455.jpg,0.5638297872340425,5.831891185979327
28654,spaq,spaq/08457,/home/sergey/iqa-data/spaq/SPAQ/TestImage/08457.jpg,0.8545744680851064,4.704260261811973
28656,spaq,spaq/08459,/home/sergey/iqa-data/spaq/SPAQ/TestImage/08459.jpg,0.3581914893617021,5.342678323562309
28658,spaq,spaq/08461,/home/sergey/iqa-data/spaq/SPAQ/TestImage/08461.jpg,0.7659574468085106,4.49500885284635
28663,spaq,spaq/08466,/home/sergey/iqa-data/spaq/SPAQ/TestImage/08466.jpg,0.7925531914893617,3.596977006961232
28677,spaq,spaq/08480,/home/sergey/iqa-data/spaq/SPAQ/TestImage/08480.jpg,0.4978723404255319,8.057192858149373
28689,spaq,spaq/08492,/home/sergey/iqa-data/spaq/SPAQ/TestImage/08492.jpg,0.471595744680851,7.3190195715032695
28692,spaq,spaq/08495,/home/sergey/iqa-data/spaq/SPAQ/TestImage/08495.jpg,0.7939361702127659,4.440642225141738
28693,spaq,spaq/08496,/home/sergey/iqa-data/spaq/SPAQ/TestImage/08496.jpg,0.4335106382978723,5.820840198337095
28694,spaq,spaq/08497,/home/sergey/iqa-data/spaq/SPAQ/TestImage/08497.jpg,0.4402127659574468,6.242752708665672
28707,spaq,spaq/08510,/home/sergey/iqa-data/spaq/SPAQ/TestImage/08510.jpg,0.4752127659574468,5.331202049594385
28718,spaq,spaq/08521,/home/sergey/iqa-data/spaq/SPAQ/TestImage/08521.jpg,0.3577659574468085,4.973526658959994
28722,spaq,spaq/08525,/home/sergey/iqa-data/spaq/SPAQ/TestImage/08525.jpg,0.8125531914893617,4.995374781273666
28723,spaq,spaq/08526,/home/sergey/iqa-data/spaq/SPAQ/TestImage/08526.jpg,0.7327659574468085,3.5725674884373833
28724,spaq,spaq/08527,/home/sergey/iqa-data/spaq/SPAQ/TestImage/08527.jpg,0.6135106382978723,4.624027693985941
28725,spaq,spaq/08528,/home/sergey/iqa-data/spaq/SPAQ/TestImage/08528.jpg,0.7352127659574468,4.794390219005889
28739,spaq,spaq/08542,/home/sergey/iqa-data/spaq/SPAQ/TestImage/08542.jpg,0.1356382978723404,7.049251204364872
28741,spaq,spaq/08544,/home/sergey/iqa-data/spaq/SPAQ/TestImage/08544.jpg,0.3537234042553192,3.0236429836947236
28746,spaq,spaq/08549,/home/sergey/iqa-data/spaq/SPAQ/TestImage/08549.jpg,0.6968085106382979,3.6348685236405185
28752,spaq,spaq/08555,/home/sergey/iqa-data/spaq/SPAQ/TestImage/08555.jpg,0.3127659574468085,7.1554825364241745
28753,spaq,spaq/08556,/home/sergey/iqa-data/spaq/SPAQ/TestImage/08556.jpg,0.6622340425531915,3.701954525841449
28762,spaq,spaq/08565,/home/sergey/iqa-data/spaq/SPAQ/TestImage/08565.jpg,0.6021276595744681,6.75013876452614
28770,spaq,spaq/08573,/home/sergey/iqa-data/spaq/SPAQ/TestImage/08573.jpg,0.7021276595744681,3.8332102787702746
28778,spaq,spaq/08581,/home/sergey/iqa-data/spaq/SPAQ/TestImage/08581.jpg,0.574468085106383,7.146726191558206
28780,spaq,spaq/08583,/home/sergey/iqa-data/spaq/SPAQ/TestImage/08583.jpg,0.7579787234042553,5.195464796762853
28787,spaq,spaq/08590,/home/sergey/iqa-data/spaq/SPAQ/TestImage/08590.jpg,0.2606382978723404,6.211454086106662
28791,spaq,spaq/08594,/home/sergey/iqa-data/spaq/SPAQ/TestImage/08594.jpg,0.3351063829787234,6.7193220516336805
28793,spaq,spaq/08596,/home/sergey/iqa-data/spaq/SPAQ/TestImage/08596.jpg,0.75,4.926414771348635
28796,spaq,spaq/08599,/home/sergey/iqa-data/spaq/SPAQ/TestImage/08599.jpg,0.4964893617021276,5.5878169262787685
28798,spaq,spaq/08601,/home/sergey/iqa-data/spaq/SPAQ/TestImage/08601.jpg,0.251063829787234,7.942754425999196
28799,spaq,spaq/08602,/home/sergey/iqa-data/spaq/SPAQ/TestImage/08602.jpg,0.9042553191489362,3.359307553596056
28812,spaq,spaq/08615,/home/sergey/iqa-data/spaq/SPAQ/TestImage/08615.jpg,0.3811702127659574,7.434819967128268
28815,spaq,spaq/08618,/home/sergey/iqa-data/spaq/SPAQ/TestImage/08618.jpg,0.8262765957446808,3.6705550420725017
28817,spaq,spaq/08620,/home/sergey/iqa-data/spaq/SPAQ/TestImage/08620.jpg,0.202127659574468,7.578522723863328
28818,spaq,spaq/08621,/home/sergey/iqa-data/spaq/SPAQ/TestImage/08621.jpg,0.897872340425532,7.432092152411138
28821,spaq,spaq/08624,/home/sergey/iqa-data/spaq/SPAQ/TestImage/08624.jpg,0.8446808510638298,4.1100951769727585
28822,spaq,spaq/08625,/home/sergey/iqa-data/spaq/SPAQ/TestImage/08625.jpg,0.9106382978723404,7.317674299153125
28827,spaq,spaq/08630,/home/sergey/iqa-data/spaq/SPAQ/TestImage/08630.jpg,0.6829787234042554,9.252157564919578
28830,spaq,spaq/08633,/home/sergey/iqa-data/spaq/SPAQ/TestImage/08633.jpg,0.4330851063829787,5.113142577725055
28835,spaq,spaq/08638,/home/sergey/iqa-data/spaq/SPAQ/TestImage/08638.jpg,0.5354255319148936,5.799623781772572
28838,spaq,spaq/08641,/home/sergey/iqa-data/spaq/SPAQ/TestImage/08641.jpg,0.8723404255319149,5.243965320536952
28846,spaq,spaq/08649,/home/sergey/iqa-data/spaq/SPAQ/TestImage/08649.jpg,0.7595744680851064,4.803903278725849
28848,spaq,spaq/08651,/home/sergey/iqa-data/spaq/SPAQ/TestImage/08651.jpg,0.7507446808510637,3.3711018615811272
28854,spaq,spaq/08657,/home/sergey/iqa-data/spaq/SPAQ/TestImage/08657.jpg,0.8723404255319149,5.047080224381269
28857,spaq,spaq/08660,/home/sergey/iqa-data/spaq/SPAQ/TestImage/08660.jpg,0.9175531914893617,3.591876044439224
28858,spaq,spaq/08661,/home/sergey/iqa-data/spaq/SPAQ/TestImage/08661.jpg,0.8670212765957447,4.277678330959379
28863,spaq,spaq/08666,/home/sergey/iqa-data/spaq/SPAQ/TestImage/08666.jpg,0.2340425531914893,4.661239656339036
28877,spaq,spaq/08680,/home/sergey/iqa-data/spaq/SPAQ/TestImage/08680.jpg,0.4414893617021276,5.922361227537663
28878,spaq,spaq/08681,/home/sergey/iqa-data/spaq/SPAQ/TestImage/08681.jpg,0.4508510638297872,5.3121654845291735
28886,spaq,spaq/08689,/home/sergey/iqa-data/spaq/SPAQ/TestImage/08689.jpg,0.7434042553191489,4.3319909862590364
28888,spaq,spaq/08691,/home/sergey/iqa-data/spaq/SPAQ/TestImage/08691.jpg,0.7340425531914894,5.039348566148559
28893,spaq,spaq/08696,/home/sergey/iqa-data/spaq/SPAQ/TestImage/08696.jpg,0.7636170212765958,4.509181402796128
28898,spaq,spaq/08701,/home/sergey/iqa-data/spaq/SPAQ/TestImage/08701.jpg,0.4645744680851064,7.494647521013205
28919,spaq,spaq/08722,/home/sergey/iqa-data/spaq/SPAQ/TestImage/08722.jpg,0.7009574468085107,5.537441201456512
28921,spaq,spaq/08724,/home/sergey/iqa-data/spaq/SPAQ/TestImage/08724.jpg,0.3297872340425531,6.957352806733991
28927,spaq,spaq/08730,/home/sergey/iqa-data/spaq/SPAQ/TestImage/08730.jpg,0.6170212765957447,7.024307315804203
28939,spaq,spaq/08742,/home/sergey/iqa-data/spaq/SPAQ/TestImage/08742.jpg,0.7367021276595744,4.458170103842373
28943,spaq,spaq/08746,/home/sergey/iqa-data/spaq/SPAQ/TestImage/08746.jpg,0.5091489361702127,5.359699467566372
28948,spaq,spaq/08751,/home/sergey/iqa-data/spaq/SPAQ/TestImage/08751.jpg,0.2819148936170212,8.159988863556237
28973,spaq,spaq/08776,/home/sergey/iqa-data/spaq/SPAQ/TestImage/08776.jpg,0.7898936170212766,2.928853480262972
28978,spaq,spaq/08781,/home/sergey/iqa-data/spaq/SPAQ/TestImage/08781.jpg,0.6861702127659575,5.631708777338135
28981,spaq,spaq/08784,/home/sergey/iqa-data/spaq/SPAQ/TestImage/08784.jpg,0.8218085106382979,4.8386165507870835
28982,spaq,spaq/08785,/home/sergey/iqa-data/spaq/SPAQ/TestImage/08785.jpg,0.2686170212765957,5.794165036668347
28983,spaq,spaq/08786,/home/sergey/iqa-data/spaq/SPAQ/TestImage/08786.jpg,0.7579787234042553,5.346888570802681
28984,spaq,spaq/08787,/home/sergey/iqa-data/spaq/SPAQ/TestImage/08787.jpg,0.574468085106383,4.562692375145898
28987,spaq,spaq/08790,/home/sergey/iqa-data/spaq/SPAQ/TestImage/08790.jpg,0.8617021276595744,3.545066141864801
28988,spaq,spaq/08791,/home/sergey/iqa-data/spaq/SPAQ/TestImage/08791.jpg,0.3537234042553192,3.939687856527235
28992,spaq,spaq/08795,/home/sergey/iqa-data/spaq/SPAQ/TestImage/08795.jpg,0.5106382978723404,4.3843433431980765
28993,spaq,spaq/08796,/home/sergey/iqa-data/spaq/SPAQ/TestImage/08796.jpg,0.2531914893617021,6.391876841274922
28999,spaq,spaq/08802,/home/sergey/iqa-data/spaq/SPAQ/TestImage/08802.jpg,0.874468085106383,3.932293670374794
29002,spaq,spaq/08805,/home/sergey/iqa-data/spaq/SPAQ/TestImage/08805.jpg,0.3164893617021276,7.924088130281441
29008,spaq,spaq/08811,/home/sergey/iqa-data/spaq/SPAQ/TestImage/08811.jpg,0.6728723404255319,4.8345930756418465
29010,spaq,spaq/08813,/home/sergey/iqa-data/spaq/SPAQ/TestImage/08813.jpg,0.7686170212765957,6.263239017358883
29012,spaq,spaq/08815,/home/sergey/iqa-data/spaq/SPAQ/TestImage/08815.jpg,0.2207446808510638,9.252868365749876
29015,spaq,spaq/08818,/home/sergey/iqa-data/spaq/SPAQ/TestImage/08818.jpg,0.4441489361702128,6.545045596683015
29019,spaq,spaq/08822,/home/sergey/iqa-data/spaq/SPAQ/TestImage/08822.jpg,0.8818085106382979,5.3761462014891945
29020,spaq,spaq/08823,/home/sergey/iqa-data/spaq/SPAQ/TestImage/08823.jpg,0.6442553191489362,4.9948037897397475
29021,spaq,spaq/08824,/home/sergey/iqa-data/spaq/SPAQ/TestImage/08824.jpg,0.8630851063829786,5.01986900277979
29025,spaq,spaq/08828,/home/sergey/iqa-data/spaq/SPAQ/TestImage/08828.jpg,0.1648936170212765,4.711835230627851
29027,spaq,spaq/08830,/home/sergey/iqa-data/spaq/SPAQ/TestImage/08830.jpg,0.3696808510638298,6.501621776183544
29034,spaq,spaq/08837,/home/sergey/iqa-data/spaq/SPAQ/TestImage/08837.jpg,0.3851063829787234,6.231035636836692
29038,spaq,spaq/08841,/home/sergey/iqa-data/spaq/SPAQ/TestImage/08841.jpg,0.7114893617021276,4.798808785954098
29039,spaq,spaq/08842,/home/sergey/iqa-data/spaq/SPAQ/TestImage/08842.jpg,0.7952127659574468,5.177235130334415
29042,spaq,spaq/08845,/home/sergey/iqa-data/spaq/SPAQ/TestImage/08845.jpg,0.7719148936170213,3.6396735605070685
29047,spaq,spaq/08850,/home/sergey/iqa-data/spaq/SPAQ/TestImage/08850.jpg,0.8525531914893617,5.043165100986767
29052,spaq,spaq/08855,/home/sergey/iqa-data/spaq/SPAQ/TestImage/08855.jpg,0.6303191489361702,5.865541690524175
29057,spaq,spaq/08860,/home/sergey/iqa-data/spaq/SPAQ/TestImage/08860.jpg,0.7354255319148936,3.555572107398371
29061,spaq,spaq/08864,/home/sergey/iqa-data/spaq/SPAQ/TestImage/08864.jpg,0.4692553191489361,4.647133400295543
29062,spaq,spaq/08865,/home/sergey/iqa-data/spaq/SPAQ/TestImage/08865.jpg,0.2792553191489361,6.520605832468254
29066,spaq,spaq/08869,/home/sergey/iqa-data/spaq/SPAQ/TestImage/08869.jpg,0.5718085106382979,4.644971699842871
29067,spaq,spaq/08870,/home/sergey/iqa-data/spaq/SPAQ/TestImage/08870.jpg,0.8818085106382979,4.146499696278276
29076,spaq,spaq/08879,/home/sergey/iqa-data/spaq/SPAQ/TestImage/08879.jpg,0.5607446808510639,6.6656993729028295
29080,spaq,spaq/08883,/home/sergey/iqa-data/spaq/SPAQ/TestImage/08883.jpg,0.778936170212766,6.465227044934324
29097,spaq,spaq/08900,/home/sergey/iqa-data/spaq/SPAQ/TestImage/08900.jpg,0.2832978723404255,3.8019586134621424
29102,spaq,spaq/08905,/home/sergey/iqa-data/spaq/SPAQ/TestImage/08905.jpg,0.5698936170212766,4.438929494671856
29114,spaq,spaq/08917,/home/sergey/iqa-data/spaq/SPAQ/TestImage/08917.jpg,0.5726595744680851,5.802622998540749
29129,spaq,spaq/08932,/home/sergey/iqa-data/spaq/SPAQ/TestImage/08932.jpg,0.0088297872340425,7.35183495977111
29135,spaq,spaq/08938,/home/sergey/iqa-data/spaq/SPAQ/TestImage/08938.jpg,0.7109574468085106,4.438196418160483
29137,spaq,spaq/08940,/home/sergey/iqa-data/spaq/SPAQ/TestImage/08940.jpg,0.1311702127659574,7.795341676140501
29141,spaq,spaq/08944,/home/sergey/iqa-data/spaq/SPAQ/TestImage/08944.jpg,0.3563829787234042,5.959089866329008
29148,spaq,spaq/08951,/home/sergey/iqa-data/spaq/SPAQ/TestImage/08951.jpg,0.7109574468085106,3.0258053927339437
29149,spaq,spaq/08952,/home/sergey/iqa-data/spaq/SPAQ/TestImage/08952.jpg,0.2287234042553191,6.898906687580335
29156,spaq,spaq/08959,/home/sergey/iqa-data/spaq/SPAQ/TestImage/08959.jpg,0.3156382978723404,7.633239666907393
29158,spaq,spaq/08961,/home/sergey/iqa-data/spaq/SPAQ/TestImage/08961.jpg,0.7006382978723404,4.0874792563330224
29167,spaq,spaq/08970,/home/sergey/iqa-data/spaq/SPAQ/TestImage/08970.jpg,0.8206382978723404,4.676707750107649
29170,spaq,spaq/08973,/home/sergey/iqa-data/spaq/SPAQ/TestImage/08973.jpg,0.8328723404255319,5.822969245540107
29187,spaq,spaq/08990,/home/sergey/iqa-data/spaq/SPAQ/TestImage/08990.jpg,0.8324468085106383,3.524319844618977
29195,spaq,spaq/08998,/home/sergey/iqa-data/spaq/SPAQ/TestImage/08998.jpg,0.4851063829787234,5.323939082228822
29198,spaq,spaq/09001,/home/sergey/iqa-data/spaq/SPAQ/TestImage/09001.jpg,0.5562765957446808,5.82433776404961
29201,spaq,spaq/09004,/home/sergey/iqa-data/spaq/SPAQ/TestImage/09004.jpg,0.8492553191489361,6.341747877942044
29202,spaq,spaq/09005,/home/sergey/iqa-data/spaq/SPAQ/TestImage/09005.jpg,0.6843617021276596,5.0616260610076305
29208,spaq,spaq/09011,/home/sergey/iqa-data/spaq/SPAQ/TestImage/09011.jpg,0.7180851063829787,3.368877467617808
29224,spaq,spaq/09027,/home/sergey/iqa-data/spaq/SPAQ/TestImage/09027.jpg,0.6152127659574468,3.585372346280963
29227,spaq,spaq/09030,/home/sergey/iqa-data/spaq/SPAQ/TestImage/09030.jpg,0.7925531914893617,5.430335667825308
29237,spaq,spaq/09040,/home/sergey/iqa-data/spaq/SPAQ/TestImage/09040.jpg,0.6808510638297872,3.193447239308584
29242,spaq,spaq/09045,/home/sergey/iqa-data/spaq/SPAQ/TestImage/09045.jpg,0.0896808510638297,5.687016624377085
29248,spaq,spaq/09051,/home/sergey/iqa-data/spaq/SPAQ/TestImage/09051.jpg,0.3430851063829787,6.79006656849224
29258,spaq,spaq/09061,/home/sergey/iqa-data/spaq/SPAQ/TestImage/09061.jpg,0.6258510638297872,3.982548512791575
29260,spaq,spaq/09063,/home/sergey/iqa-data/spaq/SPAQ/TestImage/09063.jpg,0.7212765957446808,3.7693062164248707
29261,spaq,spaq/09064,/home/sergey/iqa-data/spaq/SPAQ/TestImage/09064.jpg,0.897127659574468,3.566570883556748
29264,spaq,spaq/09067,/home/sergey/iqa-data/spaq/SPAQ/TestImage/09067.jpg,0.6787234042553191,7.864520579114291
29288,spaq,spaq/09091,/home/sergey/iqa-data/spaq/SPAQ/TestImage/09091.jpg,0.1489361702127659,5.3884669072933
29289,spaq,spaq/09092,/home/sergey/iqa-data/spaq/SPAQ/TestImage/09092.jpg,0.6978723404255318,4.892905780085752
29298,spaq,spaq/09101,/home/sergey/iqa-data/spaq/SPAQ/TestImage/09101.jpg,0.425531914893617,11.189695206987414
29305,spaq,spaq/09108,/home/sergey/iqa-data/spaq/SPAQ/TestImage/09108.jpg,0.4556382978723404,7.158810009048222
29318,spaq,spaq/09121,/home/sergey/iqa-data/spaq/SPAQ/TestImage/09121.jpg,0.3758510638297872,6.807163740822643
29319,spaq,spaq/09122,/home/sergey/iqa-data/spaq/SPAQ/TestImage/09122.jpg,0.3617021276595745,4.310178177895657
29322,spaq,spaq/09125,/home/sergey/iqa-data/spaq/SPAQ/TestImage/09125.jpg,0.8085106382978723,4.405485688512343
29332,spaq,spaq/09135,/home/sergey/iqa-data/spaq/SPAQ/TestImage/09135.jpg,0.7574468085106383,5.197407317494555
29334,spaq,spaq/09137,/home/sergey/iqa-data/spaq/SPAQ/TestImage/09137.jpg,0.4957446808510638,3.6888016818065967
29336,spaq,spaq/09139,/home/sergey/iqa-data/spaq/SPAQ/TestImage/09139.jpg,0.2780851063829787,7.492833916310508
29340,spaq,spaq/09143,/home/sergey/iqa-data/spaq/SPAQ/TestImage/09143.jpg,0.7787234042553192,4.963421427472491
29343,spaq,spaq/09146,/home/sergey/iqa-data/spaq/SPAQ/TestImage/09146.jpg,0.648936170212766,6.359926810903188
29347,spaq,spaq/09150,/home/sergey/iqa-data/spaq/SPAQ/TestImage/09150.jpg,0.8170212765957446,5.135589503564514
29353,spaq,spaq/09156,/home/sergey/iqa-data/spaq/SPAQ/TestImage/09156.jpg,0.4297872340425532,5.833529056584968
29354,spaq,spaq/09157,/home/sergey/iqa-data/spaq/SPAQ/TestImage/09157.jpg,0.374468085106383,7.8043712622317996
29359,spaq,spaq/09162,/home/sergey/iqa-data/spaq/SPAQ/TestImage/09162.jpg,0.6329787234042553,4.032444859906836
29361,spaq,spaq/09164,/home/sergey/iqa-data/spaq/SPAQ/TestImage/09164.jpg,0.6702127659574468,5.106579413344537
29362,spaq,spaq/09165,/home/sergey/iqa-data/spaq/SPAQ/TestImage/09165.jpg,0.8031914893617021,4.133412152421591
29365,spaq,spaq/09168,/home/sergey/iqa-data/spaq/SPAQ/TestImage/09168.jpg,0.3382978723404255,7.778170373216971
29371,spaq,spaq/09174,/home/sergey/iqa-data/spaq/SPAQ/TestImage/09174.jpg,0.7148936170212766,6.254641904944099
29383,spaq,spaq/09186,/home/sergey/iqa-data/spaq/SPAQ/TestImage/09186.jpg,0.6831914893617022,5.778233081248948
29384,spaq,spaq/09187,/home/sergey/iqa-data/spaq/SPAQ/TestImage/09187.jpg,0.2943617021276596,5.2148563998424295
29386,spaq,spaq/09189,/home/sergey/iqa-data/spaq/SPAQ/TestImage/09189.jpg,0.4776595744680851,4.918071747339255
29387,spaq,spaq/09190,/home/sergey/iqa-data/spaq/SPAQ/TestImage/09190.jpg,0.721063829787234,3.010729016703086
29394,spaq,spaq/09197,/home/sergey/iqa-data/spaq/SPAQ/TestImage/09197.jpg,0.4597872340425532,4.352084264759707
29401,spaq,spaq/09204,/home/sergey/iqa-data/spaq/SPAQ/TestImage/09204.jpg,0.4815957446808511,7.795012325957683
29405,spaq,spaq/09208,/home/sergey/iqa-data/spaq/SPAQ/TestImage/09208.jpg,0.3918085106382978,7.570652352501276
29419,spaq,spaq/09222,/home/sergey/iqa-data/spaq/SPAQ/TestImage/09222.jpg,0.7481914893617021,3.5505163936699997
29432,spaq,spaq/09235,/home/sergey/iqa-data/spaq/SPAQ/TestImage/09235.jpg,0.6351063829787235,6.407114992019958
29437,spaq,spaq/09240,/home/sergey/iqa-data/spaq/SPAQ/TestImage/09240.jpg,0.1157446808510638,6.347285651705161
29440,spaq,spaq/09243,/home/sergey/iqa-data/spaq/SPAQ/TestImage/09243.jpg,0.3541489361702127,7.100937865738012
29443,spaq,spaq/09246,/home/sergey/iqa-data/spaq/SPAQ/TestImage/09246.jpg,0.647127659574468,4.6280158266498175
29450,spaq,spaq/09253,/home/sergey/iqa-data/spaq/SPAQ/TestImage/09253.jpg,0.7112765957446808,5.198143927846127
29451,spaq,spaq/09254,/home/sergey/iqa-data/spaq/SPAQ/TestImage/09254.jpg,0.0194680851063829,9.362564749553892
29453,spaq,spaq/09256,/home/sergey/iqa-data/spaq/SPAQ/TestImage/09256.jpg,0.4065957446808511,6.355241500774345
29454,spaq,spaq/09257,/home/sergey/iqa-data/spaq/SPAQ/TestImage/09257.jpg,0.2854255319148936,8.506002843491661
29458,spaq,spaq/09261,/home/sergey/iqa-data/spaq/SPAQ/TestImage/09261.jpg,0.4752127659574468,5.598042801811247
29460,spaq,spaq/09263,/home/sergey/iqa-data/spaq/SPAQ/TestImage/09263.jpg,0.6790425531914893,7.764153729130115
29463,spaq,spaq/09266,/home/sergey/iqa-data/spaq/SPAQ/TestImage/09266.jpg,0.7269148936170212,5.429376552505094
29466,spaq,spaq/09269,/home/sergey/iqa-data/spaq/SPAQ/TestImage/09269.jpg,0.5137234042553191,5.577475435534451
29473,spaq,spaq/09276,/home/sergey/iqa-data/spaq/SPAQ/TestImage/09276.jpg,0.535,3.7709083335779074
29477,spaq,spaq/09280,/home/sergey/iqa-data/spaq/SPAQ/TestImage/09280.jpg,0.1311702127659574,8.838883154779532
29482,spaq,spaq/09285,/home/sergey/iqa-data/spaq/SPAQ/TestImage/09285.jpg,0.6535106382978724,4.2518429654707335
29486,spaq,spaq/09289,/home/sergey/iqa-data/spaq/SPAQ/TestImage/09289.jpg,0.2162765957446808,5.393095354641716
29494,spaq,spaq/09297,/home/sergey/iqa-data/spaq/SPAQ/TestImage/09297.jpg,0.1648936170212765,6.059250870112606
29500,spaq,spaq/09303,/home/sergey/iqa-data/spaq/SPAQ/TestImage/09303.jpg,0.3209574468085107,5.614553770187693
29505,spaq,spaq/09308,/home/sergey/iqa-data/spaq/SPAQ/TestImage/09308.jpg,0.453936170212766,6.382105594675423
29514,spaq,spaq/09317,/home/sergey/iqa-data/spaq/SPAQ/TestImage/09317.jpg,0.5074468085106383,4.938155789421184
29516,spaq,spaq/09319,/home/sergey/iqa-data/spaq/SPAQ/TestImage/09319.jpg,0.3131914893617021,7.554403431862354
29531,spaq,spaq/09334,/home/sergey/iqa-data/spaq/SPAQ/TestImage/09334.jpg,0.6196808510638298,3.683908430660531
29535,spaq,spaq/09338,/home/sergey/iqa-data/spaq/SPAQ/TestImage/09338.jpg,0.8218085106382979,3.430633638915226
29541,spaq,spaq/09344,/home/sergey/iqa-data/spaq/SPAQ/TestImage/09344.jpg,0.3282978723404255,8.80790313550355
29543,spaq,spaq/09346,/home/sergey/iqa-data/spaq/SPAQ/TestImage/09346.jpg,0.8024468085106383,4.200849925806795
29549,spaq,spaq/09352,/home/sergey/iqa-data/spaq/SPAQ/TestImage/09352.jpg,0.3631914893617021,6.485490711373261
29567,spaq,spaq/09370,/home/sergey/iqa-data/spaq/SPAQ/TestImage/09370.jpg,0.4335106382978723,6.93102451144455
29572,spaq,spaq/09375,/home/sergey/iqa-data/spaq/SPAQ/TestImage/09375.jpg,0.3297872340425531,5.640994579450322
29575,spaq,spaq/09378,/home/sergey/iqa-data/spaq/SPAQ/TestImage/09378.jpg,0.2993617021276595,7.577470587851797
29579,spaq,spaq/09382,/home/sergey/iqa-data/spaq/SPAQ/TestImage/09382.jpg,0.196063829787234,6.975956528878834
29580,spaq,spaq/09383,/home/sergey/iqa-data/spaq/SPAQ/TestImage/09383.jpg,0.5975531914893617,4.271413346172289
29586,spaq,spaq/09389,/home/sergey/iqa-data/spaq/SPAQ/TestImage/09389.jpg,0.331595744680851,6.561101585636885
29588,spaq,spaq/09391,/home/sergey/iqa-data/spaq/SPAQ/TestImage/09391.jpg,0.796063829787234,2.770099403206823
29589,spaq,spaq/09392,/home/sergey/iqa-data/spaq/SPAQ/TestImage/09392.jpg,0.3989361702127659,6.617426453242697
29591,spaq,spaq/09394,/home/sergey/iqa-data/spaq/SPAQ/TestImage/09394.jpg,0.0673404255319149,7.624388851327995
29592,spaq,spaq/09395,/home/sergey/iqa-data/spaq/SPAQ/TestImage/09395.jpg,0.8067021276595745,4.942521899293426
29593,spaq,spaq/09396,/home/sergey/iqa-data/spaq/SPAQ/TestImage/09396.jpg,0.675531914893617,5.763617667652713
29598,spaq,spaq/09401,/home/sergey/iqa-data/spaq/SPAQ/TestImage/09401.jpg,0.8252127659574467,4.984267272661502
29601,spaq,spaq/09404,/home/sergey/iqa-data/spaq/SPAQ/TestImage/09404.jpg,0.7279787234042554,3.4509131077423585
29606,spaq,spaq/09409,/home/sergey/iqa-data/spaq/SPAQ/TestImage/09409.jpg,0.1762765957446808,4.6089947856106015
29610,spaq,spaq/09413,/home/sergey/iqa-data/spaq/SPAQ/TestImage/09413.jpg,0.8222340425531915,3.971948887840258
29612,spaq,spaq/09415,/home/sergey/iqa-data/spaq/SPAQ/TestImage/09415.jpg,0.1949999999999999,4.945943292624876
29613,spaq,spaq/09416,/home/sergey/iqa-data/spaq/SPAQ/TestImage/09416.jpg,0.0939361702127659,5.656770692960406
29614,spaq,spaq/09417,/home/sergey/iqa-data/spaq/SPAQ/TestImage/09417.jpg,0.0718085106382978,8.5748997016146
29620,spaq,spaq/09423,/home/sergey/iqa-data/spaq/SPAQ/TestImage/09423.jpg,0.0620212765957446,4.94732914465125
29636,spaq,spaq/09439,/home/sergey/iqa-data/spaq/SPAQ/TestImage/09439.jpg,0.055,5.4750975622124445
29639,spaq,spaq/09442,/home/sergey/iqa-data/spaq/SPAQ/TestImage/09442.jpg,0.7978723404255319,4.701988115633766
29644,spaq,spaq/09447,/home/sergey/iqa-data/spaq/SPAQ/TestImage/09447.jpg,0.1613829787234042,7.121891490176025
29645,spaq,spaq/09448,/home/sergey/iqa-data/spaq/SPAQ/TestImage/09448.jpg,0.0851063829787234,4.959061893647412
29648,spaq,spaq/09451,/home/sergey/iqa-data/spaq/SPAQ/TestImage/09451.jpg,0.7895744680851063,3.1062393623452658
29654,spaq,spaq/09457,/home/sergey/iqa-data/spaq/SPAQ/TestImage/09457.jpg,0.7411702127659575,3.7609322865677886
29667,spaq,spaq/09470,/home/sergey/iqa-data/spaq/SPAQ/TestImage/09470.jpg,0.8627659574468084,3.605848021674576
29669,spaq,spaq/09472,/home/sergey/iqa-data/spaq/SPAQ/TestImage/09472.jpg,0.8309574468085106,4.3661207817903716
29673,spaq,spaq/09476,/home/sergey/iqa-data/spaq/SPAQ/TestImage/09476.jpg,0.7127659574468085,4.557483399961217
29683,spaq,spaq/09486,/home/sergey/iqa-data/spaq/SPAQ/TestImage/09486.jpg,0.7340425531914894,4.085133902236634
29690,spaq,spaq/09493,/home/sergey/iqa-data/spaq/SPAQ/TestImage/09493.jpg,0.5191489361702127,3.4083441621657267
29695,spaq,spaq/09498,/home/sergey/iqa-data/spaq/SPAQ/TestImage/09498.jpg,0.776595744680851,3.601819487557806
29696,spaq,spaq/09499,/home/sergey/iqa-data/spaq/SPAQ/TestImage/09499.jpg,0.4645744680851064,5.944795734164572
29697,spaq,spaq/09500,/home/sergey/iqa-data/spaq/SPAQ/TestImage/09500.jpg,0.5861702127659575,6.6384740805907745
29701,spaq,spaq/09504,/home/sergey/iqa-data/spaq/SPAQ/TestImage/09504.jpg,0.7588297872340425,4.474835422973078
29717,spaq,spaq/09520,/home/sergey/iqa-data/spaq/SPAQ/TestImage/09520.jpg,0.2593617021276596,7.274563718126916
29718,spaq,spaq/09521,/home/sergey/iqa-data/spaq/SPAQ/TestImage/09521.jpg,0.758404255319149,4.9662741976650375
29720,spaq,spaq/09523,/home/sergey/iqa-data/spaq/SPAQ/TestImage/09523.jpg,0.7461702127659574,5.808905435187299
29721,spaq,spaq/09524,/home/sergey/iqa-data/spaq/SPAQ/TestImage/09524.jpg,0.5372340425531915,4.642023530302211
29724,spaq,spaq/09527,/home/sergey/iqa-data/spaq/SPAQ/TestImage/09527.jpg,0.2872340425531915,4.32998090519376
29729,spaq,spaq/09532,/home/sergey/iqa-data/spaq/SPAQ/TestImage/09532.jpg,0.4095744680851064,7.87211510751386
29730,spaq,spaq/09533,/home/sergey/iqa-data/spaq/SPAQ/TestImage/09533.jpg,0.2747872340425532,5.0613084579588286
29731,spaq,spaq/09534,/home/sergey/iqa-data/spaq/SPAQ/TestImage/09534.jpg,0.2446808510638297,6.946551773138819
29732,spaq,spaq/09535,/home/sergey/iqa-data/spaq/SPAQ/TestImage/09535.jpg,0.2518085106382979,5.506840376253657
29736,spaq,spaq/09539,/home/sergey/iqa-data/spaq/SPAQ/TestImage/09539.jpg,0.6773404255319149,4.111052742122087
29739,spaq,spaq/09542,/home/sergey/iqa-data/spaq/SPAQ/TestImage/09542.jpg,0.6188297872340426,3.9237677327301332
29746,spaq,spaq/09549,/home/sergey/iqa-data/spaq/SPAQ/TestImage/09549.jpg,0.5035106382978723,9.782120375321432
29748,spaq,spaq/09551,/home/sergey/iqa-data/spaq/SPAQ/TestImage/09551.jpg,0.5167021276595745,4.337261443571058
29754,spaq,spaq/09557,/home/sergey/iqa-data/spaq/SPAQ/TestImage/09557.jpg,0.4286170212765957,4.1874621107821115
29759,spaq,spaq/09562,/home/sergey/iqa-data/spaq/SPAQ/TestImage/09562.jpg,0.695,4.772599972067211
29772,spaq,spaq/09575,/home/sergey/iqa-data/spaq/SPAQ/TestImage/09575.jpg,0.3120212765957447,7.227393550668611
29773,spaq,spaq/09576,/home/sergey/iqa-data/spaq/SPAQ/TestImage/09576.jpg,0.5152127659574468,3.4292217768971165
29774,spaq,spaq/09577,/home/sergey/iqa-data/spaq/SPAQ/TestImage/09577.jpg,0.3031914893617021,6.426108694284231
29791,spaq,spaq/09594,/home/sergey/iqa-data/spaq/SPAQ/TestImage/09594.jpg,0.9224468085106382,5.141384316599558
29795,spaq,spaq/09598,/home/sergey/iqa-data/spaq/SPAQ/TestImage/09598.jpg,0.0656382978723404,9.593985396054125
29796,spaq,spaq/09599,/home/sergey/iqa-data/spaq/SPAQ/TestImage/09599.jpg,0.7720212765957446,3.349905808666332
29798,spaq,spaq/09601,/home/sergey/iqa-data/spaq/SPAQ/TestImage/09601.jpg,0.852872340425532,5.216781479132732
29799,spaq,spaq/09602,/home/sergey/iqa-data/spaq/SPAQ/TestImage/09602.jpg,0.4787234042553192,4.399631911112973
29806,spaq,spaq/09609,/home/sergey/iqa-data/spaq/SPAQ/TestImage/09609.jpg,0.4077659574468085,8.32389023097653
29813,spaq,spaq/09616,/home/sergey/iqa-data/spaq/SPAQ/TestImage/09616.jpg,0.2943617021276596,5.67228727444522
29821,spaq,spaq/09624,/home/sergey/iqa-data/spaq/SPAQ/TestImage/09624.jpg,0.555,5.765574922089572
29822,spaq,spaq/09625,/home/sergey/iqa-data/spaq/SPAQ/TestImage/09625.jpg,0.4521276595744681,3.8688023778684286
29825,spaq,spaq/09628,/home/sergey/iqa-data/spaq/SPAQ/TestImage/09628.jpg,0.5762765957446808,4.247615549155357
29845,spaq,spaq/09648,/home/sergey/iqa-data/spaq/SPAQ/TestImage/09648.jpg,0.0779787234042553,8.998405196094566
29846,spaq,spaq/09649,/home/sergey/iqa-data/spaq/SPAQ/TestImage/09649.jpg,0.2411702127659574,6.6785841420068115
29849,spaq,spaq/09652,/home/sergey/iqa-data/spaq/SPAQ/TestImage/09652.jpg,0.4281914893617021,5.1888850882314435
29853,spaq,spaq/09656,/home/sergey/iqa-data/spaq/SPAQ/TestImage/09656.jpg,0.8617021276595744,5.198460365704278
29860,spaq,spaq/09663,/home/sergey/iqa-data/spaq/SPAQ/TestImage/09663.jpg,0.9175531914893617,3.488934641582749
29861,spaq,spaq/09664,/home/sergey/iqa-data/spaq/SPAQ/TestImage/09664.jpg,0.6542553191489362,7.8641608712320785
29864,spaq,spaq/09667,/home/sergey/iqa-data/spaq/SPAQ/TestImage/09667.jpg,0.7723404255319148,3.9922436958821383
29869,spaq,spaq/09672,/home/sergey/iqa-data/spaq/SPAQ/TestImage/09672.jpg,0.7845744680851063,4.15152250469176
29876,spaq,spaq/09679,/home/sergey/iqa-data/spaq/SPAQ/TestImage/09679.jpg,0.3085106382978723,6.331224336150479
29878,spaq,spaq/09681,/home/sergey/iqa-data/spaq/SPAQ/TestImage/09681.jpg,0.1622340425531915,8.485817455682419
29881,spaq,spaq/09684,/home/sergey/iqa-data/spaq/SPAQ/TestImage/09684.jpg,0.6276595744680851,4.41063024678507
29884,spaq,spaq/09687,/home/sergey/iqa-data/spaq/SPAQ/TestImage/09687.jpg,0.8553191489361702,3.659619660804294
29885,spaq,spaq/09688,/home/sergey/iqa-data/spaq/SPAQ/TestImage/09688.jpg,0.8058510638297872,5.4682660948157675
29890,spaq,spaq/09693,/home/sergey/iqa-data/spaq/SPAQ/TestImage/09693.jpg,0.7276595744680852,5.580228323554722
29900,spaq,spaq/09703,/home/sergey/iqa-data/spaq/SPAQ/TestImage/09703.jpg,0.7845744680851063,4.591794285107587
29903,spaq,spaq/09706,/home/sergey/iqa-data/spaq/SPAQ/TestImage/09706.jpg,0.476063829787234,6.8408027422587665
29905,spaq,spaq/09708,/home/sergey/iqa-data/spaq/SPAQ/TestImage/09708.jpg,0.7553191489361702,5.092057732495141
29907,spaq,spaq/09710,/home/sergey/iqa-data/spaq/SPAQ/TestImage/09710.jpg,0.8617021276595744,5.215604065043071
29908,spaq,spaq/09711,/home/sergey/iqa-data/spaq/SPAQ/TestImage/09711.jpg,0.5824468085106383,4.238126451653398
29918,spaq,spaq/09721,/home/sergey/iqa-data/spaq/SPAQ/TestImage/09721.jpg,0.851063829787234,3.0933598221165606
29925,spaq,spaq/09728,/home/sergey/iqa-data/spaq/SPAQ/TestImage/09728.jpg,0.5771276595744681,5.309862434152497
29936,spaq,spaq/09739,/home/sergey/iqa-data/spaq/SPAQ/TestImage/09739.jpg,0.3238297872340425,5.77524311648808
29937,spaq,spaq/09740,/home/sergey/iqa-data/spaq/SPAQ/TestImage/09740.jpg,0.4479787234042553,6.360679190759134
29940,spaq,spaq/09743,/home/sergey/iqa-data/spaq/SPAQ/TestImage/09743.jpg,0.9042553191489362,5.787904590518103
29942,spaq,spaq/09745,/home/sergey/iqa-data/spaq/SPAQ/TestImage/09745.jpg,0.1690425531914893,5.154896659454298
29949,spaq,spaq/09752,/home/sergey/iqa-data/spaq/SPAQ/TestImage/09752.jpg,0.591063829787234,4.981463116495187
29957,spaq,spaq/09760,/home/sergey/iqa-data/spaq/SPAQ/TestImage/09760.jpg,0.8404255319148937,3.490649129632872
29958,spaq,spaq/09761,/home/sergey/iqa-data/spaq/SPAQ/TestImage/09761.jpg,0.6052127659574468,4.151781357705032
29961,spaq,spaq/09764,/home/sergey/iqa-data/spaq/SPAQ/TestImage/09764.jpg,0.2223404255319148,8.959069711435435
29962,spaq,spaq/09765,/home/sergey/iqa-data/spaq/SPAQ/TestImage/09765.jpg,0.5067021276595745,3.224272539266101
29964,spaq,spaq/09767,/home/sergey/iqa-data/spaq/SPAQ/TestImage/09767.jpg,0.2141489361702127,8.217978824322204
29975,spaq,spaq/09778,/home/sergey/iqa-data/spaq/SPAQ/TestImage/09778.jpg,0.5448936170212766,6.662156630261079
29983,spaq,spaq/09786,/home/sergey/iqa-data/spaq/SPAQ/TestImage/09786.jpg,0.3588297872340425,2.6040123329811102
29994,spaq,spaq/09797,/home/sergey/iqa-data/spaq/SPAQ/TestImage/09797.jpg,0.5664893617021277,5.3905592131003335
29997,spaq,spaq/09800,/home/sergey/iqa-data/spaq/SPAQ/TestImage/09800.jpg,0.2247872340425531,6.561320180249361
29998,spaq,spaq/09801,/home/sergey/iqa-data/spaq/SPAQ/TestImage/09801.jpg,0.5060638297872341,6.63676208373738
30003,spaq,spaq/09806,/home/sergey/iqa-data/spaq/SPAQ/TestImage/09806.jpg,0.8361702127659574,3.855902389237061
30015,spaq,spaq/09818,/home/sergey/iqa-data/spaq/SPAQ/TestImage/09818.jpg,0.4741489361702127,6.381563941994547
30016,spaq,spaq/09819,/home/sergey/iqa-data/spaq/SPAQ/TestImage/09819.jpg,0.9301063829787236,4.0890044248528215
30023,spaq,spaq/09826,/home/sergey/iqa-data/spaq/SPAQ/TestImage/09826.jpg,0.3191489361702128,9.474831951353645
30031,spaq,spaq/09834,/home/sergey/iqa-data/spaq/SPAQ/TestImage/09834.jpg,0.3723404255319149,4.123902241230753
30044,spaq,spaq/09847,/home/sergey/iqa-data/spaq/SPAQ/TestImage/09847.jpg,0.496063829787234,5.635174281820098
30060,spaq,spaq/09863,/home/sergey/iqa-data/spaq/SPAQ/TestImage/09863.jpg,0.4322340425531915,7.478519284219337
30061,spaq,spaq/09864,/home/sergey/iqa-data/spaq/SPAQ/TestImage/09864.jpg,0.7461702127659574,3.939343383084548
30075,spaq,spaq/09878,/home/sergey/iqa-data/spaq/SPAQ/TestImage/09878.jpg,0.2553191489361702,6.590430079707634
30076,spaq,spaq/09879,/home/sergey/iqa-data/spaq/SPAQ/TestImage/09879.jpg,0.1957446808510638,6.918283778918356
30084,spaq,spaq/09887,/home/sergey/iqa-data/spaq/SPAQ/TestImage/09887.jpg,0.5106382978723404,8.098440067777133
30087,spaq,spaq/09890,/home/sergey/iqa-data/spaq/SPAQ/TestImage/09890.jpg,0.6914893617021277,3.92445574028874
30092,spaq,spaq/09895,/home/sergey/iqa-data/spaq/SPAQ/TestImage/09895.jpg,0.4319148936170213,5.774941316756678
30094,spaq,spaq/09897,/home/sergey/iqa-data/spaq/SPAQ/TestImage/09897.jpg,0.726063829787234,4.0150490836172255
30095,spaq,spaq/09898,/home/sergey/iqa-data/spaq/SPAQ/TestImage/09898.jpg,0.7393617021276596,3.628710482577007
30098,spaq,spaq/09901,/home/sergey/iqa-data/spaq/SPAQ/TestImage/09901.jpg,0.3696808510638298,6.685200166144716
30100,spaq,spaq/09903,/home/sergey/iqa-data/spaq/SPAQ/TestImage/09903.jpg,0.7428723404255319,5.4209167756057175
30103,spaq,spaq/09906,/home/sergey/iqa-data/spaq/SPAQ/TestImage/09906.jpg,0.6037234042553191,5.366973244687439
30108,spaq,spaq/09911,/home/sergey/iqa-data/spaq/SPAQ/TestImage/09911.jpg,0.3127659574468085,7.209928446651249
30109,spaq,spaq/09912,/home/sergey/iqa-data/spaq/SPAQ/TestImage/09912.jpg,0.3138297872340425,5.446596987113119
30110,spaq,spaq/09913,/home/sergey/iqa-data/spaq/SPAQ/TestImage/09913.jpg,0.324468085106383,6.143379409662264
30120,spaq,spaq/09923,/home/sergey/iqa-data/spaq/SPAQ/TestImage/09923.jpg,0.1106382978723404,4.484327393990309
30121,spaq,spaq/09924,/home/sergey/iqa-data/spaq/SPAQ/TestImage/09924.jpg,0.5936170212765958,4.911749355974483
30123,spaq,spaq/09926,/home/sergey/iqa-data/spaq/SPAQ/TestImage/09926.jpg,0.7021276595744681,4.01910676333874
30127,spaq,spaq/09930,/home/sergey/iqa-data/spaq/SPAQ/TestImage/09930.jpg,0.6143617021276596,4.2267366930592365
30128,spaq,spaq/09931,/home/sergey/iqa-data/spaq/SPAQ/TestImage/09931.jpg,0.5398936170212766,5.667111749699072
30143,spaq,spaq/09946,/home/sergey/iqa-data/spaq/SPAQ/TestImage/09946.jpg,0.1507446808510638,6.2381270498591475
30144,spaq,spaq/09947,/home/sergey/iqa-data/spaq/SPAQ/TestImage/09947.jpg,0.5288297872340426,8.771417445121772
30147,spaq,spaq/09950,/home/sergey/iqa-data/spaq/SPAQ/TestImage/09950.jpg,0.4928723404255319,4.9803830421587465
30149,spaq,spaq/09952,/home/sergey/iqa-data/spaq/SPAQ/TestImage/09952.jpg,0.3457446808510638,6.932814723318803
30158,spaq,spaq/09961,/home/sergey/iqa-data/spaq/SPAQ/TestImage/09961.jpg,0.1762765957446808,5.063186224473917
30159,spaq,spaq/09962,/home/sergey/iqa-data/spaq/SPAQ/TestImage/09962.jpg,0.6720212765957447,4.9053996631185175
30160,spaq,spaq/09963,/home/sergey/iqa-data/spaq/SPAQ/TestImage/09963.jpg,0.2837234042553191,5.2232170683641
30161,spaq,spaq/09964,/home/sergey/iqa-data/spaq/SPAQ/TestImage/09964.jpg,0.7145744680851064,3.6841110642597963
30166,spaq,spaq/09969,/home/sergey/iqa-data/spaq/SPAQ/TestImage/09969.jpg,0.1454255319148936,7.934501736093634
30169,spaq,spaq/09972,/home/sergey/iqa-data/spaq/SPAQ/TestImage/09972.jpg,0.5035106382978723,4.568175107890007
30173,spaq,spaq/09976,/home/sergey/iqa-data/spaq/SPAQ/TestImage/09976.jpg,0.6428723404255319,4.139235570913048
30175,spaq,spaq/09978,/home/sergey/iqa-data/spaq/SPAQ/TestImage/09978.jpg,0.5832978723404255,4.884959053067812
30180,spaq,spaq/09983,/home/sergey/iqa-data/spaq/SPAQ/TestImage/09983.jpg,0.5869148936170213,3.8868571017760685
30183,spaq,spaq/09986,/home/sergey/iqa-data/spaq/SPAQ/TestImage/09986.jpg,0.7215957446808511,3.783192819221541
30185,spaq,spaq/09988,/home/sergey/iqa-data/spaq/SPAQ/TestImage/09988.jpg,0.046063829787234,6.092438706932908
30186,spaq,spaq/09989,/home/sergey/iqa-data/spaq/SPAQ/TestImage/09989.jpg,0.1648936170212765,7.132001076393721
30191,spaq,spaq/09994,/home/sergey/iqa-data/spaq/SPAQ/TestImage/09994.jpg,0.5177659574468085,4.845476346160651
30192,spaq,spaq/09995,/home/sergey/iqa-data/spaq/SPAQ/TestImage/09995.jpg,0.6986170212765958,5.01979101831494
30198,spaq,spaq/10001,/home/sergey/iqa-data/spaq/SPAQ/TestImage/10001.jpg,0.6276595744680851,5.335732789266198
30199,spaq,spaq/10002,/home/sergey/iqa-data/spaq/SPAQ/TestImage/10002.jpg,0.6298936170212766,4.249503983902965
30201,spaq,spaq/10004,/home/sergey/iqa-data/spaq/SPAQ/TestImage/10004.jpg,0.3475531914893617,5.394548501527461
30202,spaq,spaq/10005,/home/sergey/iqa-data/spaq/SPAQ/TestImage/10005.jpg,0.2109574468085106,7.359602081574424
30205,spaq,spaq/10008,/home/sergey/iqa-data/spaq/SPAQ/TestImage/10008.jpg,0.6352127659574468,5.095787316636335
30212,spaq,spaq/10015,/home/sergey/iqa-data/spaq/SPAQ/TestImage/10015.jpg,0.642340425531915,4.22358205967196
30214,spaq,spaq/10017,/home/sergey/iqa-data/spaq/SPAQ/TestImage/10017.jpg,0.5060638297872341,6.2662929699303875
30216,spaq,spaq/10019,/home/sergey/iqa-data/spaq/SPAQ/TestImage/10019.jpg,0.2880851063829787,6.602084608352076
30218,spaq,spaq/10021,/home/sergey/iqa-data/spaq/SPAQ/TestImage/10021.jpg,0.4124468085106383,3.5164604975970115
30221,spaq,spaq/10024,/home/sergey/iqa-data/spaq/SPAQ/TestImage/10024.jpg,0.2491489361702127,5.862901623431982
30226,spaq,spaq/10029,/home/sergey/iqa-data/spaq/SPAQ/TestImage/10029.jpg,0.8224468085106383,3.574598819232928
30232,spaq,spaq/10035,/home/sergey/iqa-data/spaq/SPAQ/TestImage/10035.jpg,0.9179787234042552,4.360201708892957
30234,spaq,spaq/10037,/home/sergey/iqa-data/spaq/SPAQ/TestImage/10037.jpg,0.4035106382978723,3.2172335057151265
30237,spaq,spaq/10040,/home/sergey/iqa-data/spaq/SPAQ/TestImage/10040.jpg,0.306063829787234,6.295635462399688
30250,spaq,spaq/10053,/home/sergey/iqa-data/spaq/SPAQ/TestImage/10053.jpg,0.7172340425531915,3.58814946889138
30251,spaq,spaq/10054,/home/sergey/iqa-data/spaq/SPAQ/TestImage/10054.jpg,0.601063829787234,5.920309929993304
30257,spaq,spaq/10060,/home/sergey/iqa-data/spaq/SPAQ/TestImage/10060.jpg,0.3698936170212766,6.277478026610004
30262,spaq,spaq/10065,/home/sergey/iqa-data/spaq/SPAQ/TestImage/10065.jpg,0.8142553191489362,3.4611474395333715
30263,spaq,spaq/10066,/home/sergey/iqa-data/spaq/SPAQ/TestImage/10066.jpg,0.6480851063829788,3.469100206240063
30268,spaq,spaq/10071,/home/sergey/iqa-data/spaq/SPAQ/TestImage/10071.jpg,0.2514893617021276,6.986543518316006
30275,spaq,spaq/10078,/home/sergey/iqa-data/spaq/SPAQ/TestImage/10078.jpg,0.2162765957446808,6.868961817113714
30281,spaq,spaq/10084,/home/sergey/iqa-data/spaq/SPAQ/TestImage/10084.jpg,0.3551063829787234,7.1560756138675155
30286,spaq,spaq/10089,/home/sergey/iqa-data/spaq/SPAQ/TestImage/10089.jpg,0.4973404255319149,4.870192825424866
30289,spaq,spaq/10092,/home/sergey/iqa-data/spaq/SPAQ/TestImage/10092.jpg,0.7567021276595745,3.9782278535207913
30292,spaq,spaq/10095,/home/sergey/iqa-data/spaq/SPAQ/TestImage/10095.jpg,0.3817021276595745,14.194652724281886
30300,spaq,spaq/10103,/home/sergey/iqa-data/spaq/SPAQ/TestImage/10103.jpg,0.1968085106382978,6.973360374207519
30301,spaq,spaq/10104,/home/sergey/iqa-data/spaq/SPAQ/TestImage/10104.jpg,0.2620212765957446,6.908403720794326
30304,spaq,spaq/10107,/home/sergey/iqa-data/spaq/SPAQ/TestImage/10107.jpg,0.3989361702127659,5.224210767199272
30312,spaq,spaq/10115,/home/sergey/iqa-data/spaq/SPAQ/TestImage/10115.jpg,0.4348936170212766,4.383901332671986
30320,spaq,spaq/10123,/home/sergey/iqa-data/spaq/SPAQ/TestImage/10123.jpg,0.8430851063829787,5.005303232776633
30325,spaq,spaq/10128,/home/sergey/iqa-data/spaq/SPAQ/TestImage/10128.jpg,0.8098936170212766,4.310691075271822
30329,spaq,spaq/10132,/home/sergey/iqa-data/spaq/SPAQ/TestImage/10132.jpg,0.2487234042553191,5.355068368655094
30338,spaq,spaq/10141,/home/sergey/iqa-data/spaq/SPAQ/TestImage/10141.jpg,0.8843617021276595,3.782979305173732
30345,spaq,spaq/10148,/home/sergey/iqa-data/spaq/SPAQ/TestImage/10148.jpg,0.6848936170212766,5.0243601363619455
30360,spaq,spaq/10163,/home/sergey/iqa-data/spaq/SPAQ/TestImage/10163.jpg,0.7112765957446808,3.8426996642648983
30364,spaq,spaq/10167,/home/sergey/iqa-data/spaq/SPAQ/TestImage/10167.jpg,0.264468085106383,6.307117359398143
30384,spaq,spaq/10187,/home/sergey/iqa-data/spaq/SPAQ/TestImage/10187.jpg,0.8206382978723404,3.8865893895619243
30387,spaq,spaq/10190,/home/sergey/iqa-data/spaq/SPAQ/TestImage/10190.jpg,0.5562765957446808,5.104353869033781
30390,spaq,spaq/10193,/home/sergey/iqa-data/spaq/SPAQ/TestImage/10193.jpg,0.6170212765957447,4.464060039321325
30394,spaq,spaq/10197,/home/sergey/iqa-data/spaq/SPAQ/TestImage/10197.jpg,0.4969148936170213,4.876418414753832
30400,spaq,spaq/10203,/home/sergey/iqa-data/spaq/SPAQ/TestImage/10203.jpg,0.6322340425531915,5.357743331595518
30408,spaq,spaq/10211,/home/sergey/iqa-data/spaq/SPAQ/TestImage/10211.jpg,0.6003191489361702,5.464069404892654
30409,spaq,spaq/10212,/home/sergey/iqa-data/spaq/SPAQ/TestImage/10212.jpg,0.6458510638297873,7.7929380887273245
30413,spaq,spaq/10216,/home/sergey/iqa-data/spaq/SPAQ/TestImage/10216.jpg,0.8191489361702128,5.114190362354206
30426,spaq,spaq/10229,/home/sergey/iqa-data/spaq/SPAQ/TestImage/10229.jpg,0.741595744680851,5.956518725134364
30427,spaq,spaq/10230,/home/sergey/iqa-data/spaq/SPAQ/TestImage/10230.jpg,0.4893617021276595,4.651642924421568
30433,spaq,spaq/10236,/home/sergey/iqa-data/spaq/SPAQ/TestImage/10236.jpg,0.3754255319148936,7.226499903213783
30441,spaq,spaq/10244,/home/sergey/iqa-data/spaq/SPAQ/TestImage/10244.jpg,0.2859574468085106,8.825253631939452
30444,spaq,spaq/10247,/home/sergey/iqa-data/spaq/SPAQ/TestImage/10247.jpg,0.6210638297872341,4.938155789421184
30451,spaq,spaq/10254,/home/sergey/iqa-data/spaq/SPAQ/TestImage/10254.jpg,0.3763829787234042,10.786613865341769
30455,spaq,spaq/10258,/home/sergey/iqa-data/spaq/SPAQ/TestImage/10258.jpg,0.6077659574468085,7.246766878761114
30461,spaq,spaq/10264,/home/sergey/iqa-data/spaq/SPAQ/TestImage/10264.jpg,0.5345744680851063,7.616012460057226
30463,spaq,spaq/10266,/home/sergey/iqa-data/spaq/SPAQ/TestImage/10266.jpg,0.2526595744680851,6.096314934498568
30466,spaq,spaq/10269,/home/sergey/iqa-data/spaq/SPAQ/TestImage/10269.jpg,0.8058510638297872,6.835634433866332
30470,spaq,spaq/10273,/home/sergey/iqa-data/spaq/SPAQ/TestImage/10273.jpg,0.820531914893617,3.3289444254734337
30485,spaq,spaq/10288,/home/sergey/iqa-data/spaq/SPAQ/TestImage/10288.jpg,0.2806382978723404,7.074877793468296
30489,spaq,spaq/10292,/home/sergey/iqa-data/spaq/SPAQ/TestImage/10292.jpg,0.3497872340425532,9.13242395057416
30493,spaq,spaq/10296,/home/sergey/iqa-data/spaq/SPAQ/TestImage/10296.jpg,0.2720212765957447,5.916144773922508
30496,spaq,spaq/10299,/home/sergey/iqa-data/spaq/SPAQ/TestImage/10299.jpg,0.3328723404255319,6.091375219736079
30504,spaq,spaq/10307,/home/sergey/iqa-data/spaq/SPAQ/TestImage/10307.jpg,0.5197872340425532,7.976689081484503
30513,spaq,spaq/10316,/home/sergey/iqa-data/spaq/SPAQ/TestImage/10316.jpg,0.7606382978723404,3.758329295154013
30535,spaq,spaq/10338,/home/sergey/iqa-data/spaq/SPAQ/TestImage/10338.jpg,0.5,6.011867142230649
30537,spaq,spaq/10340,/home/sergey/iqa-data/spaq/SPAQ/TestImage/10340.jpg,0.4635106382978723,5.668621143309
30543,spaq,spaq/10346,/home/sergey/iqa-data/spaq/SPAQ/TestImage/10346.jpg,0.539468085106383,6.047094155595694
30548,spaq,spaq/10351,/home/sergey/iqa-data/spaq/SPAQ/TestImage/10351.jpg,0.8996808510638297,6.316511979893735
30553,spaq,spaq/10356,/home/sergey/iqa-data/spaq/SPAQ/TestImage/10356.jpg,0.6717021276595745,4.240116639255815
30556,spaq,spaq/10359,/home/sergey/iqa-data/spaq/SPAQ/TestImage/10359.jpg,0.7264893617021277,4.954646482360638
30558,spaq,spaq/10361,/home/sergey/iqa-data/spaq/SPAQ/TestImage/10361.jpg,0.7819148936170213,3.53874112093974
30569,spaq,spaq/10372,/home/sergey/iqa-data/spaq/SPAQ/TestImage/10372.jpg,0.5603191489361702,5.5475773042820755
30574,spaq,spaq/10377,/home/sergey/iqa-data/spaq/SPAQ/TestImage/10377.jpg,0.7464893617021277,4.273194026029441
30579,spaq,spaq/10382,/home/sergey/iqa-data/spaq/SPAQ/TestImage/10382.jpg,0.8688297872340426,4.833958284330714
30582,spaq,spaq/10385,/home/sergey/iqa-data/spaq/SPAQ/TestImage/10385.jpg,0.7003191489361702,2.829019148233658
30587,spaq,spaq/10390,/home/sergey/iqa-data/spaq/SPAQ/TestImage/10390.jpg,0.4202127659574468,7.294550395708658
30592,spaq,spaq/10395,/home/sergey/iqa-data/spaq/SPAQ/TestImage/10395.jpg,0.278404255319149,8.305841024932906
30593,spaq,spaq/10396,/home/sergey/iqa-data/spaq/SPAQ/TestImage/10396.jpg,0.6418085106382978,4.994109349553757
30600,spaq,spaq/10403,/home/sergey/iqa-data/spaq/SPAQ/TestImage/10403.jpg,0.7553191489361702,4.1814176030314565
30601,spaq,spaq/10404,/home/sergey/iqa-data/spaq/SPAQ/TestImage/10404.jpg,0.3173404255319149,3.9763795677381406
30608,spaq,spaq/10411,/home/sergey/iqa-data/spaq/SPAQ/TestImage/10411.jpg,0.2162765957446808,5.903236836965487
30609,spaq,spaq/10412,/home/sergey/iqa-data/spaq/SPAQ/TestImage/10412.jpg,0.7446808510638298,5.584302189895671
30613,spaq,spaq/10416,/home/sergey/iqa-data/spaq/SPAQ/TestImage/10416.jpg,0.1319148936170212,6.202768344290035
30616,spaq,spaq/10419,/home/sergey/iqa-data/spaq/SPAQ/TestImage/10419.jpg,0.4220212765957447,5.126317068640791
30629,spaq,spaq/10432,/home/sergey/iqa-data/spaq/SPAQ/TestImage/10432.jpg,0.3297872340425531,5.948292129021988
30631,spaq,spaq/10434,/home/sergey/iqa-data/spaq/SPAQ/TestImage/10434.jpg,0.2518085106382979,5.471090274375516
30632,spaq,spaq/10435,/home/sergey/iqa-data/spaq/SPAQ/TestImage/10435.jpg,0.1212765957446808,6.188973003639104
30635,spaq,spaq/10438,/home/sergey/iqa-data/spaq/SPAQ/TestImage/10438.jpg,0.4379787234042553,6.682150206072521
30645,spaq,spaq/10448,/home/sergey/iqa-data/spaq/SPAQ/TestImage/10448.jpg,0.202127659574468,7.255783113937927
30649,spaq,spaq/10452,/home/sergey/iqa-data/spaq/SPAQ/TestImage/10452.jpg,0.2393617021276596,7.070249341979963
30655,spaq,spaq/10458,/home/sergey/iqa-data/spaq/SPAQ/TestImage/10458.jpg,0.2411702127659574,5.366433005881231
30661,spaq,spaq/10464,/home/sergey/iqa-data/spaq/SPAQ/TestImage/10464.jpg,0.7996808510638298,5.178450897419316
30662,spaq,spaq/10465,/home/sergey/iqa-data/spaq/SPAQ/TestImage/10465.jpg,0.2890425531914893,5.290679945232235
30666,spaq,spaq/10469,/home/sergey/iqa-data/spaq/SPAQ/TestImage/10469.jpg,0.7287234042553191,5.289499645277653
30669,spaq,spaq/10472,/home/sergey/iqa-data/spaq/SPAQ/TestImage/10472.jpg,0.2518085106382979,7.251500028056637
30673,spaq,spaq/10476,/home/sergey/iqa-data/spaq/SPAQ/TestImage/10476.jpg,0.2943617021276596,4.577190105553714
30685,spaq,spaq/10488,/home/sergey/iqa-data/spaq/SPAQ/TestImage/10488.jpg,0.2819148936170212,4.698318895383652
30690,spaq,spaq/10493,/home/sergey/iqa-data/spaq/SPAQ/TestImage/10493.jpg,0.6914893617021277,5.452960785029959
30691,spaq,spaq/10494,/home/sergey/iqa-data/spaq/SPAQ/TestImage/10494.jpg,0.5177659574468085,4.561508280325238
30692,spaq,spaq/10495,/home/sergey/iqa-data/spaq/SPAQ/TestImage/10495.jpg,0.4928723404255319,5.7021374965539975
30703,spaq,spaq/10506,/home/sergey/iqa-data/spaq/SPAQ/TestImage/10506.jpg,0.7446808510638298,4.137792772184299
30706,spaq,spaq/10509,/home/sergey/iqa-data/spaq/SPAQ/TestImage/10509.jpg,0.3989361702127659,6.860422983835396
30715,spaq,spaq/10518,/home/sergey/iqa-data/spaq/SPAQ/TestImage/10518.jpg,0.8404255319148937,3.9529706475214885
30724,spaq,spaq/10527,/home/sergey/iqa-data/spaq/SPAQ/TestImage/10527.jpg,0.8103191489361702,5.779629151093753
30732,spaq,spaq/10535,/home/sergey/iqa-data/spaq/SPAQ/TestImage/10535.jpg,0.3226595744680851,5.411251550833372
30733,spaq,spaq/10536,/home/sergey/iqa-data/spaq/SPAQ/TestImage/10536.jpg,0.5319148936170213,6.699934646773261
30740,spaq,spaq/10543,/home/sergey/iqa-data/spaq/SPAQ/TestImage/10543.jpg,0.6098936170212765,9.025047065040173
30750,spaq,spaq/10553,/home/sergey/iqa-data/spaq/SPAQ/TestImage/10553.jpg,0.2358510638297872,5.305664373777809
30751,spaq,spaq/10554,/home/sergey/iqa-data/spaq/SPAQ/TestImage/10554.jpg,0.4024468085106383,7.301658913527199
30759,spaq,spaq/10562,/home/sergey/iqa-data/spaq/SPAQ/TestImage/10562.jpg,0.4163829787234042,3.765833786459391
30773,spaq,spaq/10576,/home/sergey/iqa-data/spaq/SPAQ/TestImage/10576.jpg,0.1018085106382978,10.627107976387663
30776,spaq,spaq/10579,/home/sergey/iqa-data/spaq/SPAQ/TestImage/10579.jpg,0.5379787234042553,4.46321275253222
30779,spaq,spaq/10582,/home/sergey/iqa-data/spaq/SPAQ/TestImage/10582.jpg,0.1990425531914893,7.109201610488772
30780,spaq,spaq/10583,/home/sergey/iqa-data/spaq/SPAQ/TestImage/10583.jpg,0.1474468085106383,4.853079901134916
30781,spaq,spaq/10584,/home/sergey/iqa-data/spaq/SPAQ/TestImage/10584.jpg,0.7659574468085106,3.90136221018596
30795,spaq,spaq/10598,/home/sergey/iqa-data/spaq/SPAQ/TestImage/10598.jpg,0.1929787234042553,5.8079620492779
30803,spaq,spaq/10606,/home/sergey/iqa-data/spaq/SPAQ/TestImage/10606.jpg,0.6641489361702129,5.03783981838441
30804,spaq,spaq/10607,/home/sergey/iqa-data/spaq/SPAQ/TestImage/10607.jpg,0.5,2.989413365070657
30807,spaq,spaq/10610,/home/sergey/iqa-data/spaq/SPAQ/TestImage/10610.jpg,0.2690425531914893,7.20607652569516
30810,spaq,spaq/10613,/home/sergey/iqa-data/spaq/SPAQ/TestImage/10613.jpg,0.1747872340425532,6.01994846745852
30813,spaq,spaq/10616,/home/sergey/iqa-data/spaq/SPAQ/TestImage/10616.jpg,0.4224468085106383,3.3895641221620867
30822,spaq,spaq/10625,/home/sergey/iqa-data/spaq/SPAQ/TestImage/10625.jpg,0.0922340425531915,6.543371192928459
30833,spaq,spaq/10636,/home/sergey/iqa-data/spaq/SPAQ/TestImage/10636.jpg,0.6975531914893617,3.1588874747760083
30837,spaq,spaq/10640,/home/sergey/iqa-data/spaq/SPAQ/TestImage/10640.jpg,0.2765957446808511,7.050780289379098
30838,spaq,spaq/10641,/home/sergey/iqa-data/spaq/SPAQ/TestImage/10641.jpg,0.2067021276595744,4.540024604948028
30839,spaq,spaq/10642,/home/sergey/iqa-data/spaq/SPAQ/TestImage/10642.jpg,0.7613829787234042,5.255645597290994
30847,spaq,spaq/10650,/home/sergey/iqa-data/spaq/SPAQ/TestImage/10650.jpg,0.4011702127659574,4.585610031930616
30848,spaq,spaq/10651,/home/sergey/iqa-data/spaq/SPAQ/TestImage/10651.jpg,0.857127659574468,5.53375279143438
30850,spaq,spaq/10653,/home/sergey/iqa-data/spaq/SPAQ/TestImage/10653.jpg,0.6185106382978723,3.8690310218540866
30853,spaq,spaq/10656,/home/sergey/iqa-data/spaq/SPAQ/TestImage/10656.jpg,0.5865957446808511,4.820259296505456
30856,spaq,spaq/10659,/home/sergey/iqa-data/spaq/SPAQ/TestImage/10659.jpg,0.6382978723404256,6.325420808233435
30861,spaq,spaq/10664,/home/sergey/iqa-data/spaq/SPAQ/TestImage/10664.jpg,0.3085106382978723,6.10201623622681
30865,spaq,spaq/10668,/home/sergey/iqa-data/spaq/SPAQ/TestImage/10668.jpg,0.2857446808510638,4.884772393082895
30867,spaq,spaq/10670,/home/sergey/iqa-data/spaq/SPAQ/TestImage/10670.jpg,0.7903191489361703,3.6440582881566406
30878,spaq,spaq/10681,/home/sergey/iqa-data/spaq/SPAQ/TestImage/10681.jpg,0.3479787234042553,3.6215712107482916
30907,spaq,spaq/10710,/home/sergey/iqa-data/spaq/SPAQ/TestImage/10710.jpg,0.6975531914893617,10.204224921379181
30910,spaq,spaq/10713,/home/sergey/iqa-data/spaq/SPAQ/TestImage/10713.jpg,0.8525531914893617,3.795532132484533
30922,spaq,spaq/10725,/home/sergey/iqa-data/spaq/SPAQ/TestImage/10725.jpg,0.2887234042553191,7.263497972978905
30929,spaq,spaq/10732,/home/sergey/iqa-data/spaq/SPAQ/TestImage/10732.jpg,0.1777659574468085,6.4684363057960255
30930,spaq,spaq/10733,/home/sergey/iqa-data/spaq/SPAQ/TestImage/10733.jpg,0.3890425531914893,7.697713299038538
30931,spaq,spaq/10734,/home/sergey/iqa-data/spaq/SPAQ/TestImage/10734.jpg,0.3267021276595744,8.236452636801507
30934,spaq,spaq/10737,/home/sergey/iqa-data/spaq/SPAQ/TestImage/10737.jpg,0.4528723404255319,4.637298897170005
30935,spaq,spaq/10738,/home/sergey/iqa-data/spaq/SPAQ/TestImage/10738.jpg,0.6610638297872341,6.529082604560915
30938,spaq,spaq/10741,/home/sergey/iqa-data/spaq/SPAQ/TestImage/10741.jpg,0.5832978723404255,5.310378884857254
30949,spaq,spaq/10752,/home/sergey/iqa-data/spaq/SPAQ/TestImage/10752.jpg,0.7325531914893617,4.979474884196896
30956,spaq,spaq/10759,/home/sergey/iqa-data/spaq/SPAQ/TestImage/10759.jpg,0.1117021276595744,7.910315551616825
30982,spaq,spaq/10785,/home/sergey/iqa-data/spaq/SPAQ/TestImage/10785.jpg,0.6854255319148936,4.088515750513003
30984,spaq,spaq/10787,/home/sergey/iqa-data/spaq/SPAQ/TestImage/10787.jpg,0.615531914893617,3.22792119088275
30997,spaq,spaq/10800,/home/sergey/iqa-data/spaq/SPAQ/TestImage/10800.jpg,0.3631914893617021,4.24968138709274
31009,spaq,spaq/10812,/home/sergey/iqa-data/spaq/SPAQ/TestImage/10812.jpg,0.5452127659574468,3.8625682510275174
31014,spaq,spaq/10817,/home/sergey/iqa-data/spaq/SPAQ/TestImage/10817.jpg,0.2735106382978723,5.8975560154424045
31015,spaq,spaq/10818,/home/sergey/iqa-data/spaq/SPAQ/TestImage/10818.jpg,0.5638297872340425,3.7363598869273957
31027,spaq,spaq/10830,/home/sergey/iqa-data/spaq/SPAQ/TestImage/10830.jpg,0.5939361702127659,3.1347414969866274
31041,spaq,spaq/10844,/home/sergey/iqa-data/spaq/SPAQ/TestImage/10844.jpg,0.3545744680851063,9.017098526655605
31043,spaq,spaq/10846,/home/sergey/iqa-data/spaq/SPAQ/TestImage/10846.jpg,0.0922340425531915,5.768886390550937
31045,spaq,spaq/10848,/home/sergey/iqa-data/spaq/SPAQ/TestImage/10848.jpg,0.2287234042553191,7.355515938715766
31046,spaq,spaq/10849,/home/sergey/iqa-data/spaq/SPAQ/TestImage/10849.jpg,0.3031914893617021,5.272236971009868
31047,spaq,spaq/10850,/home/sergey/iqa-data/spaq/SPAQ/TestImage/10850.jpg,0.5425531914893617,5.561488887504242
31051,spaq,spaq/10854,/home/sergey/iqa-data/spaq/SPAQ/TestImage/10854.jpg,0.8297872340425532,5.149487073383249
31052,spaq,spaq/10855,/home/sergey/iqa-data/spaq/SPAQ/TestImage/10855.jpg,0.3617021276595745,4.753953379999188
31060,spaq,spaq/10863,/home/sergey/iqa-data/spaq/SPAQ/TestImage/10863.jpg,0.324468085106383,6.864676420774594
31071,spaq,spaq/10874,/home/sergey/iqa-data/spaq/SPAQ/TestImage/10874.jpg,0.6968085106382979,6.045934299739852
31093,spaq,spaq/10896,/home/sergey/iqa-data/spaq/SPAQ/TestImage/10896.jpg,0.2613829787234042,6.854269158660457
31095,spaq,spaq/10898,/home/sergey/iqa-data/spaq/SPAQ/TestImage/10898.jpg,0.1945744680851063,4.74529660219001
31098,spaq,spaq/10901,/home/sergey/iqa-data/spaq/SPAQ/TestImage/10901.jpg,0.2096808510638298,6.924669913732831
31102,spaq,spaq/10905,/home/sergey/iqa-data/spaq/SPAQ/TestImage/10905.jpg,0.8617021276595744,4.386967072267919
31114,spaq,spaq/10917,/home/sergey/iqa-data/spaq/SPAQ/TestImage/10917.jpg,0.196063829787234,5.954842452292418
31126,spaq,spaq/10929,/home/sergey/iqa-data/spaq/SPAQ/TestImage/10929.jpg,0.4240425531914893,6.487368713297473
31130,spaq,spaq/10933,/home/sergey/iqa-data/spaq/SPAQ/TestImage/10933.jpg,0.1063829787234042,6.140645212173156
31134,spaq,spaq/10937,/home/sergey/iqa-data/spaq/SPAQ/TestImage/10937.jpg,0.5691489361702128,6.461511047400374
31137,spaq,spaq/10940,/home/sergey/iqa-data/spaq/SPAQ/TestImage/10940.jpg,0.8130851063829788,4.132698783949829
31141,spaq,spaq/10944,/home/sergey/iqa-data/spaq/SPAQ/TestImage/10944.jpg,0.2109574468085106,8.04960151730192
31142,spaq,spaq/10945,/home/sergey/iqa-data/spaq/SPAQ/TestImage/10945.jpg,0.237127659574468,9.643400697752888
31143,spaq,spaq/10946,/home/sergey/iqa-data/spaq/SPAQ/TestImage/10946.jpg,0.4194680851063829,5.583293483569566
31149,spaq,spaq/10952,/home/sergey/iqa-data/spaq/SPAQ/TestImage/10952.jpg,0.6520212765957447,4.118090305592153
31151,spaq,spaq/10954,/home/sergey/iqa-data/spaq/SPAQ/TestImage/10954.jpg,0.2203191489361702,5.876243866806052
31159,spaq,spaq/10962,/home/sergey/iqa-data/spaq/SPAQ/TestImage/10962.jpg,0.8389361702127659,4.861075836870896
31162,spaq,spaq/10965,/home/sergey/iqa-data/spaq/SPAQ/TestImage/10965.jpg,0.2507446808510638,6.755716457248009
31163,spaq,spaq/10966,/home/sergey/iqa-data/spaq/SPAQ/TestImage/10966.jpg,0.7142553191489361,4.146819151935423
31173,spaq,spaq/10976,/home/sergey/iqa-data/spaq/SPAQ/TestImage/10976.jpg,0.7081914893617021,6.419014183096094
31182,spaq,spaq/10985,/home/sergey/iqa-data/spaq/SPAQ/TestImage/10985.jpg,0.384468085106383,6.691288376715525
31192,spaq,spaq/10995,/home/sergey/iqa-data/spaq/SPAQ/TestImage/10995.jpg,0.8602127659574468,5.205456895575099
31201,spaq,spaq/11004,/home/sergey/iqa-data/spaq/SPAQ/TestImage/11004.jpg,0.3343617021276596,5.517885750681807
31208,spaq,spaq/11011,/home/sergey/iqa-data/spaq/SPAQ/TestImage/11011.jpg,0.3921276595744681,6.6858741621502
31214,spaq,spaq/11017,/home/sergey/iqa-data/spaq/SPAQ/TestImage/11017.jpg,0.2963829787234042,7.9077846776429475
31223,spaq,spaq/11026,/home/sergey/iqa-data/spaq/SPAQ/TestImage/11026.jpg,0.7780851063829787,3.3896918045423066
31228,spaq,spaq/11031,/home/sergey/iqa-data/spaq/SPAQ/TestImage/11031.jpg,0.3297872340425531,5.683633918786384
31229,spaq,spaq/11032,/home/sergey/iqa-data/spaq/SPAQ/TestImage/11032.jpg,0.723404255319149,4.81238553149221
31237,spaq,spaq/11040,/home/sergey/iqa-data/spaq/SPAQ/TestImage/11040.jpg,0.7411702127659575,7.566816566540562
31239,spaq,spaq/11042,/home/sergey/iqa-data/spaq/SPAQ/TestImage/11042.jpg,0.1626595744680851,7.704973456785626
31244,spaq,spaq/11047,/home/sergey/iqa-data/spaq/SPAQ/TestImage/11047.jpg,0.3386170212765957,6.143379409662264
31247,spaq,spaq/11050,/home/sergey/iqa-data/spaq/SPAQ/TestImage/11050.jpg,0.7624468085106383,5.632464894894084
31249,spaq,spaq/11052,/home/sergey/iqa-data/spaq/SPAQ/TestImage/11052.jpg,0.3297872340425531,7.307286211198983
31250,spaq,spaq/11053,/home/sergey/iqa-data/spaq/SPAQ/TestImage/11053.jpg,0.805,3.324081196274146
31253,spaq,spaq/11056,/home/sergey/iqa-data/spaq/SPAQ/TestImage/11056.jpg,0.2535106382978723,8.310369455009297
31255,spaq,spaq/11058,/home/sergey/iqa-data/spaq/SPAQ/TestImage/11058.jpg,0.5354255319148936,4.56657707955219
31258,spaq,spaq/11061,/home/sergey/iqa-data/spaq/SPAQ/TestImage/11061.jpg,0.8776595744680851,3.1051325895996857
31259,spaq,spaq/11062,/home/sergey/iqa-data/spaq/SPAQ/TestImage/11062.jpg,0.296063829787234,5.191028322196989
31261,spaq,spaq/11064,/home/sergey/iqa-data/spaq/SPAQ/TestImage/11064.jpg,0.8936170212765957,4.212827727617695
31262,spaq,spaq/11065,/home/sergey/iqa-data/spaq/SPAQ/TestImage/11065.jpg,0.7056382978723404,5.591363645270921
31266,spaq,spaq/11069,/home/sergey/iqa-data/spaq/SPAQ/TestImage/11069.jpg,0.7411702127659575,4.9451399617175005
31267,spaq,spaq/11070,/home/sergey/iqa-data/spaq/SPAQ/TestImage/11070.jpg,0.4617021276595744,5.133934996436865
31275,spaq,spaq/11078,/home/sergey/iqa-data/spaq/SPAQ/TestImage/11078.jpg,0.3262765957446809,7.392476868835724
31276,spaq,spaq/11079,/home/sergey/iqa-data/spaq/SPAQ/TestImage/11079.jpg,0.2677659574468085,5.758799848332014
31286,spaq,spaq/11089,/home/sergey/iqa-data/spaq/SPAQ/TestImage/11089.jpg,0.7003191489361702,3.3739724820287873
31287,spaq,spaq/11090,/home/sergey/iqa-data/spaq/SPAQ/TestImage/11090.jpg,0.6241489361702128,6.0205660481870344
31289,spaq,spaq/11092,/home/sergey/iqa-data/spaq/SPAQ/TestImage/11092.jpg,0.953936170212766,6.083051182895572
31312,spaq,spaq/11115,/home/sergey/iqa-data/spaq/SPAQ/TestImage/11115.jpg,0.4167021276595745,4.185775572582726
31316,spaq,spaq/11119,/home/sergey/iqa-data/spaq/SPAQ/TestImage/11119.jpg,0.5680851063829787,5.200121428989936
31318,spaq,spaq/11121,/home/sergey/iqa-data/spaq/SPAQ/TestImage/11121.jpg,0.278404255319149,4.225331836095026
